DATE,PERMNO,TICKER,COMPANY_NAME,WEIGHT
2021-01-01,17799,INSP,INSPIRE MEDICAL SYSTEMS INC,0.009314182703579098
2021-01-01,88319,VC,VISTEON CORP,0.008993300844470623
2021-01-01,86822,EXTR,EXTREME NETWORKS INC,0.007456852140573528
2021-01-01,87379,CLCT,COLLECTORS UNIVERSE INC,0.01661905790708686
2021-01-01,78756,OFIX,ORTHOFIX MEDICAL INC,0.009290487412588396
2021-01-01,91900,GLUU,GLU MOBILE INC,0.008599458805673685
2021-01-01,14426,DRNA,DICERNA PHARMACEUTICALS INC,0.007008276446622953
2021-01-01,18485,PINS,PINTEREST INC,0.007193393474350136
2021-01-01,17880,EVER,EVERQUOTE INC,0.006298655421437007
2021-01-01,13625,SSTK,SHUTTERSTOCK INC,0.008532821310290248
2021-01-01,18011,SONO,SONOS INC,0.006298655421437007
2021-01-01,64961,NXGN,NEXTGEN HEALTHCARE INC,0.010464037111012642
2021-01-01,13316,VCRA,VOCERA COMMUNICATIONS INC,0.008833071216224406
2021-01-01,14504,QUOT,QUOTIENT TECHNOLOGY INC,0.008020303214349898
2021-01-01,18961,SWTX,SPRINGWORKS THERAPEUTICS INC,0.008109783145931153
2021-01-01,14440,TVTX,TRAVERE THERAPEUTICS INC,0.007320776604443533
2021-01-01,88167,HSTM,HEALTHSTREAM INC,0.011809468044411625
2021-01-01,79248,THRM,GENTHERM INC,0.01183210318162997
2021-01-01,15046,NVRO,NEVRO CORP,0.009229533954282268
2021-01-01,91365,CSII,CARDIOVASCULAR SYSTEMS INC DEL,0.008715176059179005
2021-01-01,90125,CORT,CORCEPT THERAPEUTICS INC,0.011666188597967603
2021-01-01,41187,HE,HAWAIIAN ELECTRIC INDUSTRIES INC,0.013368466326550192
2021-01-01,91733,AVAV,AEROVIRONMENT INC,0.008942406973002652
2021-01-01,77785,WIRE,ENCORE WIRE CORP,0.012308852894261178
2021-01-01,84010,USNA,USANA HEALTH SCIENCES INC,0.014480106586532928
2021-01-01,72304,STAA,STAAR SURGICAL CO,0.006847192942815421
2021-01-01,14521,TNET,TRINET GROUP INC,0.012509394891059407
2021-01-01,90971,IRBT,IROBOT CORP,0.007669882698731451
2021-01-01,92221,MELI,MERCADOLIBRE INC,0.00792765530301923
2021-01-01,45306,IDCC,INTERDIGITAL INC,0.01661905790708686
2021-01-01,18968,PGNY,PROGYNY INC,0.008854778503890725
2021-01-01,12493,QADA,QAD INC,0.007399429966275122
2021-01-01,63125,AGYS,AGILYSYS INC,0.007429696066388449
2021-01-01,17334,GLIBA,G C I LIBERTY INC,0.013516018240853364
2021-01-01,89031,AAXN,AXON ENTERPRISE INC,0.007184873850548983
2021-01-01,79491,WINA,WINMARK CORP,0.015189651767486335
2021-01-01,18566,SILK,SILK ROAD MEDICAL INC,0.006344198853756805
2021-01-01,48144,KLIC,KULICKE & SOFFA INDS INC,0.00958514587677653
2021-01-01,90177,ACAD,ACADIA PHARMACEUTICALS,0.008632559536833496
2021-01-01,88352,ISRG,INTUITIVE SURGICAL INC,0.013767207566588365
2021-01-01,87078,MDRX,ALLSCRIPTS HEALTHCARE SOLNS INC,0.011242278635370358
2021-01-01,19081,SITM,SITIME CORP,0.006298655421437007
2021-01-01,92143,PRO,P R O S HOLDINGS INC,0.00820155355304165
2021-01-01,13816,MODN,MODEL N INC,0.007452135179288414
2021-01-01,14694,GPRO,GOPRO INC,0.006600247026559268
2021-01-01,18141,PLAN,ANAPLAN INC,0.01224221441713241
2021-01-01,64785,AGX,ARGAN INC,0.009568666430663111
2021-01-01,48347,LZB,LA Z BOY INC,0.01253441365298619
2021-01-01,75233,VGR,VECTOR GROUP LTD,0.008198057956454645
2021-01-01,91503,LMAT,LEMAITRE VASCULAR INC,0.008016793877570514
2021-01-01,89036,NTUS,NATUS MEDICAL INC,0.009542924975202765
2021-01-01,87789,LMNX,LUMINEX CORP,0.0077081402506538905
2021-01-01,88504,BRKR,BRUKER CORP,0.015230581071755948
2021-01-01,84385,NSP,INSPERITY INC,0.010781618803781257
2021-01-01,14231,VEEV,VEEVA SYSTEMS INC,0.007021063994122433
2021-01-01,14688,AMPH,AMPHASTAR PHARMACEUTICALS INC,0.00890031313110812
2021-01-01,14359,XNCR,XENCOR INC,0.006298655421437007
2021-01-01,27043,VAR,VARIAN MEDICAL SYSTEMS INC,0.01661905790708686
2021-01-01,18561,NGM,N G M BIOPHARMACEUTICALS INC,0.007337531142777592
2021-01-01,85914,BBY,BEST BUY COMPANY INC,0.013420572298791181
2021-01-01,84381,ROK,ROCKWELL AUTOMATION INC,0.01475606785168522
2021-01-01,13577,HY,HYSTER YALE MATERIALS HANDLG INC,0.009482096384771481
2021-01-01,78876,CRY,CRYOLIFE INC,0.00682301699580007
2021-01-01,90868,OFLX,OMEGA FLEX INC,0.006358185122910578
2021-01-01,18779,MORF,MORPHIC HOLDING INC,0.006303696798598566
2021-01-01,13766,BCC,BOISE CASCADE CO,0.012270784003672942
2021-01-01,10966,AXGN,AXOGEN INC,0.007234041225003956
2021-01-01,14176,XLRN,ACCELERON PHARMA INC,0.0097123715890004
2021-01-01,12583,PCRX,PACIRA BIOSCIENCES INC,0.008293086493709604
2021-01-01,85992,MANH,MANHATTAN ASSOCIATES INC,0.011135847451812361
2021-01-01,76868,AAON,AAON INC,0.01351417709540868
2021-01-01,38659,GNTX,GENTEX CORP,0.01661905790708686
2021-01-01,14054,MRTX,MIRATI THERAPEUTICS INC,0.007923242460936215
2021-01-01,14325,TNDM,TANDEM DIABETES CARE INC,0.007339542177375808
2021-01-01,76744,VRTX,VERTEX PHARMACEUTICALS INC,0.016057648338281518
2021-01-01,84761,TTWO,TAKE TWO INTERACTIVE SOFTWR INC,0.016603162313174463
2021-01-01,85002,SRPT,SAREPTA THERAPEUTICS INC,0.008332012794959922
2021-01-01,92635,NX,QUANEX BUILDING PRODUCTS CORP,0.014786224946687685
2021-01-01,91463,CVLT,COMMVAULT SYSTEMS INC,0.013328463918834335
2021-01-01,48653,HUM,HUMANA INC,0.011603880630168883
2021-01-01,13543,GMED,GLOBUS MEDICAL INC,0.012810311392209867
2021-01-01,85372,FARO,FARO TECHNOLOGIES INC,0.012575584743766403
2021-01-01,18908,TXG,10X GENOMICS INC,0.006948405214409413
2021-01-01,78915,UEIC,UNIVERSAL ELECTRONICS INC,0.008932159511542276
2021-01-01,85424,DRQ,DRIL QUIP INC,0.006298655421437007
2021-01-01,15108,NEWR,NEW RELIC INC,0.007498081009942229
2021-01-01,11884,IPAR,INTERMEDIATE PARFUMS INC,0.015290029816881746
2021-01-01,90319,GOOGL,ALPHABET INC,0.01598352062263554
2021-01-01,79906,INCY,INCYTE CORP,0.00892802854034014
2021-01-01,76128,VICR,VICOR CORP,0.00702442188274347
2021-01-01,80054,MED,MEDIFAST INC,0.007053079254081025
2021-01-01,90664,DXCM,DEXCOM INC,0.00830542049904586
2021-01-01,88949,SGEN,SEAGEN INC,0.008349094528491738
2021-01-01,53074,MLAB,MESA LABORATORIES INC,0.010201273718559433
2021-01-01,93079,ECHO,ECHO GLOBAL LOGISTICS INC,0.007799867682264345
2021-01-01,83534,NBIX,NEUROCRINE BIOSCIENCES INC,0.008251674297530145
2021-01-01,89946,AEL,AMERICAN EQUITY INVT LIFE HLDG C,0.011056374835307178
2021-01-01,14547,PCTY,PAYLOCITY HOLDING CORP,0.009493179324702125
2021-01-01,12914,DNKN,DUNKIN BRANDS GROUP INC,0.01661905790708686
2021-01-01,43481,SXI,STANDEX INTERNATIONAL CORP,0.009042346952675211
2021-01-01,17367,LPRO,OPEN LENDING CORP,-0.008320497686892313
2021-01-01,18162,VLDR,VELODYNE LIDAR INC,-0.003508466150059675
2021-01-01,18312,MRNA,MODERNA INC,-0.005837738226607053
2021-01-01,17036,CNNE,CANNAE HOLDINGS INC,-0.019993303828546107
2021-01-01,17907,NKLA,NIKOLA CORP,-0.004746064632498831
2021-01-01,92775,TREE,LENDINGTREE INC,-0.011385100893055835
2021-01-01,19032,VIR,VIR BIOTECHNOLOGY INC,-0.008109521583999859
2021-01-01,13908,PFSI,PENNYMAC FINANCIAL SVCS INC NEW,-0.013624727440467504
2021-01-01,91498,EHTH,EHEALTH INC,-0.012793739502372744
2021-01-01,18539,HYLN,HYLIION HOLDINGS CORP,-0.006584039612713268
2021-01-01,15092,LC,LENDINGCLUB CORP,-0.004694474148780443
2021-01-01,15302,VIRT,VIRTU FINANCIAL INC,-0.019993303828546107
2021-01-01,76856,FCFS,FIRSTCASH INC,-0.014509771922814404
2021-01-01,91437,FRHC,FREEDOM HOLDING CORP,-0.007593998254106685
2021-01-01,12477,WD,WALKER & DUNLOP INC,-0.015377561765259808
2021-01-01,10517,PRG,PROG HOLDINGS INC,-0.009716733288036261
2021-01-01,14414,SC,SANTANDER CONSUMER USA HLDGS INC,-0.012804427501949895
2021-01-01,91611,FSLR,FIRST SOLAR INC,-0.010439058163048234
2021-01-01,13919,AMBC,AMBAC FINANCIAL GROUP INC,-0.009708727230174937
2021-01-01,86544,BCOR,BLUCORA INC,-0.010981564724921717
2021-01-01,14159,FEYE,FIREEYE INC,-0.0037645336249741614
2021-01-01,82779,NVAX,NOVAVAX INC,-0.005527605061968575
2021-01-01,14601,NAVI,NAVIENT CORP,-0.018398990015991757
2021-01-01,14969,GWB,GREAT WESTERN BANCORP INC,-0.01046314079597892
2021-01-01,18361,PAYA,PAYA HOLDINGS INC,-0.012837674228923273
2021-01-01,77660,CACC,CREDIT ACCEPTANCE CORP,-0.014016759280403917
2021-01-01,18915,CRNC,CERENCE INC,-0.007542141277208386
2021-01-01,12089,RP,REALPAGE INC,-0.005095602527697496
2021-01-01,15541,RPD,RAPID7 INC,-0.010267516996577094
2021-01-01,92213,RIOT,RIOT BLOCKCHAIN INC,-0.003273151662500473
2021-01-01,18552,RIDE,LORDSTOWN MOTORS CORP,-0.005339008791094601
2021-01-01,80169,AGM,FEDERAL AGRICULTURAL MORT CORP,-0.018226811873486983
2021-01-01,14813,MARA,MARATHON PATENT GROUP INC,-0.003273151662500473
2021-01-01,18184,FSR,FISKER INC,-0.0070576486279447445
2021-01-01,19187,CLSK,CLEANSPARK INC,-0.004038939135659078
2021-01-01,85931,WDR,WADDELL & REED FINANCIAL INC,-0.003273151662500473
2021-01-01,18580,FSLY,FASTLY INC,-0.006245514899242899
2021-01-01,83885,MVIS,MICROVISION INC WA,-0.003273151662500473
2021-01-01,19331,MPLN,MULTIPLAN CORP,-0.006394282178413172
2021-01-01,77699,FCEL,FUELCELL ENERGY INC,-0.0032734724438348846
2021-01-01,14828,SAGE,SAGE THERAPEUTICS INC,-0.01149498690119279
2021-01-01,16657,CLDR,CLOUDERA INC,-0.00804036056116063
2021-01-01,18247,VAPO,VAPOTHERM INC,-0.010573506151580685
2021-01-01,90978,SPWR,SUNPOWER CORP,-0.005524884037691957
2021-01-01,78840,IAC,IAC INTERACTIVECORP NEW,-0.008918829530634687
2021-01-01,15831,AXSM,AXSOME THERAPEUTICS INC,-0.010564840573609778
2021-01-01,84734,FBC,FLAGSTAR BANCORP INC,-0.019993303828546107
2021-01-01,16968,MDB,MONGODB INC,-0.0070747646355215545
2021-01-01,40125,DXC,D X C TECHNOLOGY CO,-0.011073906638814808
2021-01-01,18480,TW,TRADEWEB MARKETS INC,-0.01908602679359301
2021-01-01,78875,CREE,CREE INC,-0.009289382203693852
2021-01-01,16068,RETA,REATA PHARMACEUTICALS INC,-0.00867457134253074
2021-01-01,82670,TGTX,T G THERAPEUTICS INC,-0.003273151662500473
2021-01-01,18835,DKNG,DRAFTKINGS INC,-0.009757833159264179
2021-01-01,19317,APG,A P I GROUP CORP,-0.019993303828546107
2021-01-01,19196,PRCH,PORCH GROUP INC,-0.006041400717395283
2021-01-01,11990,KKR,K K R & CO INC,-0.019993303828546107
2021-01-01,18659,SFT,SHIFT TECHNOLOGIES INC,-0.007540491540150315
2021-01-01,76591,QDEL,QUIDEL CORP,-0.008895092536968636
2021-01-01,85177,EGHT,8X8 INC NEW,-0.004129369134212102
2021-01-01,15914,WKHS,WORKHORSE GROUP INC,-0.005143193485703264
2021-01-01,14044,AGIO,AGIOS PHARMACEUTICALS INC,-0.004207377708563833
2021-01-01,13323,ENPH,ENPHASE ENERGY INC,-0.008450820768776405
2021-01-01,92095,INFN,INFINERA CORP,-0.008910492170246406
2021-01-01,16966,SWCH,SWITCH INC,-0.019993303828546107
2021-01-01,17987,VRT,VERTIV HOLDINGS CO,-0.017176473351949426
2021-01-01,87337,PLUG,PLUG POWER INC,-0.005346421440567965
2021-01-01,19058,SI,SILVERGATE CAPITAL CORP,-0.004374297228714166
2021-01-01,89964,NNI,NELNET INC,-0.019993303828546107
2021-01-01,88807,INSG,INSEEGO CORP,-0.0046812383371241245
2021-01-01,91926,DAL,DELTA AIR LINES INC,-0.015878680731352273
2021-01-01,14960,ENVA,ENOVA INTERNATIONAL INC,-0.014139013012896563
2021-01-01,17672,EAF,GRAFTECH INTERNATIONAL LTD NEW,-0.007788168404711084
2021-01-01,21207,NEM,NEWMONT CORP,-0.01897641818490785
2021-01-01,17045,ACMR,A C M RESEARCH INC,-0.005678888294096641
2021-01-01,14432,ITCI,INTRA CELLULAR THERAPIES INC,-0.012194760568221913
2021-01-01,18484,ZM,ZOOM VIDEO COMMUNICATIONS INC,-0.007824328590295226
2021-01-01,13688,PCG,P G & E CORP,-0.01999330382854498
2021-01-01,16924,DCPH,DECIPHERA PHARMACEUTICALS INC,-0.010004139448608344
2021-01-01,17104,APLS,APELLIS PHARMACEUTICALS INC,-0.009913215739432883
2021-01-01,13379,SPLK,SPLUNK INC,-0.0057277335220757945
2021-01-01,88518,APPS,DIGITAL TURBINE INC,-0.00676237774208617
2021-01-01,17788,PS,PLURALSIGHT INC,-0.014242685328535952
2021-01-01,17948,ALLK,ALLAKOS INC,-0.008031072203425338
2021-01-01,15643,RUN,SUNRUN INC,-0.0076506394514154735
2021-01-01,60186,OMI,OWENS & MINOR INC NEW,-0.007479696127544607
2021-01-01,78664,DDD,3 D SYSTEMS CORP DEL,-0.006871226848006656
2021-01-01,21020,AAL,AMERICAN AIRLINES GROUP INC,-0.009555376258871335
2021-01-01,18192,GDYN,GRID DYNAMICS HOLDINGS INC,-0.011327543045005214
2021-01-01,81593,COOP,MR COOPER GROUP INC,-0.019636615860923246
2021-01-01,17478,SPGI,S & P GLOBAL INC,-0.01908590334614148
2021-01-01,88174,LPSN,LIVEPERSON INC,-0.008993346269405606
2021-01-01,18114,TTCF,TATTOOED CHEF INC,-0.005647485620297202
2021-01-01,15540,RILY,B RILEY FINANCIAL INC,-0.013019355291062401
2021-01-01,89002,ADS,ALLIANCE DATA SYSTEMS CORP,-0.010712842895719757
2021-01-01,86004,UMPQ,UMPQUA HOLDINGS CORP,-0.019993303828546107
2021-01-01,17341,ZS,ZSCALER INC,-0.005184480380219364
2021-01-01,18452,LYFT,LYFT INC,-0.010446004765664523
2021-01-01,13377,PFPT,PROOFPOINT INC,-0.010469663607661358
2021-01-01,86211,MSTR,MICROSTRATEGY INC,-0.0059216216824283276
2021-02-01,88319,VC,VISTEON CORP,0.009126629858528832
2021-02-01,78756,OFIX,ORTHOFIX MEDICAL INC,0.01037442282091173
2021-02-01,86822,EXTR,EXTREME NETWORKS INC,0.007346348783438976
2021-02-01,18011,SONO,SONOS INC,0.01022878687262291
2021-02-01,14504,QUOT,QUOTIENT TECHNOLOGY INC,0.009900010683664688
2021-02-01,13316,VCRA,VOCERA COMMUNICATIONS INC,0.011819233070043077
2021-02-01,13625,SSTK,SHUTTERSTOCK INC,0.00729416705909843
2021-02-01,79248,THRM,GENTHERM INC,0.011039126314804177
2021-02-01,91365,CSII,CARDIOVASCULAR SYSTEMS INC DEL,0.014232836320844482
2021-02-01,88167,HSTM,HEALTHSTREAM INC,0.011994671593993762
2021-02-01,18485,PINS,PINTEREST INC,0.007233174481399352
2021-02-01,15046,NVRO,NEVRO CORP,0.009858256145599605
2021-02-01,87379,CLCT,COLLECTORS UNIVERSE INC,0.0064665044116959565
2021-02-01,14440,TVTX,TRAVERE THERAPEUTICS INC,0.007390110497317161
2021-02-01,90125,CORT,CORCEPT THERAPEUTICS INC,0.015621806161265451
2021-02-01,18779,MORF,MORPHIC HOLDING INC,0.009409126060916314
2021-02-01,14521,TNET,TRINET GROUP INC,0.009286532361565503
2021-02-01,14359,XNCR,XENCOR INC,0.009900714508117109
2021-02-01,77785,WIRE,ENCORE WIRE CORP,0.011015474856959454
2021-02-01,38659,GNTX,GENTEX CORP,0.010280313307577171
2021-02-01,41187,HE,HAWAIIAN ELECTRIC INDUSTRIES INC,0.013533229394536874
2021-02-01,14688,AMPH,AMPHASTAR PHARMACEUTICALS INC,0.015617385425507547
2021-02-01,84010,USNA,USANA HEALTH SCIENCES INC,0.010104864331937736
2021-02-01,18566,SILK,SILK ROAD MEDICAL INC,0.007386518674721342
2021-02-01,48347,LZB,LA Z BOY INC,0.010048614086343133
2021-02-01,90177,ACAD,ACADIA PHARMACEUTICALS,0.009690021142224845
2021-02-01,88352,ISRG,INTUITIVE SURGICAL INC,0.010392320806857161
2021-02-01,45306,IDCC,INTERDIGITAL INC,0.012852536930349934
2021-02-01,64785,AGX,ARGAN INC,0.012783088575517708
2021-02-01,12493,QADA,QAD INC,0.015621806161265451
2021-02-01,64961,NXGN,NEXTGEN HEALTHCARE INC,0.0065818068014457335
2021-02-01,92143,PRO,P R O S HOLDINGS INC,0.011474938607916464
2021-02-01,87078,MDRX,ALLSCRIPTS HEALTHCARE SOLNS INC,0.0135964881696856
2021-02-01,88504,BRKR,BRUKER CORP,0.013913285794622716
2021-02-01,13816,MODN,MODEL N INC,0.009283797673214243
2021-02-01,48144,KLIC,KULICKE & SOFFA INDS INC,0.011329586855445382
2021-02-01,14231,VEEV,VEEVA SYSTEMS INC,0.011192772825394836
2021-02-01,18561,NGM,N G M BIOPHARMACEUTICALS INC,0.007810404175626686
2021-02-01,84385,NSP,INSPERITY INC,0.010715062666617606
2021-02-01,14325,TNDM,TANDEM DIABETES CARE INC,0.009338422290360793
2021-02-01,14176,XLRN,ACCELERON PHARMA INC,0.008527243669801482
2021-02-01,85914,BBY,BEST BUY COMPANY INC,0.012791362723441994
2021-02-01,78876,CRY,CRYOLIFE INC,0.015153703591469421
2021-02-01,76128,VICR,VICOR CORP,0.008898263841890047
2021-02-01,91503,LMAT,LEMAITRE VASCULAR INC,0.012694372609453842
2021-02-01,10966,AXGN,AXOGEN INC,0.007773106341690308
2021-02-01,84761,TTWO,TAKE TWO INTERACTIVE SOFTWR INC,0.011910484212854067
2021-02-01,75233,VGR,VECTOR GROUP LTD,0.007537542891218583
2021-02-01,14054,MRTX,MIRATI THERAPEUTICS INC,0.009264720818941589
2021-02-01,87789,LMNX,LUMINEX CORP,0.011716356451980622
2021-02-01,76744,VRTX,VERTEX PHARMACEUTICALS INC,0.01214161259680726
2021-02-01,13543,GMED,GLOBUS MEDICAL INC,0.012823492432259042
2021-02-01,76868,AAON,AAON INC,0.012823224640080486
2021-02-01,90664,DXCM,DEXCOM INC,0.009191485086518953
2021-02-01,78915,UEIC,UNIVERSAL ELECTRONICS INC,0.009075149742997732
2021-02-01,48653,HUM,HUMANA INC,0.010345923990744152
2021-02-01,27043,VAR,VARIAN MEDICAL SYSTEMS INC,0.015621806161265451
2021-02-01,90319,GOOGL,ALPHABET INC,0.01128704221588888
2021-02-01,85992,MANH,MANHATTAN ASSOCIATES INC,0.014447515714455454
2021-02-01,85372,FARO,FARO TECHNOLOGIES INC,0.009702570153422864
2021-02-01,53074,MLAB,MESA LABORATORIES INC,0.015279574701812144
2021-02-01,88949,SGEN,SEAGEN INC,0.008600736919417902
2021-02-01,91463,CVLT,COMMVAULT SYSTEMS INC,0.012317958841106294
2021-02-01,90868,OFLX,OMEGA FLEX INC,0.009646459162470547
2021-02-01,79906,INCY,INCYTE CORP,0.008019582635281748
2021-02-01,13766,BCC,BOISE CASCADE CO,0.007978814434524304
2021-02-01,19081,SITM,SITIME CORP,0.0064665044116959565
2021-02-01,11884,IPAR,INTERMEDIATE PARFUMS INC,0.011633816055022861
2021-02-01,84381,ROK,ROCKWELL AUTOMATION INC,0.01024027393681407
2021-02-01,17880,EVER,EVERQUOTE INC,0.007782763181299017
2021-02-01,14547,PCTY,PAYLOCITY HOLDING CORP,0.00806802517716398
2021-02-01,93079,ECHO,ECHO GLOBAL LOGISTICS INC,0.007146052737043224
2021-02-01,18141,PLAN,ANAPLAN INC,0.006469848108888291
2021-02-01,14426,DRNA,DICERNA PHARMACEUTICALS INC,0.00704391831776599
2021-02-01,89946,AEL,AMERICAN EQUITY INVT LIFE HLDG C,0.010525276365587151
2021-02-01,17799,INSP,INSPIRE MEDICAL SYSTEMS INC,0.006601773304630575
2021-02-01,92221,MELI,MERCADOLIBRE INC,0.006554682881105344
2021-02-01,13577,HY,HYSTER YALE MATERIALS HANDLG INC,0.007008311954157545
2021-02-01,92635,NX,QUANEX BUILDING PRODUCTS CORP,0.008456623299840092
2021-02-01,43481,SXI,STANDEX INTERNATIONAL CORP,0.008262464637521574
2021-02-01,14694,GPRO,GOPRO INC,0.0064665044116959565
2021-02-01,18968,PGNY,PROGYNY INC,0.007397564662765899
2021-02-01,83534,NBIX,NEUROCRINE BIOSCIENCES INC,0.007846468620709389
2021-02-01,91900,GLUU,GLU MOBILE INC,0.0064665044116959565
2021-02-01,89031,AXON,AXON ENTERPRISE INC,0.0069266350186696045
2021-02-01,85424,DRQ,DRIL QUIP INC,0.0064665044116959565
2021-02-01,15390,FIT,FITBIT INC,0.015621806161265451
2021-02-01,91186,VNDA,VANDA PHARMACEUTICALS INC,0.013065482738118148
2021-02-01,85724,PRDO,PERDOCEO EDUCATION CORP,0.015442158446898007
2021-02-01,62033,RAVN,RAVEN INDUSTRIES INC,0.007514538196502549
2021-02-01,18808,PHR,PHREESIA INC,0.008883197408342633
2021-02-01,85440,SRI,STONERIDGE INC,0.009066719719574417
2021-02-01,17106,BAND,BANDWIDTH INC,0.008506241324078562
2021-02-01,93264,IRWD,IRONWOOD PHARMACEUTICALS INC,0.011244022897053858
2021-02-01,84656,ALV,AUTOLIV INC,0.011921082815010933
2021-02-01,65365,MYE,MYERS INDUSTRIES INC,0.011382231418612589
2021-02-01,30681,OMC,OMNICOM GROUP INC,0.009156394168462962
2021-02-01,92753,ERII,ENERGY RECOVERY INC,0.008507047921516603
2021-02-01,18013,ARLO,ARLO TECHNOLOGIES INC,0.008251690848893217
2021-02-01,87432,A,AGILENT TECHNOLOGIES INC,0.015621806161265451
2021-02-01,17367,LPRO,OPEN LENDING CORP,-0.008998977954452802
2021-02-01,18162,VLDR,VELODYNE LIDAR INC,-0.00661961650129594
2021-02-01,17036,CNNE,CANNAE HOLDINGS INC,-0.01570869169134251
2021-02-01,92775,TREE,LENDINGTREE INC,-0.007666156554451635
2021-02-01,17907,NKLA,NIKOLA CORP,-0.00396349741082939
2021-02-01,18312,MRNA,MODERNA INC,-0.00800472190537904
2021-02-01,15302,VIRT,VIRTU FINANCIAL INC,-0.013320317751730868
2021-02-01,91498,EHTH,EHEALTH INC,-0.003576315488760072
2021-02-01,19032,VIR,VIR BIOTECHNOLOGY INC,-0.0029998482648455607
2021-02-01,15092,LC,LENDINGCLUB CORP,-0.005700755894640724
2021-02-01,18539,HYLN,HYLIION HOLDINGS CORP,-0.006264508082550701
2021-02-01,77660,CACC,CREDIT ACCEPTANCE CORP,-0.00869243783305303
2021-02-01,14601,NAVI,NAVIENT CORP,-0.008602395042722128
2021-02-01,86544,BCOR,BLUCORA INC,-0.014824638141386284
2021-02-01,91611,FSLR,FIRST SOLAR INC,-0.007610624550629518
2021-02-01,14414,SC,SANTANDER CONSUMER USA HLDGS INC,-0.011590118988259039
2021-02-01,18484,ZM,ZOOM VIDEO COMMUNICATIONS INC,-0.010649408526028767
2021-02-01,13908,PFSI,PENNYMAC FINANCIAL SVCS INC NEW,-0.011876267386578399
2021-02-01,12477,WD,WALKER & DUNLOP INC,-0.011873113495058043
2021-02-01,82779,NVAX,NOVAVAX INC,-0.0029998482648455607
2021-02-01,14813,MARA,MARATHON PATENT GROUP INC,-0.0029998482648455607
2021-02-01,92213,RIOT,RIOT BLOCKCHAIN INC,-0.003117167641002087
2021-02-01,14969,GWB,GREAT WESTERN BANCORP INC,-0.009458428696208832
2021-02-01,76856,FCFS,FIRSTCASH INC,-0.015005353186867468
2021-02-01,83885,MVIS,MICROVISION INC WA,-0.005025728607191977
2021-02-01,18915,CRNC,CERENCE INC,-0.00665998157044483
2021-02-01,90978,SPWR,SUNPOWER CORP,-0.004263376713791473
2021-02-01,77699,FCEL,FUELCELL ENERGY INC,-0.0035098299071159122
2021-02-01,18552,RIDE,LORDSTOWN MOTORS CORP,-0.004768794270885256
2021-02-01,80169,AGM,FEDERAL AGRICULTURAL MORT CORP,-0.014899596819108882
2021-02-01,18247,VAPO,VAPOTHERM INC,-0.012090394655510307
2021-02-01,10517,PRG,PROG HOLDINGS INC,-0.011595367851839372
2021-02-01,18184,FSR,FISKER INC,-0.00961281651533827
2021-02-01,40125,DXC,D X C TECHNOLOGY CO,-0.01121565185624163
2021-02-01,78840,IAC,IAC INTERACTIVECORP NEW,-0.015833655945617905
2021-02-01,14828,SAGE,SAGE THERAPEUTICS INC,-0.010839888847497755
2021-02-01,87337,PLUG,PLUG POWER INC,-0.0030146430099177134
2021-02-01,13323,ENPH,ENPHASE ENERGY INC,-0.006028668009776492
2021-02-01,82670,TGTX,T G THERAPEUTICS INC,-0.011491694976329618
2021-02-01,16068,RETA,REATA PHARMACEUTICALS INC,-0.007904222425697025
2021-02-01,16966,SWCH,SWITCH INC,-0.012123415344329924
2021-02-01,14960,ENVA,ENOVA INTERNATIONAL INC,-0.008857816475143415
2021-02-01,18480,TW,TRADEWEB MARKETS INC,-0.0196665951945377
2021-02-01,15914,WKHS,WORKHORSE GROUP INC,-0.00394558073260325
2021-02-01,15540,RILY,B RILEY FINANCIAL INC,-0.010504340836367898
2021-02-01,18835,DKNG,DRAFTKINGS INC,-0.010622468486471099
2021-02-01,19317,APG,A P I GROUP CORP,-0.015489257951157746
2021-02-01,19058,SI,SILVERGATE CAPITAL CORP,-0.004929326770668566
2021-02-01,17987,VRT,VERTIV HOLDINGS CO,-0.014509432492456089
2021-02-01,11990,KKR,K K R & CO INC,-0.019498620231326272
2021-02-01,17045,ACMR,A C M RESEARCH INC,-0.006280868353276253
2021-02-01,18361,PAYA,PAYA HOLDINGS INC,-0.010476656793833358
2021-02-01,19196,PRCH,PORCH GROUP INC,-0.006336175152128138
2021-02-01,15831,AXSM,AXSOME THERAPEUTICS INC,-0.014567536925066132
2021-02-01,76591,QDEL,QUIDEL CORP,-0.008741235680018167
2021-02-01,18659,SFT,SHIFT TECHNOLOGIES INC,-0.01061826027604853
2021-02-01,21207,NEM,NEWMONT CORP,-0.01488081249253292
2021-02-01,19331,MPLN,MULTIPLAN CORP,-0.009565333703176235
2021-02-01,91926,DAL,DELTA AIR LINES INC,-0.012999866070913468
2021-02-01,86211,MSTR,MICROSTRATEGY INC,-0.004306304810699832
2021-02-01,89964,NNI,NELNET INC,-0.018560471048115354
2021-02-01,13688,PCG,P G & E CORP,-0.013803855653238134
2021-02-01,15643,RUN,SUNRUN INC,-0.005620356350036889
2021-02-01,88518,APPS,DIGITAL TURBINE INC,-0.005666100455639598
2021-02-01,91437,FRHC,FREEDOM HOLDING CORP,-0.011155564256109128
2021-02-01,14044,AGIO,AGIOS PHARMACEUTICALS INC,-0.013196891688731605
2021-02-01,60186,OMI,OWENS & MINOR INC NEW,-0.007629999451308984
2021-02-01,18192,GDYN,GRID DYNAMICS HOLDINGS INC,-0.0196665951945377
2021-02-01,17788,PS,PLURALSIGHT INC,-0.0196665951945377
2021-02-01,17478,SPGI,S & P GLOBAL INC,-0.01783092581815001
2021-02-01,88807,INSG,INSEEGO CORP,-0.005071556080086244
2021-02-01,84734,FBC,FLAGSTAR BANCORP INC,-0.015188063309206768
2021-02-01,78664,DDD,3 D SYSTEMS CORP DEL,-0.0029998482648455607
2021-02-01,21020,AAL,AMERICAN AIRLINES GROUP INC,-0.009183667127951281
2021-02-01,81593,COOP,MR COOPER GROUP INC,-0.016620816387431597
2021-02-01,16924,DCPH,DECIPHERA PHARMACEUTICALS INC,-0.010651821380486738
2021-02-01,92095,INFN,INFINERA CORP,-0.010674595145230548
2021-02-01,89002,ADS,ALLIANCE DATA SYSTEMS CORP,-0.0097768652456987
2021-02-01,18580,FSLY,FASTLY INC,-0.009558784698016473
2021-02-01,14432,ITCI,INTRA CELLULAR THERAPIES INC,-0.014400476661404572
2021-02-01,85177,EGHT,8X8 INC NEW,-0.01327461174640781
2021-02-01,18114,TTCF,TATTOOED CHEF INC,-0.012419998807499498
2021-02-01,18452,LYFT,LYFT INC,-0.010494224133932974
2021-02-01,17672,EAF,GRAFTECH INTERNATIONAL LTD NEW,-0.01041967812558013
2021-02-01,85931,WDR,WADDELL & REED FINANCIAL INC,-0.0196665951945377
2021-02-01,86004,UMPQ,UMPQUA HOLDINGS CORP,-0.012458444753958003
2021-02-01,12089,RP,REALPAGE INC,-0.0196665951945377
2021-02-01,19416,EOSE,EOS ENERGY ENTERPRISES INC,-0.004220916873149466
2021-02-01,18533,RMO,ROMEO POWER INC,-0.004559507829267887
2021-02-01,57913,VXRT,VAXART INC,-0.0029998482648455607
2021-02-01,78693,UFCS,UNITED FIRE GROUP INC,-0.01018639257611003
2021-02-01,10696,FISV,FISERV INC,-0.0196665951945377
2021-02-01,14276,KODK,EASTMAN KODAK CO,-0.004073800301004689
2021-02-01,16816,BHF,BRIGHTHOUSE FINANCIAL INC,-0.010029607731221319
2021-02-01,77114,WRLD,WORLD ACCEPTANCE CORP,-0.003548234898495207
2021-02-01,18719,DM,DESKTOP METAL INC,-0.004754792694599723
2021-02-01,19388,DNMR,DANIMER SCIENTIFIC INC,-0.005094974585851788
2021-02-01,84348,VSAT,VIASAT INC,-0.009480387450794686
2021-02-01,16964,SPCE,VIRGIN GALACTIC HOLDINGS INC,-0.0050534286383779395
2021-02-01,12307,AMRS,AMYRIS INC,-0.004540001048588293
2021-03-01,88319,VC,VISTEON CORP,0.006609516035603318
2021-03-01,78756,OFIX,ORTHOFIX MEDICAL INC,0.009509872654784852
2021-03-01,91365,CSII,CARDIOVASCULAR SYSTEMS INC DEL,0.012233730649171186
2021-03-01,79248,THRM,GENTHERM INC,0.010593669446917052
2021-03-01,88167,HSTM,HEALTHSTREAM INC,0.013605966869073715
2021-03-01,15046,NVRO,NEVRO CORP,0.012016681184012955
2021-03-01,90125,CORT,CORCEPT THERAPEUTICS INC,0.009555179137179085
2021-03-01,38659,GNTX,GENTEX CORP,0.015810789978911773
2021-03-01,87379,CLCT,COLLECTORS UNIVERSE INC,0.01928798069254383
2021-03-01,64961,NXGN,NEXTGEN HEALTHCARE INC,0.00862141436300441
2021-03-01,14688,AMPH,AMPHASTAR PHARMACEUTICALS INC,0.0124037207597582
2021-03-01,18808,PHR,PHREESIA INC,0.006463043804469026
2021-03-01,12493,QADA,QAD INC,0.00797784951620011
2021-03-01,41187,HE,HAWAIIAN ELECTRIC INDUSTRIES INC,0.01928798069254383
2021-03-01,45306,IDCC,INTERDIGITAL INC,0.013105169827643938
2021-03-01,88352,ISRG,INTUITIVE SURGICAL INC,0.015306755675770604
2021-03-01,14359,XNCR,XENCOR INC,0.006462538094062456
2021-03-01,14521,TNET,TRINET GROUP INC,0.009231413463930246
2021-03-01,90177,ACAD,ACADIA PHARMACEUTICALS,0.008605264212478394
2021-03-01,48347,LZB,LA Z BOY INC,0.008496668474101621
2021-03-01,64785,AGX,ARGAN INC,0.010253052717530142
2021-03-01,85440,SRI,STONERIDGE INC,0.007927957087227972
2021-03-01,87078,MDRX,ALLSCRIPTS HEALTHCARE SOLNS INC,0.013587874790826411
2021-03-01,18011,SONO,SONOS INC,0.005495702983840066
2021-03-01,14231,VEEV,VEEVA SYSTEMS INC,0.009460626086804473
2021-03-01,93264,IRWD,IRONWOOD PHARMACEUTICALS INC,0.010201548488600928
2021-03-01,92143,PRO,P R O S HOLDINGS INC,0.009539189167519368
2021-03-01,62033,RAVN,RAVEN INDUSTRIES INC,0.007826860857503094
2021-03-01,14325,TNDM,TANDEM DIABETES CARE INC,0.00925251745518546
2021-03-01,78876,CRY,CRYOLIFE INC,0.009489834727648309
2021-03-01,88504,BRKR,BRUKER CORP,0.00995018557699021
2021-03-01,85914,BBY,BEST BUY COMPANY INC,0.008532080440125794
2021-03-01,75233,VGR,VECTOR GROUP LTD,0.008583344806548031
2021-03-01,78915,UEIC,UNIVERSAL ELECTRONICS INC,0.009269761985994187
2021-03-01,90319,GOOGL,ALPHABET INC,0.010579957149614048
2021-03-01,13625,SSTK,SHUTTERSTOCK INC,0.004684208247666314
2021-03-01,17799,INSP,INSPIRE MEDICAL SYSTEMS INC,0.00944154045123524
2021-03-01,18561,NGM,N G M BIOPHARMACEUTICALS INC,0.006362021868360026
2021-03-01,84761,TTWO,TAKE TWO INTERACTIVE SOFTWR INC,0.010288809643622282
2021-03-01,27043,VAR,VARIAN MEDICAL SYSTEMS INC,0.01928798069254383
2021-03-01,84656,ALV,AUTOLIV INC,0.012649821569679793
2021-03-01,76128,VICR,VICOR CORP,0.006521740945740917
2021-03-01,85992,MANH,MANHATTAN ASSOCIATES INC,0.00812626288749938
2021-03-01,91463,CVLT,COMMVAULT SYSTEMS INC,0.011538255182197798
2021-03-01,65365,MYE,MYERS INDUSTRIES INC,0.01215428186884979
2021-03-01,85724,PRDO,PERDOCEO EDUCATION CORP,0.006836480584627874
2021-03-01,18779,MORF,MORPHIC HOLDING INC,0.005152533272805359
2021-03-01,92221,MELI,MERCADOLIBRE INC,0.007718226204679653
2021-03-01,79906,INCY,INCYTE CORP,0.009882424842690652
2021-03-01,10966,AXGN,AXOGEN INC,0.01000004750796113
2021-03-01,53074,MLAB,MESA LABORATORIES INC,0.01564416819366513
2021-03-01,77785,WIRE,ENCORE WIRE CORP,0.012201274253979306
2021-03-01,13316,VCRA,VOCERA COMMUNICATIONS INC,0.004684208247666314
2021-03-01,18485,PINS,PINTEREST INC,0.005751218779278568
2021-03-01,13543,GMED,GLOBUS MEDICAL INC,0.013840716161166148
2021-03-01,84385,NSP,INSPERITY INC,0.007248458317449205
2021-03-01,30681,OMC,OMNICOM GROUP INC,0.014103409091109805
2021-03-01,14054,MRTX,MIRATI THERAPEUTICS INC,0.00874850838219926
2021-03-01,93079,ECHO,ECHO GLOBAL LOGISTICS INC,0.010631739032710035
2021-03-01,90664,DXCM,DEXCOM INC,0.01218399592189966
2021-03-01,48653,HUM,HUMANA INC,0.01928798069254383
2021-03-01,87432,A,AGILENT TECHNOLOGIES INC,0.0156786165624978
2021-03-01,76868,AAON,AAON INC,0.014190414648149095
2021-03-01,14440,TVTX,TRAVERE THERAPEUTICS INC,0.005332280999208549
2021-03-01,18141,PLAN,ANAPLAN INC,0.004691365928169846
2021-03-01,92753,ERII,ENERGY RECOVERY INC,0.009877337144083793
2021-03-01,14547,PCTY,PAYLOCITY HOLDING CORP,0.007279601617651268
2021-03-01,76744,VRTX,VERTEX PHARMACEUTICALS INC,0.010323731531014001
2021-03-01,14504,QUOT,QUOTIENT TECHNOLOGY INC,0.004684208247666314
2021-03-01,86822,EXTR,EXTREME NETWORKS INC,0.006016758844039221
2021-03-01,91503,LMAT,LEMAITRE VASCULAR INC,0.007534435127986126
2021-03-01,17106,BAND,BANDWIDTH INC,0.007529745266697526
2021-03-01,91186,VNDA,VANDA PHARMACEUTICALS INC,0.004684208247666314
2021-03-01,13577,HY,HYSTER YALE MATERIALS HANDLG INC,0.005752131874065526
2021-03-01,84010,USNA,USANA HEALTH SCIENCES INC,0.0063717791930149965
2021-03-01,18968,PGNY,PROGYNY INC,0.004684208247666314
2021-03-01,92635,NX,QUANEX BUILDING PRODUCTS CORP,0.011591369931497422
2021-03-01,43481,SXI,STANDEX INTERNATIONAL CORP,0.013717904199851399
2021-03-01,84381,ROK,ROCKWELL AUTOMATION INC,0.016867731008906078
2021-03-01,11884,IPAR,INTERMEDIATE PARFUMS INC,0.011100879329741258
2021-03-01,48144,KLIC,KULICKE & SOFFA INDS INC,0.005404563558652413
2021-03-01,13816,MODN,MODEL N INC,0.007324176451839253
2021-03-01,83534,NBIX,NEUROCRINE BIOSCIENCES INC,0.008374776186346149
2021-03-01,89946,AEL,AMERICAN EQUITY INVT LIFE HLDG C,0.01582987501177192
2021-03-01,18566,SILK,SILK ROAD MEDICAL INC,0.008082207647851728
2021-03-01,14213,MMI,MARCUS & MILLICHAP INC,0.012002914223404123
2021-03-01,52708,LEN,LENNAR CORP,0.007786167843391257
2021-03-01,11775,JOUT,JOHNSON OUTDOORS INC,0.009652988294286643
2021-03-01,90436,HALO,HALOZYME THERAPEUTICS INC,0.006203256907886567
2021-03-01,13407,FB,FACEBOOK INC,0.015008768425564973
2021-03-01,28564,CTS,C T S CORP,0.01104905930215728
2021-03-01,76392,MMSI,MERIT MEDICAL SYSTEMS INC,0.011460713474265664
2021-03-01,23835,MDU,M D U RESOURCES GROUP INC,0.01928798069254383
2021-03-01,16434,GOLF,ACUSHNET HOLDINGS CORP,0.011931489276734122
2021-03-01,89179,ANTM,ANTHEM INC,0.013860075044856654
2021-03-01,15729,PSTG,PURE STORAGE INC,0.006700741094921915
2021-03-01,89781,MOH,MOLINA HEALTHCARE INC,0.013122729152858946
2021-03-01,10909,CERN,CERNER CORP,0.019238711856003263
2021-03-01,79678,ATVI,ACTIVISION BLIZZARD INC,0.008551742243043376
2021-03-01,89828,UVSP,UNIVEST FINANCIAL CORP,0.011720746798454197
2021-03-01,17367,LPRO,OPEN LENDING CORP,-0.010873623520537461
2021-03-01,18162,VLDR,VELODYNE LIDAR INC,-0.006454443035121014
2021-03-01,17036,CNNE,CANNAE HOLDINGS INC,-0.01522775884868162
2021-03-01,15302,VIRT,VIRTU FINANCIAL INC,-0.009843549744768584
2021-03-01,18312,MRNA,MODERNA INC,-0.00759961811203483
2021-03-01,17907,NKLA,NIKOLA CORP,-0.007917185782716466
2021-03-01,91498,EHTH,EHEALTH INC,-0.010095959715196164
2021-03-01,19032,VIR,VIR BIOTECHNOLOGY INC,-0.004100431732993115
2021-03-01,92775,TREE,LENDINGTREE INC,-0.008085649158765388
2021-03-01,15092,LC,LENDINGCLUB CORP,-0.007670383735134587
2021-03-01,19416,EOSE,EOS ENERGY ENTERPRISES INC,-0.006816287875665437
2021-03-01,86544,BCOR,BLUCORA INC,-0.012018177245538456
2021-03-01,14414,SC,SANTANDER CONSUMER USA HLDGS INC,-0.013643822246746045
2021-03-01,12477,WD,WALKER & DUNLOP INC,-0.010189049242607431
2021-03-01,13908,PFSI,PENNYMAC FINANCIAL SVCS INC NEW,-0.013135407886640214
2021-03-01,77660,CACC,CREDIT ACCEPTANCE CORP,-0.011141962089360087
2021-03-01,14601,NAVI,NAVIENT CORP,-0.017635907998449375
2021-03-01,82779,NVAX,NOVAVAX INC,-0.0044523207986998745
2021-03-01,18533,RMO,ROMEO POWER INC,-0.00779348726970539
2021-03-01,18539,HYLN,HYLIION HOLDINGS CORP,-0.0038702726722782336
2021-03-01,91611,FSLR,FIRST SOLAR INC,-0.01310846495266113
2021-03-01,57913,VXRT,VAXART INC,-0.0022980317303248465
2021-03-01,14813,MARA,MARATHON PATENT GROUP INC,-0.0022997949687828968
2021-03-01,83885,MVIS,MICROVISION INC WA,-0.0022980317303248465
2021-03-01,18480,TW,TRADEWEB MARKETS INC,-0.016595987592096254
2021-03-01,92213,RIOT,RIOT BLOCKCHAIN INC,-0.0022980317303248465
2021-03-01,19058,SI,SILVERGATE CAPITAL CORP,-0.0035474098771009375
2021-03-01,76856,FCFS,FIRSTCASH INC,-0.019587831917312927
2021-03-01,90978,SPWR,SUNPOWER CORP,-0.004415589351462083
2021-03-01,77699,FCEL,FUELCELL ENERGY INC,-0.004334493707526949
2021-03-01,18484,ZM,ZOOM VIDEO COMMUNICATIONS INC,-0.009961157362512567
2021-03-01,18719,DM,DESKTOP METAL INC,-0.004929983729622446
2021-03-01,15540,RILY,B RILEY FINANCIAL INC,-0.010282573997172572
2021-03-01,18915,CRNC,CERENCE INC,-0.008185592126457964
2021-03-01,18552,RIDE,LORDSTOWN MOTORS CORP,-0.005327269484951123
2021-03-01,18184,FSR,FISKER INC,-0.0026409541991589337
2021-03-01,87337,PLUG,PLUG POWER INC,-0.004735838029742611
2021-03-01,80169,AGM,FEDERAL AGRICULTURAL MORT CORP,-0.019587831917312927
2021-03-01,91437,FRHC,FREEDOM HOLDING CORP,-0.007008842051798202
2021-03-01,16068,RETA,REATA PHARMACEUTICALS INC,-0.009820858486555827
2021-03-01,40125,DXC,D X C TECHNOLOGY CO,-0.01141396488361531
2021-03-01,10696,FISV,FISERV INC,-0.01768032010475692
2021-03-01,14960,ENVA,ENOVA INTERNATIONAL INC,-0.012346030455636122
2021-03-01,82670,TGTX,T G THERAPEUTICS INC,-0.009397494897419612
2021-03-01,16966,SWCH,SWITCH INC,-0.017243766014276702
2021-03-01,10517,PRG,PROG HOLDINGS INC,-0.011617185250582807
2021-03-01,19317,APG,A P I GROUP CORP,-0.018052251408031204
2021-03-01,86211,MSTR,MICROSTRATEGY INC,-0.002571025512248613
2021-03-01,17045,ACMR,A C M RESEARCH INC,-0.0038361882011819573
2021-03-01,16816,BHF,BRIGHTHOUSE FINANCIAL INC,-0.011386706179139864
2021-03-01,91926,DAL,DELTA AIR LINES INC,-0.01609704616429298
2021-03-01,77114,WRLD,WORLD ACCEPTANCE CORP,-0.010207834254254597
2021-03-01,15914,WKHS,WORKHORSE GROUP INC,-0.0023367453795028257
2021-03-01,14969,GWB,GREAT WESTERN BANCORP INC,-0.01567057620623707
2021-03-01,18835,DKNG,DRAFTKINGS INC,-0.009368098219912536
2021-03-01,19196,PRCH,PORCH GROUP INC,-0.005843868203586635
2021-03-01,15643,RUN,SUNRUN INC,-0.006803398607459595
2021-03-01,15831,AXSM,AXSOME THERAPEUTICS INC,-0.013436795150915668
2021-03-01,18659,SFT,SHIFT TECHNOLOGIES INC,-0.006066737161648228
2021-03-01,88518,APPS,DIGITAL TURBINE INC,-0.004459375723641378
2021-03-01,17478,SPGI,S & P GLOBAL INC,-0.019587831917312927
2021-03-01,19388,DNMR,DANIMER SCIENTIFIC INC,-0.0042926642422307405
2021-03-01,60186,OMI,OWENS & MINOR INC NEW,-0.004586691777819912
2021-03-01,12307,AMRS,AMYRIS INC,-0.003465927031385671
2021-03-01,18580,FSLY,FASTLY INC,-0.007125201325803367
2021-03-01,84348,VSAT,VIASAT INC,-0.009028588703516848
2021-03-01,81593,COOP,MR COOPER GROUP INC,-0.013873420741343708
2021-03-01,89964,NNI,NELNET INC,-0.017368000500683108
2021-03-01,13323,ENPH,ENPHASE ENERGY INC,-0.007256627595326331
2021-03-01,18192,GDYN,GRID DYNAMICS HOLDINGS INC,-0.010901989849311056
2021-03-01,14044,AGIO,AGIOS PHARMACEUTICALS INC,-0.009415652672370541
2021-03-01,16964,SPCE,VIRGIN GALACTIC HOLDINGS INC,-0.0035527705411572846
2021-03-01,21020,AAL,AMERICAN AIRLINES GROUP INC,-0.009413791195666196
2021-03-01,16924,DCPH,DECIPHERA PHARMACEUTICALS INC,-0.009239334455549215
2021-03-01,18361,PAYA,PAYA HOLDINGS INC,-0.01540767205948657
2021-03-01,78664,DDD,3 D SYSTEMS CORP DEL,-0.005111474321489756
2021-03-01,14432,ITCI,INTRA CELLULAR THERAPIES INC,-0.011506975605111224
2021-03-01,76591,QDEL,QUIDEL CORP,-0.0075952657773127995
2021-03-01,21207,NEM,NEWMONT CORP,-0.019587831917312927
2021-03-01,84734,FBC,FLAGSTAR BANCORP INC,-0.019587831917312927
2021-03-01,11990,KKR,K K R & CO INC,-0.015332395368693824
2021-03-01,89002,ADS,ALLIANCE DATA SYSTEMS CORP,-0.008779205208811933
2021-03-01,13688,PCG,P G & E CORP,-0.018047572243911385
2021-03-01,85177,EGHT,8X8 INC NEW,-0.009211698484183108
2021-03-01,19331,MPLN,MULTIPLAN CORP,-0.011850833733679948
2021-03-01,92095,INFN,INFINERA CORP,-0.012484585273201131
2021-03-01,17788,PS,PLURALSIGHT INC,-0.019587831917312927
2021-03-01,78840,IAC,IAC INTERACTIVECORP NEW,-0.011515811431418896
2021-03-01,17987,VRT,VERTIV HOLDINGS CO,-0.01754455346534765
2021-03-01,17672,EAF,GRAFTECH INTERNATIONAL LTD NEW,-0.009418753997518514
2021-03-01,19497,LMND,LEMONADE INC,-0.008089635634545591
2021-03-01,19567,PAND,PANDION THERAPEUTICS INC,-0.0022980317303248465
2021-03-01,19500,GOCO,GOHEALTH INC,-0.01217949470762676
2021-03-01,13919,AMBC,AMBAC FINANCIAL GROUP INC,-0.01488437275495512
2021-03-01,19542,ALXO,ALX ONCOLOGY HOLDINGS INC,-0.007921507300658734
2021-03-01,16277,DFIN,DONNELLEY FINANCIAL SOL INC,-0.010095195019060765
2021-03-01,19312,UWMC,U W M HOLDINGS CORP,-0.008855193811020536
2021-03-01,89301,GME,GAMESTOP CORP NEW,-0.0022980317303248465
2021-03-01,58683,LUV,SOUTHWEST AIRLINES CO,-0.015803217424708
2021-03-01,16712,VERI,VERITONE INC,-0.007622854847655555
2021-04-01,88319,VC,VISTEON CORP,0.009147336786652364
2021-04-01,78756,OFIX,ORTHOFIX MEDICAL INC,0.015482811491800193
2021-04-01,91365,CSII,CARDIOVASCULAR SYSTEMS INC DEL,0.013228446302009
2021-04-01,38659,GNTX,GENTEX CORP,0.014898769422378767
2021-04-01,90125,CORT,CORCEPT THERAPEUTICS INC,0.009595275725861087
2021-04-01,15046,NVRO,NEVRO CORP,0.007982190868911795
2021-04-01,41187,HE,HAWAIIAN ELECTRIC INDUSTRIES INC,0.014579174462403137
2021-04-01,88167,HSTM,HEALTHSTREAM INC,0.018202518830276678
2021-04-01,14359,XNCR,XENCOR INC,0.00727370675419307
2021-04-01,85440,SRI,STONERIDGE INC,0.00730200051987368
2021-04-01,79248,THRM,GENTHERM INC,0.006419554872361542
2021-04-01,18808,PHR,PHREESIA INC,0.005746804411016764
2021-04-01,64961,NXGN,NEXTGEN HEALTHCARE INC,0.011231242280959541
2021-04-01,88352,ISRG,INTUITIVE SURGICAL INC,0.011604033970448374
2021-04-01,78915,UEIC,UNIVERSAL ELECTRONICS INC,0.010568546779428827
2021-04-01,90319,GOOGL,ALPHABET INC,0.013123652589510705
2021-04-01,45306,IDCC,INTERDIGITAL INC,0.010656477624281511
2021-04-01,14213,MMI,MARCUS & MILLICHAP INC,0.010953588326921582
2021-04-01,48347,LZB,LA Z BOY INC,0.009475253361060712
2021-04-01,14231,VEEV,VEEVA SYSTEMS INC,0.0071812891574026694
2021-04-01,78876,CRY,CRYOLIFE INC,0.013970775613644673
2021-04-01,64785,AGX,ARGAN INC,0.011538642111616983
2021-04-01,90436,HALO,HALOZYME THERAPEUTICS INC,0.007994749611120322
2021-04-01,75233,VGR,VECTOR GROUP LTD,0.010327352781657315
2021-04-01,87078,MDRX,ALLSCRIPTS HEALTHCARE SOLNS INC,0.018611287093453117
2021-04-01,14688,AMPH,AMPHASTAR PHARMACEUTICALS INC,0.01147910136056928
2021-04-01,18011,SONO,SONOS INC,0.006216290357774473
2021-04-01,91186,VNDA,VANDA PHARMACEUTICALS INC,0.009859550755125217
2021-04-01,85914,BBY,BEST BUY COMPANY INC,0.010146169575451135
2021-04-01,14521,TNET,TRINET GROUP INC,0.009843607229961499
2021-04-01,85724,PRDO,PERDOCEO EDUCATION CORP,0.007836128249785518
2021-04-01,84656,ALV,AUTOLIV INC,0.010337567041411012
2021-04-01,14325,TNDM,TANDEM DIABETES CARE INC,0.006644965403090589
2021-04-01,11775,JOUT,JOHNSON OUTDOORS INC,0.008938031101949627
2021-04-01,88504,BRKR,BRUKER CORP,0.012277772235828674
2021-04-01,79906,INCY,INCYTE CORP,0.012076367938686796
2021-04-01,13625,SSTK,SHUTTERSTOCK INC,0.007684874583175354
2021-04-01,53074,MLAB,MESA LABORATORIES INC,0.016701404063330497
2021-04-01,76128,VICR,VICOR CORP,0.007944598622645002
2021-04-01,92143,PRO,P R O S HOLDINGS INC,0.008043360020322517
2021-04-01,12493,QADA,QAD INC,0.006999793514355972
2021-04-01,13407,FB,FACEBOOK INC,0.010323243922889523
2021-04-01,84761,TTWO,TAKE TWO INTERACTIVE SOFTWR INC,0.009800206030895365
2021-04-01,91463,CVLT,COMMVAULT SYSTEMS INC,0.008375159792839633
2021-04-01,27043,VAR,VARIAN MEDICAL SYSTEMS INC,0.018611287093453117
2021-04-01,92221,MELI,MERCADOLIBRE INC,0.0057521043862054635
2021-04-01,93264,IRWD,IRONWOOD PHARMACEUTICALS INC,0.007506987615837296
2021-04-01,85992,MANH,MANHATTAN ASSOCIATES INC,0.007896584829829183
2021-04-01,89781,MOH,MOLINA HEALTHCARE INC,0.012648480296990868
2021-04-01,28564,CTS,C T S CORP,0.012141583223139775
2021-04-01,30681,OMC,OMNICOM GROUP INC,0.013681219196142085
2021-04-01,16434,GOLF,ACUSHNET HOLDINGS CORP,0.012062651138973866
2021-04-01,87432,A,AGILENT TECHNOLOGIES INC,0.01384873007651491
2021-04-01,14547,PCTY,PAYLOCITY HOLDING CORP,0.006574161580176899
2021-04-01,89179,ANTM,ANTHEM INC,0.015721027021685503
2021-04-01,13543,GMED,GLOBUS MEDICAL INC,0.018601251541448604
2021-04-01,10966,AXGN,AXOGEN INC,0.006931861084699648
2021-04-01,13316,VCRA,VOCERA COMMUNICATIONS INC,0.007496072127127886
2021-04-01,76392,MMSI,MERIT MEDICAL SYSTEMS INC,0.009752089121060986
2021-04-01,65365,MYE,MYERS INDUSTRIES INC,0.005781566717697593
2021-04-01,91503,LMAT,LEMAITRE VASCULAR INC,0.008446463501873471
2021-04-01,93079,ECHO,ECHO GLOBAL LOGISTICS INC,0.008252361085845716
2021-04-01,90664,DXCM,DEXCOM INC,0.008993655597523697
2021-04-01,52708,LEN,LENNAR CORP,0.0057545843236378996
2021-04-01,79678,ATVI,ACTIVISION BLIZZARD INC,0.012020681948844633
2021-04-01,10909,CERN,CERNER CORP,0.018611287093453117
2021-04-01,13577,HY,HYSTER YALE MATERIALS HANDLG INC,0.008172686359584477
2021-04-01,11884,IPAR,INTERMEDIATE PARFUMS INC,0.011373520907021593
2021-04-01,23835,MDU,M D U RESOURCES GROUP INC,0.013415610024234442
2021-04-01,90177,ACAD,ACADIA PHARMACEUTICALS,0.0057424713645963035
2021-04-01,48653,HUM,HUMANA INC,0.018611287093453117
2021-04-01,84385,NSP,INSPERITY INC,0.011926199656706604
2021-04-01,84010,USNA,USANA HEALTH SCIENCES INC,0.012259109936551377
2021-04-01,18968,PGNY,PROGYNY INC,0.006763826223735029
2021-04-01,18141,PLAN,ANAPLAN INC,0.006924473561620387
2021-04-01,43481,SXI,STANDEX INTERNATIONAL CORP,0.010099731110530261
2021-04-01,76744,VRTX,VERTEX PHARMACEUTICALS INC,0.018611287093453117
2021-04-01,76868,AAON,AAON INC,0.015251763471373374
2021-04-01,92635,NX,QUANEX BUILDING PRODUCTS CORP,0.010622513297008793
2021-04-01,18485,PINS,PINTEREST INC,0.0057424713645963035
2021-04-01,89828,UVSP,UNIVEST FINANCIAL CORP,0.008874996158409086
2021-04-01,62033,RAVN,RAVEN INDUSTRIES INC,0.0057424713645963035
2021-04-01,48144,KLIC,KULICKE & SOFFA INDS INC,0.00608765619647528
2021-04-01,15729,PSTG,PURE STORAGE INC,0.0057424713645963035
2021-04-01,77785,WIRE,ENCORE WIRE CORP,0.013301970919420269
2021-04-01,84381,ROK,ROCKWELL AUTOMATION INC,0.014850853026228142
2021-04-01,14054,MRTX,MIRATI THERAPEUTICS INC,0.007054282084641697
2021-04-01,13410,SUPN,SUPERNUS PHARMACEUTICALS INC,0.008528697340433175
2021-04-01,54148,PHM,PULTE GROUP INC,0.008638693568682625
2021-04-01,16967,CARG,CARGURUS INC,0.00931860777914793
2021-04-01,84413,CERS,CERUS CORP,0.0057424713645963035
2021-04-01,85889,SRDX,SURMODICS INC,0.0146512854511382
2021-04-01,87006,UTHR,UNITED THERAPEUTICS CORP,0.01286180160816168
2021-04-01,13169,ZNGA,ZYNGA INC,0.00957191251639027
2021-04-01,75828,EA,ELECTRONIC ARTS INC,0.013434968430270063
2021-04-01,81116,VECO,VEECO INSTRUMENTS INC DEL,0.008440353657024462
2021-04-01,17315,CDLX,CARDLYTICS INC,0.006023562520380732
2021-04-01,17944,TENB,TENABLE HOLDINGS INC,0.007760123219944164
2021-04-01,17382,ZUO,ZUORA INC,0.006154584398828828
2021-04-01,14495,ATEN,A10 NETWORKS INC,0.007844932528014046
2021-04-01,17367,LPRO,OPEN LENDING CORP,-0.008365613750132145
2021-04-01,17036,CNNE,CANNAE HOLDINGS INC,-0.0152202690054157
2021-04-01,17907,NKLA,NIKOLA CORP,-0.008228441764141226
2021-04-01,15302,VIRT,VIRTU FINANCIAL INC,-0.01936291977773322
2021-04-01,19497,LMND,LEMONADE INC,-0.005834177609728269
2021-04-01,19500,GOCO,GOHEALTH INC,-0.007303921947578271
2021-04-01,86544,BCOR,BLUCORA INC,-0.016091832210314426
2021-04-01,91498,EHTH,EHEALTH INC,-0.010453597958245334
2021-04-01,18312,MRNA,MODERNA INC,-0.0066853535970662
2021-04-01,13908,PFSI,PENNYMAC FINANCIAL SVCS INC NEW,-0.012875024809348996
2021-04-01,15092,LC,LENDINGCLUB CORP,-0.004992783027294723
2021-04-01,19567,PAND,PANDION THERAPEUTICS INC,-0.01936291977773322
2021-04-01,14601,NAVI,NAVIENT CORP,-0.013940763078067079
2021-04-01,19416,EOSE,EOS ENERGY ENTERPRISES INC,-0.005482263358643972
2021-04-01,14414,SC,SANTANDER CONSUMER USA HLDGS INC,-0.01936291977773322
2021-04-01,77660,CACC,CREDIT ACCEPTANCE CORP,-0.011964093615971198
2021-04-01,18162,VLDR,VELODYNE LIDAR INC,-0.005634083335369285
2021-04-01,19312,UWMC,U W M HOLDINGS CORP,-0.006638098694295445
2021-04-01,18719,DM,DESKTOP METAL INC,-0.005520437472484086
2021-04-01,18484,ZM,ZOOM VIDEO COMMUNICATIONS INC,-0.007172941272876199
2021-04-01,13919,AMBC,AMBAC FINANCIAL GROUP INC,-0.016145759240971787
2021-04-01,12477,WD,WALKER & DUNLOP INC,-0.012925949698066468
2021-04-01,18533,RMO,ROMEO POWER INC,-0.004411645228621732
2021-04-01,19058,SI,SILVERGATE CAPITAL CORP,-0.0038928625206466343
2021-04-01,82779,NVAX,NOVAVAX INC,-0.004802385300632429
2021-04-01,14813,MARA,MARATHON DIGITAL HOLDINGS INC,-0.0033330013479268765
2021-04-01,18480,TW,TRADEWEB MARKETS INC,-0.01936291977773322
2021-04-01,91611,FSLR,FIRST SOLAR INC,-0.009789522025167585
2021-04-01,57913,VXRT,VAXART INC,-0.006834043354303623
2021-04-01,83885,MVIS,MICROVISION INC WA,-0.0033330013479268765
2021-04-01,92775,TREE,LENDINGTREE INC,-0.009529399602851497
2021-04-01,92213,RIOT,RIOT BLOCKCHAIN INC,-0.0033338382220557384
2021-04-01,18539,HYLN,HYLIION HOLDINGS CORP,-0.007399326379971567
2021-04-01,90978,SPWR,SUNPOWER CORP,-0.005493150013520039
2021-04-01,89301,GME,GAMESTOP CORP NEW,-0.0033330013479268765
2021-04-01,19032,VIR,VIR BIOTECHNOLOGY INC,-0.0033330013479268765
2021-04-01,15540,RILY,B RILEY FINANCIAL INC,-0.012906138249335088
2021-04-01,77114,WRLD,WORLD ACCEPTANCE CORP,-0.010622656324923206
2021-04-01,19542,ALXO,ALX ONCOLOGY HOLDINGS INC,-0.005521466028078377
2021-04-01,18915,CRNC,CERENCE INC,-0.006270820371337328
2021-04-01,86211,MSTR,MICROSTRATEGY INC,-0.006159992774248097
2021-04-01,16966,SWCH,SWITCH INC,-0.009384350959958073
2021-04-01,76856,FCFS,FIRSTCASH INC,-0.015859008053773188
2021-04-01,77699,FCEL,FUELCELL ENERGY INC,-0.004290044287410667
2021-04-01,14960,ENVA,ENOVA INTERNATIONAL INC,-0.010115329486553921
2021-04-01,18580,FSLY,FASTLY INC,-0.007714227293518118
2021-04-01,40125,DXC,D X C TECHNOLOGY CO,-0.012556318724448765
2021-04-01,87337,PLUG,PLUG POWER INC,-0.005185343913567345
2021-04-01,10696,FISV,FISERV INC,-0.01936291977773322
2021-04-01,17478,SPGI,S & P GLOBAL INC,-0.01936291977773322
2021-04-01,88518,APPS,DIGITAL TURBINE INC,-0.004186894381588428
2021-04-01,80169,AGM,FEDERAL AGRICULTURAL MORT CORP,-0.016254675164004855
2021-04-01,82670,TGTX,T G THERAPEUTICS INC,-0.008187294613434258
2021-04-01,19388,DNMR,DANIMER SCIENTIFIC INC,-0.005857081885121129
2021-04-01,17045,ACMR,A C M RESEARCH INC,-0.006100905735202588
2021-04-01,18835,DKNG,DRAFTKINGS INC,-0.007119773286621231
2021-04-01,18184,FSR,FISKER INC,-0.007107574098256846
2021-04-01,16712,VERI,VERITONE INC,-0.006051204968266492
2021-04-01,12307,AMRS,AMYRIS INC,-0.003892966547910114
2021-04-01,15643,RUN,SUNRUN INC,-0.004910942481799232
2021-04-01,91926,DAL,DELTA AIR LINES INC,-0.01645322011268771
2021-04-01,81593,COOP,MR COOPER GROUP INC,-0.014352957824232328
2021-04-01,19196,PRCH,PORCH GROUP INC,-0.008740503691275922
2021-04-01,60186,OMI,OWENS & MINOR INC NEW,-0.009733023678521593
2021-04-01,58683,LUV,SOUTHWEST AIRLINES CO,-0.015192083312526297
2021-04-01,16964,SPCE,VIRGIN GALACTIC HOLDINGS INC,-0.006302086858379339
2021-04-01,15914,WKHS,WORKHORSE GROUP INC,-0.0059890054700905545
2021-04-01,15831,AXSM,AXSOME THERAPEUTICS INC,-0.011789236300923106
2021-04-01,16277,DFIN,DONNELLEY FINANCIAL SOL INC,-0.011921244267833898
2021-04-01,16816,BHF,BRIGHTHOUSE FINANCIAL INC,-0.014691732159701496
2021-04-01,18552,RIDE,LORDSTOWN MOTORS CORP,-0.005641068781663125
2021-04-01,16068,RETA,REATA PHARMACEUTICALS INC,-0.007946377280431132
2021-04-01,18659,SFT,SHIFT TECHNOLOGIES INC,-0.0068022685159652785
2021-04-01,89964,NNI,NELNET INC,-0.01936291977773322
2021-04-01,18361,PAYA,PAYA HOLDINGS INC,-0.01224058021672045
2021-04-01,14432,ITCI,INTRA CELLULAR THERAPIES INC,-0.011266705742143569
2021-04-01,21020,AAL,AMERICAN AIRLINES GROUP INC,-0.01029022252787638
2021-04-01,16924,DCPH,DECIPHERA PHARMACEUTICALS INC,-0.009541544394043129
2021-04-01,13323,ENPH,ENPHASE ENERGY INC,-0.005997582829084035
2021-04-01,14044,AGIO,AGIOS PHARMACEUTICALS INC,-0.010111100197805045
2021-04-01,84348,VSAT,VIASAT INC,-0.012289849770685018
2021-04-01,84734,FBC,FLAGSTAR BANCORP INC,-0.01534101988999165
2021-04-01,14969,GWB,GREAT WESTERN BANCORP INC,-0.014472615991758713
2021-04-01,19317,APG,A P I GROUP CORP,-0.015112393176947642
2021-04-01,89002,ADS,ALLIANCE DATA SYSTEMS CORP,-0.010264499299200137
2021-04-01,10517,PRG,PROG HOLDINGS INC,-0.015007381037591267
2021-04-01,21207,NEM,NEWMONT CORP,-0.01936291977773322
2021-04-01,91437,FRHC,FREEDOM HOLDING CORP,-0.013963749483647165
2021-04-01,19331,MPLN,MULTIPLAN CORP,-0.007236705066483993
2021-04-01,76591,QDEL,QUIDEL CORP,-0.008260781575636016
2021-04-01,78664,DDD,3 D SYSTEMS CORP DEL,-0.004385809039852277
2021-04-01,11990,KKR,K K R & CO INC,-0.01936291977773322
2021-04-01,19599,QS,QUANTUMSCAPE CORP,-0.0048408196865408265
2021-04-01,19577,RKT,ROCKET COMPANIES INC,-0.0033330013479268765
2021-04-01,18852,BTRS,B T R S HOLDINGS INC,-0.00926963011912515
2021-04-01,19606,NUVB,NUVATION BIO INC,-0.006915107768420154
2021-04-01,19605,OSH,OAK STREET HEALTH INC,-0.008938597162318996
2021-04-01,13918,ARCT,ARCTURUS THERAPEUTICS HLDNGS INC,-0.006896169150697059
2021-04-01,18453,LAZR,LUMINAR TECHNOLOGIES INC,-0.0057617166427785345
2021-04-01,19576,RXT,RACKSPACE TECHNOLOGY INC,-0.010038727400709407
2021-05-01,88319,VC,VISTEON CORP,0.00657237479320448
2021-05-01,90125,CORT,CORCEPT THERAPEUTICS INC,0.009152453627554114
2021-05-01,14213,MMI,MARCUS & MILLICHAP INC,0.012508418211306577
2021-05-01,91365,CSII,CARDIOVASCULAR SYSTEMS INC DEL,0.009766523703273097
2021-05-01,64961,NXGN,NEXTGEN HEALTHCARE INC,0.011181827691543487
2021-05-01,41187,HE,HAWAIIAN ELECTRIC INDUSTRIES INC,0.01766357533084728
2021-05-01,78756,OFIX,ORTHOFIX MEDICAL INC,0.011426779453513723
2021-05-01,38659,GNTX,GENTEX CORP,0.01585362198097097
2021-05-01,90436,HALO,HALOZYME THERAPEUTICS INC,0.01012108361492145
2021-05-01,85440,SRI,STONERIDGE INC,0.00777881365177601
2021-05-01,92221,MELI,MERCADOLIBRE INC,0.008768391566885306
2021-05-01,15046,NVRO,NEVRO CORP,0.009039112777512542
2021-05-01,79248,THRM,GENTHERM INC,0.00699800940308059
2021-05-01,78915,UEIC,UNIVERSAL ELECTRONICS INC,0.013196030502929775
2021-05-01,75233,VGR,VECTOR GROUP LTD,0.010855997766175933
2021-05-01,54148,PHM,PULTE GROUP INC,0.010672394288847595
2021-05-01,16967,CARG,CARGURUS INC,0.00719567007420191
2021-05-01,85889,SRDX,SURMODICS INC,0.0078904767558164
2021-05-01,14231,VEEV,VEEVA SYSTEMS INC,0.011749740267314854
2021-05-01,91186,VNDA,VANDA PHARMACEUTICALS INC,0.009629001282764262
2021-05-01,79906,INCY,INCYTE CORP,0.014948486804896747
2021-05-01,18808,PHR,PHREESIA INC,0.007084131723756934
2021-05-01,48347,LZB,LA Z BOY INC,0.013454919695998286
2021-05-01,93264,IRWD,IRONWOOD PHARMACEUTICALS INC,0.009558198678912442
2021-05-01,88352,ISRG,INTUITIVE SURGICAL INC,0.00678159463914092
2021-05-01,90319,GOOGL,ALPHABET INC,0.011041585039464593
2021-05-01,45306,IDCC,INTERDIGITAL INC,0.007541425771056809
2021-05-01,75828,EA,ELECTRONIC ARTS INC,0.014469956982511523
2021-05-01,64785,AGX,ARGAN INC,0.011240146823205836
2021-05-01,85914,BBY,BEST BUY COMPANY INC,0.015031602095468848
2021-05-01,53074,MLAB,MESA LABORATORIES INC,0.010540373042015341
2021-05-01,14325,TNDM,TANDEM DIABETES CARE INC,0.00883451964443232
2021-05-01,13169,ZNGA,ZYNGA INC,0.012242303249372087
2021-05-01,89781,MOH,MOLINA HEALTHCARE INC,0.012585566961034926
2021-05-01,85724,PRDO,PERDOCEO EDUCATION CORP,0.008502826198981003
2021-05-01,87078,MDRX,ALLSCRIPTS HEALTHCARE SOLNS INC,0.01607619570029143
2021-05-01,14495,ATEN,A10 NETWORKS INC,0.006395496023159506
2021-05-01,84656,ALV,AUTOLIV INC,0.007562931311916951
2021-05-01,88167,HSTM,HEALTHSTREAM INC,0.006793228679598748
2021-05-01,27043,VAR,VARIAN MEDICAL SYSTEMS INC,0.01766357533084728
2021-05-01,11775,JOUT,JOHNSON OUTDOORS INC,0.010665899585580393
2021-05-01,14521,TNET,TRINET GROUP INC,0.0078080791352552765
2021-05-01,84413,CERS,CERUS CORP,0.00785728960313577
2021-05-01,91463,CVLT,COMMVAULT SYSTEMS INC,0.01124894627474566
2021-05-01,13577,HY,HYSTER YALE MATERIALS HANDLG INC,0.00898166797528447
2021-05-01,89179,ANTM,ANTHEM INC,0.014854192959661712
2021-05-01,88504,BRKR,BRUKER CORP,0.010890547579453352
2021-05-01,30681,OMC,OMNICOM GROUP INC,0.016555684222200148
2021-05-01,13407,FB,FACEBOOK INC,0.008270293267962203
2021-05-01,14688,AMPH,AMPHASTAR PHARMACEUTICALS INC,0.011958844836099061
2021-05-01,18011,SONO,SONOS INC,0.0056759173321200744
2021-05-01,92143,PRO,P R O S HOLDINGS INC,0.008044403800256995
2021-05-01,13410,SUPN,SUPERNUS PHARMACEUTICALS INC,0.0055227193530871035
2021-05-01,14547,PCTY,PAYLOCITY HOLDING CORP,0.012288489562046818
2021-05-01,16434,GOLF,ACUSHNET HOLDINGS CORP,0.013263114052662176
2021-05-01,12493,QADA,QAD INC,0.007811349006790749
2021-05-01,84761,TTWO,TAKE TWO INTERACTIVE SOFTWR INC,0.017424073531571993
2021-05-01,13316,VCRA,VOCERA COMMUNICATIONS INC,0.006945352270357847
2021-05-01,87432,A,AGILENT TECHNOLOGIES INC,0.017618721546061266
2021-05-01,91503,LMAT,LEMAITRE VASCULAR INC,0.007914509640638487
2021-05-01,76392,MMSI,MERIT MEDICAL SYSTEMS INC,0.013363057416389905
2021-05-01,52708,LEN,LENNAR CORP,0.00991908649895482
2021-05-01,93079,ECHO,ECHO GLOBAL LOGISTICS INC,0.008005251531517583
2021-05-01,13543,GMED,GLOBUS MEDICAL INC,0.01766357533084728
2021-05-01,13625,SSTK,SHUTTERSTOCK INC,0.006180143742741123
2021-05-01,10909,CERN,CERNER CORP,0.01766357533084728
2021-05-01,43481,SXI,STANDEX INTERNATIONAL CORP,0.012555685086187467
2021-05-01,81116,VECO,VEECO INSTRUMENTS INC DEL,0.0071136531414266865
2021-05-01,79678,ATVI,ACTIVISION BLIZZARD INC,0.01265660213549928
2021-05-01,14359,XNCR,XENCOR INC,0.005568191616159096
2021-05-01,90664,DXCM,DEXCOM INC,0.007262737029881273
2021-05-01,65365,MYE,MYERS INDUSTRIES INC,0.011941900634730553
2021-05-01,87006,UTHR,UNITED THERAPEUTICS CORP,0.0055227193530871035
2021-05-01,18968,PGNY,PROGYNY INC,0.005838861988381426
2021-05-01,11884,IPAR,INTERMEDIATE PARFUMS INC,0.008886950831085365
2021-05-01,84010,USNA,USANA HEALTH SCIENCES INC,0.007876595966374267
2021-05-01,76128,VICR,VICOR CORP,0.006802306196648918
2021-05-01,89828,UVSP,UNIVEST FINANCIAL CORP,0.009729874939271793
2021-05-01,76744,VRTX,VERTEX PHARMACEUTICALS INC,0.014775494458261422
2021-05-01,17944,TENB,TENABLE HOLDINGS INC,0.006358227902357859
2021-05-01,23835,MDU,M D U RESOURCES GROUP INC,0.01766357533084728
2021-05-01,92635,NX,QUANEX BUILDING PRODUCTS CORP,0.009985834857245766
2021-05-01,15729,PSTG,PURE STORAGE INC,0.010795737659521258
2021-05-01,48653,HUM,HUMANA INC,0.01291266378777451
2021-05-01,17315,CDLX,CARDLYTICS INC,0.0055227193530871035
2021-05-01,18141,PLAN,ANAPLAN INC,0.006578163367534773
2021-05-01,78876,CRY,CRYOLIFE INC,0.0055227193530871035
2021-05-01,84385,NSP,INSPERITY INC,0.012818680690446522
2021-05-01,28564,CTS,C T S CORP,0.006471155548514589
2021-05-01,62033,RAVN,RAVEN INDUSTRIES INC,0.007791111500369121
2021-05-01,76868,AAON,AAON INC,0.013793434773088389
2021-05-01,24459,PBI,PITNEY BOWES INC,0.0055227193530871035
2021-05-01,88159,EXEL,EXELIXIS INC,0.013702007912608654
2021-05-01,13318,YELP,YELP INC,0.00737518524066893
2021-05-01,83738,CASS,CASS INFORMATION SYSTEMS INC,0.017215038155836644
2021-05-01,79491,WINA,WINMARK CORP,0.010720994037301942
2021-05-01,51625,SCI,SERVICE CORP INTERNATIONAL,0.014773281673361983
2021-05-01,72304,STAA,STAAR SURGICAL CO,0.006893366035546488
2021-05-01,12583,PCRX,PACIRA BIOSCIENCES INC,0.00863632679827914
2021-05-01,85002,SRPT,SAREPTA THERAPEUTICS INC,0.008145655470706224
2021-05-01,17367,LPRO,OPEN LENDING CORP,-0.006131888612622728
2021-05-01,19312,UWMC,U W M HOLDINGS CORP,-0.012033694733037573
2021-05-01,17036,CNNE,CANNAE HOLDINGS INC,-0.019270113625899227
2021-05-01,18852,BTRS,B T R S HOLDINGS INC,-0.012217383589858674
2021-05-01,17907,NKLA,NIKOLA CORP,-0.004465605857138063
2021-05-01,19599,QS,QUANTUMSCAPE CORP,-0.004521280008126656
2021-05-01,13908,PFSI,PENNYMAC FINANCIAL SVCS INC NEW,-0.013828452621865285
2021-05-01,19497,LMND,LEMONADE INC,-0.00706800606886144
2021-05-01,19577,RKT,ROCKET COMPANIES INC,-0.014453373939038543
2021-05-01,19500,GOCO,GOHEALTH INC,-0.013775221542561533
2021-05-01,18580,FSLY,FASTLY INC,-0.009646206465537805
2021-05-01,19058,SI,SILVERGATE CAPITAL CORP,-0.00434638199658191
2021-05-01,86544,BCOR,BLUCORA INC,-0.009054359946894727
2021-05-01,14414,SC,SANTANDER CONSUMER USA HLDGS INC,-0.01381061177907929
2021-05-01,15302,VIRT,VIRTU FINANCIAL INC,-0.019116639656746433
2021-05-01,18162,VLDR,VELODYNE LIDAR INC,-0.0048744295866685935
2021-05-01,13919,AMBC,AMBAC FINANCIAL GROUP INC,-0.01812671157668274
2021-05-01,12477,WD,WALKER & DUNLOP INC,-0.014309105897868402
2021-05-01,18312,MRNA,MODERNA INC,-0.006868193200689758
2021-05-01,18533,RMO,ROMEO POWER INC,-0.0034738617337757346
2021-05-01,91498,EHTH,EHEALTH INC,-0.013038643597395755
2021-05-01,18480,TW,TRADEWEB MARKETS INC,-0.019270113625899227
2021-05-01,18719,DM,DESKTOP METAL INC,-0.004774493559524682
2021-05-01,15092,LC,LENDINGCLUB CORP,-0.008490819790252848
2021-05-01,19416,EOSE,EOS ENERGY ENTERPRISES INC,-0.006338002047994027
2021-05-01,14813,MARA,MARATHON DIGITAL HOLDINGS INC,-0.0034738617337757346
2021-05-01,82779,NVAX,NOVAVAX INC,-0.004405548675283376
2021-05-01,15540,RILY,B RILEY FINANCIAL INC,-0.007167634693161873
2021-05-01,14601,NAVI,NAVIENT CORP,-0.014731375404206078
2021-05-01,57913,VXRT,VAXART INC,-0.0034738617337757346
2021-05-01,76856,FCFS,FIRSTCASH INC,-0.014141619501014701
2021-05-01,19606,NUVB,NUVATION BIO INC,-0.005406458279175978
2021-05-01,92213,RIOT,RIOT BLOCKCHAIN INC,-0.0034738617337757346
2021-05-01,92775,TREE,LENDINGTREE INC,-0.00656785627113797
2021-05-01,83885,MVIS,MICROVISION INC WA,-0.0034738617337757346
2021-05-01,86211,MSTR,MICROSTRATEGY INC,-0.003953932438071509
2021-05-01,89301,GME,GAMESTOP CORP NEW,-0.004088980596461151
2021-05-01,77660,CACC,CREDIT ACCEPTANCE CORP,-0.019270113625899227
2021-05-01,19605,OSH,OAK STREET HEALTH INC,-0.010921277521240008
2021-05-01,81593,COOP,MR COOPER GROUP INC,-0.012827633355104756
2021-05-01,18539,HYLN,HYLIION HOLDINGS CORP,-0.005688454860490814
2021-05-01,18453,LAZR,LUMINAR TECHNOLOGIES INC,-0.0034855025829448093
2021-05-01,19542,ALXO,ALX ONCOLOGY HOLDINGS INC,-0.004325383130045029
2021-05-01,16966,SWCH,SWITCH INC,-0.019270113625899227
2021-05-01,88518,APPS,DIGITAL TURBINE INC,-0.007224789931068154
2021-05-01,40125,DXC,D X C TECHNOLOGY CO,-0.01290147706086244
2021-05-01,91611,FSLR,FIRST SOLAR INC,-0.007305237205654934
2021-05-01,90978,SPWR,SUNPOWER CORP,-0.007018181021402718
2021-05-01,18915,CRNC,CERENCE INC,-0.0076893672178546145
2021-05-01,19388,DNMR,DANIMER SCIENTIFIC INC,-0.00440870844283284
2021-05-01,13918,ARCT,ARCTURUS THERAPEUTICS HLDNGS INC,-0.006609704801622146
2021-05-01,80169,AGM,FEDERAL AGRICULTURAL MORT CORP,-0.019270113625899227
2021-05-01,17478,SPGI,S & P GLOBAL INC,-0.019270113625899227
2021-05-01,16964,SPCE,VIRGIN GALACTIC HOLDINGS INC,-0.005721322512090288
2021-05-01,91437,FRHC,FREEDOM HOLDING CORP,-0.00887212851241561
2021-05-01,18835,DKNG,DRAFTKINGS INC,-0.009577134304589879
2021-05-01,91926,DAL,DELTA AIR LINES INC,-0.0133475218531234
2021-05-01,87337,PLUG,PLUG POWER INC,-0.005614546119833131
2021-05-01,77699,FCEL,FUELCELL ENERGY INC,-0.004884610927632789
2021-05-01,19576,RXT,RACKSPACE TECHNOLOGY INC,-0.012618232498429222
2021-05-01,58683,LUV,SOUTHWEST AIRLINES CO,-0.01706546526850219
2021-05-01,15643,RUN,SUNRUN INC,-0.005668171885815662
2021-05-01,14432,ITCI,INTRA CELLULAR THERAPIES INC,-0.00887108113964338
2021-05-01,16712,VERI,VERITONE INC,-0.005665684996150879
2021-05-01,82670,TGTX,T G THERAPEUTICS INC,-0.00853910002575562
2021-05-01,15831,AXSM,AXSOME THERAPEUTICS INC,-0.007050478268645203
2021-05-01,18361,PAYA,PAYA HOLDINGS INC,-0.014025962805770602
2021-05-01,17045,ACMR,A C M RESEARCH INC,-0.006283958140094045
2021-05-01,19032,VIR,VIR BIOTECHNOLOGY INC,-0.009489485685189744
2021-05-01,18184,FSR,FISKER INC,-0.005061922018110542
2021-05-01,19196,PRCH,PORCH GROUP INC,-0.006116027318336944
2021-05-01,77114,WRLD,WORLD ACCEPTANCE CORP,-0.015123768159656206
2021-05-01,60186,OMI,OWENS & MINOR INC NEW,-0.011455356515744041
2021-05-01,14960,ENVA,ENOVA INTERNATIONAL INC,-0.012437239833538213
2021-05-01,16277,DFIN,DONNELLEY FINANCIAL SOL INC,-0.012726386302433175
2021-05-01,16924,DCPH,DECIPHERA PHARMACEUTICALS INC,-0.009776328508722953
2021-05-01,21020,AAL,AMERICAN AIRLINES GROUP INC,-0.010140111408350992
2021-05-01,15914,WKHS,WORKHORSE GROUP INC,-0.0053375811551782375
2021-05-01,89964,NNI,NELNET INC,-0.019270113625899227
2021-05-01,89002,ADS,ALLIANCE DATA SYSTEMS CORP,-0.00826546247673322
2021-05-01,10517,PRG,PROG HOLDINGS INC,-0.009944800946461307
2021-05-01,84734,FBC,FLAGSTAR BANCORP INC,-0.012817263363377171
2021-05-01,18659,SFT,SHIFT TECHNOLOGIES INC,-0.007216506145339198
2021-05-01,16068,RETA,REATA PHARMACEUTICALS INC,-0.0066619747868486585
2021-05-01,19331,MPLN,MULTIPLAN CORP,-0.008062546521453938
2021-05-01,10696,FISV,FISERV INC,-0.019270113625899227
2021-05-01,18484,ZM,ZOOM VIDEO COMMUNICATIONS INC,-0.01120190347616037
2021-05-01,18552,RIDE,LORDSTOWN MOTORS CORP,-0.005716880665725844
2021-05-01,13323,ENPH,ENPHASE ENERGY INC,-0.005298267078171229
2021-05-01,16816,BHF,BRIGHTHOUSE FINANCIAL INC,-0.015539683444127452
2021-05-01,84348,VSAT,VIASAT INC,-0.010372650117847208
2021-05-01,21207,NEM,NEWMONT CORP,-0.014774543815961372
2021-05-01,19788,PLTR,PALANTIR TECHNOLOGIES INC,-0.008044301672601136
2021-05-01,17688,GSHD,GOOSEHEAD INSURANCE INC,-0.006479369917380607
2021-05-01,18937,CHPT,CHARGEPOINT HOLDINGS INC,-0.0039931916268395795
2021-05-01,48506,MCO,MOODYS CORP,-0.019270113625899227
2021-05-01,18558,GOEV,CANOO INC,-0.0044554179659519084
2021-05-01,19224,AEVA,AEVA TECHNOLOGIES INC,-0.0055474536569936755
2021-05-01,19357,SLQT,SELECTQUOTE INC,-0.008377795179025463
2021-05-01,20415,JEF,JEFFERIES FINANCIAL GROUP INC,-0.01630710190757405
2021-06-01,91186,VNDA,VANDA PHARMACEUTICALS INC,0.009759602681434313
2021-06-01,13316,VCRA,VOCERA COMMUNICATIONS INC,0.010827762021380584
2021-06-01,88319,VC,VISTEON CORP,0.006510697903601536
2021-06-01,90125,CORT,CORCEPT THERAPEUTICS INC,0.011066134162179138
2021-06-01,41187,HE,HAWAIIAN ELECTRIC INDUSTRIES INC,0.014063184060156898
2021-06-01,85889,SRDX,SURMODICS INC,0.009518417373140011
2021-06-01,91365,CSII,CARDIOVASCULAR SYSTEMS INC DEL,0.007712998410715593
2021-06-01,78756,OFIX,ORTHOFIX MEDICAL INC,0.011084870675012905
2021-06-01,90436,HALO,HALOZYME THERAPEUTICS INC,0.01010504890063415
2021-06-01,85724,PRDO,PERDOCEO EDUCATION CORP,0.013220840347215627
2021-06-01,13625,SSTK,SHUTTERSTOCK INC,0.008883038939269682
2021-06-01,15046,NVRO,NEVRO CORP,0.012501708867616123
2021-06-01,92221,MELI,MERCADOLIBRE INC,0.007312282886588373
2021-06-01,79248,THRM,GENTHERM INC,0.010906649476016633
2021-06-01,13318,YELP,YELP INC,0.009698227101046496
2021-06-01,14495,ATEN,A10 NETWORKS INC,0.015250759497087506
2021-06-01,85440,SRI,STONERIDGE INC,0.008324007822452144
2021-06-01,54148,PHM,PULTE GROUP INC,0.007972979012548552
2021-06-01,79906,INCY,INCYTE CORP,0.012608837014087559
2021-06-01,38659,GNTX,GENTEX CORP,0.014271686230196385
2021-06-01,83738,CASS,CASS INFORMATION SYSTEMS INC,0.017841590154838615
2021-06-01,12583,PCRX,PACIRA BIOSCIENCES INC,0.009396581301623613
2021-06-01,79491,WINA,WINMARK CORP,0.009603305010503146
2021-06-01,93264,IRWD,IRONWOOD PHARMACEUTICALS INC,0.009934148467939786
2021-06-01,14213,MMI,MARCUS & MILLICHAP INC,0.015638306863363673
2021-06-01,91503,LMAT,LEMAITRE VASCULAR INC,0.013116555835977393
2021-06-01,88352,ISRG,INTUITIVE SURGICAL INC,0.013448123478049452
2021-06-01,48347,LZB,LA Z BOY INC,0.009451766517466596
2021-06-01,53074,MLAB,MESA LABORATORIES INC,0.017923557987544976
2021-06-01,64961,NXGN,NEXTGEN HEALTHCARE INC,0.005762021753880003
2021-06-01,89179,ANTM,ANTHEM INC,0.017923557987544976
2021-06-01,89781,MOH,MOLINA HEALTHCARE INC,0.013637455079290234
2021-06-01,85002,SRPT,SAREPTA THERAPEUTICS INC,0.00574172204963237
2021-06-01,64785,AGX,ARGAN INC,0.011014989397834957
2021-06-01,24459,PBI,PITNEY BOWES INC,0.006466547459920285
2021-06-01,84010,USNA,USANA HEALTH SCIENCES INC,0.012152995941199283
2021-06-01,14325,TNDM,TANDEM DIABETES CARE INC,0.008878885516547277
2021-06-01,78915,UEIC,UNIVERSAL ELECTRONICS INC,0.00574172204963237
2021-06-01,88504,BRKR,BRUKER CORP,0.01371791789719164
2021-06-01,85914,BBY,BEST BUY COMPANY INC,0.009376073642434144
2021-06-01,18808,PHR,PHREESIA INC,0.006479095627560237
2021-06-01,45306,IDCC,INTERDIGITAL INC,0.008899041123827908
2021-06-01,14521,TNET,TRINET GROUP INC,0.01166501726403102
2021-06-01,88159,EXEL,EXELIXIS INC,0.0066962850620878485
2021-06-01,90319,GOOGL,ALPHABET INC,0.013520833393860962
2021-06-01,88167,HSTM,HEALTHSTREAM INC,0.011871742161550231
2021-06-01,30681,OMC,OMNICOM GROUP INC,0.017923557987544976
2021-06-01,75828,EA,ELECTRONIC ARTS INC,0.01594590139360502
2021-06-01,84761,TTWO,TAKE TWO INTERACTIVE SOFTWR INC,0.00952087948636439
2021-06-01,84656,ALV,AUTOLIV INC,0.010288283037043577
2021-06-01,13169,ZNGA,ZYNGA INC,0.007393724532302761
2021-06-01,13407,FB,FACEBOOK INC,0.011562520027733794
2021-06-01,11884,IPAR,INTERMEDIATE PARFUMS INC,0.011518729983227097
2021-06-01,92143,PRO,P R O S HOLDINGS INC,0.007809608767094593
2021-06-01,18011,SONO,SONOS INC,0.00574172204963237
2021-06-01,14547,PCTY,PAYLOCITY HOLDING CORP,0.009183659224122067
2021-06-01,76744,VRTX,VERTEX PHARMACEUTICALS INC,0.017923557987544976
2021-06-01,13410,SUPN,SUPERNUS PHARMACEUTICALS INC,0.011110823099585287
2021-06-01,13543,GMED,GLOBUS MEDICAL INC,0.012005591617853474
2021-06-01,52708,LEN,LENNAR CORP,0.00845667269972491
2021-06-01,14359,XNCR,XENCOR INC,0.007702064371552083
2021-06-01,76392,MMSI,MERIT MEDICAL SYSTEMS INC,0.011649718610784707
2021-06-01,75233,VGR,VECTOR GROUP LTD,0.00871911626324856
2021-06-01,12493,QADA,QAD INC,0.01012564519720791
2021-06-01,87078,MDRX,ALLSCRIPTS HEALTHCARE SOLNS INC,0.00931445542247611
2021-06-01,87432,A,AGILENT TECHNOLOGIES INC,0.015228147073153453
2021-06-01,51625,SCI,SERVICE CORP INTERNATIONAL,0.010755359510365511
2021-06-01,91463,CVLT,COMMVAULT SYSTEMS INC,0.008178212433225236
2021-06-01,90664,DXCM,DEXCOM INC,0.008077632654575895
2021-06-01,11775,JOUT,JOHNSON OUTDOORS INC,0.007362278898096141
2021-06-01,84385,NSP,INSPERITY INC,0.009863893013672657
2021-06-01,81116,VECO,VEECO INSTRUMENTS INC DEL,0.010565856873158596
2021-06-01,76128,VICR,VICOR CORP,0.006867282681027687
2021-06-01,79678,ATVI,ACTIVISION BLIZZARD INC,0.012083330477048659
2021-06-01,14688,AMPH,AMPHASTAR PHARMACEUTICALS INC,0.012153323345770947
2021-06-01,65365,MYE,MYERS INDUSTRIES INC,0.016019136386474415
2021-06-01,72304,STAA,STAAR SURGICAL CO,0.00574172204963237
2021-06-01,10909,CERN,CERNER CORP,0.017923557987544976
2021-06-01,15729,PSTG,PURE STORAGE INC,0.008312598797760898
2021-06-01,89828,UVSP,UNIVEST FINANCIAL CORP,0.00976363261734724
2021-06-01,48653,HUM,HUMANA INC,0.016555503180149873
2021-06-01,84413,CERS,CERUS CORP,0.006777872220652851
2021-06-01,43481,SXI,STANDEX INTERNATIONAL CORP,0.009451160487805583
2021-06-01,14231,VEEV,VEEVA SYSTEMS INC,0.00632010634903776
2021-06-01,92635,NX,QUANEX BUILDING PRODUCTS CORP,0.008630374956497829
2021-06-01,17944,TENB,TENABLE HOLDINGS INC,0.010249077663755267
2021-06-01,87006,UTHR,UNITED THERAPEUTICS CORP,0.011566254092647207
2021-06-01,16967,CARG,CARGURUS INC,0.00574172204963237
2021-06-01,79150,ANIK,ANIKA THERAPEUTICS INC,0.010746178067014297
2021-06-01,63125,AGYS,AGILYSYS INC,0.007373756792757071
2021-06-01,19200,SDGR,SCHRODINGER INC,0.006511413571604634
2021-06-01,12266,CDMO,AVID BIOSERVICES INC,0.008416703517598628
2021-06-01,88988,IDT,I D T CORP,0.006545716691186357
2021-06-01,75107,ABMD,ABIOMED INC,0.01019800691237501
2021-06-01,83799,STRA,STRATEGIC EDUCATION INC,0.010585382947011397
2021-06-01,89792,CVCO,CAVCO INDUSTRIES INC DEL,0.007547601196977307
2021-06-01,47466,NYT,NEW YORK TIMES CO,0.009783326550734528
2021-06-01,15108,NEWR,NEW RELIC INC,0.009934856797736735
2021-06-01,88860,ALGN,ALIGN TECHNOLOGY INC,0.0077126231584250015
2021-06-01,75285,MAN,MANPOWERGROUP,0.014561749448975612
2021-06-01,19312,UWMC,U W M HOLDINGS CORP,-0.007247975120530132
2021-06-01,19788,PLTR,PALANTIR TECHNOLOGIES INC,-0.006830558328429223
2021-06-01,17036,CNNE,CANNAE HOLDINGS INC,-0.01586964448929839
2021-06-01,18852,BTRS,B T R S HOLDINGS INC,-0.008770978103193112
2021-06-01,17907,NKLA,NIKOLA CORP,-0.004470419466365407
2021-06-01,13908,PFSI,PENNYMAC FINANCIAL SVCS INC NEW,-0.01570962095622391
2021-06-01,18580,FSLY,FASTLY INC,-0.004031355858327019
2021-06-01,19599,QS,QUANTUMSCAPE CORP,-0.005536447888074731
2021-06-01,19500,GOCO,GOHEALTH INC,-0.014308070875928107
2021-06-01,19058,SI,SILVERGATE CAPITAL CORP,-0.005496755925975859
2021-06-01,19577,RKT,ROCKET COMPANIES INC,-0.006619725683560451
2021-06-01,14414,SC,SANTANDER CONSUMER USA HLDGS INC,-0.017275818558951328
2021-06-01,18937,CHPT,CHARGEPOINT HOLDINGS INC,-0.006798578083762059
2021-06-01,17688,GSHD,GOOSEHEAD INSURANCE INC,-0.00815219699246272
2021-06-01,17367,LPRO,OPEN LENDING CORP,-0.011901067377656152
2021-06-01,19497,LMND,LEMONADE INC,-0.004368706923312997
2021-06-01,18162,VLDR,VELODYNE LIDAR INC,-0.005739451734425034
2021-06-01,19224,AEVA,AEVA TECHNOLOGIES INC,-0.005652294744346988
2021-06-01,15302,VIRT,VIRTU FINANCIAL INC,-0.018902976961805405
2021-06-01,92775,TREE,LENDINGTREE INC,-0.007797954579147562
2021-06-01,15540,RILY,B RILEY FINANCIAL INC,-0.008576439040912556
2021-06-01,19416,EOSE,EOS ENERGY ENTERPRISES INC,-0.004477046680290209
2021-06-01,18533,RMO,ROMEO POWER INC,-0.00701735370079703
2021-06-01,13919,AMBC,AMBAC FINANCIAL GROUP INC,-0.010617711749071102
2021-06-01,12477,WD,WALKER & DUNLOP INC,-0.009238190583248639
2021-06-01,91498,EHTH,EHEALTH INC,-0.010742693548154509
2021-06-01,57913,VXRT,VAXART INC,-0.003707964052455731
2021-06-01,76856,FCFS,FIRSTCASH INC,-0.018060329461113526
2021-06-01,19606,NUVB,NUVATION BIO INC,-0.007828692328736765
2021-06-01,15092,LC,LENDINGCLUB CORP,-0.006819863851330132
2021-06-01,14601,NAVI,NAVIENT CORP,-0.01687134889166934
2021-06-01,18361,PAYA,PAYA HOLDINGS INC,-0.012419233473041816
2021-06-01,81593,COOP,MR COOPER GROUP INC,-0.016563112866028212
2021-06-01,14813,MARA,MARATHON DIGITAL HOLDINGS INC,-0.003803357338624076
2021-06-01,16964,SPCE,VIRGIN GALACTIC HOLDINGS INC,-0.003707964052455731
2021-06-01,19357,SLQT,SELECTQUOTE INC,-0.006646189810377813
2021-06-01,80169,AGM,FEDERAL AGRICULTURAL MORT CORP,-0.01024572511758933
2021-06-01,89301,GME,GAMESTOP CORP NEW,-0.0037105669119929297
2021-06-01,48506,MCO,MOODYS CORP,-0.01908997688764416
2021-06-01,18719,DM,DESKTOP METAL INC,-0.0058726292437021295
2021-06-01,18480,TW,TRADEWEB MARKETS INC,-0.016817101956144945
2021-06-01,92213,RIOT,RIOT BLOCKCHAIN INC,-0.003707964052455731
2021-06-01,88518,APPS,DIGITAL TURBINE INC,-0.006591172105998376
2021-06-01,18539,HYLN,HYLIION HOLDINGS CORP,-0.006015661772740353
2021-06-01,86544,BCOR,BLUCORA INC,-0.016097165748682717
2021-06-01,86211,MSTR,MICROSTRATEGY INC,-0.006469236323148356
2021-06-01,18453,LAZR,LUMINAR TECHNOLOGIES INC,-0.005308343016897252
2021-06-01,19331,MPLN,MULTIPLAN CORP,-0.005571017838588405
2021-06-01,16966,SWCH,SWITCH INC,-0.01908997688764416
2021-06-01,18835,DKNG,DRAFTKINGS INC,-0.007004762380326829
2021-06-01,18312,MRNA,MODERNA INC,-0.008072332247051497
2021-06-01,18558,GOEV,CANOO INC,-0.006112154303790207
2021-06-01,90978,SPWR,SUNPOWER CORP,-0.007666437418450617
2021-06-01,83885,MVIS,MICROVISION INC WA,-0.004409912169725054
2021-06-01,19542,ALXO,ALX ONCOLOGY HOLDINGS INC,-0.008286416148941936
2021-06-01,91926,DAL,DELTA AIR LINES INC,-0.01366007570920952
2021-06-01,20415,JEF,JEFFERIES FINANCIAL GROUP INC,-0.015082126139892483
2021-06-01,19576,RXT,RACKSPACE TECHNOLOGY INC,-0.0057278508463853815
2021-06-01,77660,CACC,CREDIT ACCEPTANCE CORP,-0.01908997688764416
2021-06-01,58683,LUV,SOUTHWEST AIRLINES CO,-0.017334617509534803
2021-06-01,19388,DNMR,DANIMER SCIENTIFIC INC,-0.0043647132967581685
2021-06-01,82779,NVAX,NOVAVAX INC,-0.004578214913817814
2021-06-01,91611,FSLR,FIRST SOLAR INC,-0.014067666058486203
2021-06-01,15831,AXSM,AXSOME THERAPEUTICS INC,-0.008990029251662923
2021-06-01,14432,ITCI,INTRA CELLULAR THERAPIES INC,-0.010862228122521873
2021-06-01,40125,DXC,D X C TECHNOLOGY CO,-0.014779873655062297
2021-06-01,17478,SPGI,S & P GLOBAL INC,-0.01908997688764416
2021-06-01,82670,TGTX,T G THERAPEUTICS INC,-0.01041114974938142
2021-06-01,13918,ARCT,ARCTURUS THERAPEUTICS HLDNGS INC,-0.005936492329821792
2021-06-01,87337,PLUG,PLUG POWER INC,-0.0042672436337853736
2021-06-01,19196,PRCH,PORCH GROUP INC,-0.005339052522636843
2021-06-01,89964,NNI,NELNET INC,-0.01908997688764416
2021-06-01,60186,OMI,OWENS & MINOR INC NEW,-0.003707964052455731
2021-06-01,21020,AAL,AMERICAN AIRLINES GROUP INC,-0.012683502786254255
2021-06-01,77699,FCEL,FUELCELL ENERGY INC,-0.0050051766940684885
2021-06-01,15643,RUN,SUNRUN INC,-0.005511143670500068
2021-06-01,19605,OSH,OAK STREET HEALTH INC,-0.00826348683632873
2021-06-01,17045,ACMR,A C M RESEARCH INC,-0.006930393339927107
2021-06-01,16277,DFIN,DONNELLEY FINANCIAL SOL INC,-0.006857594016868698
2021-06-01,18184,FSR,FISKER INC,-0.006527962375505301
2021-06-01,77114,WRLD,WORLD ACCEPTANCE CORP,-0.013499543263629607
2021-06-01,89002,ADS,ALLIANCE DATA SYSTEMS CORP,-0.011799960746616493
2021-06-01,16924,DCPH,DECIPHERA PHARMACEUTICALS INC,-0.007339428126074137
2021-06-01,15914,WKHS,WORKHORSE GROUP INC,-0.004570087898979198
2021-06-01,14960,ENVA,ENOVA INTERNATIONAL INC,-0.012297209556053908
2021-06-01,19032,VIR,VIR BIOTECHNOLOGY INC,-0.007345003092426231
2021-06-01,84734,FBC,FLAGSTAR BANCORP INC,-0.01832306187463188
2021-06-01,18915,CRNC,CERENCE INC,-0.011114444305676093
2021-06-01,21207,NEM,NEWMONT CORP,-0.01888605118707777
2021-06-01,16068,RETA,REATA PHARMACEUTICALS INC,-0.004239052199371098
2021-06-01,91437,FRHC,FREEDOM HOLDING CORP,-0.013044895324382532
2021-06-01,13323,ENPH,ENPHASE ENERGY INC,-0.00805649876617409
2021-06-01,18552,RIDE,LORDSTOWN MOTORS CORP,-0.003707964052455731
2021-06-01,17787,EQH,EQUITABLE HOLDINGS INC,-0.017063519291530223
2021-06-01,19893,FUBO,FUBOTV INC,-0.004675953664558298
2021-06-01,16140,TWLO,TWILIO INC,-0.00773800173670294
2021-06-01,92108,BX,BLACKSTONE GROUP INC,-0.01908997688764416
2021-06-01,19071,BLDE,BLADE AIR MOBILITY INC,-0.005282286141760629
2021-06-01,14617,ARES,ARES MANAGEMENT CORP,-0.016072063326502326
2021-06-01,19404,FOUR,SHIFT4 PAYMENTS INC,-0.007478712154564112
2021-07-01,19200,SDGR,SCHRODINGER INC,0.009254139761050117
2021-07-01,13316,VCRA,VOCERA COMMUNICATIONS INC,0.012575225394372122
2021-07-01,88319,VC,VISTEON CORP,0.007074275710753065
2021-07-01,91186,VNDA,VANDA PHARMACEUTICALS INC,0.007468944233689681
2021-07-01,85724,PRDO,PERDOCEO EDUCATION CORP,0.010753862961899887
2021-07-01,85889,SRDX,SURMODICS INC,0.012954690933884409
2021-07-01,93264,IRWD,IRONWOOD PHARMACEUTICALS INC,0.006979375893138269
2021-07-01,79248,THRM,GENTHERM INC,0.009686307075084383
2021-07-01,91365,CSII,CARDIOVASCULAR SYSTEMS INC DEL,0.012274048279577877
2021-07-01,90125,CORT,CORCEPT THERAPEUTICS INC,0.008855292709574521
2021-07-01,78756,OFIX,ORTHOFIX MEDICAL INC,0.009582872643708835
2021-07-01,41187,HE,HAWAIIAN ELECTRIC INDUSTRIES INC,0.012009881343954414
2021-07-01,52708,LEN,LENNAR CORP,0.009691289963206989
2021-07-01,13625,SSTK,SHUTTERSTOCK INC,0.00913984249995255
2021-07-01,63125,AGYS,AGILYSYS INC,0.007555334294615143
2021-07-01,92221,MELI,MERCADOLIBRE INC,0.010159980773524908
2021-07-01,89792,CVCO,CAVCO INDUSTRIES INC DEL,0.01142826385286201
2021-07-01,79906,INCY,INCYTE CORP,0.010580612866237085
2021-07-01,12266,CDMO,AVID BIOSERVICES INC,0.006159654957179395
2021-07-01,89179,ANTM,ANTHEM INC,0.017738389591412603
2021-07-01,88352,ISRG,INTUITIVE SURGICAL INC,0.017706399938205605
2021-07-01,54148,PHM,PULTE GROUP INC,0.011777753635744573
2021-07-01,75107,ABMD,ABIOMED INC,0.011782457797507943
2021-07-01,14495,ATEN,A10 NETWORKS INC,0.007922918683134925
2021-07-01,89781,MOH,MOLINA HEALTHCARE INC,0.009371041274360935
2021-07-01,85440,SRI,STONERIDGE INC,0.006870542215557187
2021-07-01,14325,TNDM,TANDEM DIABETES CARE INC,0.010484982115361
2021-07-01,88504,BRKR,BRUKER CORP,0.012855229002412125
2021-07-01,12583,PCRX,PACIRA BIOSCIENCES INC,0.008935252099164155
2021-07-01,79491,WINA,WINMARK CORP,0.010511027504239686
2021-07-01,83799,STRA,STRATEGIC EDUCATION INC,0.007225375127730694
2021-07-01,91503,LMAT,LEMAITRE VASCULAR INC,0.009935272350565271
2021-07-01,64961,NXGN,NEXTGEN HEALTHCARE INC,0.0082363282188591
2021-07-01,85002,SRPT,SAREPTA THERAPEUTICS INC,0.005992312488193017
2021-07-01,18011,SONO,SONOS INC,0.007972879663314322
2021-07-01,15046,NVRO,NEVRO CORP,0.006606567748470556
2021-07-01,88167,HSTM,HEALTHSTREAM INC,0.01153042348765839
2021-07-01,38659,GNTX,GENTEX CORP,0.012213019334033542
2021-07-01,53074,MLAB,MESA LABORATORIES INC,0.011148851833899034
2021-07-01,84010,USNA,USANA HEALTH SCIENCES INC,0.017738389591412603
2021-07-01,84761,TTWO,TAKE TWO INTERACTIVE SOFTWR INC,0.00874765081211523
2021-07-01,30681,OMC,OMNICOM GROUP INC,0.011516802497920314
2021-07-01,72304,STAA,STAAR SURGICAL CO,0.008884977621703555
2021-07-01,13318,YELP,YELP INC,0.006205746546196968
2021-07-01,90436,HALO,HALOZYME THERAPEUTICS INC,0.006562914995800552
2021-07-01,14521,TNET,TRINET GROUP INC,0.011503872477779828
2021-07-01,15108,NEWR,NEW RELIC INC,0.009431929015429334
2021-07-01,45306,IDCC,INTERDIGITAL INC,0.012353424462643108
2021-07-01,48347,LZB,LA Z BOY INC,0.005984507884104424
2021-07-01,92143,PRO,P R O S HOLDINGS INC,0.00911732644079917
2021-07-01,85914,BBY,BEST BUY COMPANY INC,0.01059152647074818
2021-07-01,88860,ALGN,ALIGN TECHNOLOGY INC,0.009572696252601046
2021-07-01,75285,MAN,MANPOWERGROUP,0.01018059030781684
2021-07-01,14213,MMI,MARCUS & MILLICHAP INC,0.014360554488170151
2021-07-01,75828,EA,ELECTRONIC ARTS INC,0.013317438561839161
2021-07-01,47466,NYT,NEW YORK TIMES CO,0.010338899287315507
2021-07-01,90319,GOOGL,ALPHABET INC,0.017738389591412603
2021-07-01,15729,PSTG,PURE STORAGE INC,0.009904833814377217
2021-07-01,76392,MMSI,MERIT MEDICAL SYSTEMS INC,0.012605939334729725
2021-07-01,13543,GMED,GLOBUS MEDICAL INC,0.009993037860578159
2021-07-01,84656,ALV,AUTOLIV INC,0.011293752108546938
2021-07-01,11884,IPAR,INTERMEDIATE PARFUMS INC,0.014522249412144663
2021-07-01,84413,CERS,CERUS CORP,0.0074894493127021676
2021-07-01,76744,VRTX,VERTEX PHARMACEUTICALS INC,0.006187169873560228
2021-07-01,90664,DXCM,DEXCOM INC,0.014998260307504573
2021-07-01,13410,SUPN,SUPERNUS PHARMACEUTICALS INC,0.00878810300210022
2021-07-01,13407,FB,FACEBOOK INC,0.011389558956106856
2021-07-01,87432,A,AGILENT TECHNOLOGIES INC,0.017738389591412603
2021-07-01,14547,PCTY,PAYLOCITY HOLDING CORP,0.009205751817364582
2021-07-01,84385,NSP,INSPERITY INC,0.01069541526949115
2021-07-01,65365,MYE,MYERS INDUSTRIES INC,0.01619997656865172
2021-07-01,14688,AMPH,AMPHASTAR PHARMACEUTICALS INC,0.01188739416460419
2021-07-01,13169,ZNGA,ZYNGA INC,0.010915603603975775
2021-07-01,79678,ATVI,ACTIVISION BLIZZARD INC,0.011515438115792342
2021-07-01,87078,MDRX,ALLSCRIPTS HEALTHCARE SOLNS INC,0.01386536247851175
2021-07-01,91463,CVLT,COMMVAULT SYSTEMS INC,0.011157864535361996
2021-07-01,11775,JOUT,JOHNSON OUTDOORS INC,0.013332031003005325
2021-07-01,14359,XNCR,XENCOR INC,0.009276437810432582
2021-07-01,89828,UVSP,UNIVEST FINANCIAL CORP,0.008843469578670075
2021-07-01,81116,VECO,VEECO INSTRUMENTS INC DEL,0.009617783689055666
2021-07-01,76128,VICR,VICOR CORP,0.008241091235829801
2021-07-01,64785,AGX,ARGAN INC,0.014772789214398677
2021-07-01,48653,HUM,HUMANA INC,0.013961073251808507
2021-07-01,14231,VEEV,VEEVA SYSTEMS INC,0.011976987833023986
2021-07-01,10909,CERN,CERNER CORP,0.017738389591412603
2021-07-01,88159,EXEL,EXELIXIS INC,0.005984507884104424
2021-07-01,18808,PHR,PHREESIA INC,0.005984507884104424
2021-07-01,43481,SXI,STANDEX INTERNATIONAL CORP,0.010960708352801385
2021-07-01,12493,QADA,QAD INC,0.005984507884104424
2021-07-01,92635,NX,QUANEX BUILDING PRODUCTS CORP,0.00835265871544472
2021-07-01,17944,TENB,TENABLE HOLDINGS INC,0.009638846416302815
2021-07-01,91733,AVAV,AEROVIRONMENT INC,0.007086392866618325
2021-07-01,90971,IRBT,IROBOT CORP,0.006343119230141697
2021-07-01,90177,ACAD,ACADIA PHARMACEUTICALS,0.005984507884104424
2021-07-01,16543,VREX,VAREX IMAGING CORP,0.007661510748368706
2021-07-01,11587,ATRI,ATRION CORP,0.010352597048513426
2021-07-01,83534,NBIX,NEUROCRINE BIOSCIENCES INC,0.012474180557681432
2021-07-01,11992,TCF,T C F FINANCIAL CORP NEW,0.010555617871881237
2021-07-01,86827,HSII,HEIDRICK & STRUGGLES INTL INC,0.011400184700852021
2021-07-01,17876,DOMO,DOMO INC,0.00845016265267436
2021-07-01,19312,UWMC,U W M HOLDINGS CORP,-0.007456336151013678
2021-07-01,19788,PLTR,PALANTIR TECHNOLOGIES INC,-0.011690717507241303
2021-07-01,19224,AEVA,AEVA TECHNOLOGIES INC,-0.0050005710270711635
2021-07-01,18852,BTRS,B T R S HOLDINGS INC,-0.008540452451401762
2021-07-01,17036,CNNE,CANNAE HOLDINGS INC,-0.019190476568064985
2021-07-01,13908,PFSI,PENNYMAC FINANCIAL SVCS INC NEW,-0.015927407029273984
2021-07-01,19497,LMND,LEMONADE INC,-0.006985531267286531
2021-07-01,17688,GSHD,GOOSEHEAD INSURANCE INC,-0.0070396359670243745
2021-07-01,19599,QS,QUANTUMSCAPE CORP,-0.0059349215847083305
2021-07-01,17907,NKLA,NIKOLA CORP,-0.003963568574194187
2021-07-01,18580,FSLY,FASTLY INC,-0.006952782817491333
2021-07-01,14617,ARES,ARES MANAGEMENT CORP,-0.019190476568064985
2021-07-01,14414,SC,SANTANDER CONSUMER USA HLDGS INC,-0.013117615250343358
2021-07-01,18162,VLDR,VELODYNE LIDAR INC,-0.004561348117553113
2021-07-01,19577,RKT,ROCKET COMPANIES INC,-0.006309440383816051
2021-07-01,19058,SI,SILVERGATE CAPITAL CORP,-0.005789358425693848
2021-07-01,15540,RILY,B RILEY FINANCIAL INC,-0.009541061322714714
2021-07-01,18937,CHPT,CHARGEPOINT HOLDINGS INC,-0.00627511169311407
2021-07-01,92775,TREE,LENDINGTREE INC,-0.011093627573032123
2021-07-01,15302,VIRT,VIRTU FINANCIAL INC,-0.011693824552500839
2021-07-01,19357,SLQT,SELECTQUOTE INC,-0.00804129410804197
2021-07-01,17787,EQH,EQUITABLE HOLDINGS INC,-0.012753187080421328
2021-07-01,92108,BX,BLACKSTONE GROUP INC,-0.019190476568064985
2021-07-01,19500,GOCO,GOHEALTH INC,-0.014935297950278278
2021-07-01,16964,SPCE,VIRGIN GALACTIC HOLDINGS INC,-0.003694816536686738
2021-07-01,57913,VXRT,VAXART INC,-0.003694816536686738
2021-07-01,81593,COOP,MR COOPER GROUP INC,-0.016987696023283625
2021-07-01,19416,EOSE,EOS ENERGY ENTERPRISES INC,-0.005040852187361403
2021-07-01,13919,AMBC,AMBAC FINANCIAL GROUP INC,-0.01720459373783698
2021-07-01,18533,RMO,ROMEO POWER INC,-0.006661499187525758
2021-07-01,58683,LUV,SOUTHWEST AIRLINES CO,-0.019190476568064985
2021-07-01,89301,GME,GAMESTOP CORP NEW,-0.003694816536686738
2021-07-01,18361,PAYA,PAYA HOLDINGS INC,-0.011490408609327856
2021-07-01,16140,TWLO,TWILIO INC,-0.008818519374563181
2021-07-01,19606,NUVB,NUVATION BIO INC,-0.0057770304343425114
2021-07-01,14813,MARA,MARATHON DIGITAL HOLDINGS INC,-0.00512815495129037
2021-07-01,14601,NAVI,NAVIENT CORP,-0.011527682885493062
2021-07-01,80169,AGM,FEDERAL AGRICULTURAL MORT CORP,-0.01355176944945454
2021-07-01,91498,EHTH,EHEALTH INC,-0.014036057846427476
2021-07-01,91926,DAL,DELTA AIR LINES INC,-0.018654015938436855
2021-07-01,12477,WD,WALKER & DUNLOP INC,-0.016146076506433387
2021-07-01,76856,FCFS,FIRSTCASH INC,-0.01679068271280669
2021-07-01,20415,JEF,JEFFERIES FINANCIAL GROUP INC,-0.010229683428908246
2021-07-01,92213,RIOT,RIOT BLOCKCHAIN INC,-0.004609351615337635
2021-07-01,86211,MSTR,MICROSTRATEGY INC,-0.0039735539119578455
2021-07-01,18480,TW,TRADEWEB MARKETS INC,-0.01881223386028939
2021-07-01,48506,MCO,MOODYS CORP,-0.019190476568064985
2021-07-01,18558,GOEV,CANOO INC,-0.0036968900093473497
2021-07-01,88518,APPS,DIGITAL TURBINE INC,-0.007233651673266662
2021-07-01,16966,SWCH,SWITCH INC,-0.018074843929719163
2021-07-01,18453,LAZR,LUMINAR TECHNOLOGIES INC,-0.005620475272461334
2021-07-01,18835,DKNG,DRAFTKINGS INC,-0.009727545943960924
2021-07-01,90978,SPWR,SUNPOWER CORP,-0.004857281581471156
2021-07-01,15092,LC,LENDINGCLUB CORP,-0.008319328997452073
2021-07-01,19404,FOUR,SHIFT4 PAYMENTS INC,-0.011332823223115487
2021-07-01,77660,CACC,CREDIT ACCEPTANCE CORP,-0.005762493717345701
2021-07-01,21020,AAL,AMERICAN AIRLINES GROUP INC,-0.013201654615410223
2021-07-01,18719,DM,DESKTOP METAL INC,-0.005986737202645088
2021-07-01,19071,BLDE,BLADE AIR MOBILITY INC,-0.00564687665936423
2021-07-01,83885,MVIS,MICROVISION INC WA,-0.003694816536686738
2021-07-01,15831,AXSM,AXSOME THERAPEUTICS INC,-0.008320096730083716
2021-07-01,19331,MPLN,MULTIPLAN CORP,-0.010585520855526333
2021-07-01,91437,FRHC,FREEDOM HOLDING CORP,-0.013994345404762
2021-07-01,19542,ALXO,ALX ONCOLOGY HOLDINGS INC,-0.007755694862040455
2021-07-01,89964,NNI,NELNET INC,-0.017769257084484628
2021-07-01,17367,LPRO,OPEN LENDING CORP,-0.013508350527884978
2021-07-01,18539,HYLN,HYLIION HOLDINGS CORP,-0.0054312424813609895
2021-07-01,14432,ITCI,INTRA CELLULAR THERAPIES INC,-0.009994407732140113
2021-07-01,19893,FUBO,FUBOTV INC,-0.004257043508225454
2021-07-01,82779,NVAX,NOVAVAX INC,-0.00445918544129696
2021-07-01,82670,TGTX,T G THERAPEUTICS INC,-0.01114880545417072
2021-07-01,19576,RXT,RACKSPACE TECHNOLOGY INC,-0.016605619174918592
2021-07-01,19196,PRCH,PORCH GROUP INC,-0.006273168401172749
2021-07-01,89002,ADS,ALLIANCE DATA SYSTEMS CORP,-0.009076945659837455
2021-07-01,77699,FCEL,FUELCELL ENERGY INC,-0.004340556448024032
2021-07-01,60186,OMI,OWENS & MINOR INC NEW,-0.006020541754388154
2021-07-01,91611,FSLR,FIRST SOLAR INC,-0.01010401414931441
2021-07-01,19388,DNMR,DANIMER SCIENTIFIC INC,-0.004838299687210824
2021-07-01,17045,ACMR,A C M RESEARCH INC,-0.005305087478347969
2021-07-01,17478,SPGI,S & P GLOBAL INC,-0.019190476568064985
2021-07-01,87337,PLUG,PLUG POWER INC,-0.005713105728062244
2021-07-01,16277,DFIN,DONNELLEY FINANCIAL SOL INC,-0.009646721942018833
2021-07-01,18312,MRNA,MODERNA INC,-0.0072566095140023795
2021-07-01,15914,WKHS,WORKHORSE GROUP INC,-0.003694816536686738
2021-07-01,18184,FSR,FISKER INC,-0.005129908473710364
2021-07-01,15643,RUN,SUNRUN INC,-0.005313315045117968
2021-07-01,13918,ARCT,ARCTURUS THERAPEUTICS HLDNGS INC,-0.007201171551208409
2021-07-01,16924,DCPH,DECIPHERA PHARMACEUTICALS INC,-0.011127742374022694
2021-07-01,40125,DXC,D X C TECHNOLOGY CO,-0.009802006187273374
2021-07-01,16068,RETA,REATA PHARMACEUTICALS INC,-0.0113670513145358
2021-07-01,19605,OSH,OAK STREET HEALTH INC,-0.01091777698992524
2021-07-01,86544,BCOR,BLUCORA INC,-0.010072784334395134
2021-07-01,19032,VIR,VIR BIOTECHNOLOGY INC,-0.006524371361839485
2021-07-01,77114,WRLD,WORLD ACCEPTANCE CORP,-0.010652179692594676
2021-07-01,84734,FBC,FLAGSTAR BANCORP INC,-0.015105398300240555
2021-07-01,14960,ENVA,ENOVA INTERNATIONAL INC,-0.009692868211984701
2021-07-01,21207,NEM,NEWMONT CORP,-0.014040628184183305
2021-07-01,18915,CRNC,CERENCE INC,-0.00850706970724879
2021-07-01,19862,ROOT,ROOT INC,-0.003797844063941696
2021-07-01,19135,KPLT,KATAPULT HOLDINGS INC,-0.005746594179076935
2021-08-01,19200,SDGR,SCHRODINGER INC,0.006259215115057874
2021-08-01,13316,VCRA,VOCERA COMMUNICATIONS INC,0.012626741271208624
2021-08-01,85724,PRDO,PERDOCEO EDUCATION CORP,0.009338942374927352
2021-08-01,13625,SSTK,SHUTTERSTOCK INC,0.007639071296019716
2021-08-01,12266,CDMO,AVID BIOSERVICES INC,0.007318884830804932
2021-08-01,85889,SRDX,SURMODICS INC,0.01554750512001304
2021-08-01,88167,HSTM,HEALTHSTREAM INC,0.01768697812622251
2021-08-01,93264,IRWD,IRONWOOD PHARMACEUTICALS INC,0.010166895915533625
2021-08-01,90125,CORT,CORCEPT THERAPEUTICS INC,0.009488357835979724
2021-08-01,89792,CVCO,CAVCO INDUSTRIES INC DEL,0.006581219550495113
2021-08-01,88352,ISRG,INTUITIVE SURGICAL INC,0.014289452099302947
2021-08-01,78756,OFIX,ORTHOFIX MEDICAL INC,0.009925506818847305
2021-08-01,75107,ABMD,ABIOMED INC,0.010187628467436101
2021-08-01,91186,VNDA,VANDA PHARMACEUTICALS INC,0.006259215115057874
2021-08-01,18011,SONO,SONOS INC,0.007241676581411165
2021-08-01,41187,HE,HAWAIIAN ELECTRIC INDUSTRIES INC,0.015068792470654409
2021-08-01,13410,SUPN,SUPERNUS PHARMACEUTICALS INC,0.00778485863354404
2021-08-01,52708,LEN,LENNAR CORP,0.007597890328875544
2021-08-01,88319,VC,VISTEON CORP,0.006259215115057874
2021-08-01,79906,INCY,INCYTE CORP,0.01397658538450967
2021-08-01,92221,MELI,MERCADOLIBRE INC,0.00849675979060209
2021-08-01,14359,XNCR,XENCOR INC,0.008302785328335076
2021-08-01,63125,AGYS,AGILYSYS INC,0.006844067407538428
2021-08-01,88504,BRKR,BRUKER CORP,0.01343386374709866
2021-08-01,15046,NVRO,NEVRO CORP,0.009168036982462054
2021-08-01,86827,HSII,HEIDRICK & STRUGGLES INTL INC,0.008171503048889316
2021-08-01,85440,SRI,STONERIDGE INC,0.008216004676104121
2021-08-01,54148,PHM,PULTE GROUP INC,0.007749375230097865
2021-08-01,90177,ACAD,ACADIA PHARMACEUTICALS,0.00657430300915955
2021-08-01,16543,VREX,VAREX IMAGING CORP,0.0106449198716414
2021-08-01,12583,PCRX,PACIRA BIOSCIENCES INC,0.01104920848812489
2021-08-01,89179,ANTM,ANTHEM INC,0.015164610784855037
2021-08-01,84761,TTWO,TAKE TWO INTERACTIVE SOFTWR INC,0.011566456991686585
2021-08-01,89781,MOH,MOLINA HEALTHCARE INC,0.008309195657409393
2021-08-01,91733,AVAV,AEROVIRONMENT INC,0.009651844203072664
2021-08-01,72304,STAA,STAAR SURGICAL CO,0.007147036010004172
2021-08-01,85002,SRPT,SAREPTA THERAPEUTICS INC,0.006738674057812398
2021-08-01,91503,LMAT,LEMAITRE VASCULAR INC,0.007331581682519214
2021-08-01,64961,NXGN,NEXTGEN HEALTHCARE INC,0.011898405241523188
2021-08-01,38659,GNTX,GENTEX CORP,0.01115203581898095
2021-08-01,30681,OMC,OMNICOM GROUP INC,0.010380717516164227
2021-08-01,17876,DOMO,DOMO INC,0.00923500247531187
2021-08-01,53074,MLAB,MESA LABORATORIES INC,0.01639042957029548
2021-08-01,84010,USNA,USANA HEALTH SCIENCES INC,0.014040511758686956
2021-08-01,75285,MAN,MANPOWERGROUP,0.009634516862177282
2021-08-01,84385,NSP,INSPERITY INC,0.013372273456948722
2021-08-01,91365,CSII,CARDIOVASCULAR SYSTEMS INC DEL,0.006264989213578498
2021-08-01,45306,IDCC,INTERDIGITAL INC,0.014068977140592524
2021-08-01,48347,LZB,LA Z BOY INC,0.008111077628862193
2021-08-01,13318,YELP,YELP INC,0.0062849012848834014
2021-08-01,14325,TNDM,TANDEM DIABETES CARE INC,0.00841207590929214
2021-08-01,90436,HALO,HALOZYME THERAPEUTICS INC,0.010865181337341805
2021-08-01,11587,ATRI,ATRION CORP,0.012500140597996631
2021-08-01,79248,THRM,GENTHERM INC,0.006259215115057874
2021-08-01,85914,BBY,BEST BUY COMPANY INC,0.009332854997200206
2021-08-01,13543,GMED,GLOBUS MEDICAL INC,0.012310293920159377
2021-08-01,76744,VRTX,VERTEX PHARMACEUTICALS INC,0.01666472526238322
2021-08-01,15108,NEWR,NEW RELIC INC,0.011061450826713993
2021-08-01,84656,ALV,AUTOLIV INC,0.008533499640431975
2021-08-01,90971,IRBT,IROBOT CORP,0.008289851541326644
2021-08-01,92143,PRO,P R O S HOLDINGS INC,0.009234036756024726
2021-08-01,14688,AMPH,AMPHASTAR PHARMACEUTICALS INC,0.017709932414103714
2021-08-01,79491,WINA,WINMARK CORP,0.007715442776102572
2021-08-01,90319,GOOGL,ALPHABET INC,0.01168974991919483
2021-08-01,47466,NYT,NEW YORK TIMES CO,0.014763622221295482
2021-08-01,87432,A,AGILENT TECHNOLOGIES INC,0.017709932414103714
2021-08-01,83534,NBIX,NEUROCRINE BIOSCIENCES INC,0.010882145882900231
2021-08-01,75828,EA,ELECTRONIC ARTS INC,0.01597863372934286
2021-08-01,14521,TNET,TRINET GROUP INC,0.007904949245804576
2021-08-01,13407,FB,FACEBOOK INC,0.008850921191304859
2021-08-01,81116,VECO,VEECO INSTRUMENTS INC DEL,0.007726214530911521
2021-08-01,14495,ATEN,A10 NETWORKS INC,0.006259215115057874
2021-08-01,14547,PCTY,PAYLOCITY HOLDING CORP,0.009957310973253612
2021-08-01,65365,MYE,MYERS INDUSTRIES INC,0.012814627994323945
2021-08-01,76128,VICR,VICOR CORP,0.007257634144681903
2021-08-01,79678,ATVI,ACTIVISION BLIZZARD INC,0.009323279687833261
2021-08-01,11884,IPAR,INTERMEDIATE PARFUMS INC,0.0063119749843616475
2021-08-01,89828,UVSP,UNIVEST FINANCIAL CORP,0.00787874127330935
2021-08-01,87078,MDRX,ALLSCRIPTS HEALTHCARE SOLNS INC,0.017709932414103714
2021-08-01,84413,CERS,CERUS CORP,0.006505037888292335
2021-08-01,48653,HUM,HUMANA INC,0.009963032881415198
2021-08-01,91463,CVLT,COMMVAULT SYSTEMS INC,0.006718846226927818
2021-08-01,64785,AGX,ARGAN INC,0.011269197896782783
2021-08-01,10909,CERN,CERNER CORP,0.015938855970327966
2021-08-01,13169,ZNGA,ZYNGA INC,0.011827185912618238
2021-08-01,14231,VEEV,VEEVA SYSTEMS INC,0.015335761689021527
2021-08-01,15729,PSTG,PURE STORAGE INC,0.006747077431677459
2021-08-01,12493,QADA,QAD INC,0.017709932414103714
2021-08-01,92635,NX,QUANEX BUILDING PRODUCTS CORP,0.009066527715252078
2021-08-01,14213,MMI,MARCUS & MILLICHAP INC,0.009238719215582716
2021-08-01,11775,JOUT,JOHNSON OUTDOORS INC,0.010485796709759375
2021-08-01,43481,SXI,STANDEX INTERNATIONAL CORP,0.011226833508078805
2021-08-01,88159,EXEL,EXELIXIS INC,0.008779239213036343
2021-08-01,17944,TENB,TENABLE HOLDINGS INC,0.006472737382250351
2021-08-01,89036,NTUS,NATUS MEDICAL INC,0.00937246883833629
2021-08-01,87789,LMNX,LUMINEX CORP,0.017709932414103714
2021-08-01,14707,RDUS,RADIUS HEALTH INC,0.007994547361692427
2021-08-01,88446,ILMN,ILLUMINA INC,0.01024570140862618
2021-08-01,83111,ALXN,ALEXION PHARMACEUTICALS INC,0.013712211702264202
2021-08-01,17382,ZUO,ZUORA INC,0.0073426002910321675
2021-08-01,19312,UWMC,U W M HOLDINGS CORP,-0.013444467028354602
2021-08-01,19788,PLTR,PALANTIR TECHNOLOGIES INC,-0.008727008210831107
2021-08-01,19224,AEVA,AEVA TECHNOLOGIES INC,-0.005888595481152707
2021-08-01,19135,KPLT,KATAPULT HOLDINGS INC,-0.005555671698674308
2021-08-01,18852,BTRS,B T R S HOLDINGS INC,-0.010327884815728461
2021-08-01,13908,PFSI,PENNYMAC FINANCIAL SVCS INC NEW,-0.018976353288202713
2021-08-01,17036,CNNE,CANNAE HOLDINGS INC,-0.011673737658212363
2021-08-01,19599,QS,QUANTUMSCAPE CORP,-0.0054928184139682494
2021-08-01,19497,LMND,LEMONADE INC,-0.006954703574224343
2021-08-01,17688,GSHD,GOOSEHEAD INSURANCE INC,-0.007808667445685625
2021-08-01,17787,EQH,EQUITABLE HOLDINGS INC,-0.009845813364612873
2021-08-01,14414,SC,SANTANDER CONSUMER USA HLDGS INC,-0.009473366904190988
2021-08-01,19577,RKT,ROCKET COMPANIES INC,-0.011080926971544638
2021-08-01,17907,NKLA,NIKOLA CORP,-0.005129110490520986
2021-08-01,15302,VIRT,VIRTU FINANCIAL INC,-0.019355829434530455
2021-08-01,19058,SI,SILVERGATE CAPITAL CORP,-0.00450175788357072
2021-08-01,14617,ARES,ARES MANAGEMENT CORP,-0.0176875501085885
2021-08-01,16964,SPCE,VIRGIN GALACTIC HOLDINGS INC,-0.00388780152796129
2021-08-01,18162,VLDR,VELODYNE LIDAR INC,-0.00822850861509516
2021-08-01,18580,FSLY,FASTLY INC,-0.008479914089390174
2021-08-01,19357,SLQT,SELECTQUOTE INC,-0.010429964340790203
2021-08-01,92775,TREE,LENDINGTREE INC,-0.008769676716290172
2021-08-01,15540,RILY,B RILEY FINANCIAL INC,-0.011174901269698076
2021-08-01,92108,BX,BLACKSTONE GROUP INC,-0.0129368262421646
2021-08-01,19862,ROOT,ROOT INC,-0.008002184402723735
2021-08-01,81593,COOP,MR COOPER GROUP INC,-0.013668855334651708
2021-08-01,18937,CHPT,CHARGEPOINT HOLDINGS INC,-0.005075245906449282
2021-08-01,57913,VXRT,VAXART INC,-0.006027928914968307
2021-08-01,19416,EOSE,EOS ENERGY ENTERPRISES INC,-0.006278304077692794
2021-08-01,14601,NAVI,NAVIENT CORP,-0.011844503763408584
2021-08-01,19500,GOCO,GOHEALTH INC,-0.011168578236574292
2021-08-01,13919,AMBC,AMBAC FINANCIAL GROUP INC,-0.012214447636578245
2021-08-01,89301,GME,GAMESTOP CORP NEW,-0.006489876147715276
2021-08-01,18361,PAYA,PAYA HOLDINGS INC,-0.011465411431333195
2021-08-01,14813,MARA,MARATHON DIGITAL HOLDINGS INC,-0.0038980796992570425
2021-08-01,19404,FOUR,SHIFT4 PAYMENTS INC,-0.009329065604169844
2021-08-01,90978,SPWR,SUNPOWER CORP,-0.005385126926002621
2021-08-01,58683,LUV,SOUTHWEST AIRLINES CO,-0.009621580931748698
2021-08-01,20415,JEF,JEFFERIES FINANCIAL GROUP INC,-0.01016529929847489
2021-08-01,91926,DAL,DELTA AIR LINES INC,-0.009753513772182603
2021-08-01,19606,NUVB,NUVATION BIO INC,-0.008560610519984375
2021-08-01,91498,EHTH,EHEALTH INC,-0.009063490545300435
2021-08-01,18533,RMO,ROMEO POWER INC,-0.006883399913873934
2021-08-01,92213,RIOT,RIOT BLOCKCHAIN INC,-0.00388780152796129
2021-08-01,18835,DKNG,DRAFTKINGS INC,-0.00833049084175383
2021-08-01,86211,MSTR,MICROSTRATEGY INC,-0.00388780152796129
2021-08-01,83885,MVIS,MICROVISION INC WA,-0.006812735684920582
2021-08-01,77660,CACC,CREDIT ACCEPTANCE CORP,-0.016057106988769516
2021-08-01,88518,APPS,DIGITAL TURBINE INC,-0.005918713162342741
2021-08-01,18480,TW,TRADEWEB MARKETS INC,-0.019355829434530486
2021-08-01,21020,AAL,AMERICAN AIRLINES GROUP INC,-0.007349291358387199
2021-08-01,18558,GOEV,CANOO INC,-0.009132309739918552
2021-08-01,80169,AGM,FEDERAL AGRICULTURAL MORT CORP,-0.018215829072981412
2021-08-01,48506,MCO,MOODYS CORP,-0.019355829434530486
2021-08-01,18453,LAZR,LUMINAR TECHNOLOGIES INC,-0.009862889267411615
2021-08-01,15831,AXSM,AXSOME THERAPEUTICS INC,-0.00738035172845958
2021-08-01,89964,NNI,NELNET INC,-0.019355829434530486
2021-08-01,16140,TWLO,TWILIO INC,-0.010748880513861546
2021-08-01,16966,SWCH,SWITCH INC,-0.019355829434530486
2021-08-01,84734,FBC,FLAGSTAR BANCORP INC,-0.008391787081850545
2021-08-01,82670,TGTX,T G THERAPEUTICS INC,-0.007113700399415776
2021-08-01,12477,WD,WALKER & DUNLOP INC,-0.011830863924578373
2021-08-01,19542,ALXO,ALX ONCOLOGY HOLDINGS INC,-0.00586833756995666
2021-08-01,14432,ITCI,INTRA CELLULAR THERAPIES INC,-0.010276976143342104
2021-08-01,19331,MPLN,MULTIPLAN CORP,-0.006170066808491038
2021-08-01,91611,FSLR,FIRST SOLAR INC,-0.011377858292634156
2021-08-01,17045,ACMR,A C M RESEARCH INC,-0.00388780152796129
2021-08-01,77114,WRLD,WORLD ACCEPTANCE CORP,-0.00949027446444818
2021-08-01,89002,ADS,ALLIANCE DATA SYSTEMS CORP,-0.008833326186483033
2021-08-01,60186,OMI,OWENS & MINOR INC NEW,-0.010307626722551873
2021-08-01,19893,FUBO,FUBOTV INC,-0.007512008721824908
2021-08-01,15914,WKHS,WORKHORSE GROUP INC,-0.00553924825646065
2021-08-01,19576,RXT,RACKSPACE TECHNOLOGY INC,-0.011813415566709633
2021-08-01,77699,FCEL,FUELCELL ENERGY INC,-0.008184154061171376
2021-08-01,19196,PRCH,PORCH GROUP INC,-0.009255270615021939
2021-08-01,87337,PLUG,PLUG POWER INC,-0.007821750674120886
2021-08-01,16277,DFIN,DONNELLEY FINANCIAL SOL INC,-0.009351234143557737
2021-08-01,18184,FSR,FISKER INC,-0.007785695121202748
2021-08-01,18719,DM,DESKTOP METAL INC,-0.008265513063328941
2021-08-01,82779,NVAX,NOVAVAX INC,-0.0046598753192930616
2021-08-01,15643,RUN,SUNRUN INC,-0.006625685665810496
2021-08-01,76856,FCFS,FIRSTCASH INC,-0.013893052952118314
2021-08-01,19032,VIR,VIR BIOTECHNOLOGY INC,-0.0077234283341698715
2021-08-01,16068,RETA,REATA PHARMACEUTICALS INC,-0.01084129592918449
2021-08-01,13918,ARCT,ARCTURUS THERAPEUTICS HLDNGS INC,-0.005440429312297518
2021-08-01,19388,DNMR,DANIMER SCIENTIFIC INC,-0.004899195080153438
2021-08-01,17478,SPGI,S & P GLOBAL INC,-0.019355829434530486
2021-08-01,19605,OSH,OAK STREET HEALTH INC,-0.012740450227310627
2021-08-01,18539,HYLN,HYLIION HOLDINGS CORP,-0.006672804195991633
2021-08-01,16924,DCPH,DECIPHERA PHARMACEUTICALS INC,-0.0131372805123766
2021-08-01,15092,LC,LENDINGCLUB CORP,-0.00388780152796129
2021-08-01,40125,DXC,D X C TECHNOLOGY CO,-0.013087674205861552
2021-08-01,21207,NEM,NEWMONT CORP,-0.019355829434530486
2021-08-01,14960,ENVA,ENOVA INTERNATIONAL INC,-0.008940677282392664
2021-08-01,18312,MRNA,MODERNA INC,-0.0055358831043648155
2021-08-01,20196,UPST,UPSTART HOLDINGS INC,-0.006492495573899199
2021-08-01,11990,KKR,K K R & CO INC,-0.017225795220603454
2021-08-01,20330,LTCH,LATCH INC,-0.006135308255713912
2021-08-01,75175,MBI,M B I A INC,-0.006973063588392121
2021-08-01,83443,BRKB,BERKSHIRE HATHAWAY INC DEL,-0.019355829434530486
2021-09-01,19200,SDGR,SCHRODINGER INC,0.005209263178047064
2021-09-01,13316,VCRA,VOCERA COMMUNICATIONS INC,0.008957698587865923
2021-09-01,85724,PRDO,PERDOCEO EDUCATION CORP,0.010324216186469027
2021-09-01,88167,HSTM,HEALTHSTREAM INC,0.01182059223957206
2021-09-01,90125,CORT,CORCEPT THERAPEUTICS INC,0.01286976955064222
2021-09-01,89036,NTUS,NATUS MEDICAL INC,0.009495874745512107
2021-09-01,13625,SSTK,SHUTTERSTOCK INC,0.007507481051843978
2021-09-01,78756,OFIX,ORTHOFIX MEDICAL INC,0.007087976518555721
2021-09-01,64961,NXGN,NEXTGEN HEALTHCARE INC,0.008309742117213982
2021-09-01,91186,VNDA,VANDA PHARMACEUTICALS INC,0.0069814268737449165
2021-09-01,18011,SONO,SONOS INC,0.006085182175149427
2021-09-01,41187,HE,HAWAIIAN ELECTRIC INDUSTRIES INC,0.017883789157728595
2021-09-01,90177,ACAD,ACADIA PHARMACEUTICALS,0.005707720271936446
2021-09-01,88352,ISRG,INTUITIVE SURGICAL INC,0.013087785388308052
2021-09-01,13410,SUPN,SUPERNUS PHARMACEUTICALS INC,0.007132549391481697
2021-09-01,86827,HSII,HEIDRICK & STRUGGLES INTL INC,0.009884213414006218
2021-09-01,93264,IRWD,IRONWOOD PHARMACEUTICALS INC,0.011303832006130441
2021-09-01,52708,LEN,LENNAR CORP,0.010735252219102572
2021-09-01,14359,XNCR,XENCOR INC,0.007319896823098109
2021-09-01,79906,INCY,INCYTE CORP,0.016351034470504473
2021-09-01,14231,VEEV,VEEVA SYSTEMS INC,0.014345462252510573
2021-09-01,88319,VC,VISTEON CORP,0.008134466653321704
2021-09-01,91365,CSII,CARDIOVASCULAR SYSTEMS INC DEL,0.008296517887461257
2021-09-01,16543,VREX,VAREX IMAGING CORP,0.01033908608202424
2021-09-01,85002,SRPT,SAREPTA THERAPEUTICS INC,0.004761891155488536
2021-09-01,75107,ABMD,ABIOMED INC,0.008442718048613747
2021-09-01,12583,PCRX,PACIRA BIOSCIENCES INC,0.006710846939101563
2021-09-01,54148,PHM,PULTE GROUP INC,0.009444778495290662
2021-09-01,14707,RDUS,RADIUS HEALTH INC,0.007774888958120477
2021-09-01,89781,MOH,MOLINA HEALTHCARE INC,0.008910746536193104
2021-09-01,14688,AMPH,AMPHASTAR PHARMACEUTICALS INC,0.011066264534580587
2021-09-01,84010,USNA,USANA HEALTH SCIENCES INC,0.014980055075967879
2021-09-01,53074,MLAB,MESA LABORATORIES INC,0.012240048470487227
2021-09-01,63125,AGYS,AGILYSYS INC,0.0066173691598051705
2021-09-01,88504,BRKR,BRUKER CORP,0.014932682811767113
2021-09-01,11587,ATRI,ATRION CORP,0.011548375382631869
2021-09-01,89179,ANTM,ANTHEM INC,0.01075268258076719
2021-09-01,12266,CDMO,AVID BIOSERVICES INC,0.004761891155488536
2021-09-01,30681,OMC,OMNICOM GROUP INC,0.011319291736260399
2021-09-01,38659,GNTX,GENTEX CORP,0.015562825974409769
2021-09-01,91503,LMAT,LEMAITRE VASCULAR INC,0.01039722121971621
2021-09-01,75285,MAN,MANPOWERGROUP,0.016643697184325033
2021-09-01,17382,ZUO,ZUORA INC,0.009659973276123395
2021-09-01,91733,AVAV,AEROVIRONMENT INC,0.012198610190715926
2021-09-01,84761,TTWO,TAKE TWO INTERACTIVE SOFTWR INC,0.00866642002268147
2021-09-01,13318,YELP,YELP INC,0.00777859662027068
2021-09-01,84385,NSP,INSPERITY INC,0.017004200913799224
2021-09-01,88446,ILMN,ILLUMINA INC,0.006870044540955537
2021-09-01,89792,CVCO,CAVCO INDUSTRIES INC DEL,0.009712952212108899
2021-09-01,76744,VRTX,VERTEX PHARMACEUTICALS INC,0.012375183174432182
2021-09-01,88159,EXEL,EXELIXIS INC,0.008827079509707701
2021-09-01,72304,STAA,STAAR SURGICAL CO,0.004761891155488536
2021-09-01,84656,ALV,AUTOLIV INC,0.0112678155443
2021-09-01,17876,DOMO,DOMO INC,0.0062445559248222975
2021-09-01,79491,WINA,WINMARK CORP,0.012982418941533078
2021-09-01,14325,TNDM,TANDEM DIABETES CARE INC,0.008611931780506746
2021-09-01,87432,A,AGILENT TECHNOLOGIES INC,0.017883789157728595
2021-09-01,47466,NYT,NEW YORK TIMES CO,0.009205965621482562
2021-09-01,79248,THRM,GENTHERM INC,0.009465183435249143
2021-09-01,76128,VICR,VICOR CORP,0.014740909048979671
2021-09-01,65365,MYE,MYERS INDUSTRIES INC,0.015412975657668276
2021-09-01,83534,NBIX,NEUROCRINE BIOSCIENCES INC,0.008232914900112125
2021-09-01,90319,GOOGL,ALPHABET INC,0.017883789157728595
2021-09-01,48347,LZB,LA Z BOY INC,0.009447185662119283
2021-09-01,89828,UVSP,UNIVEST FINANCIAL CORP,0.010526895231970724
2021-09-01,10909,CERN,CERNER CORP,0.017123068408496468
2021-09-01,91463,CVLT,COMMVAULT SYSTEMS INC,0.014015154556956351
2021-09-01,75828,EA,ELECTRONIC ARTS INC,0.01569887370074594
2021-09-01,81116,VECO,VEECO INSTRUMENTS INC DEL,0.00870809113235095
2021-09-01,11884,IPAR,INTERMEDIATE PARFUMS INC,0.009702263560953201
2021-09-01,13543,GMED,GLOBUS MEDICAL INC,0.010936244839428873
2021-09-01,45306,IDCC,INTERDIGITAL INC,0.008008216560998737
2021-09-01,79678,ATVI,ACTIVISION BLIZZARD INC,0.010929336084203439
2021-09-01,90971,IRBT,IROBOT CORP,0.008913688303721147
2021-09-01,14495,ATEN,A10 NETWORKS INC,0.007928282631647368
2021-09-01,85889,SRDX,SURMODICS INC,0.005914938037875804
2021-09-01,13407,FB,FACEBOOK INC,0.014822188796172928
2021-09-01,87078,MDRX,ALLSCRIPTS HEALTHCARE SOLNS INC,0.009933771239088894
2021-09-01,48653,HUM,HUMANA INC,0.017855597219604915
2021-09-01,90436,HALO,HALOZYME THERAPEUTICS INC,0.009223376235180051
2021-09-01,85914,BBY,BEST BUY COMPANY INC,0.006501028530008458
2021-09-01,14521,TNET,TRINET GROUP INC,0.01768165004837616
2021-09-01,64785,AGX,ARGAN INC,0.013288739654872565
2021-09-01,92143,PRO,P R O S HOLDINGS INC,0.006012424052132042
2021-09-01,43481,SXI,STANDEX INTERNATIONAL CORP,0.011061523939351463
2021-09-01,11775,JOUT,JOHNSON OUTDOORS INC,0.011090123914765167
2021-09-01,14213,MMI,MARCUS & MILLICHAP INC,0.012734831234353622
2021-09-01,17944,TENB,TENABLE HOLDINGS INC,0.008130589039937566
2021-09-01,12493,QADA,QAD INC,0.017883789157728595
2021-09-01,92221,MELI,MERCADOLIBRE INC,0.004812308345767128
2021-09-01,15046,NVRO,NEVRO CORP,0.004761891155488536
2021-09-01,84413,CERS,CERUS CORP,0.004761891155488536
2021-09-01,78876,CRY,CRYOLIFE INC,0.009781345092874996
2021-09-01,90081,CUTR,CUTERA INC,0.007613321257430136
2021-09-01,14803,HQY,HEALTHEQUITY INC,0.008557778947202884
2021-09-01,20189,DASH,DOORDASH INC,0.007850494754853877
2021-09-01,80054,MED,MEDIFAST INC,0.006187406978001639
2021-09-01,49373,HRB,BLOCK H & R INC,0.017883789157728595
2021-09-01,17093,MCB,METROPOLITAN BANK HOLDING CORP,0.009614675221693576
2021-09-01,11896,MXIM,MAXIM INTEGRATED PRODUCTS INC,0.010828952151350324
2021-09-01,20196,UPST,UPSTART HOLDINGS INC,-0.003808213507493295
2021-09-01,19312,UWMC,U W M HOLDINGS CORP,-0.01046647492495875
2021-09-01,19788,PLTR,PALANTIR TECHNOLOGIES INC,-0.007875876880934636
2021-09-01,19224,AEVA,AEVA TECHNOLOGIES INC,-0.005600166158654968
2021-09-01,18852,BTRS,B T R S HOLDINGS INC,-0.009663849201901857
2021-09-01,13908,PFSI,PENNYMAC FINANCIAL SVCS INC NEW,-0.011416985853425687
2021-09-01,11990,KKR,K K R & CO INC,-0.019228959371238474
2021-09-01,19497,LMND,LEMONADE INC,-0.006470153809859544
2021-09-01,17036,CNNE,CANNAE HOLDINGS INC,-0.012712144421208556
2021-09-01,19599,QS,QUANTUMSCAPE CORP,-0.00782748550045785
2021-09-01,19577,RKT,ROCKET COMPANIES INC,-0.009440701752017645
2021-09-01,19862,ROOT,ROOT INC,-0.004743505528451885
2021-09-01,15302,VIRT,VIRTU FINANCIAL INC,-0.013082624108463422
2021-09-01,17688,GSHD,GOOSEHEAD INSURANCE INC,-0.011886319981872385
2021-09-01,14414,SC,SANTANDER CONSUMER USA HLDGS INC,-0.019228959371238474
2021-09-01,16964,SPCE,VIRGIN GALACTIC HOLDINGS INC,-0.005182321999532381
2021-09-01,19058,SI,SILVERGATE CAPITAL CORP,-0.006596564980078757
2021-09-01,17787,EQH,EQUITABLE HOLDINGS INC,-0.01363701398453406
2021-09-01,17907,NKLA,NIKOLA CORP,-0.005922955428255985
2021-09-01,19357,SLQT,SELECTQUOTE INC,-0.0033935819410164238
2021-09-01,20330,LTCH,LATCH INC,-0.0052512429518127715
2021-09-01,18580,FSLY,FASTLY INC,-0.006997795446374429
2021-09-01,81593,COOP,MR COOPER GROUP INC,-0.019228959371228767
2021-09-01,18162,VLDR,VELODYNE LIDAR INC,-0.0051932231206664
2021-09-01,92775,TREE,LENDINGTREE INC,-0.010018947462004477
2021-09-01,14601,NAVI,NAVIENT CORP,-0.019228959371238474
2021-09-01,83443,BRKB,BERKSHIRE HATHAWAY INC DEL,-0.019228959371238474
2021-09-01,15540,RILY,B RILEY FINANCIAL INC,-0.011999821750579991
2021-09-01,92108,BX,BLACKSTONE INC,-0.019228959371238474
2021-09-01,14813,MARA,MARATHON DIGITAL HOLDINGS INC,-0.005326281460604933
2021-09-01,14617,ARES,ARES MANAGEMENT CORP,-0.01842939191328193
2021-09-01,20415,JEF,JEFFERIES FINANCIAL GROUP INC,-0.0190953907780545
2021-09-01,57913,VXRT,VAXART INC,-0.00515111413712626
2021-09-01,91926,DAL,DELTA AIR LINES INC,-0.011691367386224194
2021-09-01,18937,CHPT,CHARGEPOINT HOLDINGS INC,-0.007774512969608281
2021-09-01,86211,MSTR,MICROSTRATEGY INC,-0.007756247644799182
2021-09-01,83885,MVIS,MICROVISION INC WA,-0.005348084201536755
2021-09-01,92213,RIOT,RIOT BLOCKCHAIN INC,-0.006383297177072623
2021-09-01,18835,DKNG,DRAFTKINGS INC,-0.01000156895583199
2021-09-01,89301,GME,GAMESTOP CORP NEW,-0.004178309308688004
2021-09-01,19416,EOSE,EOS ENERGY ENTERPRISES INC,-0.004652630453238192
2021-09-01,88518,APPS,DIGITAL TURBINE INC,-0.006034334265917403
2021-09-01,18361,PAYA,PAYA HOLDINGS INC,-0.010454002244534901
2021-09-01,77660,CACC,CREDIT ACCEPTANCE CORP,-0.012119343591036984
2021-09-01,90978,SPWR,SUNPOWER CORP,-0.008865597539249618
2021-09-01,21020,AAL,AMERICAN AIRLINES GROUP INC,-0.009990529130736744
2021-09-01,91498,EHTH,EHEALTH INC,-0.007937756097983794
2021-09-01,19606,NUVB,NUVATION BIO INC,-0.005120768126634806
2021-09-01,19404,FOUR,SHIFT4 PAYMENTS INC,-0.010363764927881
2021-09-01,16966,SWCH,SWITCH INC,-0.006282046948006631
2021-09-01,91611,FSLR,FIRST SOLAR INC,-0.016360523933854062
2021-09-01,48506,MCO,MOODYS CORP,-0.019228959371238474
2021-09-01,18480,TW,TRADEWEB MARKETS INC,-0.019228959371238474
2021-09-01,58683,LUV,SOUTHWEST AIRLINES CO,-0.012371670270107306
2021-09-01,18558,GOEV,CANOO INC,-0.0035588789608698873
2021-09-01,84734,FBC,FLAGSTAR BANCORP INC,-0.019228959371238474
2021-09-01,89002,ADS,ALLIANCE DATA SYSTEMS CORP,-0.012799585100065878
2021-09-01,40125,DXC,D X C TECHNOLOGY CO,-0.006838612460378169
2021-09-01,89964,NNI,NELNET INC,-0.019228959371238474
2021-09-01,18453,LAZR,LUMINAR TECHNOLOGIES INC,-0.008950706233255121
2021-09-01,87337,PLUG,PLUG POWER INC,-0.007681402455720146
2021-09-01,19542,ALXO,ALX ONCOLOGY HOLDINGS INC,-0.005605874641477821
2021-09-01,19605,OSH,OAK STREET HEALTH INC,-0.007583571763840063
2021-09-01,77699,FCEL,FUELCELL ENERGY INC,-0.005598285747209669
2021-09-01,82670,TGTX,T G THERAPEUTICS INC,-0.004350154180817106
2021-09-01,14432,ITCI,INTRA CELLULAR THERAPIES INC,-0.008317191903047983
2021-09-01,19576,RXT,RACKSPACE TECHNOLOGY INC,-0.0076619876534943405
2021-09-01,15643,RUN,SUNRUN INC,-0.0073159447220962565
2021-09-01,12477,WD,WALKER & DUNLOP INC,-0.011372213281389893
2021-09-01,15914,WKHS,WORKHORSE GROUP INC,-0.008562162480248497
2021-09-01,13918,ARCT,ARCTURUS THERAPEUTICS HLDNGS INC,-0.0033935819410164238
2021-09-01,19893,FUBO,FUBOTV INC,-0.006068365314130535
2021-09-01,15831,AXSM,AXSOME THERAPEUTICS INC,-0.0033935819410164238
2021-09-01,80169,AGM,FEDERAL AGRICULTURAL MORT CORP,-0.019228959371238474
2021-09-01,19331,MPLN,MULTIPLAN CORP,-0.009224890079063448
2021-09-01,77114,WRLD,WORLD ACCEPTANCE CORP,-0.012454850705134496
2021-09-01,18184,FSR,FISKER INC,-0.003930716385717308
2021-09-01,16277,DFIN,DONNELLEY FINANCIAL SOL INC,-0.008773365313449322
2021-09-01,60186,OMI,OWENS & MINOR INC NEW,-0.009513419874275094
2021-09-01,19196,PRCH,PORCH GROUP INC,-0.005543620143144854
2021-09-01,19388,DNMR,DANIMER SCIENTIFIC INC,-0.004272761411964388
2021-09-01,18312,MRNA,MODERNA INC,-0.003998564761442913
2021-09-01,82779,NVAX,NOVAVAX INC,-0.003450706223839183
2021-09-01,18719,DM,DESKTOP METAL INC,-0.007330860261692163
2021-09-01,19032,VIR,VIR BIOTECHNOLOGY INC,-0.007843970669551328
2021-09-01,15092,LC,LENDINGCLUB CORP,-0.006590794581575824
2021-09-01,16068,RETA,REATA PHARMACEUTICALS INC,-0.005731643344433597
2021-09-01,16924,DCPH,DECIPHERA PHARMACEUTICALS INC,-0.007333192800325328
2021-09-01,21207,NEM,NEWMONT CORP,-0.017951618999178423
2021-09-01,17478,SPGI,S & P GLOBAL INC,-0.019228959371238474
2021-09-01,76856,FCFS,FIRSTCASH INC,-0.019228959371238474
2021-09-01,17045,ACMR,A C M RESEARCH INC,-0.010923603340433172
2021-09-01,18539,HYLN,HYLIION HOLDINGS CORP,-0.0073282404425060906
2021-09-01,20345,XM,QUALTRICS INTERNATIONAL INC,-0.014241457250089986
2021-09-01,20339,AFRM,AFFIRM HOLDINGS INC,-0.0033935819410164238
2021-09-01,16382,COUP,COUPA SOFTWARE INC,-0.013685619531035868
2021-09-01,20333,WISH,CONTEXTLOGIC INC,-0.00438475958432493
2021-09-01,88468,SPRT,SUPPORT COM INC,-0.0033935819410164238
2021-09-01,18958,OPRT,OPORTUN FINANCIAL CORP,-0.008027894526272767
2021-09-01,91103,UAL,UNITED AIRLINES HOLDINGS INC,-0.012219177687224211
2021-10-01,90081,CUTR,CUTERA INC,0.009189658000209402
2021-10-01,19200,SDGR,SCHRODINGER INC,0.0065814467043070245
2021-10-01,91186,VNDA,VANDA PHARMACEUTICALS INC,0.008691002060751915
2021-10-01,78756,OFIX,ORTHOFIX MEDICAL INC,0.011794588310584664
2021-10-01,89036,NTUS,NATUS MEDICAL INC,0.007173531128144444
2021-10-01,90125,CORT,CORCEPT THERAPEUTICS INC,0.015507731698009897
2021-10-01,85724,PRDO,PERDOCEO EDUCATION CORP,0.013514275165947887
2021-10-01,88167,HSTM,HEALTHSTREAM INC,0.012536566979220416
2021-10-01,13316,VCRA,VOCERA COMMUNICATIONS INC,0.009261414491391142
2021-10-01,64961,NXGN,NEXTGEN HEALTHCARE INC,0.010223201038592965
2021-10-01,13625,SSTK,SHUTTERSTOCK INC,0.012294907261934425
2021-10-01,41187,HE,HAWAIIAN ELECTRIC INDUSTRIES INC,0.0134072121666942
2021-10-01,90177,ACAD,ACADIA PHARMACEUTICALS,0.008390978985427108
2021-10-01,18011,SONO,SONOS INC,0.010435873741519686
2021-10-01,13410,SUPN,SUPERNUS PHARMACEUTICALS INC,0.011895679147750542
2021-10-01,14359,XNCR,XENCOR INC,0.007699234481376204
2021-10-01,16543,VREX,VAREX IMAGING CORP,0.009552046875938669
2021-10-01,52708,LEN,LENNAR CORP,0.011462681859669938
2021-10-01,13318,YELP,YELP INC,0.00853356128568427
2021-10-01,12583,PCRX,PACIRA BIOSCIENCES INC,0.010617731470057939
2021-10-01,91365,CSII,CARDIOVASCULAR SYSTEMS INC DEL,0.011344566919253054
2021-10-01,86827,HSII,HEIDRICK & STRUGGLES INTL INC,0.007710845087145276
2021-10-01,88352,ISRG,INTUITIVE SURGICAL INC,0.01137908873890061
2021-10-01,88159,EXEL,EXELIXIS INC,0.008904636300789782
2021-10-01,93264,IRWD,IRONWOOD PHARMACEUTICALS INC,0.009797409670987235
2021-10-01,14231,VEEV,VEEVA SYSTEMS INC,0.010395759170346951
2021-10-01,88319,VC,VISTEON CORP,0.008717960260554358
2021-10-01,11587,ATRI,ATRION CORP,0.010669180018555822
2021-10-01,54148,PHM,PULTE GROUP INC,0.008225731051884922
2021-10-01,84010,USNA,USANA HEALTH SCIENCES INC,0.008921501938897021
2021-10-01,14688,AMPH,AMPHASTAR PHARMACEUTICALS INC,0.009180350942115442
2021-10-01,78876,CRY,CRYOLIFE INC,0.010209461881746908
2021-10-01,12493,QADA,QAD INC,0.017271291585737404
2021-10-01,63125,AGYS,AGILYSYS INC,0.0065814467043070245
2021-10-01,76744,VRTX,VERTEX PHARMACEUTICALS INC,0.01716763631225726
2021-10-01,30681,OMC,OMNICOM GROUP INC,0.013043956557635607
2021-10-01,64785,AGX,ARGAN INC,0.009339856988374466
2021-10-01,91503,LMAT,LEMAITRE VASCULAR INC,0.010321329070566565
2021-10-01,75285,MAN,MANPOWERGROUP,0.009686796260347246
2021-10-01,17382,ZUO,ZUORA INC,0.0073893828826405794
2021-10-01,79906,INCY,INCYTE CORP,0.007814553104283917
2021-10-01,89781,MOH,MOLINA HEALTHCARE INC,0.008132083003248249
2021-10-01,75107,ABMD,ABIOMED INC,0.012334277768211846
2021-10-01,38659,GNTX,GENTEX CORP,0.017271291585737404
2021-10-01,65365,MYE,MYERS INDUSTRIES INC,0.009915250350178253
2021-10-01,80054,MED,MEDIFAST INC,0.007834967665837418
2021-10-01,88446,ILMN,ILLUMINA INC,0.015472069725203317
2021-10-01,84385,NSP,INSPERITY INC,0.009519902026387722
2021-10-01,20189,DASH,DOORDASH INC,0.007702807550554822
2021-10-01,47466,NYT,NEW YORK TIMES CO,0.012873606877110632
2021-10-01,84656,ALV,AUTOLIV INC,0.009671574641921608
2021-10-01,88504,BRKR,BRUKER CORP,0.009558106638207988
2021-10-01,79248,THRM,GENTHERM INC,0.010459282814005596
2021-10-01,48347,LZB,LA Z BOY INC,0.00812904898890982
2021-10-01,79491,WINA,WINMARK CORP,0.00848358056998097
2021-10-01,84761,TTWO,TAKE TWO INTERACTIVE SOFTWR INC,0.015841095143249995
2021-10-01,89179,ANTM,ANTHEM INC,0.008847962287078416
2021-10-01,49373,HRB,BLOCK H & R INC,0.013380819123131793
2021-10-01,10909,CERN,CERNER CORP,0.017271291585737404
2021-10-01,87432,A,AGILENT TECHNOLOGIES INC,0.012057939338615438
2021-10-01,13407,FB,FACEBOOK INC,0.011075521589171237
2021-10-01,89828,UVSP,UNIVEST FINANCIAL CORP,0.008739513941261629
2021-10-01,90436,HALO,HALOZYME THERAPEUTICS INC,0.008925978578129054
2021-10-01,11884,IPAR,INTERMEDIATE PARFUMS INC,0.012194732704091745
2021-10-01,83534,NBIX,NEUROCRINE BIOSCIENCES INC,0.014142291004978798
2021-10-01,84413,CERS,CERUS CORP,0.00703280927339332
2021-10-01,90319,GOOGL,ALPHABET INC,0.01413396408999277
2021-10-01,14495,ATEN,A10 NETWORKS INC,0.006708980634134403
2021-10-01,91463,CVLT,COMMVAULT SYSTEMS INC,0.008170768322360423
2021-10-01,85002,SRPT,SAREPTA THERAPEUTICS INC,0.008299789517596504
2021-10-01,17093,MCB,METROPOLITAN BANK HOLDING CORP,0.006586385918531862
2021-10-01,76128,VICR,VICOR CORP,0.00837150838752514
2021-10-01,81116,VECO,VEECO INSTRUMENTS INC DEL,0.008470846600674636
2021-10-01,79678,ATVI,ACTIVISION BLIZZARD INC,0.008605053543924279
2021-10-01,15046,NVRO,NEVRO CORP,0.011008828686155396
2021-10-01,14803,HQY,HEALTHEQUITY INC,0.0065814467043070245
2021-10-01,14213,MMI,MARCUS & MILLICHAP INC,0.014197926121542147
2021-10-01,17876,DOMO,DOMO INC,0.006934003912010467
2021-10-01,48653,HUM,HUMANA INC,0.012454678793407399
2021-10-01,53074,MLAB,MESA LABORATORIES INC,0.006632434033867756
2021-10-01,17944,TENB,TENABLE HOLDINGS INC,0.007561621999209915
2021-10-01,43481,SXI,STANDEX INTERNATIONAL CORP,0.012745754972980401
2021-10-01,13543,GMED,GLOBUS MEDICAL INC,0.012572322090490822
2021-10-01,72304,STAA,STAAR SURGICAL CO,0.0065814467043070245
2021-10-01,89792,CVCO,CAVCO INDUSTRIES INC DEL,0.01086513818784429
2021-10-01,11775,JOUT,JOHNSON OUTDOORS INC,0.010971298341262006
2021-10-01,45306,IDCC,INTERDIGITAL INC,0.015091168469110868
2021-10-01,87078,MDRX,ALLSCRIPTS HEALTHCARE SOLNS INC,0.011372541508116505
2021-10-01,92221,MELI,MERCADOLIBRE INC,0.008227778987580666
2021-10-01,85914,BBY,BEST BUY COMPANY INC,0.00982553247703833
2021-10-01,14521,TNET,TRINET GROUP INC,0.017271291585737404
2021-10-01,75828,EA,ELECTRONIC ARTS INC,0.008255735920394962
2021-10-01,92143,PRO,P R O S HOLDINGS INC,0.007795968206468568
2021-10-01,12266,CDMO,AVID BIOSERVICES INC,0.0065814467043070245
2021-10-01,14694,GPRO,GOPRO INC,0.009978387869327345
2021-10-01,14554,TWOU,2 U INC,0.007712745727073908
2021-10-01,13777,AMSWA,AMERICAN SOFTWARE INC,0.010550195900618922
2021-10-01,75070,INT,WORLD FUEL SERVICES CORP,0.008036616765163446
2021-10-01,62033,RAVN,RAVEN INDUSTRIES INC,0.017271291585737404
2021-10-01,89031,AXON,AXON ENTERPRISE INC,0.013515024491630235
2021-10-01,20196,UPST,UPSTART HOLDINGS INC,-0.005645887625089034
2021-10-01,19788,PLTR,PALANTIR TECHNOLOGIES INC,-0.006680057952616492
2021-10-01,19312,UWMC,U W M HOLDINGS CORP,-0.013246642905905028
2021-10-01,19224,AEVA,AEVA TECHNOLOGIES INC,-0.008081774849263776
2021-10-01,18852,BTRS,B T R S HOLDINGS INC,-0.006620855100913904
2021-10-01,19577,RKT,ROCKET COMPANIES INC,-0.0192071241432939
2021-10-01,11990,KKR,K K R & CO INC,-0.012158739443004888
2021-10-01,13908,PFSI,PENNYMAC FINANCIAL SVCS INC NEW,-0.0192071241432939
2021-10-01,15302,VIRT,VIRTU FINANCIAL INC,-0.0192071241432939
2021-10-01,20345,XM,QUALTRICS INTERNATIONAL INC,-0.009948445403328334
2021-10-01,17036,CNNE,CANNAE HOLDINGS INC,-0.017780144718288798
2021-10-01,20339,AFRM,AFFIRM HOLDINGS INC,-0.004232308656261034
2021-10-01,19862,ROOT,ROOT INC,-0.006354693518832955
2021-10-01,19497,LMND,LEMONADE INC,-0.00822670949843604
2021-10-01,16964,SPCE,VIRGIN GALACTIC HOLDINGS INC,-0.005202332234586761
2021-10-01,14601,NAVI,NAVIENT CORP,-0.006799463075948892
2021-10-01,81593,COOP,MR COOPER GROUP INC,-0.01877462503165062
2021-10-01,14414,SC,SANTANDER CONSUMER USA HLDGS INC,-0.0192071241432939
2021-10-01,19058,SI,SILVERGATE CAPITAL CORP,-0.0061139170036950555
2021-10-01,17688,GSHD,GOOSEHEAD INSURANCE INC,-0.008148535030297787
2021-10-01,17907,NKLA,NIKOLA CORP,-0.006647560981825278
2021-10-01,18580,FSLY,FASTLY INC,-0.008513492878670618
2021-10-01,20330,LTCH,LATCH INC,-0.00497869411324189
2021-10-01,16382,COUP,COUPA SOFTWARE INC,-0.009439545799133057
2021-10-01,19599,QS,QUANTUMSCAPE CORP,-0.0042643895899901335
2021-10-01,20333,WISH,CONTEXTLOGIC INC,-0.006895220206530947
2021-10-01,14813,MARA,MARATHON DIGITAL HOLDINGS INC,-0.004748425161354592
2021-10-01,91103,UAL,UNITED AIRLINES HOLDINGS INC,-0.011234222257020152
2021-10-01,92775,TREE,LENDINGTREE INC,-0.011729084088145597
2021-10-01,18162,VLDR,VELODYNE LIDAR INC,-0.006827583623868047
2021-10-01,86211,MSTR,MICROSTRATEGY INC,-0.00735502908445963
2021-10-01,91926,DAL,DELTA AIR LINES INC,-0.01230113332744608
2021-10-01,83885,MVIS,MICROVISION INC WA,-0.007281523078901317
2021-10-01,19357,SLQT,SELECTQUOTE INC,-0.0044389197115973335
2021-10-01,57913,VXRT,VAXART INC,-0.008441722826692694
2021-10-01,91611,FSLR,FIRST SOLAR INC,-0.008099104872650833
2021-10-01,88518,APPS,DIGITAL TURBINE INC,-0.00602394751604557
2021-10-01,92213,RIOT,RIOT BLOCKCHAIN INC,-0.006220249543931877
2021-10-01,83443,BRKB,BERKSHIRE HATHAWAY INC DEL,-0.0192071241432939
2021-10-01,15540,RILY,B RILEY FINANCIAL INC,-0.009400627811818706
2021-10-01,17787,EQH,EQUITABLE HOLDINGS INC,-0.013484662247258219
2021-10-01,91498,EHTH,EHEALTH INC,-0.00858567450224567
2021-10-01,18835,DKNG,DRAFTKINGS INC,-0.009102209534594266
2021-10-01,18937,CHPT,CHARGEPOINT HOLDINGS INC,-0.007226991109123241
2021-10-01,77660,CACC,CREDIT ACCEPTANCE CORP,-0.007140579078972197
2021-10-01,19606,NUVB,NUVATION BIO INC,-0.008622906500443228
2021-10-01,18361,PAYA,PAYA HOLDINGS INC,-0.007857246238486427
2021-10-01,20415,JEF,JEFFERIES FINANCIAL GROUP INC,-0.0192071241432939
2021-10-01,19576,RXT,RACKSPACE TECHNOLOGY INC,-0.012006580710581697
2021-10-01,21020,AAL,AMERICAN AIRLINES GROUP INC,-0.008821747946381709
2021-10-01,19416,EOSE,EOS ENERGY ENTERPRISES INC,-0.007150502919633973
2021-10-01,90978,SPWR,SUNPOWER CORP,-0.00739590902457059
2021-10-01,92108,BX,BLACKSTONE INC,-0.010190923568490292
2021-10-01,89301,GME,GAMESTOP CORP NEW,-0.007773325821727635
2021-10-01,19605,OSH,OAK STREET HEALTH INC,-0.009524830497633582
2021-10-01,19404,FOUR,SHIFT4 PAYMENTS INC,-0.009210595261565086
2021-10-01,14432,ITCI,INTRA CELLULAR THERAPIES INC,-0.009466636813819769
2021-10-01,89002,ADS,ALLIANCE DATA SYSTEMS CORP,-0.009377206607937096
2021-10-01,48506,MCO,MOODYS CORP,-0.019114099790021436
2021-10-01,16966,SWCH,SWITCH INC,-0.015422698546859513
2021-10-01,14617,ARES,ARES MANAGEMENT CORP,-0.017117173712419696
2021-10-01,18480,TW,TRADEWEB MARKETS INC,-0.0192071241432939
2021-10-01,18558,GOEV,CANOO INC,-0.004232308656261034
2021-10-01,40125,DXC,D X C TECHNOLOGY CO,-0.010866590087006944
2021-10-01,87337,PLUG,PLUG POWER INC,-0.0066398326772746895
2021-10-01,12477,WD,WALKER & DUNLOP INC,-0.013280311672651772
2021-10-01,84734,FBC,FLAGSTAR BANCORP INC,-0.016894445670150325
2021-10-01,82670,TGTX,T G THERAPEUTICS INC,-0.007339866083471943
2021-10-01,15643,RUN,SUNRUN INC,-0.0069140239478646635
2021-10-01,77699,FCEL,FUELCELL ENERGY INC,-0.004232308656261034
2021-10-01,18312,MRNA,MODERNA INC,-0.006025847382657947
2021-10-01,19542,ALXO,ALX ONCOLOGY HOLDINGS INC,-0.008983560294297007
2021-10-01,13918,ARCT,ARCTURUS THERAPEUTICS HLDNGS INC,-0.006680278917553309
2021-10-01,19893,FUBO,FUBOTV INC,-0.0063121405132040625
2021-10-01,19331,MPLN,MULTIPLAN CORP,-0.006734628579886042
2021-10-01,89964,NNI,NELNET INC,-0.0192071241432939
2021-10-01,18453,LAZR,LUMINAR TECHNOLOGIES INC,-0.00860018107227079
2021-10-01,18184,FSR,FISKER INC,-0.007242434739274669
2021-10-01,80169,AGM,FEDERAL AGRICULTURAL MORT CORP,-0.015949393110399234
2021-10-01,19032,VIR,VIR BIOTECHNOLOGY INC,-0.005483295714282633
2021-10-01,21207,NEM,NEWMONT CORP,-0.017018416771134543
2021-10-01,15831,AXSM,AXSOME THERAPEUTICS INC,-0.006264692064512725
2021-10-01,15914,WKHS,WORKHORSE GROUP INC,-0.005803349073902274
2021-10-01,19388,DNMR,DANIMER SCIENTIFIC INC,-0.004232308656261034
2021-10-01,58683,LUV,SOUTHWEST AIRLINES CO,-0.014646366974743688
2021-10-01,82779,NVAX,NOVAVAX INC,-0.0047013708240607206
2021-10-01,77114,WRLD,WORLD ACCEPTANCE CORP,-0.012170247118703516
2021-10-01,15092,LC,LENDINGCLUB CORP,-0.006589753248962418
2021-10-01,16277,DFIN,DONNELLEY FINANCIAL SOL INC,-0.01317525939664509
2021-10-01,19196,PRCH,PORCH GROUP INC,-0.005148682989147966
2021-10-01,18719,DM,DESKTOP METAL INC,-0.008018645462931476
2021-10-01,16924,DCPH,DECIPHERA PHARMACEUTICALS INC,-0.010335352952631242
2021-10-01,17045,ACMR,A C M RESEARCH INC,-0.005486053959619132
2021-10-01,20599,SMRT,SMARTRENT INC,-0.005290365889513442
2021-10-01,19295,IRNT,IRONNET INC,-0.004232308656261034
2021-10-01,20646,OSCR,OSCAR HEALTH INC,-0.004692290391110039
2021-10-01,76722,STFC,STATE AUTO FINANCIAL CORP,-0.0192071241432939
2021-10-01,75175,MBI,M B I A INC,-0.007492784287798775
2021-10-01,19454,ETWO,E2OPEN PARENT HOLDINGS INC,-0.010818302167994502
2021-10-01,19835,ASTR,ASTRA SPACE INC,-0.005515982260138953
2021-11-01,90081,CUTR,CUTERA INC,0.009101908198272746
2021-11-01,91186,VNDA,VANDA PHARMACEUTICALS INC,0.011403774533736626
2021-11-01,91365,CSII,CARDIOVASCULAR SYSTEMS INC DEL,0.009651190865402729
2021-11-01,78756,OFIX,ORTHOFIX MEDICAL INC,0.011831242035095044
2021-11-01,89036,NTUS,NATUS MEDICAL INC,0.011583337637552897
2021-11-01,90177,ACAD,ACADIA PHARMACEUTICALS,0.007281234831419302
2021-11-01,85724,PRDO,PERDOCEO EDUCATION CORP,0.012445971171370545
2021-11-01,41187,HE,HAWAIIAN ELECTRIC INDUSTRIES INC,0.010793443426253314
2021-11-01,75070,INT,WORLD FUEL SERVICES CORP,0.007384761040281284
2021-11-01,13625,SSTK,SHUTTERSTOCK INC,0.00782753954685408
2021-11-01,88167,HSTM,HEALTHSTREAM INC,0.007136344698929819
2021-11-01,14554,TWOU,2 U INC,0.01118853116588896
2021-11-01,52708,LEN,LENNAR CORP,0.01316564712479139
2021-11-01,14359,XNCR,XENCOR INC,0.01007066799939696
2021-11-01,16543,VREX,VAREX IMAGING CORP,0.008866206424788596
2021-11-01,14694,GPRO,GOPRO INC,0.009806400897922125
2021-11-01,88159,EXEL,EXELIXIS INC,0.012133010667367387
2021-11-01,18011,SONO,SONOS INC,0.008597073050309144
2021-11-01,19200,SDGR,SCHRODINGER INC,0.006176087837627064
2021-11-01,13777,AMSWA,AMERICAN SOFTWARE INC,0.010866353336936675
2021-11-01,88352,ISRG,INTUITIVE SURGICAL INC,0.011835762739472662
2021-11-01,13318,YELP,YELP INC,0.007912992198085372
2021-11-01,11587,ATRI,ATRION CORP,0.010220648133318688
2021-11-01,14688,AMPH,AMPHASTAR PHARMACEUTICALS INC,0.013086400166123537
2021-11-01,14231,VEEV,VEEVA SYSTEMS INC,0.010100933122437443
2021-11-01,90125,CORT,CORCEPT THERAPEUTICS INC,0.007106081405502481
2021-11-01,54148,PHM,PULTE GROUP INC,0.013891590118559156
2021-11-01,86827,HSII,HEIDRICK & STRUGGLES INTL INC,0.00865369832640456
2021-11-01,62033,RAVN,RAVEN INDUSTRIES INC,0.015466503643130921
2021-11-01,78876,CRY,CRYOLIFE INC,0.012286240630769007
2021-11-01,84413,CERS,CERUS CORP,0.009278576238789428
2021-11-01,65365,MYE,MYERS INDUSTRIES INC,0.015466503643130921
2021-11-01,12493,QADA,QAD INC,0.015466503643130921
2021-11-01,91503,LMAT,LEMAITRE VASCULAR INC,0.008221802377117792
2021-11-01,20189,DASH,DOORDASH INC,0.007139503410208592
2021-11-01,79491,WINA,WINMARK CORP,0.010295119523265967
2021-11-01,76744,VRTX,VERTEX PHARMACEUTICALS INC,0.015321742380870028
2021-11-01,93264,IRWD,IRONWOOD PHARMACEUTICALS INC,0.010749193197568419
2021-11-01,89781,MOH,MOLINA HEALTHCARE INC,0.013857928959605527
2021-11-01,79906,INCY,INCYTE CORP,0.012994718439800903
2021-11-01,75285,MAN,MANPOWERGROUP,0.00858471642765556
2021-11-01,47466,NYT,NEW YORK TIMES CO,0.012395011636787674
2021-11-01,80054,MED,MEDIFAST INC,0.008284998913982723
2021-11-01,30681,OMC,OMNICOM GROUP INC,0.010839864034913008
2021-11-01,89031,AXON,AXON ENTERPRISE INC,0.006911480230305508
2021-11-01,88446,ILMN,ILLUMINA INC,0.011021886371936226
2021-11-01,84010,USNA,USANA HEALTH SCIENCES INC,0.009114553914440009
2021-11-01,84385,NSP,INSPERITY INC,0.012426863455317043
2021-11-01,17944,TENB,TENABLE HOLDINGS INC,0.009089316491636667
2021-11-01,13316,VCRA,VOCERA COMMUNICATIONS INC,0.006366956698399585
2021-11-01,79248,THRM,GENTHERM INC,0.0057130215150500065
2021-11-01,76128,VICR,VICOR CORP,0.008519291436270072
2021-11-01,17382,ZUO,ZUORA INC,0.006887476148142393
2021-11-01,88504,BRKR,BRUKER CORP,0.014428292375333728
2021-11-01,48347,LZB,LA Z BOY INC,0.014981201576942188
2021-11-01,12583,PCRX,PACIRA BIOSCIENCES INC,0.0057130215150500065
2021-11-01,13407,FB,FACEBOOK INC,0.008011842153833685
2021-11-01,64961,NXGN,NEXTGEN HEALTHCARE INC,0.007236437161095798
2021-11-01,87432,A,AGILENT TECHNOLOGIES INC,0.014886089040948495
2021-11-01,75107,ABMD,ABIOMED INC,0.00900092063718464
2021-11-01,89828,UVSP,UNIVEST FINANCIAL CORP,0.015465779118470356
2021-11-01,83534,NBIX,NEUROCRINE BIOSCIENCES INC,0.010367224988748093
2021-11-01,14495,ATEN,A10 NETWORKS INC,0.0057130215150500065
2021-11-01,17093,MCB,METROPOLITAN BANK HOLDING CORP,0.007550438011037818
2021-11-01,15046,NVRO,NEVRO CORP,0.010832231006196175
2021-11-01,14213,MMI,MARCUS & MILLICHAP INC,0.013667707542462349
2021-11-01,81116,VECO,VEECO INSTRUMENTS INC DEL,0.011321137046155312
2021-11-01,10909,CERN,CERNER CORP,0.011605746808153544
2021-11-01,79678,ATVI,ACTIVISION BLIZZARD INC,0.01428858196201311
2021-11-01,90319,GOOGL,ALPHABET INC,0.010183893569471608
2021-11-01,13410,SUPN,SUPERNUS PHARMACEUTICALS INC,0.006556439195610992
2021-11-01,11775,JOUT,JOHNSON OUTDOORS INC,0.011916360682737614
2021-11-01,53074,MLAB,MESA LABORATORIES INC,0.011469602757896486
2021-11-01,49373,HRB,BLOCK H & R INC,0.010883312713957786
2021-11-01,14803,HQY,HEALTHEQUITY INC,0.009868342528115342
2021-11-01,48653,HUM,HUMANA INC,0.01271169582491046
2021-11-01,17876,DOMO,DOMO INC,0.007131894786864508
2021-11-01,89179,ANTM,ANTHEM INC,0.008432991539623142
2021-11-01,43481,SXI,STANDEX INTERNATIONAL CORP,0.015466503643130921
2021-11-01,38659,GNTX,GENTEX CORP,0.008761148880599043
2021-11-01,72304,STAA,STAAR SURGICAL CO,0.005751856056550242
2021-11-01,11884,IPAR,INTERMEDIATE PARFUMS INC,0.007600272720257026
2021-11-01,91463,CVLT,COMMVAULT SYSTEMS INC,0.0057130215150500065
2021-11-01,14521,TNET,TRINET GROUP INC,0.015466503643130921
2021-11-01,92221,MELI,MERCADOLIBRE INC,0.0074960846519547195
2021-11-01,63125,AGYS,AGILYSYS INC,0.0057130215150500065
2021-11-01,84761,TTWO,TAKE TWO INTERACTIVE SOFTWR INC,0.010577727852954992
2021-11-01,88319,VC,VISTEON CORP,0.005808641404645349
2021-11-01,90436,HALO,HALOZYME THERAPEUTICS INC,0.008837646851385845
2021-11-01,92143,PRO,P R O S HOLDINGS INC,0.00856286781590499
2021-11-01,89792,CVCO,CAVCO INDUSTRIES INC DEL,0.011693590876808735
2021-11-01,13543,GMED,GLOBUS MEDICAL INC,0.011184222156755455
2021-11-01,45306,IDCC,INTERDIGITAL INC,0.015394438927245012
2021-11-01,20659,VZIO,VIZIO HOLDING CORP,0.00803202963494739
2021-11-01,14459,INGN,INOGEN INC,0.011388478083263416
2021-11-01,17799,INSP,INSPIRE MEDICAL SYSTEMS INC,0.008170686375921887
2021-11-01,90856,ATRC,ATRICURE INC,0.012430831935645073
2021-11-01,86822,EXTR,EXTREME NETWORKS INC,0.00798210664170052
2021-11-01,89572,CEVA,CEVA INC,0.010965848925050132
2021-11-01,77629,USPH,U S PHYSICAL THERAPY INC,0.012803075090947634
2021-11-01,20196,UPST,UPSTART HOLDINGS INC,-0.005422934959176622
2021-11-01,19312,UWMC,U W M HOLDINGS CORP,-0.011430824977009906
2021-11-01,19788,PLTR,PALANTIR TECHNOLOGIES INC,-0.01311902850314822
2021-11-01,19577,RKT,ROCKET COMPANIES INC,-0.011732870517117838
2021-11-01,20599,SMRT,SMARTRENT INC,-0.00971087931557487
2021-11-01,11990,KKR,K K R & CO INC,-0.015624104011507002
2021-11-01,15302,VIRT,VIRTU FINANCIAL INC,-0.014501555691826788
2021-11-01,20646,OSCR,OSCAR HEALTH INC,-0.006579378011679792
2021-11-01,19295,IRNT,IRONNET INC,-0.0039645961943219135
2021-11-01,19224,AEVA,AEVA TECHNOLOGIES INC,-0.009110901307244212
2021-11-01,13908,PFSI,PENNYMAC FINANCIAL SVCS INC NEW,-0.016768697809238994
2021-11-01,76722,STFC,STATE AUTO FINANCIAL CORP,-0.019543131653618234
2021-11-01,18852,BTRS,B T R S HOLDINGS INC,-0.010507947431013508
2021-11-01,14601,NAVI,NAVIENT CORP,-0.01399124520273993
2021-11-01,20345,XM,QUALTRICS INTERNATIONAL INC,-0.0068840666811209
2021-11-01,19835,ASTR,ASTRA SPACE INC,-0.006073480153133261
2021-11-01,18580,FSLY,FASTLY INC,-0.006714599664092918
2021-11-01,20339,AFRM,AFFIRM HOLDINGS INC,-0.004238211841932815
2021-11-01,17688,GSHD,GOOSEHEAD INSURANCE INC,-0.006316438381770486
2021-11-01,75175,MBI,M B I A INC,-0.008524002162159244
2021-11-01,16382,COUP,COUPA SOFTWARE INC,-0.008824367859380747
2021-11-01,81593,COOP,MR COOPER GROUP INC,-0.019543131653618234
2021-11-01,17907,NKLA,NIKOLA CORP,-0.0072061442944744624
2021-11-01,17036,CNNE,CANNAE HOLDINGS INC,-0.019119315385493944
2021-11-01,14813,MARA,MARATHON DIGITAL HOLDINGS INC,-0.004667557767788456
2021-11-01,18162,VLDR,VELODYNE LIDAR INC,-0.00639321897674166
2021-11-01,19454,ETWO,E2OPEN PARENT HOLDINGS INC,-0.00891523701611027
2021-11-01,19497,LMND,LEMONADE INC,-0.008537219459247227
2021-11-01,14414,SC,SANTANDER CONSUMER USA HLDGS INC,-0.019543131653618234
2021-11-01,16964,SPCE,VIRGIN GALACTIC HOLDINGS INC,-0.005713921237142951
2021-11-01,15540,RILY,B RILEY FINANCIAL INC,-0.008968151601362355
2021-11-01,91611,FSLR,FIRST SOLAR INC,-0.010675548340152191
2021-11-01,20330,LTCH,LATCH INC,-0.005402024118468913
2021-11-01,20333,WISH,CONTEXTLOGIC INC,-0.004330572874401787
2021-11-01,91498,EHTH,EHEALTH INC,-0.009226961247272129
2021-11-01,86211,MSTR,MICROSTRATEGY INC,-0.00819532526336088
2021-11-01,19576,RXT,RACKSPACE TECHNOLOGY INC,-0.010450859123657145
2021-11-01,91103,UAL,UNITED AIRLINES HOLDINGS INC,-0.011435871200523121
2021-11-01,19058,SI,SILVERGATE CAPITAL CORP,-0.003969773650539719
2021-11-01,88518,APPS,DIGITAL TURBINE INC,-0.008505505070340832
2021-11-01,57913,VXRT,VAXART INC,-0.007716572217646198
2021-11-01,14617,ARES,ARES MANAGEMENT CORP,-0.014391038860152581
2021-11-01,18937,CHPT,CHARGEPOINT HOLDINGS INC,-0.006920323133992799
2021-11-01,18312,MRNA,MODERNA INC,-0.005957759110067359
2021-11-01,83885,MVIS,MICROVISION INC WA,-0.004462004759520396
2021-11-01,92213,RIOT,RIOT BLOCKCHAIN INC,-0.005584824831910952
2021-11-01,18835,DKNG,DRAFTKINGS INC,-0.009815414030863605
2021-11-01,19605,OSH,OAK STREET HEALTH INC,-0.00736201837560711
2021-11-01,14432,ITCI,INTRA CELLULAR THERAPIES INC,-0.0098941154303814
2021-11-01,19606,NUVB,NUVATION BIO INC,-0.008827927164619952
2021-11-01,92775,TREE,LENDINGTREE INC,-0.005821133849070264
2021-11-01,20415,JEF,JEFFERIES FINANCIAL GROUP INC,-0.019543131653618234
2021-11-01,21020,AAL,AMERICAN AIRLINES GROUP INC,-0.011649499836049158
2021-11-01,18480,TW,TRADEWEB MARKETS INC,-0.019543131653618234
2021-11-01,83443,BRKB,BERKSHIRE HATHAWAY INC DEL,-0.019543131653618234
2021-11-01,90978,SPWR,SUNPOWER CORP,-0.005589951468973851
2021-11-01,19599,QS,QUANTUMSCAPE CORP,-0.0046687999960647085
2021-11-01,15092,LC,LENDINGCLUB CORP,-0.0039645961943219135
2021-11-01,18361,PAYA,PAYA HOLDINGS INC,-0.007479737784416457
2021-11-01,80169,AGM,FEDERAL AGRICULTURAL MORT CORP,-0.019543131653618234
2021-11-01,89301,GME,GAMESTOP CORP NEW,-0.009510610254843989
2021-11-01,18184,FSR,FISKER INC,-0.00764079573689992
2021-11-01,12477,WD,WALKER & DUNLOP INC,-0.01897692917971926
2021-11-01,77660,CACC,CREDIT ACCEPTANCE CORP,-0.015053925422496915
2021-11-01,16966,SWCH,SWITCH INC,-0.019543131653618234
2021-11-01,87337,PLUG,PLUG POWER INC,-0.0055332333014975355
2021-11-01,13918,ARCT,ARCTURUS THERAPEUTICS HLDNGS INC,-0.0075331949886113265
2021-11-01,18558,GOEV,CANOO INC,-0.006268278717427323
2021-11-01,77699,FCEL,FUELCELL ENERGY INC,-0.004147772949388176
2021-11-01,19404,FOUR,SHIFT4 PAYMENTS INC,-0.005586149739625622
2021-11-01,82670,TGTX,T G THERAPEUTICS INC,-0.012176452705364552
2021-11-01,89002,ADS,ALLIANCE DATA SYSTEMS CORP,-0.009856671069989194
2021-11-01,15643,RUN,SUNRUN INC,-0.006526672764162912
2021-11-01,19893,FUBO,FUBOTV INC,-0.007763292509618993
2021-11-01,48506,MCO,MOODYS CORP,-0.01834230423513574
2021-11-01,19542,ALXO,ALX ONCOLOGY HOLDINGS INC,-0.007488688052258103
2021-11-01,89964,NNI,NELNET INC,-0.019543131653618234
2021-11-01,92108,BX,BLACKSTONE INC,-0.011668617719600597
2021-11-01,40125,DXC,D X C TECHNOLOGY CO,-0.014479671657750798
2021-11-01,91926,DAL,DELTA AIR LINES INC,-0.012068073696829282
2021-11-01,19357,SLQT,SELECTQUOTE INC,-0.010169975273988819
2021-11-01,21207,NEM,NEWMONT CORP,-0.015112825583957126
2021-11-01,84734,FBC,FLAGSTAR BANCORP INC,-0.00962007516289885
2021-11-01,15914,WKHS,WORKHORSE GROUP INC,-0.005824596978511471
2021-11-01,82779,NVAX,NOVAVAX INC,-0.004966478602242179
2021-11-01,15831,AXSM,AXSOME THERAPEUTICS INC,-0.004963913726329342
2021-11-01,18453,LAZR,LUMINAR TECHNOLOGIES INC,-0.011209738946751893
2021-11-01,19032,VIR,VIR BIOTECHNOLOGY INC,-0.004352731066968508
2021-11-01,77114,WRLD,WORLD ACCEPTANCE CORP,-0.0039645961943219135
2021-11-01,19388,DNMR,DANIMER SCIENTIFIC INC,-0.006405566465512711
2021-11-01,16924,DCPH,DECIPHERA PHARMACEUTICALS INC,-0.010234124568319866
2021-11-01,17787,EQH,EQUITABLE HOLDINGS INC,-0.019543131653618234
2021-11-01,19838,EVLV,EVOLV TECHNOLOGIES HOLDINGS INC,-0.0068087979736444195
2021-11-01,20172,CYXT,CYXTERA TECHNOLOGIES INC,-0.015729283173222215
2021-11-01,18457,MVST,MICROVAST HOLDINGS INC,-0.007426202637833036
2021-11-01,12591,APO,APOLLO GLOBAL MANAGEMENT INC,-0.009590222074083839
2021-11-01,19950,WE,WEWORK INC,-0.0039645961943219135
2021-11-01,19064,AVPT,AVEPOINT INC,-0.010403085754038466
2021-11-01,20295,CIFR,CIPHER MINING INC,-0.0039645961943219135
2021-11-01,20621,BGRY,BERKSHIRE GREY INC,-0.00453347052631394
2021-12-01,18011,SONO,SONOS INC,0.009358874818293936
2021-12-01,90177,ACAD,ACADIA PHARMACEUTICALS,0.004640851161717148
2021-12-01,89036,NTUS,NATUS MEDICAL INC,0.008818092608132147
2021-12-01,17799,INSP,INSPIRE MEDICAL SYSTEMS INC,0.009188676632375712
2021-12-01,85724,PRDO,PERDOCEO EDUCATION CORP,0.008814932092804827
2021-12-01,91186,VNDA,VANDA PHARMACEUTICALS INC,0.004640851161717148
2021-12-01,84413,CERS,CERUS CORP,0.005319963663918017
2021-12-01,41187,HE,HAWAIIAN ELECTRIC INDUSTRIES INC,0.013259823070866417
2021-12-01,13625,SSTK,SHUTTERSTOCK INC,0.010267806161760243
2021-12-01,52708,LEN,LENNAR CORP,0.013245429518912295
2021-12-01,91365,CSII,CARDIOVASCULAR SYSTEMS INC DEL,0.004646960826603014
2021-12-01,88167,HSTM,HEALTHSTREAM INC,0.01208710411054855
2021-12-01,75070,INT,WORLD FUEL SERVICES CORP,0.008254835706426617
2021-12-01,13318,YELP,YELP INC,0.009182559491660879
2021-12-01,62033,RAVN,RAVEN INDUSTRIES INC,0.017595795114402974
2021-12-01,11587,ATRI,ATRION CORP,0.01173113435188254
2021-12-01,72304,STAA,STAAR SURGICAL CO,0.009510264258338607
2021-12-01,54148,PHM,PULTE GROUP INC,0.012707362742480348
2021-12-01,88352,ISRG,INTUITIVE SURGICAL INC,0.013328910722096762
2021-12-01,86827,HSII,HEIDRICK & STRUGGLES INTL INC,0.011238126674205057
2021-12-01,14231,VEEV,VEEVA SYSTEMS INC,0.013463385171648537
2021-12-01,78876,CRY,CRYOLIFE INC,0.009649248170625383
2021-12-01,14688,AMPH,AMPHASTAR PHARMACEUTICALS INC,0.010148733794484477
2021-12-01,80054,MED,MEDIFAST INC,0.008599604938811511
2021-12-01,13777,AMSWA,AMERICAN SOFTWARE INC,0.004889580762424285
2021-12-01,14694,GPRO,GOPRO INC,0.006089801080186523
2021-12-01,91503,LMAT,LEMAITRE VASCULAR INC,0.010618492088959864
2021-12-01,14459,INGN,INOGEN INC,0.009202149524011069
2021-12-01,15046,NVRO,NEVRO CORP,0.007445557291195388
2021-12-01,79491,WINA,WINMARK CORP,0.009306534312389172
2021-12-01,65365,MYE,MYERS INDUSTRIES INC,0.01022769704699568
2021-12-01,92221,MELI,MERCADOLIBRE INC,0.006822488185946978
2021-12-01,47466,NYT,NEW YORK TIMES CO,0.008702833540714452
2021-12-01,89572,CEVA,CEVA INC,0.007157166213300013
2021-12-01,93264,IRWD,IRONWOOD PHARMACEUTICALS INC,0.011158930846067292
2021-12-01,76744,VRTX,VERTEX PHARMACEUTICALS INC,0.011854188836809661
2021-12-01,75285,MAN,MANPOWERGROUP,0.012496257263410342
2021-12-01,89031,AXON,AXON ENTERPRISE INC,0.007640058548350509
2021-12-01,19200,SDGR,SCHRODINGER INC,0.005573110584467492
2021-12-01,17944,TENB,TENABLE HOLDINGS INC,0.011594273917719597
2021-12-01,14554,TWOU,2 U INC,0.006380497374399013
2021-12-01,89781,MOH,MOLINA HEALTHCARE INC,0.010753409877461421
2021-12-01,88159,EXEL,EXELIXIS INC,0.006961252447443819
2021-12-01,77629,USPH,U S PHYSICAL THERAPY INC,0.008484906203057838
2021-12-01,17876,DOMO,DOMO INC,0.006669748783462815
2021-12-01,84385,NSP,INSPERITY INC,0.008169363797929763
2021-12-01,88446,ILMN,ILLUMINA INC,0.01752754553887395
2021-12-01,76128,VICR,VICOR CORP,0.012245072426810152
2021-12-01,20659,VZIO,VIZIO HOLDING CORP,0.004832865451177152
2021-12-01,17382,ZUO,ZUORA INC,0.009130469237329237
2021-12-01,30681,OMC,OMNICOM GROUP INC,0.017595795114402974
2021-12-01,48347,LZB,LA Z BOY INC,0.007709613462446425
2021-12-01,83534,NBIX,NEUROCRINE BIOSCIENCES INC,0.008897127998882993
2021-12-01,64961,NXGN,NEXTGEN HEALTHCARE INC,0.011931867959176239
2021-12-01,13316,VCRA,VOCERA COMMUNICATIONS INC,0.012322407555793127
2021-12-01,11775,JOUT,JOHNSON OUTDOORS INC,0.012584100378718268
2021-12-01,14359,XNCR,XENCOR INC,0.008592529370627041
2021-12-01,13407,FB,META PLATFORMS INC,0.011570560507442741
2021-12-01,16543,VREX,VAREX IMAGING CORP,0.006078202746142303
2021-12-01,63125,AGYS,AGILYSYS INC,0.00855945800046783
2021-12-01,88504,BRKR,BRUKER CORP,0.008919994641366166
2021-12-01,87432,A,AGILENT TECHNOLOGIES INC,0.013423168874825092
2021-12-01,75107,ABMD,ABIOMED INC,0.008891544639449689
2021-12-01,81116,VECO,VEECO INSTRUMENTS INC DEL,0.008477668721573458
2021-12-01,90319,GOOGL,ALPHABET INC,0.014448450976941472
2021-12-01,45306,IDCC,INTERDIGITAL INC,0.012187334682095121
2021-12-01,91463,CVLT,COMMVAULT SYSTEMS INC,0.011827007898340403
2021-12-01,14495,ATEN,A10 NETWORKS INC,0.004640851161717148
2021-12-01,17093,MCB,METROPOLITAN BANK HOLDING CORP,0.011778447448679286
2021-12-01,89828,UVSP,UNIVEST FINANCIAL CORP,0.00992108613767135
2021-12-01,12583,PCRX,PACIRA BIOSCIENCES INC,0.009796833887168009
2021-12-01,10909,CERN,CERNER CORP,0.014592575368117587
2021-12-01,90856,ATRC,ATRICURE INC,0.0058628140995652875
2021-12-01,90436,HALO,HALOZYME THERAPEUTICS INC,0.011213726625375989
2021-12-01,48653,HUM,HUMANA INC,0.017595795114402974
2021-12-01,53074,MLAB,MESA LABORATORIES INC,0.015814375271683112
2021-12-01,84761,TTWO,TAKE TWO INTERACTIVE SOFTWR INC,0.00933878605236417
2021-12-01,43481,SXI,STANDEX INTERNATIONAL CORP,0.012999692501817822
2021-12-01,14521,TNET,TRINET GROUP INC,0.012898699152516633
2021-12-01,14803,HQY,HEALTHEQUITY INC,0.007461423713090442
2021-12-01,84010,USNA,USANA HEALTH SCIENCES INC,0.017595795114402974
2021-12-01,86822,EXTR,EXTREME NETWORKS INC,0.006307094520461688
2021-12-01,79906,INCY,INCYTE CORP,0.007289163808131658
2021-12-01,14213,MMI,MARCUS & MILLICHAP INC,0.00805540800617978
2021-12-01,79248,THRM,GENTHERM INC,0.007970783602214124
2021-12-01,13543,GMED,GLOBUS MEDICAL INC,0.012726271222023399
2021-12-01,89179,ANTM,ANTHEM INC,0.016743320665165217
2021-12-01,20189,DASH,DOORDASH INC,0.004640851161717148
2021-12-01,11884,IPAR,INTERMEDIATE PARFUMS INC,0.011050424336925699
2021-12-01,89792,CVCO,CAVCO INDUSTRIES INC DEL,0.007805543045801961
2021-12-01,49373,HRB,BLOCK H & R INC,0.010113591836359037
2021-12-01,92506,GTS,TRIPLE S MANAGEMENT CORP,0.017595795114402974
2021-12-01,17889,KZR,KEZAR LIFE SCIENCES INC,0.004640851161717148
2021-12-01,76788,TVTY,TIVITY HEALTH INC,0.007398221901261585
2021-12-01,80791,ADTN,ADTRAN INC,0.00940274284032253
2021-12-01,88742,SHEN,SHENANDOAH TELECOM CO,0.012985586770596734
2021-12-01,82508,MYGN,MYRIAD GENETICS INC,0.008695505499296824
2021-12-01,19657,AMWL,AMERICAN WELL CORP,0.006516147386073312
2021-12-01,85738,MRCY,MERCURY SYSTEMS INC,0.012545376575222497
2021-12-01,92220,MASI,MASIMO CORP,0.010646631783779418
2021-12-01,20196,UPST,UPSTART HOLDINGS INC,-0.005417758811580663
2021-12-01,19312,UWMC,U W M HOLDINGS CORP,-0.0062916413468439
2021-12-01,19577,RKT,ROCKET COMPANIES INC,-0.013465909326083065
2021-12-01,15302,VIRT,VIRTU FINANCIAL INC,-0.01230956258697554
2021-12-01,20646,OSCR,OSCAR HEALTH INC,-0.0056517339401800345
2021-12-01,20599,SMRT,SMARTRENT INC,-0.005706707563443178
2021-12-01,20295,CIFR,CIPHER MINING INC,-0.004585103523851327
2021-12-01,20172,CYXT,CYXTERA TECHNOLOGIES INC,-0.01197154989531126
2021-12-01,19838,EVLV,EVOLV TECHNOLOGIES HOLDINGS INC,-0.004952442827150265
2021-12-01,18457,MVST,MICROVAST HOLDINGS INC,-0.008145073929656984
2021-12-01,76722,STFC,STATE AUTO FINANCIAL CORP,-0.019994187508812333
2021-12-01,13908,PFSI,PENNYMAC FINANCIAL SVCS INC NEW,-0.018625918371780778
2021-12-01,11990,KKR,K K R & CO INC,-0.014463557489418969
2021-12-01,19295,IRNT,IRONNET INC,-0.010105241930081959
2021-12-01,19224,AEVA,AEVA TECHNOLOGIES INC,-0.006901813728857986
2021-12-01,14601,NAVI,NAVIENT CORP,-0.01806399244073583
2021-12-01,17688,GSHD,GOOSEHEAD INSURANCE INC,-0.010182398440185873
2021-12-01,19835,ASTR,ASTRA SPACE INC,-0.005986133853627513
2021-12-01,20345,XM,QUALTRICS INTERNATIONAL INC,-0.014014019374628177
2021-12-01,18580,FSLY,FASTLY INC,-0.008209110666893627
2021-12-01,16382,COUP,COUPA SOFTWARE INC,-0.010240073457168354
2021-12-01,18852,BTRS,B T R S HOLDINGS INC,-0.00794451603297507
2021-12-01,19788,PLTR,PALANTIR TECHNOLOGIES INC,-0.010121158638021998
2021-12-01,20339,AFRM,AFFIRM HOLDINGS INC,-0.005375754956497062
2021-12-01,19950,WE,WEWORK INC,-0.009143401278300538
2021-12-01,18162,VLDR,VELODYNE LIDAR INC,-0.005897700658976342
2021-12-01,81593,COOP,MR COOPER GROUP INC,-0.019994187508812333
2021-12-01,14414,SC,SANTANDER CONSUMER USA HLDGS INC,-0.019994187508812333
2021-12-01,19497,LMND,LEMONADE INC,-0.007478382639473926
2021-12-01,14813,MARA,MARATHON DIGITAL HOLDINGS INC,-0.004254328608024789
2021-12-01,17907,NKLA,NIKOLA CORP,-0.0045083809498219244
2021-12-01,75175,MBI,M B I A INC,-0.011234865185828505
2021-12-01,15540,RILY,B RILEY FINANCIAL INC,-0.014733842334092273
2021-12-01,18312,MRNA,MODERNA INC,-0.004254328608024789
2021-12-01,19576,RXT,RACKSPACE TECHNOLOGY INC,-0.008577519237362002
2021-12-01,19454,ETWO,E2OPEN PARENT HOLDINGS INC,-0.010054318442019294
2021-12-01,20621,BGRY,BERKSHIRE GREY INC,-0.005120642847806277
2021-12-01,20330,LTCH,LATCH INC,-0.008708199288049962
2021-12-01,12591,APO,APOLLO GLOBAL MANAGEMENT INC,-0.019994187508812333
2021-12-01,57913,VXRT,VAXART INC,-0.01042093427477283
2021-12-01,91611,FSLR,FIRST SOLAR INC,-0.01385810372047329
2021-12-01,14617,ARES,ARES MANAGEMENT CORP,-0.019994187508812333
2021-12-01,17036,CNNE,CANNAE HOLDINGS INC,-0.013708442914270272
2021-12-01,18937,CHPT,CHARGEPOINT HOLDINGS INC,-0.007462066158154203
2021-12-01,16964,SPCE,VIRGIN GALACTIC HOLDINGS INC,-0.013143764386370172
2021-12-01,83443,BRKB,BERKSHIRE HATHAWAY INC DEL,-0.019994187508812333
2021-12-01,19058,SI,SILVERGATE CAPITAL CORP,-0.004257151059495707
2021-12-01,19605,OSH,OAK STREET HEALTH INC,-0.005637247842365951
2021-12-01,86211,MSTR,MICROSTRATEGY INC,-0.008479022394752773
2021-12-01,14432,ITCI,INTRA CELLULAR THERAPIES INC,-0.012580515718896434
2021-12-01,91103,UAL,UNITED AIRLINES HOLDINGS INC,-0.010189187047187463
2021-12-01,88518,APPS,DIGITAL TURBINE INC,-0.006798732675185607
2021-12-01,77660,CACC,CREDIT ACCEPTANCE CORP,-0.01043911914840438
2021-12-01,18835,DKNG,DRAFTKINGS INC,-0.012221950720859884
2021-12-01,19606,NUVB,NUVATION BIO INC,-0.006191209705686443
2021-12-01,18480,TW,TRADEWEB MARKETS INC,-0.019994187508812333
2021-12-01,92213,RIOT,RIOT BLOCKCHAIN INC,-0.004254328608024789
2021-12-01,19064,AVPT,AVEPOINT INC,-0.010907215398333496
2021-12-01,18184,FSR,FISKER INC,-0.0054149618409864726
2021-12-01,92108,BX,BLACKSTONE INC,-0.013627102236834917
2021-12-01,83885,MVIS,MICROVISION INC WA,-0.007705887063028009
2021-12-01,13918,ARCT,ARCTURUS THERAPEUTICS HLDNGS INC,-0.005574936825093061
2021-12-01,90978,SPWR,SUNPOWER CORP,-0.01285089360347671
2021-12-01,89301,GME,GAMESTOP CORP NEW,-0.006087995600870139
2021-12-01,19404,FOUR,SHIFT4 PAYMENTS INC,-0.005884338980775312
2021-12-01,12477,WD,WALKER & DUNLOP INC,-0.013709202215429902
2021-12-01,87337,PLUG,PLUG POWER INC,-0.006839007829097443
2021-12-01,21020,AAL,AMERICAN AIRLINES GROUP INC,-0.010619642377579433
2021-12-01,89002,ADS,ALLIANCE DATA SYSTEMS CORP,-0.010816880132490067
2021-12-01,20415,JEF,JEFFERIES FINANCIAL GROUP INC,-0.019994187508812333
2021-12-01,92775,TREE,LENDINGTREE INC,-0.015229261752706415
2021-12-01,82779,NVAX,NOVAVAX INC,-0.004454858370072377
2021-12-01,77699,FCEL,FUELCELL ENERGY INC,-0.004410896209271545
2021-12-01,16966,SWCH,SWITCH INC,-0.009619822434782292
2021-12-01,18361,PAYA,PAYA HOLDINGS INC,-0.007983978983257778
2021-12-01,18558,GOEV,CANOO INC,-0.004390397757764052
2021-12-01,77114,WRLD,WORLD ACCEPTANCE CORP,-0.0069492191298236765
2021-12-01,80169,AGM,FEDERAL AGRICULTURAL MORT CORP,-0.014056733790847693
2021-12-01,19893,FUBO,FUBOTV INC,-0.005279690742762361
2021-12-01,15831,AXSM,AXSOME THERAPEUTICS INC,-0.007966060933545424
2021-12-01,15643,RUN,SUNRUN INC,-0.009773671251251876
2021-12-01,21207,NEM,NEWMONT CORP,-0.019994187508812333
2021-12-01,82670,TGTX,T G THERAPEUTICS INC,-0.004254328608024789
2021-12-01,89964,NNI,NELNET INC,-0.019994187508812333
2021-12-01,48506,MCO,MOODYS CORP,-0.019994187508789535
2021-12-01,19542,ALXO,ALX ONCOLOGY HOLDINGS INC,-0.004924889897975851
2021-12-01,84734,FBC,FLAGSTAR BANCORP INC,-0.019994187508812333
2021-12-01,15914,WKHS,WORKHORSE GROUP INC,-0.007100729068334209
2021-12-01,19032,VIR,VIR BIOTECHNOLOGY INC,-0.004870098653714619
2021-12-01,19357,SLQT,SELECTQUOTE INC,-0.006450213352830874
2021-12-01,19599,QS,QUANTUMSCAPE CORP,-0.004420065616190505
2021-12-01,40125,DXC,D X C TECHNOLOGY CO,-0.016079883026833153
2021-12-01,19388,DNMR,DANIMER SCIENTIFIC INC,-0.004254328608024789
2021-12-01,20892,COIN,COINBASE GLOBAL INC,-0.009208695768882247
2021-12-01,14136,RNG,RINGCENTRAL INC,-0.005899508106050164
2021-12-01,20726,STRC,SARCOS TECH & ROBOTICS CORP,-0.0051689865468763545
2021-12-01,20717,EMBK,EMBARK TECHNOLOGY INC,-0.006817377985048759
2021-12-01,20894,APP,APPLOVIN CORP,-0.005598242799118566
2021-12-01,20452,ENVX,ENOVIX CORP,-0.006759018173358662
2021-12-01,20893,AGL,AGILON HEALTH INC,-0.015481244077777245
2022-01-01,85724,PRDO,PERDOCEO EDUCATION CORP,0.010235315321372895
2022-01-01,91186,VNDA,VANDA PHARMACEUTICALS INC,0.007076640801492271
2022-01-01,92506,GTS,TRIPLE S MANAGEMENT CORP,0.015081226651227004
2022-01-01,14688,AMPH,AMPHASTAR PHARMACEUTICALS INC,0.013943728629723562
2022-01-01,89036,NTUS,NATUS MEDICAL INC,0.005730465227127816
2022-01-01,88167,HSTM,HEALTHSTREAM INC,0.012196943039392045
2022-01-01,86827,HSII,HEIDRICK & STRUGGLES INTL INC,0.01041970659124582
2022-01-01,79491,WINA,WINMARK CORP,0.009920251030621333
2022-01-01,13318,YELP,YELP INC,0.008431117748325202
2022-01-01,13777,AMSWA,AMERICAN SOFTWARE INC,0.011074422662019207
2022-01-01,72304,STAA,STAAR SURGICAL CO,0.005326165991689501
2022-01-01,13625,SSTK,SHUTTERSTOCK INC,0.006336476946502278
2022-01-01,14231,VEEV,VEEVA SYSTEMS INC,0.006739562652225227
2022-01-01,88352,ISRG,INTUITIVE SURGICAL INC,0.008294930756074247
2022-01-01,11587,ATRI,ATRION CORP,0.005568677999841473
2022-01-01,18011,SONO,SONOS INC,0.007666410279949761
2022-01-01,88742,SHEN,SHENANDOAH TELECOM CO,0.009362270331050675
2022-01-01,52708,LEN,LENNAR CORP,0.008329742105212267
2022-01-01,89572,CEVA,CEVA INC,0.006520586040832398
2022-01-01,47466,NYT,NEW YORK TIMES CO,0.011114659580997355
2022-01-01,80054,MED,MEDIFAST INC,0.006626197591232394
2022-01-01,41187,HE,HAWAIIAN ELECTRIC INDUSTRIES INC,0.01230906827612696
2022-01-01,65365,MYE,MYERS INDUSTRIES INC,0.01007566459922711
2022-01-01,17799,INSP,INSPIRE MEDICAL SYSTEMS INC,0.004940305867769359
2022-01-01,54148,PHM,PULTE GROUP INC,0.008179198750645378
2022-01-01,11775,JOUT,JOHNSON OUTDOORS INC,0.0076462827874062625
2022-01-01,92220,MASI,MASIMO CORP,0.010378645443698504
2022-01-01,91365,CSII,CARDIOVASCULAR SYSTEMS INC DEL,0.007054832200569907
2022-01-01,45306,IDCC,INTERDIGITAL INC,0.009741968252770877
2022-01-01,53074,MLAB,MESA LABORATORIES INC,0.01272275830243287
2022-01-01,76744,VRTX,VERTEX PHARMACEUTICALS INC,0.008351869823624675
2022-01-01,75070,INT,WORLD FUEL SERVICES CORP,0.007069168064121924
2022-01-01,88504,BRKR,BRUKER CORP,0.010423938456692957
2022-01-01,89781,MOH,MOLINA HEALTHCARE INC,0.010666209334639043
2022-01-01,88159,EXEL,EXELIXIS INC,0.00819595667494312
2022-01-01,93264,IRWD,IRONWOOD PHARMACEUTICALS INC,0.01079107816502861
2022-01-01,84385,NSP,INSPERITY INC,0.009712644396749898
2022-01-01,14694,GPRO,GOPRO INC,0.009280115718240719
2022-01-01,14213,MMI,MARCUS & MILLICHAP INC,0.008303671473461912
2022-01-01,76788,TVTY,TIVITY HEALTH INC,0.007947358024786681
2022-01-01,87432,A,AGILENT TECHNOLOGIES INC,0.01228324472706738
2022-01-01,13407,FB,META PLATFORMS INC,0.008726257851790938
2022-01-01,78876,CRY,CRYOLIFE INC,0.007256508902512749
2022-01-01,91463,CVLT,COMMVAULT SYSTEMS INC,0.010213472634859935
2022-01-01,63125,AGYS,AGILYSYS INC,0.005433634830476647
2022-01-01,14495,ATEN,A10 NETWORKS INC,0.005308566528655065
2022-01-01,84413,CERS,CERUS CORP,0.004928829653112082
2022-01-01,90319,GOOGL,ALPHABET INC,0.014175555013012276
2022-01-01,14459,INGN,INOGEN INC,0.006828834040301841
2022-01-01,75285,MAN,MANPOWERGROUP,0.010995020313123872
2022-01-01,80791,ADTN,ADTRAN INC,0.008908450490074014
2022-01-01,75107,ABMD,ABIOMED INC,0.007319036372780502
2022-01-01,48347,LZB,LA Z BOY INC,0.009276063686408235
2022-01-01,90177,ACAD,ACADIA PHARMACEUTICALS,0.004928829653112082
2022-01-01,11884,IPAR,INTERMEDIATE PARFUMS INC,0.00997757181991815
2022-01-01,91503,LMAT,LEMAITRE VASCULAR INC,0.007040925095875403
2022-01-01,14521,TNET,TRINET GROUP INC,0.007848669347799436
2022-01-01,48653,HUM,HUMANA INC,0.015081226651227004
2022-01-01,89179,ANTM,ANTHEM INC,0.01505582602786265
2022-01-01,83534,NBIX,NEUROCRINE BIOSCIENCES INC,0.009944877319217525
2022-01-01,89792,CVCO,CAVCO INDUSTRIES INC DEL,0.007319408521750176
2022-01-01,79906,INCY,INCYTE CORP,0.00904586255710552
2022-01-01,84010,USNA,USANA HEALTH SCIENCES INC,0.015081226651227004
2022-01-01,77629,USPH,U S PHYSICAL THERAPY INC,0.006762537547910029
2022-01-01,30681,OMC,OMNICOM GROUP INC,0.01328907761196402
2022-01-01,76128,VICR,VICOR CORP,0.00496369816187179
2022-01-01,64961,NXGN,NEXTGEN HEALTHCARE INC,0.010491137743300755
2022-01-01,88446,ILMN,ILLUMINA INC,0.008970288677993645
2022-01-01,89031,AXON,AXON ENTERPRISE INC,0.005914165670352115
2022-01-01,89828,UVSP,UNIVEST FINANCIAL CORP,0.012472809751469935
2022-01-01,90856,ATRC,ATRICURE INC,0.005385860425664989
2022-01-01,81116,VECO,VEECO INSTRUMENTS INC DEL,0.010298229157037144
2022-01-01,82508,MYGN,MYRIAD GENETICS INC,0.004959068125252133
2022-01-01,16543,VREX,VAREX IMAGING CORP,0.008376549299960014
2022-01-01,13543,GMED,GLOBUS MEDICAL INC,0.008230426817359075
2022-01-01,49373,HRB,BLOCK H & R INC,0.009861993129409585
2022-01-01,43481,SXI,STANDEX INTERNATIONAL CORP,0.01268046894599684
2022-01-01,10909,CERN,CERNER CORP,0.006287100908995367
2022-01-01,84761,TTWO,TAKE TWO INTERACTIVE SOFTWR INC,0.011745208039692371
2022-01-01,92221,MELI,MERCADOLIBRE INC,0.004958866980035555
2022-01-01,90436,HALO,HALOZYME THERAPEUTICS INC,0.0052638710013157
2022-01-01,17876,DOMO,DOMO INC,0.004928829653112082
2022-01-01,13316,VCRA,VOCERA COMMUNICATIONS INC,0.00841928444126457
2022-01-01,21125,ZIP,ZIPRECRUITER INC,0.00566497539178174
2022-01-01,86048,HCKT,HACKETT GROUP INC,0.015081226651227004
2022-01-01,90081,CUTR,CUTERA INC,0.004928829653112082
2022-01-01,18311,LEGH,LEGACY HOUSING CORP,0.007431308914019735
2022-01-01,76839,FIZZ,NATIONAL BEVERAGE CORP,0.011896905668476008
2022-01-01,13890,ECOM,CHANNELADVISOR CORP,0.00680536964625764
2022-01-01,14456,EGRX,EAGLE PHARMACEUTICALS INC,0.005467555556854757
2022-01-01,77637,FC,FRANKLIN COVEY CO,0.00808058794888173
2022-01-01,34948,OXM,OXFORD INDUSTRIES INC,0.007226031628747574
2022-01-01,85889,SRDX,SURMODICS INC,0.01021436306303804
2022-01-01,87006,UTHR,UNITED THERAPEUTICS CORP,0.012553464542731483
2022-01-01,18725,RVLV,REVOLVE GROUP INC,0.004928829653112082
2022-01-01,77165,JBSS,SANFILIPPO JOHN B & SON,0.015081226651227004
2022-01-01,80034,SHOO,MADDEN STEVEN LTD,0.008630467512170907
2022-01-01,55993,NSSC,NAPCO SECURITY TECHNOLOGIES INC,0.009041237518734794
2022-01-01,53604,GRC,GORMAN RUPP CO,0.009437734849855108
2022-01-01,76752,PRGS,PROGRESS SOFTWARE CORP,0.009437832351127834
2022-01-01,20196,UPST,UPSTART HOLDINGS INC,-0.005353430470253129
2022-01-01,19577,RKT,ROCKET COMPANIES INC,-0.014775237567150176
2022-01-01,15302,VIRT,VIRTU FINANCIAL INC,-0.019635935648552528
2022-01-01,20172,CYXT,CYXTERA TECHNOLOGIES INC,-0.018099950808907493
2022-01-01,18457,MVST,MICROVAST HOLDINGS INC,-0.00922674786675484
2022-01-01,20646,OSCR,OSCAR HEALTH INC,-0.00518823738984171
2022-01-01,20599,SMRT,SMARTRENT INC,-0.008553407717816562
2022-01-01,20726,STRC,SARCOS TECH & ROBOTICS CORP,-0.00789454054579044
2022-01-01,20345,XM,QUALTRICS INTERNATIONAL INC,-0.013765053154785939
2022-01-01,19835,ASTR,ASTRA SPACE INC,-0.007224861976428579
2022-01-01,76722,STFC,STATE AUTO FINANCIAL CORP,-0.022221368988566494
2022-01-01,17907,NKLA,NIKOLA CORP,-0.006394125400416649
2022-01-01,20717,EMBK,EMBARK TECHNOLOGY INC,-0.006453451306694853
2022-01-01,19224,AEVA,AEVA TECHNOLOGIES INC,-0.008081666855741331
2022-01-01,14136,RNG,RINGCENTRAL INC,-0.009147677404502307
2022-01-01,20452,ENVX,ENOVIX CORP,-0.006348280033884836
2022-01-01,18580,FSLY,FASTLY INC,-0.007252530204272034
2022-01-01,19950,WE,WEWORK INC,-0.00813289182689196
2022-01-01,13908,PFSI,PENNYMAC FINANCIAL SVCS INC NEW,-0.022221368988566494
2022-01-01,17688,GSHD,GOOSEHEAD INSURANCE INC,-0.009178597384251858
2022-01-01,14617,ARES,ARES MANAGEMENT CORP,-0.016572941495389515
2022-01-01,16382,COUP,COUPA SOFTWARE INC,-0.011716962227854797
2022-01-01,14601,NAVI,NAVIENT CORP,-0.015697135319916428
2022-01-01,20893,AGL,AGILON HEALTH INC,-0.010314225216756111
2022-01-01,75175,MBI,M B I A INC,-0.007800158064552256
2022-01-01,57913,VXRT,VAXART INC,-0.0065732270446961305
2022-01-01,81593,COOP,MR COOPER GROUP INC,-0.02149929727362028
2022-01-01,19497,LMND,LEMONADE INC,-0.006839431932733854
2022-01-01,14813,MARA,MARATHON DIGITAL HOLDINGS INC,-0.005417310692586974
2022-01-01,18937,CHPT,CHARGEPOINT HOLDINGS INC,-0.00847016060225307
2022-01-01,19605,OSH,OAK STREET HEALTH INC,-0.008863277705674914
2022-01-01,17036,CNNE,CANNAE HOLDINGS INC,-0.014658459953334748
2022-01-01,20621,BGRY,BERKSHIRE GREY INC,-0.00518823738984171
2022-01-01,91103,UAL,UNITED AIRLINES HOLDINGS INC,-0.00955428449130475
2022-01-01,20339,AFRM,AFFIRM HOLDINGS INC,-0.00679362637904394
2022-01-01,20894,APP,APPLOVIN CORP,-0.009832005844841
2022-01-01,14432,ITCI,INTRA CELLULAR THERAPIES INC,-0.007172606447527911
2022-01-01,19576,RXT,RACKSPACE TECHNOLOGY INC,-0.013593594278539869
2022-01-01,18852,BTRS,B T R S HOLDINGS INC,-0.00866861800252855
2022-01-01,89301,GME,GAMESTOP CORP NEW,-0.00664737413142749
2022-01-01,16964,SPCE,VIRGIN GALACTIC HOLDINGS INC,-0.009577596583073819
2022-01-01,18312,MRNA,MODERNA INC,-0.007068112568579922
2022-01-01,19788,PLTR,PALANTIR TECHNOLOGIES INC,-0.011905112573685811
2022-01-01,20330,LTCH,LATCH INC,-0.0067271286274795455
2022-01-01,18835,DKNG,DRAFTKINGS INC,-0.0066072034372749505
2022-01-01,18184,FSR,FISKER INC,-0.009583429192840316
2022-01-01,86211,MSTR,MICROSTRATEGY INC,-0.009005602366108987
2022-01-01,11990,KKR,K K R & CO INC,-0.01656632088902498
2022-01-01,19404,FOUR,SHIFT4 PAYMENTS INC,-0.008288357336800778
2022-01-01,14414,SC,SANTANDER CONSUMER USA HLDGS INC,-0.022221368988566494
2022-01-01,20892,COIN,COINBASE GLOBAL INC,-0.00824711485727983
2022-01-01,19454,ETWO,E2OPEN PARENT HOLDINGS INC,-0.012251626525980441
2022-01-01,91611,FSLR,FIRST SOLAR INC,-0.014209066250259491
2022-01-01,21020,AAL,AMERICAN AIRLINES GROUP INC,-0.00991028712897619
2022-01-01,13918,ARCT,ARCTURUS THERAPEUTICS HLDNGS INC,-0.005200016366456083
2022-01-01,19606,NUVB,NUVATION BIO INC,-0.008841639635537414
2022-01-01,15540,RILY,B RILEY FINANCIAL INC,-0.017183737581887643
2022-01-01,21207,NEM,NEWMONT CORP,-0.015418953356954536
2022-01-01,12591,APO,APOLLO GLOBAL MANAGEMENT INC,-0.021343621808563164
2022-01-01,83443,BRKB,BERKSHIRE HATHAWAY INC DEL,-0.022221368988566494
2022-01-01,77699,FCEL,FUELCELL ENERGY INC,-0.006996815940298728
2022-01-01,18480,TW,TRADEWEB MARKETS INC,-0.022221368988566494
2022-01-01,87337,PLUG,PLUG POWER INC,-0.008346752171559814
2022-01-01,16966,SWCH,SWITCH INC,-0.019198134591459734
2022-01-01,88518,APPS,DIGITAL TURBINE INC,-0.007995012908480018
2022-01-01,92213,RIOT,RIOT BLOCKCHAIN INC,-0.006510739363490386
2022-01-01,82779,NVAX,NOVAVAX INC,-0.00518823738984171
2022-01-01,92775,TREE,LENDINGTREE INC,-0.009068114638590715
2022-01-01,90978,SPWR,SUNPOWER CORP,-0.008429081514557917
2022-01-01,84734,FBC,FLAGSTAR BANCORP INC,-0.021183728525268706
2022-01-01,19058,SI,SILVERGATE CAPITAL CORP,-0.006186231203394164
2022-01-01,15643,RUN,SUNRUN INC,-0.006295609931336228
2022-01-01,77114,WRLD,WORLD ACCEPTANCE CORP,-0.012263344266202836
2022-01-01,19893,FUBO,FUBOTV INC,-0.007447695236865612
2022-01-01,83885,MVIS,MICROVISION INC WA,-0.007510705631967808
2022-01-01,19032,VIR,VIR BIOTECHNOLOGY INC,-0.005694210208116814
2022-01-01,15831,AXSM,AXSOME THERAPEUTICS INC,-0.009720050804241556
2022-01-01,19064,AVPT,AVEPOINT INC,-0.010968661097861467
2022-01-01,92108,BX,BLACKSTONE INC,-0.013427833526457442
2022-01-01,40125,DXC,D X C TECHNOLOGY CO,-0.019208041463442852
2022-01-01,18558,GOEV,CANOO INC,-0.008730687334965433
2022-01-01,77660,CACC,CREDIT ACCEPTANCE CORP,-0.022221368988566494
2022-01-01,12477,WD,WALKER & DUNLOP INC,-0.01840333772747907
2022-01-01,82670,TGTX,T G THERAPEUTICS INC,-0.0065852920701385
2022-01-01,19357,SLQT,SELECTQUOTE INC,-0.010931312543468292
2022-01-01,89964,NNI,NELNET INC,-0.022221368988566494
2022-01-01,20415,JEF,JEFFERIES FINANCIAL GROUP INC,-0.01878847653196528
2022-01-01,20067,SOFI,SOFI TECHNOLOGIES INC,-0.008199888053021168
2022-01-01,20269,OWL,BLUE OWL CAPITAL INC,-0.019972942087125346
2022-01-01,18940,PTON,PELOTON INTERACTIVE INC,-0.006494074057616939
2022-01-01,91498,EHTH,EHEALTH INC,-0.007595359097290924
2022-01-01,20381,NVTS,NAVITAS SEMICONDUCTOR CORP,-0.007435076674008496
2022-01-01,18840,CELU,CELULARITY INC,-0.008409378632624292
2022-01-01,20153,HLMN,HILLMAN SOLUTIONS CORP,-0.02061178001337021
2022-01-01,16649,OKTA,OKTA INC,-0.008797287153915019
2022-01-01,20902,SWIM,LATHAM GROUP INC,-0.008913786394547686
2022-01-01,87759,WULF,TERAWULF INC,-0.00518823738984171
2022-01-01,19084,BILL,BILL COM HOLDINGS INC,-0.008087429244071461
2022-01-01,20919,PL,PLANET LABS P B C,-0.00518823738984171
2022-01-01,19593,MIR,MIRION TECHNOLOGIES INC,-0.015032798555507714
2022-02-01,21125,ZIP,ZIPRECRUITER INC,0.006001850276319331
2022-02-01,85724,PRDO,PERDOCEO EDUCATION CORP,0.010383335094822258
2022-02-01,88167,HSTM,HEALTHSTREAM INC,0.012826773008439365
2022-02-01,13318,YELP,YELP INC,0.008992608396852694
2022-02-01,79491,WINA,WINMARK CORP,0.0106246871485663
2022-02-01,13777,AMSWA,AMERICAN SOFTWARE INC,0.01076108524759572
2022-02-01,63125,AGYS,AGILYSYS INC,0.008353131221469407
2022-02-01,89036,NTUS,NATUS MEDICAL INC,0.01316400467272149
2022-02-01,86048,HCKT,HACKETT GROUP INC,0.015285934333460814
2022-02-01,18311,LEGH,LEGACY HOUSING CORP,0.011557318850948644
2022-02-01,14688,AMPH,AMPHASTAR PHARMACEUTICALS INC,0.006270686269047758
2022-02-01,11884,IPAR,INTERMEDIATE PARFUMS INC,0.0121779744567185
2022-02-01,14495,ATEN,A10 NETWORKS INC,0.012001865387591642
2022-02-01,92506,GTS,TRIPLE S MANAGEMENT CORP,0.016165494333568304
2022-02-01,86827,HSII,HEIDRICK & STRUGGLES INTL INC,0.011660707547228628
2022-02-01,14213,MMI,MARCUS & MILLICHAP INC,0.011536419078641249
2022-02-01,13890,ECOM,CHANNELADVISOR CORP,0.009173260424917604
2022-02-01,91186,VNDA,VANDA PHARMACEUTICALS INC,0.007861924706156544
2022-02-01,11587,ATRI,ATRION CORP,0.009186278064503369
2022-02-01,64961,NXGN,NEXTGEN HEALTHCARE INC,0.012687419612742662
2022-02-01,85889,SRDX,SURMODICS INC,0.009320660102162134
2022-02-01,88352,ISRG,INTUITIVE SURGICAL INC,0.008355867031187195
2022-02-01,45306,IDCC,INTERDIGITAL INC,0.013414508990813877
2022-02-01,14231,VEEV,VEEVA SYSTEMS INC,0.007765669886277751
2022-02-01,77165,JBSS,SANFILIPPO JOHN B & SON,0.016015626809291562
2022-02-01,53604,GRC,GORMAN RUPP CO,0.014848383551807393
2022-02-01,75070,INT,WORLD FUEL SERVICES CORP,0.01262945962487308
2022-02-01,88504,BRKR,BRUKER CORP,0.01049334350606514
2022-02-01,76839,FIZZ,NATIONAL BEVERAGE CORP,0.010762809708108641
2022-02-01,11775,JOUT,JOHNSON OUTDOORS INC,0.01012475950021464
2022-02-01,89572,CEVA,CEVA INC,0.005659027054525977
2022-02-01,80034,SHOO,MADDEN STEVEN LTD,0.008573836143343134
2022-02-01,34948,OXM,OXFORD INDUSTRIES INC,0.00956583924305128
2022-02-01,92220,MASI,MASIMO CORP,0.007108327947114719
2022-02-01,55993,NSSC,NAPCO SECURITY TECHNOLOGIES INC,0.009456916236645838
2022-02-01,91463,CVLT,COMMVAULT SYSTEMS INC,0.014256712092977948
2022-02-01,72304,STAA,STAAR SURGICAL CO,0.005762758893181329
2022-02-01,87006,UTHR,UNITED THERAPEUTICS CORP,0.009757619920381051
2022-02-01,14456,EGRX,EAGLE PHARMACEUTICALS INC,0.009403880407391206
2022-02-01,84010,USNA,USANA HEALTH SCIENCES INC,0.016165494333568304
2022-02-01,47466,NYT,NEW YORK TIMES CO,0.006770967442680242
2022-02-01,13625,SSTK,SHUTTERSTOCK INC,0.008235102304828372
2022-02-01,88742,SHEN,SHENANDOAH TELECOM CO,0.01074442612709549
2022-02-01,89781,MOH,MOLINA HEALTHCARE INC,0.011016506598946993
2022-02-01,18725,RVLV,REVOLVE GROUP INC,0.005652163105368912
2022-02-01,80054,MED,MEDIFAST INC,0.007705773106458215
2022-02-01,52708,LEN,LENNAR CORP,0.007626972421546492
2022-02-01,90319,GOOGL,ALPHABET INC,0.01213965818056105
2022-02-01,65365,MYE,MYERS INDUSTRIES INC,0.014887094879712532
2022-02-01,89179,ANTM,ANTHEM INC,0.012490121244768964
2022-02-01,76744,VRTX,VERTEX PHARMACEUTICALS INC,0.013188005556915364
2022-02-01,13407,FB,META PLATFORMS INC,0.00981494539222077
2022-02-01,87432,A,AGILENT TECHNOLOGIES INC,0.012161620428647088
2022-02-01,76752,PRGS,PROGRESS SOFTWARE CORP,0.01003141048879823
2022-02-01,84385,NSP,INSPERITY INC,0.011027954332287414
2022-02-01,54148,PHM,PULTE GROUP INC,0.008054877711797748
2022-02-01,88159,EXEL,EXELIXIS INC,0.007881712715004922
2022-02-01,89792,CVCO,CAVCO INDUSTRIES INC DEL,0.007407461794114268
2022-02-01,90081,CUTR,CUTERA INC,0.006985822048392459
2022-02-01,76788,TVTY,TIVITY HEALTH INC,0.011939692758102442
2022-02-01,53074,MLAB,MESA LABORATORIES INC,0.011664640298685
2022-02-01,75107,ABMD,ABIOMED INC,0.006390107671311389
2022-02-01,14521,TNET,TRINET GROUP INC,0.01147655270373966
2022-02-01,41187,HE,HAWAIIAN ELECTRIC INDUSTRIES INC,0.016165494333568304
2022-02-01,14694,GPRO,GOPRO INC,0.009089852996310724
2022-02-01,13543,GMED,GLOBUS MEDICAL INC,0.010409745045414464
2022-02-01,77637,FC,FRANKLIN COVEY CO,0.006524166619012667
2022-02-01,93264,IRWD,IRONWOOD PHARMACEUTICALS INC,0.009076154435675972
2022-02-01,90436,HALO,HALOZYME THERAPEUTICS INC,0.008090639753236338
2022-02-01,75285,MAN,MANPOWERGROUP,0.013168043654791555
2022-02-01,79906,INCY,INCYTE CORP,0.01330578239398043
2022-02-01,48653,HUM,HUMANA INC,0.005652163105368912
2022-02-01,10909,CERN,CERNER CORP,0.016165494333568304
2022-02-01,91503,LMAT,LEMAITRE VASCULAR INC,0.011007055731697066
2022-02-01,30681,OMC,OMNICOM GROUP INC,0.014771295723231876
2022-02-01,80791,ADTN,ADTRAN INC,0.00751215541634873
2022-02-01,78756,OFIX,ORTHOFIX MEDICAL INC,0.009451993945149924
2022-02-01,88417,ACLS,AXCELIS TECHNOLOGIES INC,0.005652163105368912
2022-02-01,76721,CRVL,CORVEL CORP,0.008224197620574226
2022-02-01,79611,MOV,MOVADO GROUP INC,0.011407945423058013
2022-02-01,91606,CPRX,CATALYST PHARMACEUTICALS INC,0.008243513125065565
2022-02-01,19827,ETAC,E MERGE TECHNOLOGY ACQ CORP,0.016165494333568304
2022-02-01,21559,INTA,INTAPP INC,0.005652163105368912
2022-02-01,13935,NRC,NATIONAL RESEARCH CORP,0.00933030193670935
2022-02-01,90071,NRG,N R G ENERGY INC,0.014776399420786117
2022-02-01,21614,DUOL,DUOLINGO INC,0.005652163105368912
2022-02-01,87812,SLAB,SILICON LABORATORIES INC,0.00716683251984855
2022-02-01,77354,SCHL,SCHOLASTIC CORP,0.014035258838385044
2022-02-01,19938,ALGM,ALLEGRO MICROSYSTEMS INC,0.006527614987664876
2022-02-01,90423,INVA,THERAVANCE INC,0.013680797335906495
2022-02-01,92588,HCCI,HERITAGE CRYSTAL CLEAN INC,0.012744489335271201
2022-02-01,16260,MEDP,MEDPACE HOLDINGS INC,0.007468518470187556
2022-02-01,87725,IIIN,INSTEEL INDUSTRIES INC,0.010161353595443911
2022-02-01,16967,CARG,CARGURUS INC,0.007403233411701391
2022-02-01,89110,OMCL,OMNICELL INC,0.010723578411807442
2022-02-01,85992,MANH,MANHATTAN ASSOCIATES INC,0.008917861863413758
2022-02-01,50948,SMTC,SEMTECH CORP,0.007129230497000845
2022-02-01,41241,HWKN,HAWKINS INC,0.012780394656150289
2022-02-01,65700,USLM,UNITED STATES LIME MINERALS INC,0.014703462390113399
2022-02-01,79037,ETD,ETHAN ALLEN INTERIORS INC,0.009317268155802496
2022-02-01,20196,UPST,UPSTART HOLDINGS INC,-0.005722054674676367
2022-02-01,19577,RKT,ROCKET COMPANIES INC,-0.014018299204210665
2022-02-01,20172,CYXT,CYXTERA TECHNOLOGIES INC,-0.011376340662981281
2022-02-01,20269,OWL,BLUE OWL CAPITAL INC,-0.016627762571080965
2022-02-01,20067,SOFI,SOFI TECHNOLOGIES INC,-0.005440130181015997
2022-02-01,20726,STRC,SARCOS TECH & ROBOTICS CORP,-0.0073519016206125744
2022-02-01,18940,PTON,PELOTON INTERACTIVE INC,-0.004961915697707328
2022-02-01,18457,MVST,MICROVAST HOLDINGS INC,-0.008901247985045319
2022-02-01,17907,NKLA,NIKOLA CORP,-0.00618659124761298
2022-02-01,20599,SMRT,SMARTRENT INC,-0.006293366737429764
2022-02-01,20381,NVTS,NAVITAS SEMICONDUCTOR CORP,-0.007382790845686478
2022-02-01,20345,XM,QUALTRICS INTERNATIONAL INC,-0.00812155020239386
2022-02-01,20646,OSCR,OSCAR HEALTH INC,-0.0070698537911970715
2022-02-01,19950,WE,WEWORK INC,-0.007673274517693732
2022-02-01,91498,EHTH,EHEALTH INC,-0.00633480395398912
2022-02-01,15302,VIRT,VIRTU FINANCIAL INC,-0.019406757568816015
2022-02-01,89301,GME,GAMESTOP CORP NEW,-0.005995262115532526
2022-02-01,16649,OKTA,OKTA INC,-0.008646463487199598
2022-02-01,19593,MIR,MIRION TECHNOLOGIES INC,-0.01021985718151742
2022-02-01,14136,RNG,RINGCENTRAL INC,-0.00815530403992089
2022-02-01,91103,UAL,UNITED AIRLINES HOLDINGS INC,-0.014352541531797207
2022-02-01,19224,AEVA,AEVA TECHNOLOGIES INC,-0.007261416577943303
2022-02-01,20153,HLMN,HILLMAN SOLUTIONS CORP,-0.015120721529040463
2022-02-01,18580,FSLY,FASTLY INC,-0.007283582143110142
2022-02-01,14432,ITCI,INTRA CELLULAR THERAPIES INC,-0.006692618438107144
2022-02-01,76722,STFC,STATE AUTO FINANCIAL CORP,-0.019406757568816015
2022-02-01,18937,CHPT,CHARGEPOINT HOLDINGS INC,-0.006782487595000579
2022-02-01,21020,AAL,AMERICAN AIRLINES GROUP INC,-0.011770864389313513
2022-02-01,87759,WULF,TERAWULF INC,-0.0060232726779640535
2022-02-01,20893,AGL,AGILON HEALTH INC,-0.007314507216686495
2022-02-01,18184,FSR,FISKER INC,-0.007075088284696625
2022-02-01,20452,ENVX,ENOVIX CORP,-0.006225706206860702
2022-02-01,16382,COUP,COUPA SOFTWARE INC,-0.007447323487111046
2022-02-01,14617,ARES,ARES MANAGEMENT CORP,-0.012585101299468517
2022-02-01,17688,GSHD,GOOSEHEAD INSURANCE INC,-0.007387930075033319
2022-02-01,81593,COOP,MR COOPER GROUP INC,-0.019406757568816015
2022-02-01,75175,MBI,M B I A INC,-0.008860541062537787
2022-02-01,14601,NAVI,NAVIENT CORP,-0.009080836295992581
2022-02-01,19605,OSH,OAK STREET HEALTH INC,-0.005867753235754921
2022-02-01,14813,MARA,MARATHON DIGITAL HOLDINGS INC,-0.0057183613281051055
2022-02-01,19404,FOUR,SHIFT4 PAYMENTS INC,-0.007981963313653648
2022-02-01,20902,SWIM,LATHAM GROUP INC,-0.007005291460895821
2022-02-01,19497,LMND,LEMONADE INC,-0.006618237133366184
2022-02-01,21207,NEM,NEWMONT CORP,-0.017827789067173416
2022-02-01,19606,NUVB,NUVATION BIO INC,-0.007472322565955943
2022-02-01,17036,CNNE,CANNAE HOLDINGS INC,-0.01598066811636146
2022-02-01,16966,SWCH,SWITCH INC,-0.016351663195252372
2022-02-01,19576,RXT,RACKSPACE TECHNOLOGY INC,-0.017983088536683015
2022-02-01,20330,LTCH,LATCH INC,-0.008185569395689932
2022-02-01,20339,AFRM,AFFIRM HOLDINGS INC,-0.005402777546873765
2022-02-01,18835,DKNG,DRAFTKINGS INC,-0.007225545696027008
2022-02-01,20919,PL,PLANET LABS P B C,-0.005147588493396645
2022-02-01,87337,PLUG,PLUG POWER INC,-0.006883010981561364
2022-02-01,19454,ETWO,E2OPEN PARENT HOLDINGS INC,-0.00744430569424484
2022-02-01,82779,NVAX,NOVAVAX INC,-0.004961915697707328
2022-02-01,18852,BTRS,B T R S HOLDINGS INC,-0.008280326840822146
2022-02-01,86211,MSTR,MICROSTRATEGY INC,-0.006002619119735975
2022-02-01,19084,BILL,BILL COM HOLDINGS INC,-0.006076098222514396
2022-02-01,13908,PFSI,PENNYMAC FINANCIAL SVCS INC NEW,-0.019406757568816015
2022-02-01,16964,SPCE,VIRGIN GALACTIC HOLDINGS INC,-0.005494756508275821
2022-02-01,91611,FSLR,FIRST SOLAR INC,-0.012709090667130203
2022-02-01,13918,ARCT,ARCTURUS THERAPEUTICS HLDNGS INC,-0.004961915697707328
2022-02-01,92775,TREE,LENDINGTREE INC,-0.01122778317050855
2022-02-01,90978,SPWR,SUNPOWER CORP,-0.006483662292545526
2022-02-01,40125,DXC,D X C TECHNOLOGY CO,-0.01638871682201324
2022-02-01,14414,SC,SANTANDER CONSUMER USA HLDGS INC,-0.019406757568816015
2022-02-01,20894,APP,APPLOVIN CORP,-0.009009098610013899
2022-02-01,19357,SLQT,SELECTQUOTE INC,-0.007579215074490381
2022-02-01,18312,MRNA,MODERNA INC,-0.007012775260306863
2022-02-01,92213,RIOT,RIOT BLOCKCHAIN INC,-0.005530442116547102
2022-02-01,84734,FBC,FLAGSTAR BANCORP INC,-0.019406757568816015
2022-02-01,15643,RUN,SUNRUN INC,-0.006735593857911962
2022-02-01,18480,TW,TRADEWEB MARKETS INC,-0.014690711788846069
2022-02-01,15831,AXSM,AXSOME THERAPEUTICS INC,-0.006396901712616745
2022-02-01,12591,APO,APOLLO GLOBAL MANAGEMENT INC NEW,-0.015392603518431129
2022-02-01,83443,BRKB,BERKSHIRE HATHAWAY INC DEL,-0.019406757568816015
2022-02-01,19788,PLTR,PALANTIR TECHNOLOGIES INC,-0.009727996925079004
2022-02-01,18558,GOEV,CANOO INC,-0.006722655454236955
2022-02-01,19058,SI,SILVERGATE CAPITAL CORP,-0.004961915697707328
2022-02-01,20892,COIN,COINBASE GLOBAL INC,-0.008041593094266851
2022-02-01,19032,VIR,VIR BIOTECHNOLOGY INC,-0.006121671599534345
2022-02-01,88518,APPS,DIGITAL TURBINE INC,-0.007257597784565645
2022-02-01,20120,HLLY,HOLLEY INC,-0.012264616081397079
2022-02-01,21409,JBI,JANUS INTERNATIONAL GROUP INC,-0.009265063789633411
2022-02-01,21361,HGTY,HAGERTY INC,-0.0063919940086974835
2022-02-01,18576,UBER,UBER TECHNOLOGIES INC,-0.010504185340476157
2022-02-01,20975,DAVE,DAVE INC,-0.004961915697707328
2022-02-01,21723,HOOD,ROBINHOOD MARKETS INC,-0.006726388596925188
2022-02-01,20682,CPNG,COUPANG INC,-0.007712809822569702
2022-02-01,21597,PECO,PHILLIPS EDISON & COMPANY INC,-0.01677671929853387
2022-02-01,24328,EQT,E Q T CORP,-0.011259944984847796
2022-02-01,21605,RYAN,RYAN SPECIALTY GROUP HLDGS INC,-0.017133125765666345
2022-02-01,21053,BBAI,BIGBEAR AI HOLDINGS INC,-0.0092724312596751
2022-02-01,90505,LVS,LAS VEGAS SANDS CORP,-0.008378584632274888
2022-02-01,19495,DNB,DUN & BRADSTREET HOLDINGS INC,-0.019406757568816015
2022-02-01,20155,SNCE,SCIENCE 37 HOLDINGS INC,-0.008014430374640603
2022-02-01,14596,FIVN,FIVE 9 INC,-0.011180603386692882
2022-02-01,17367,LPRO,OPEN LENDING CORP,-0.008161343745356394
2022-02-01,16655,CVNA,CARVANA CO,-0.004970037469467218
2022-02-01,91926,DAL,DELTA AIR LINES INC,-0.017502720813033567
2022-03-01,21125,ZIP,ZIPRECRUITER INC,0.009059165687094356
2022-03-01,79611,MOV,MOVADO GROUP INC,0.009784796846279193
2022-03-01,14213,MMI,MARCUS & MILLICHAP INC,0.01136392557018903
2022-03-01,11884,IPAR,INTERMEDIATE PARFUMS INC,0.013247565328451808
2022-03-01,13777,AMSWA,AMERICAN SOFTWARE INC,0.006631139582943943
2022-03-01,85724,PRDO,PERDOCEO EDUCATION CORP,0.013013795535223574
2022-03-01,13318,YELP,YELP INC,0.009329976488035558
2022-03-01,13935,NRC,NATIONAL RESEARCH CORP,0.007764892449279583
2022-03-01,76721,CRVL,CORVEL CORP,0.009591247602738197
2022-03-01,91606,CPRX,CATALYST PHARMACEUTICALS INC,0.00482150633613872
2022-03-01,88167,HSTM,HEALTHSTREAM INC,0.005378911404765901
2022-03-01,79491,WINA,WINMARK CORP,0.009473935446517347
2022-03-01,92588,HCCI,HERITAGE CRYSTAL CLEAN INC,0.01595516193584541
2022-03-01,87725,IIIN,INSTEEL INDUSTRIES INC,0.009310585694199461
2022-03-01,88417,ACLS,AXCELIS TECHNOLOGIES INC,0.0054791405655683694
2022-03-01,63125,AGYS,AGILYSYS INC,0.007915597193791323
2022-03-01,85889,SRDX,SURMODICS INC,0.007176982667274555
2022-03-01,18311,LEGH,LEGACY HOUSING CORP,0.007955071100757972
2022-03-01,77165,JBSS,SANFILIPPO JOHN B & SON,0.01826887897353569
2022-03-01,14495,ATEN,A10 NETWORKS INC,0.007734025452521916
2022-03-01,91186,VNDA,VANDA PHARMACEUTICALS INC,0.004615888194581301
2022-03-01,86048,HCKT,HACKETT GROUP INC,0.011733544238516799
2022-03-01,53604,GRC,GORMAN RUPP CO,0.009186251792490854
2022-03-01,77354,SCHL,SCHOLASTIC CORP,0.01742395811712032
2022-03-01,89792,CVCO,CAVCO INDUSTRIES INC DEL,0.009286511627178126
2022-03-01,14688,AMPH,AMPHASTAR PHARMACEUTICALS INC,0.007687316783834113
2022-03-01,88159,EXEL,EXELIXIS INC,0.008706148150484845
2022-03-01,84010,USNA,USANA HEALTH SCIENCES INC,0.008610671977311276
2022-03-01,14231,VEEV,VEEVA SYSTEMS INC,0.009226092001354233
2022-03-01,45306,IDCC,INTERDIGITAL INC,0.014000470278438296
2022-03-01,34948,OXM,OXFORD INDUSTRIES INC,0.01369556705065361
2022-03-01,88504,BRKR,BRUKER CORP,0.009960403621138108
2022-03-01,64961,NXGN,NEXTGEN HEALTHCARE INC,0.01826887897353569
2022-03-01,88352,ISRG,INTUITIVE SURGICAL INC,0.01086098758123
2022-03-01,65700,USLM,UNITED STATES LIME MINERALS INC,0.018148045430430824
2022-03-01,19938,ALGM,ALLEGRO MICROSYSTEMS INC,0.007612284645768733
2022-03-01,50948,SMTC,SEMTECH CORP,0.009426490498533164
2022-03-01,86827,HSII,HEIDRICK & STRUGGLES INTL INC,0.014993974584448856
2022-03-01,11587,ATRI,ATRION CORP,0.010913599383538312
2022-03-01,80034,SHOO,MADDEN STEVEN LTD,0.012598288272380187
2022-03-01,90071,NRG,N R G ENERGY INC,0.011927007622056156
2022-03-01,87812,SLAB,SILICON LABORATORIES INC,0.007037263838628468
2022-03-01,76839,FIZZ,NATIONAL BEVERAGE CORP,0.009680377683738308
2022-03-01,91463,CVLT,COMMVAULT SYSTEMS INC,0.015362515579281099
2022-03-01,89036,NTUS,NATUS MEDICAL INC,0.006727449918385331
2022-03-01,89179,ANTM,ANTHEM INC,0.014133647261463642
2022-03-01,21614,DUOL,DUOLINGO INC,0.004640257645666325
2022-03-01,90319,GOOGL,ALPHABET INC,0.008315838369642187
2022-03-01,55993,NSSC,NAPCO SECURITY TECHNOLOGIES INC,0.009664167676505245
2022-03-01,89572,CEVA,CEVA INC,0.006096726733065411
2022-03-01,85992,MANH,MANHATTAN ASSOCIATES INC,0.008379739078555654
2022-03-01,11775,JOUT,JOHNSON OUTDOORS INC,0.013737932260559783
2022-03-01,76752,PRGS,PROGRESS SOFTWARE CORP,0.015680674673980512
2022-03-01,75070,INT,WORLD FUEL SERVICES CORP,0.013037618929259195
2022-03-01,87006,UTHR,UNITED THERAPEUTICS CORP,0.007199534613236831
2022-03-01,78756,OFIX,ORTHOFIX MEDICAL INC,0.011136030965314786
2022-03-01,16260,MEDP,MEDPACE HOLDINGS INC,0.004615888194581301
2022-03-01,65365,MYE,MYERS INDUSTRIES INC,0.014300003491038563
2022-03-01,89781,MOH,MOLINA HEALTHCARE INC,0.011192801622810963
2022-03-01,77637,FC,FRANKLIN COVEY CO,0.011662151698613954
2022-03-01,79906,INCY,INCYTE CORP,0.014838857546276448
2022-03-01,92220,MASI,MASIMO CORP,0.004615888194581301
2022-03-01,14694,GPRO,GOPRO INC,0.007951869564461544
2022-03-01,87432,A,AGILENT TECHNOLOGIES INC,0.01034541865862359
2022-03-01,84385,NSP,INSPERITY INC,0.005746889497897076
2022-03-01,76744,VRTX,VERTEX PHARMACEUTICALS INC,0.013989736508315026
2022-03-01,47466,NYT,NEW YORK TIMES CO,0.00975575560092182
2022-03-01,79037,ETD,ETHAN ALLEN INTERIORS INC,0.007433419081057859
2022-03-01,13407,FB,META PLATFORMS INC,0.004615888194581301
2022-03-01,14456,EGRX,EAGLE PHARMACEUTICALS INC,0.011766606269902101
2022-03-01,19827,ETAC,E MERGE TECHNOLOGY ACQ CORP,0.01826887897353569
2022-03-01,18725,RVLV,REVOLVE GROUP INC,0.0053469162871796535
2022-03-01,80054,MED,MEDIFAST INC,0.008543541466501882
2022-03-01,90423,INVA,THERAVANCE INC,0.005696339743617146
2022-03-01,13625,SSTK,SHUTTERSTOCK INC,0.00691402515469331
2022-03-01,54148,PHM,PULTE GROUP INC,0.006906447535385789
2022-03-01,89110,OMCL,OMNICELL INC,0.008612544632126923
2022-03-01,14521,TNET,TRINET GROUP INC,0.00770774052229074
2022-03-01,52708,LEN,LENNAR CORP,0.007441996351901236
2022-03-01,75107,ABMD,ABIOMED INC,0.00590318666129857
2022-03-01,10909,CERN,CERNER CORP,0.01826887897353569
2022-03-01,41241,HWKN,HAWKINS INC,0.007177085083631251
2022-03-01,13543,GMED,GLOBUS MEDICAL INC,0.013069981974133884
2022-03-01,16967,CARG,CARGURUS INC,0.004615888194581301
2022-03-01,21559,INTA,INTAPP INC,0.006192744311440361
2022-03-01,53074,MLAB,MESA LABORATORIES INC,0.01624936112887634
2022-03-01,20658,CRCT,CRICUT INC,0.006500877920167925
2022-03-01,68830,REX,REX AMERICAN RESOURCES CORP,0.006899680577646651
2022-03-01,16434,GOLF,ACUSHNET HOLDINGS CORP,0.014412568899320846
2022-03-01,90125,CORT,CORCEPT THERAPEUTICS INC,0.006828078903369067
2022-03-01,10649,PTSI,P A M TRANSPORTATION SVCS INC,0.007597065393333283
2022-03-01,13748,TPH,TRI POINTE HOMES INC,0.0073799849447095806
2022-03-01,79007,SCVL,SHOE CARNIVAL INC IN,0.007757571820974688
2022-03-01,82542,CCF,CHASE CORP,0.017208410092488975
2022-03-01,11343,SAFM,SANDERSON FARMS INC,0.01826887897353569
2022-03-01,85863,COLM,COLUMBIA SPORTSWEAR CO,0.010115737790127201
2022-03-01,90199,CBRE,C B R E GROUP INC,0.010443572093760789
2022-03-01,82212,KFRC,KFORCE INC,0.007958449420043765
2022-03-01,60098,OTTR,OTTER TAIL CORP,0.011864986167721994
2022-03-01,87657,EW,EDWARDS LIFESCIENCES CORP,0.011096440704376837
2022-03-01,20196,UPST,UPSTART HOLDINGS INC,-0.004409428926143738
2022-03-01,20172,CYXT,CYXTERA TECHNOLOGIES INC,-0.013842104384682774
2022-03-01,19577,RKT,ROCKET COMPANIES INC,-0.010703648636716155
2022-03-01,18940,PTON,PELOTON INTERACTIVE INC,-0.004414409603940051
2022-03-01,20726,STRC,SARCOS TECH & ROBOTICS CORP,-0.011102201957861314
2022-03-01,89301,GME,GAMESTOP CORP NEW,-0.00677104618888265
2022-03-01,17907,NKLA,NIKOLA CORP,-0.0065832589472623335
2022-03-01,20067,SOFI,SOFI TECHNOLOGIES INC,-0.007080147202211026
2022-03-01,21361,HGTY,HAGERTY INC,-0.013039707609875974
2022-03-01,18457,MVST,MICROVAST HOLDINGS INC,-0.0071472871093602106
2022-03-01,20120,HLLY,HOLLEY INC,-0.018277311258852687
2022-03-01,20269,OWL,BLUE OWL CAPITAL INC,-0.010731837706705665
2022-03-01,21723,HOOD,ROBINHOOD MARKETS INC,-0.00859609994284751
2022-03-01,20682,CPNG,COUPANG INC,-0.011606011412442035
2022-03-01,20345,XM,QUALTRICS INTERNATIONAL INC,-0.01123173315298726
2022-03-01,19950,WE,WEWORK INC,-0.008939021792539558
2022-03-01,20381,NVTS,NAVITAS SEMICONDUCTOR CORP,-0.005934480522259268
2022-03-01,20646,OSCR,OSCAR HEALTH INC,-0.009466039899800917
2022-03-01,91926,DAL,DELTA AIR LINES INC,-0.013865153478187304
2022-03-01,91103,UAL,UNITED AIRLINES HOLDINGS INC,-0.010911849608940073
2022-03-01,20599,SMRT,SMARTRENT INC,-0.008755394684013325
2022-03-01,21409,JBI,JANUS INTERNATIONAL GROUP INC,-0.011105277286174131
2022-03-01,21053,BBAI,BIGBEAR AI HOLDINGS INC,-0.009643007286053813
2022-03-01,21020,AAL,AMERICAN AIRLINES GROUP INC,-0.010952614694060555
2022-03-01,16649,OKTA,OKTA INC,-0.009363295321118258
2022-03-01,21605,RYAN,RYAN SPECIALTY GROUP HLDGS INC,-0.017101073124728722
2022-03-01,14432,ITCI,INTRA CELLULAR THERAPIES INC,-0.013767462000822012
2022-03-01,20153,HLMN,HILLMAN SOLUTIONS CORP,-0.01823590638369369
2022-03-01,81593,COOP,MR COOPER GROUP INC,-0.008183609483411796
2022-03-01,18184,FSR,FISKER INC,-0.0071903082399654514
2022-03-01,20155,SNCE,SCIENCE 37 HOLDINGS INC,-0.010538112002430823
2022-03-01,19593,MIR,MIRION TECHNOLOGIES INC,-0.008858533352094567
2022-03-01,19605,OSH,OAK STREET HEALTH INC,-0.0063463680999607626
2022-03-01,14136,RNG,RINGCENTRAL INC,-0.007608694723645356
2022-03-01,90505,LVS,LAS VEGAS SANDS CORP,-0.017193845256150735
2022-03-01,18576,UBER,UBER TECHNOLOGIES INC,-0.008317942162110565
2022-03-01,87759,WULF,TERAWULF INC,-0.01062073970242239
2022-03-01,19404,FOUR,SHIFT4 PAYMENTS INC,-0.007871912796015715
2022-03-01,21207,NEM,NEWMONT CORP,-0.015375488522295545
2022-03-01,16655,CVNA,CARVANA CO,-0.005487644730478837
2022-03-01,21597,PECO,PHILLIPS EDISON & COMPANY INC,-0.018318593945908006
2022-03-01,14617,ARES,ARES MANAGEMENT CORP,-0.014009909079188216
2022-03-01,75175,MBI,M B I A INC,-0.011082300593822687
2022-03-01,19495,DNB,DUN & BRADSTREET HOLDINGS INC,-0.013795872785895134
2022-03-01,18937,CHPT,CHARGEPOINT HOLDINGS INC,-0.006647269884680339
2022-03-01,15302,VIRT,VIRTU FINANCIAL INC,-0.018318593945908006
2022-03-01,20893,AGL,AGILON HEALTH INC,-0.008385611493827692
2022-03-01,14813,MARA,MARATHON DIGITAL HOLDINGS INC,-0.005063749790783437
2022-03-01,17036,CNNE,CANNAE HOLDINGS INC,-0.011999699094371255
2022-03-01,24328,EQT,E Q T CORP,-0.015978017799587706
2022-03-01,16966,SWCH,SWITCH INC,-0.015402548586097265
2022-03-01,18835,DKNG,DRAFTKINGS INC,-0.005085708703775106
2022-03-01,20902,SWIM,LATHAM GROUP INC,-0.009172307338691163
2022-03-01,17367,LPRO,OPEN LENDING CORP,-0.0069046759570296524
2022-03-01,16382,COUP,COUPA SOFTWARE INC,-0.009678957801430221
2022-03-01,40125,DXC,D X C TECHNOLOGY CO,-0.009833082064302676
2022-03-01,87337,PLUG,PLUG POWER INC,-0.006930598935338241
2022-03-01,91611,FSLR,FIRST SOLAR INC,-0.010400946992646995
2022-03-01,17688,GSHD,GOOSEHEAD INSURANCE INC,-0.010686170033397805
2022-03-01,82779,NVAX,NOVAVAX INC,-0.006199565470658569
2022-03-01,12591,APO,APOLLO GLOBAL MANAGEMENT INC NEW,-0.014083425866442569
2022-03-01,76722,STFC,STATE AUTO FINANCIAL CORP,-0.018318593945908006
2022-03-01,14601,NAVI,NAVIENT CORP,-0.01828778056811539
2022-03-01,14596,FIVN,FIVE 9 INC,-0.010773891606185658
2022-03-01,20452,ENVX,ENOVIX CORP,-0.007638777072770623
2022-03-01,86211,MSTR,MICROSTRATEGY INC,-0.006495719566049996
2022-03-01,19576,RXT,RACKSPACE TECHNOLOGY INC,-0.0066210505258527735
2022-03-01,18580,FSLY,FASTLY INC,-0.004534064720000081
2022-03-01,90978,SPWR,SUNPOWER CORP,-0.007514535808875414
2022-03-01,19606,NUVB,NUVATION BIO INC,-0.009959284597294045
2022-03-01,20919,PL,PLANET LABS P B C,-0.008255529837049141
2022-03-01,84734,FBC,FLAGSTAR BANCORP INC,-0.018318593945908006
2022-03-01,19454,ETWO,E2OPEN PARENT HOLDINGS INC,-0.011664705612091807
2022-03-01,18852,BTRS,B T R S HOLDINGS INC,-0.008537349573328608
2022-03-01,19084,BILL,BILL COM HOLDINGS INC,-0.004409428926143738
2022-03-01,92775,TREE,LENDINGTREE INC,-0.007340274569831218
2022-03-01,19497,LMND,LEMONADE INC,-0.006248826928332991
2022-03-01,19788,PLTR,PALANTIR TECHNOLOGIES INC,-0.006219353681038945
2022-03-01,92213,RIOT,RIOT BLOCKCHAIN INC,-0.006061521029107372
2022-03-01,20798,CPTN,CEPTON INC,-0.004409428926143738
2022-03-01,20721,NRGV,ENERGY VAULT HOLDINGS INC,-0.004409428926143738
2022-03-01,20636,ISPO,INSPIRATO INC,-0.004409428926143738
2022-03-01,21076,ADTH,ADTHEORENT HOLDING CO INC,-0.006710035045737397
2022-03-01,20788,GRNA,GREENLIGHT BIOSCIENCES HLDGS PBC,-0.00533519540416543
2022-03-01,21198,HLGN,HELIOGEN INC,-0.004900828023217582
2022-03-01,19930,CCCS,C C C INTEL SOLUTIONS HLDGS INC,-0.014593701923894404
2022-03-01,18840,CELU,CELULARITY INC,-0.009380937292893531
2022-03-01,57913,VXRT,VAXART INC,-0.00676946395882659
2022-03-01,18727,CHWY,CHEWY INC,-0.005737195488759627
2022-03-01,81481,DLTR,DOLLAR TREE INC,-0.018318593945908006
2022-03-01,14328,AMC,A M C ENTERTAINMENT HOLDINGS INC,-0.005522582922368586
2022-03-01,17341,ZS,ZSCALER INC,-0.006670664093494209
2022-03-01,18452,LYFT,LYFT INC,-0.00895292312898527
2022-03-01,20631,BOXD,BOXED INC,-0.010993816051411465
2022-03-01,12060,GE,GENERAL ELECTRIC CO,-0.016186209733992526
2022-03-01,19561,BA,BOEING CO,-0.01715350321871366
2022-03-01,13919,AMBC,AMBAC FINANCIAL GROUP INC,-0.013486013700537836
2022-03-01,20173,TLS,TELOS CORP,-0.006308293088494909
2022-03-01,20972,PATH,UIPATH INC,-0.009044958738756907
2022-03-01,91594,SPR,SPIRIT AEROSYSTEMS HOLDINGS INC,-0.015312406856170122
2022-04-01,21125,ZIP,ZIPRECRUITER INC,0.005515390385762371
2022-04-01,14213,MMI,MARCUS & MILLICHAP INC,0.010612857236449828
2022-04-01,13777,AMSWA,AMERICAN SOFTWARE INC,0.008903573759960221
2022-04-01,13318,YELP,YELP INC,0.008118051756868711
2022-04-01,13935,NRC,NATIONAL RESEARCH CORP,0.010078594665766313
2022-04-01,68830,REX,REX AMERICAN RESOURCES CORP,0.006857225377818731
2022-04-01,11884,IPAR,INTERMEDIATE PARFUMS INC,0.009749321146728385
2022-04-01,85724,PRDO,PERDOCEO EDUCATION CORP,0.012798975264650684
2022-04-01,76721,CRVL,CORVEL CORP,0.01006183401938442
2022-04-01,63125,AGYS,AGILYSYS INC,0.0075087362440437655
2022-04-01,88167,HSTM,HEALTHSTREAM INC,0.012453518850153616
2022-04-01,79611,MOV,MOVADO GROUP INC,0.005647961748156396
2022-04-01,10649,PTSI,P A M TRANSPORTATION SVCS INC,0.005456918962307041
2022-04-01,89792,CVCO,CAVCO INDUSTRIES INC DEL,0.006721601503061064
2022-04-01,91606,CPRX,CATALYST PHARMACEUTICALS INC,0.006948078803525905
2022-04-01,14495,ATEN,A10 NETWORKS INC,0.008293934844003942
2022-04-01,90125,CORT,CORCEPT THERAPEUTICS INC,0.007560923198700861
2022-04-01,13748,TPH,TRI POINTE HOMES INC,0.009272789155144732
2022-04-01,87725,IIIN,INSTEEL INDUSTRIES INC,0.009993510263411047
2022-04-01,85889,SRDX,SURMODICS INC,0.010678510657014577
2022-04-01,88417,ACLS,AXCELIS TECHNOLOGIES INC,0.005452865126841428
2022-04-01,79491,WINA,WINMARK CORP,0.012002295263449673
2022-04-01,64961,NXGN,NEXTGEN HEALTHCARE INC,0.012146426136157988
2022-04-01,88159,EXEL,EXELIXIS INC,0.014787314753148697
2022-04-01,65700,USLM,UNITED STATES LIME MINERALS INC,0.015466316118901332
2022-04-01,89036,NTUS,NATUS MEDICAL INC,0.01010730463674586
2022-04-01,53604,GRC,GORMAN RUPP CO,0.009475850042928734
2022-04-01,91186,VNDA,VANDA PHARMACEUTICALS INC,0.009785175340279017
2022-04-01,77165,JBSS,SANFILIPPO JOHN B & SON,0.018611678585624097
2022-04-01,82542,CCF,CHASE CORP,0.01210001928328892
2022-04-01,19938,ALGM,ALLEGRO MICROSYSTEMS INC,0.007084131313713499
2022-04-01,11587,ATRI,ATRION CORP,0.010489368639182633
2022-04-01,77354,SCHL,SCHOLASTIC CORP,0.007876037384919456
2022-04-01,16434,GOLF,ACUSHNET HOLDINGS CORP,0.009083499529742509
2022-04-01,45306,IDCC,INTERDIGITAL INC,0.011598008990989641
2022-04-01,92588,HCCI,HERITAGE CRYSTAL CLEAN INC,0.009816196840962138
2022-04-01,89572,CEVA,CEVA INC,0.008264109207210856
2022-04-01,60098,OTTR,OTTER TAIL CORP,0.012533843433854741
2022-04-01,84010,USNA,USANA HEALTH SCIENCES INC,0.011454522757477091
2022-04-01,50948,SMTC,SEMTECH CORP,0.00734232418397866
2022-04-01,86048,HCKT,HACKETT GROUP INC,0.013625305577433005
2022-04-01,88504,BRKR,BRUKER CORP,0.006837509078949101
2022-04-01,88352,ISRG,INTUITIVE SURGICAL INC,0.007862581274476223
2022-04-01,87812,SLAB,SILICON LABORATORIES INC,0.008723946398830187
2022-04-01,82212,KFRC,KFORCE INC,0.008487379663271647
2022-04-01,34948,OXM,OXFORD INDUSTRIES INC,0.006998885598621657
2022-04-01,91463,CVLT,COMMVAULT SYSTEMS INC,0.01163473886900254
2022-04-01,85863,COLM,COLUMBIA SPORTSWEAR CO,0.008272666821716063
2022-04-01,75070,INT,WORLD FUEL SERVICES CORP,0.008091280233243547
2022-04-01,14231,VEEV,VEEVA SYSTEMS INC,0.005452865126841428
2022-04-01,11343,SAFM,SANDERSON FARMS INC,0.020149894506075676
2022-04-01,90199,CBRE,C B R E GROUP INC,0.009470539192285904
2022-04-01,90319,GOOGL,ALPHABET INC,0.010590187072504892
2022-04-01,87657,EW,EDWARDS LIFESCIENCES CORP,0.008817330551744338
2022-04-01,89179,ANTM,ANTHEM INC,0.011992310879209926
2022-04-01,77637,FC,FRANKLIN COVEY CO,0.007444469179276474
2022-04-01,80034,SHOO,MADDEN STEVEN LTD,0.00782852307729152
2022-04-01,76839,FIZZ,NATIONAL BEVERAGE CORP,0.008116897685853346
2022-04-01,79037,ETD,ETHAN ALLEN INTERIORS INC,0.00897980909699576
2022-04-01,85992,MANH,MANHATTAN ASSOCIATES INC,0.007944093361659858
2022-04-01,54148,PHM,PULTE GROUP INC,0.007775149602007723
2022-04-01,11775,JOUT,JOHNSON OUTDOORS INC,0.010306097184649999
2022-04-01,92220,MASI,MASIMO CORP,0.007211784264850583
2022-04-01,86827,HSII,HEIDRICK & STRUGGLES INTL INC,0.007800455347911657
2022-04-01,10909,CERN,CERNER CORP,0.020149894506075676
2022-04-01,79906,INCY,INCYTE CORP,0.020149894506075676
2022-04-01,55993,NSSC,NAPCO SECURITY TECHNOLOGIES INC,0.010926242081034987
2022-04-01,14456,EGRX,EAGLE PHARMACEUTICALS INC,0.007805732294520398
2022-04-01,76744,VRTX,VERTEX PHARMACEUTICALS INC,0.019802739918431726
2022-04-01,18725,RVLV,REVOLVE GROUP INC,0.005452865126841428
2022-04-01,76752,PRGS,PROGRESS SOFTWARE CORP,0.013434332013998513
2022-04-01,90071,NRG,N R G ENERGY INC,0.012994427688651862
2022-04-01,84385,NSP,INSPERITY INC,0.008558050145287054
2022-04-01,79007,SCVL,SHOE CARNIVAL INC IN,0.005452865126841428
2022-04-01,13625,SSTK,SHUTTERSTOCK INC,0.008517544874506023
2022-04-01,16260,MEDP,MEDPACE HOLDINGS INC,0.007199249906850022
2022-04-01,80054,MED,MEDIFAST INC,0.0078450258905359
2022-04-01,14694,GPRO,GOPRO INC,0.007606238215301788
2022-04-01,47466,NYT,NEW YORK TIMES CO,0.0112169775438106
2022-04-01,87432,A,AGILENT TECHNOLOGIES INC,0.010338744232322866
2022-04-01,13407,FB,META PLATFORMS INC,0.007275445020192754
2022-04-01,14688,AMPH,AMPHASTAR PHARMACEUTICALS INC,0.006862608263973969
2022-04-01,87006,UTHR,UNITED THERAPEUTICS CORP,0.011967496579893952
2022-04-01,89781,MOH,MOLINA HEALTHCARE INC,0.010663783285397728
2022-04-01,52708,LEN,LENNAR CORP,0.007551037475994754
2022-04-01,41241,HWKN,HAWKINS INC,0.009350546754272219
2022-04-01,21614,DUOL,DUOLINGO INC,0.005452865126841428
2022-04-01,14521,TNET,TRINET GROUP INC,0.011181302187125545
2022-04-01,75107,ABMD,ABIOMED INC,0.007705777924636934
2022-04-01,19827,ETAC,E MERGE TECHNOLOGY ACQ CORP,0.020149894506075676
2022-04-01,90423,INVA,THERAVANCE INC,0.007967478419017768
2022-04-01,13543,GMED,GLOBUS MEDICAL INC,0.00995227254822642
2022-04-01,65365,MYE,MYERS INDUSTRIES INC,0.009809675986458308
2022-04-01,78756,OFIX,ORTHOFIX MEDICAL INC,0.010624040334722877
2022-04-01,88841,RGP,RESOURCES CONNECTION INC,0.011028096570214663
2022-04-01,16158,VRS,VERSO CORP,0.020149894506075676
2022-04-01,64194,CHE,CHEMED CORP NEW,0.016364234203016956
2022-04-01,14359,XNCR,XENCOR INC,0.008260147516268846
2022-04-01,89445,BDSI,BIODELIVERY SCIENCES INTL INC,0.020149894506075676
2022-04-01,86594,KFY,KORN FERRY,0.00845311446120294
2022-04-01,20721,NRGV,ENERGY VAULT HOLDINGS INC,-0.00843210964255812
2022-04-01,21053,BBAI,BIGBEAR AI HOLDINGS INC,-0.004035027369923658
2022-04-01,89301,GME,GAMESTOP CORP NEW,-0.004042028103137233
2022-04-01,20788,GRNA,GREENLIGHT BIOSCIENCES HLDGS PBC,-0.004035027369923658
2022-04-01,21076,ADTH,ADTHEORENT HOLDING CO INC,-0.004430684344666846
2022-04-01,20172,CYXT,CYXTERA TECHNOLOGIES INC,-0.016416718430582962
2022-04-01,21723,HOOD,ROBINHOOD MARKETS INC,-0.005726923688138868
2022-04-01,20646,OSCR,OSCAR HEALTH INC,-0.007278817851584341
2022-04-01,20726,STRC,SARCOS TECH & ROBOTICS CORP,-0.007868951887438953
2022-04-01,17907,NKLA,NIKOLA CORP,-0.007304835780405091
2022-04-01,18840,CELU,CELULARITY INC,-0.005604593360479518
2022-04-01,20196,UPST,UPSTART HOLDINGS INC,-0.005319137983657305
2022-04-01,18457,MVST,MICROVAST HOLDINGS INC,-0.005879593828844196
2022-04-01,19577,RKT,ROCKET COMPANIES INC,-0.012390772793195993
2022-04-01,18940,PTON,PELOTON INTERACTIVE INC,-0.007336263177949478
2022-04-01,21361,HGTY,HAGERTY INC,-0.011443392749931005
2022-04-01,20067,SOFI,SOFI TECHNOLOGIES INC,-0.008015917876255689
2022-04-01,20631,BOXD,BOXED INC,-0.005737858120633984
2022-04-01,21605,RYAN,RYAN SPECIALTY GROUP HLDGS INC,-0.012269695197412766
2022-04-01,19950,WE,WEWORK INC,-0.0063049251600403085
2022-04-01,20345,XM,QUALTRICS INTERNATIONAL INC,-0.010733527358997179
2022-04-01,19605,OSH,OAK STREET HEALTH INC,-0.006090942982291355
2022-04-01,20381,NVTS,NAVITAS SEMICONDUCTOR CORP,-0.007355783315231014
2022-04-01,20682,CPNG,COUPANG INC,-0.005440441220180893
2022-04-01,91926,DAL,DELTA AIR LINES INC,-0.009420781519182492
2022-04-01,91103,UAL,UNITED AIRLINES HOLDINGS INC,-0.007816112381350573
2022-04-01,57913,VXRT,VAXART INC,-0.00948120224486137
2022-04-01,14328,AMC,A M C ENTERTAINMENT HOLDINGS INC,-0.004035027369923658
2022-04-01,18937,CHPT,CHARGEPOINT HOLDINGS INC,-0.00915856970952973
2022-04-01,20153,HLMN,HILLMAN SOLUTIONS CORP,-0.014076958604526218
2022-04-01,21020,AAL,AMERICAN AIRLINES GROUP INC,-0.008941527612357178
2022-04-01,14432,ITCI,INTRA CELLULAR THERAPIES INC,-0.017258248448147447
2022-04-01,20120,HLLY,HOLLEY INC,-0.015552940609731808
2022-04-01,20173,TLS,TELOS CORP,-0.008427860805608018
2022-04-01,20269,OWL,BLUE OWL CAPITAL INC,-0.012323899162755213
2022-04-01,18727,CHWY,CHEWY INC,-0.007056926919042408
2022-04-01,16649,OKTA,OKTA INC,-0.008168868611593645
2022-04-01,12591,APO,APOLLO GLOBAL MANAGEMENT INC NEW,-0.01206649106514372
2022-04-01,14136,RNG,RINGCENTRAL INC,-0.0098545692779681
2022-04-01,12060,GE,GENERAL ELECTRIC CO,-0.019467364465192753
2022-04-01,20599,SMRT,SMARTRENT INC,-0.007960474708366073
2022-04-01,18184,FSR,FISKER INC,-0.010364875805198952
2022-04-01,21198,HLGN,HELIOGEN INC,-0.005003523531776469
2022-04-01,21597,PECO,PHILLIPS EDISON & COMPANY INC,-0.019850105493924318
2022-04-01,81481,DLTR,DOLLAR TREE INC,-0.019850105493924318
2022-04-01,14813,MARA,MARATHON DIGITAL HOLDINGS INC,-0.006502871105917539
2022-04-01,90505,LVS,LAS VEGAS SANDS CORP,-0.0074664995503921396
2022-04-01,87759,WULF,TERAWULF INC,-0.004035027369923658
2022-04-01,75175,MBI,M B I A INC,-0.007485902968643052
2022-04-01,20893,AGL,AGILON HEALTH INC,-0.006594731490217211
2022-04-01,16966,SWCH,SWITCH INC,-0.019850105493924318
2022-04-01,19404,FOUR,SHIFT4 PAYMENTS INC,-0.006608586435951996
2022-04-01,19930,CCCS,C C C INTEL SOLUTIONS HLDGS INC,-0.015549946902322257
2022-04-01,81593,COOP,MR COOPER GROUP INC,-0.019850105493924318
2022-04-01,21409,JBI,JANUS INTERNATIONAL GROUP INC,-0.013601733807027176
2022-04-01,14617,ARES,ARES MANAGEMENT CORP,-0.011261053110817324
2022-04-01,20155,SNCE,SCIENCE 37 HOLDINGS INC,-0.005388447457723261
2022-04-01,16382,COUP,COUPA SOFTWARE INC,-0.005824415015033624
2022-04-01,19593,MIR,MIRION TECHNOLOGIES INC,-0.013276661153705403
2022-04-01,91594,SPR,SPIRIT AEROSYSTEMS HOLDINGS INC,-0.009520598116087423
2022-04-01,19561,BA,BOEING CO,-0.014097448586946336
2022-04-01,17341,ZS,ZSCALER INC,-0.00987734495240495
2022-04-01,82779,NVAX,NOVAVAX INC,-0.008073745889609352
2022-04-01,19495,DNB,DUN & BRADSTREET HOLDINGS INC,-0.01594472600361294
2022-04-01,17688,GSHD,GOOSEHEAD INSURANCE INC,-0.0074215828143524756
2022-04-01,17036,CNNE,CANNAE HOLDINGS INC,-0.014265181633012634
2022-04-01,91611,FSLR,FIRST SOLAR INC,-0.011747541265212892
2022-04-01,16655,CVNA,CARVANA CO,-0.005574898345619559
2022-04-01,21207,NEM,NEWMONT CORP,-0.01905557566528507
2022-04-01,87337,PLUG,PLUG POWER INC,-0.009761325733583253
2022-04-01,14601,NAVI,NAVIENT CORP,-0.017370024516168172
2022-04-01,17367,LPRO,OPEN LENDING CORP,-0.009913705740554954
2022-04-01,18576,UBER,UBER TECHNOLOGIES INC,-0.00932826714139117
2022-04-01,40125,DXC,D X C TECHNOLOGY CO,-0.0110817230571988
2022-04-01,86211,MSTR,MICROSTRATEGY INC,-0.008055218206771509
2022-04-01,20972,PATH,UIPATH INC,-0.0056851770842865365
2022-04-01,19454,ETWO,E2OPEN PARENT HOLDINGS INC,-0.011616383687002171
2022-04-01,19576,RXT,RACKSPACE TECHNOLOGY INC,-0.01260855751960212
2022-04-01,90978,SPWR,SUNPOWER CORP,-0.008503171817403817
2022-04-01,18835,DKNG,DRAFTKINGS INC,-0.006975537481665478
2022-04-01,14596,FIVN,FIVE 9 INC,-0.010032752382521458
2022-04-01,15302,VIRT,VIRTU FINANCIAL INC,-0.019850105493924318
2022-04-01,18452,LYFT,LYFT INC,-0.011492304601032555
2022-04-01,24328,EQT,E Q T CORP,-0.011532951932540616
2022-04-01,92213,RIOT,RIOT BLOCKCHAIN INC,-0.00672763638280234
2022-04-01,84734,FBC,FLAGSTAR BANCORP INC,-0.019850105493924318
2022-04-01,18852,BTRS,B T R S HOLDINGS INC,-0.008202286946028441
2022-04-01,20452,ENVX,ENOVIX CORP,-0.007444913499721602
2022-04-01,19606,NUVB,NUVATION BIO INC,-0.015825038277412603
2022-04-01,21844,FCUV,FOCUS UNIVERSAL INC,-0.008578563900878067
2022-04-01,20975,DAVE,DAVE INC,-0.004035027369923658
2022-04-01,20717,EMBK,EMBARK TECHNOLOGY INC,-0.0064785790311117815
2022-04-01,20126,JOBY,JOBY AVIATION INC,-0.006488132583423422
2022-04-01,20419,LIDR,AEYE INC,-0.0068075433581240175
2022-04-01,19547,CERE,CEREVEL THERAPEUTICS HLDGS INC,-0.007753172755932256
2022-04-01,20402,VLD,VELO3D INC,-0.0078030091248253745
2022-04-01,12068,ONB,OLD NATIONAL BANCORP,-0.018428548899530436
2022-04-01,21349,ZETA,ZETA GLOBAL HOLDINGS CORP,-0.006597090769935561
2022-04-01,20787,BZFD,BUZZFEED INC,-0.01177311226093683
2022-04-01,76856,FCFS,FIRSTCASH HOLDINGS INC,-0.011400173584826588
2022-05-01,13935,NRC,NATIONAL RESEARCH CORP,0.014141748576517855
2022-05-01,13777,AMSWA,AMERICAN SOFTWARE INC,0.014697497198689635
2022-05-01,14213,MMI,MARCUS & MILLICHAP INC,0.006721589154723053
2022-05-01,21125,ZIP,ZIPRECRUITER INC,0.009780005461484487
2022-05-01,13318,YELP,YELP INC,0.00975823313307185
2022-05-01,14359,XNCR,XENCOR INC,0.00836399675256951
2022-05-01,68830,REX,REX AMERICAN RESOURCES CORP,0.008184071843070231
2022-05-01,10649,PTSI,P A M TRANSPORTATION SVCS INC,0.0062915979867123875
2022-05-01,63125,AGYS,AGILYSYS INC,0.010398513393202658
2022-05-01,76721,CRVL,CORVEL CORP,0.008884229824104955
2022-05-01,88167,HSTM,HEALTHSTREAM INC,0.01125542056999654
2022-05-01,88417,ACLS,AXCELIS TECHNOLOGIES INC,0.006335420656735734
2022-05-01,85724,PRDO,PERDOCEO EDUCATION CORP,0.016729059354172644
2022-05-01,65700,USLM,UNITED STATES LIME MINERALS INC,0.016543491441722586
2022-05-01,90125,CORT,CORCEPT THERAPEUTICS INC,0.008731947001396482
2022-05-01,89792,CVCO,CAVCO INDUSTRIES INC DEL,0.009001370128794237
2022-05-01,79611,MOV,MOVADO GROUP INC,0.0086090416723313
2022-05-01,11884,IPAR,INTERMEDIATE PARFUMS INC,0.014193994317148424
2022-05-01,64961,NXGN,NEXTGEN HEALTHCARE INC,0.013508365334146377
2022-05-01,91606,CPRX,CATALYST PHARMACEUTICALS INC,0.009567623231311443
2022-05-01,88159,EXEL,EXELIXIS INC,0.01541633678661333
2022-05-01,91186,VNDA,VANDA PHARMACEUTICALS INC,0.009567213151909074
2022-05-01,77637,FC,FRANKLIN COVEY CO,0.009911409092083394
2022-05-01,82542,CCF,CHASE CORP,0.016729059354172644
2022-05-01,85889,SRDX,SURMODICS INC,0.010523958269260433
2022-05-01,79491,WINA,WINMARK CORP,0.01201640456235314
2022-05-01,53604,GRC,GORMAN RUPP CO,0.013649291971797565
2022-05-01,89572,CEVA,CEVA INC,0.008323633912053844
2022-05-01,60098,OTTR,OTTER TAIL CORP,0.015445992630051454
2022-05-01,11587,ATRI,ATRION CORP,0.011286034900557117
2022-05-01,86594,KFY,KORN FERRY,0.01315233265052141
2022-05-01,82212,KFRC,KFORCE INC,0.013572632263677794
2022-05-01,87725,IIIN,INSTEEL INDUSTRIES INC,0.007591468558065217
2022-05-01,45306,IDCC,INTERDIGITAL INC,0.013069075631613579
2022-05-01,88841,RGP,RESOURCES CONNECTION INC,0.009525299205620967
2022-05-01,19938,ALGM,ALLEGRO MICROSYSTEMS INC,0.009051497403697312
2022-05-01,91463,CVLT,COMMVAULT SYSTEMS INC,0.012329067535635486
2022-05-01,50948,SMTC,SEMTECH CORP,0.008622479667775757
2022-05-01,90199,CBRE,C B R E GROUP INC,0.014977646852287895
2022-05-01,85863,COLM,COLUMBIA SPORTSWEAR CO,0.010440664038796824
2022-05-01,92588,HCCI,HERITAGE CRYSTAL CLEAN INC,0.013952248885181462
2022-05-01,11343,SAFM,SANDERSON FARMS INC,0.016729059354172644
2022-05-01,14231,VEEV,VEEVA SYSTEMS INC,0.00938038656582507
2022-05-01,86048,HCKT,HACKETT GROUP INC,0.016562575803371858
2022-05-01,84010,USNA,USANA HEALTH SCIENCES INC,0.013620686558916566
2022-05-01,77354,SCHL,SCHOLASTIC CORP,0.01658244922834425
2022-05-01,13748,TPH,TRI POINTE HOMES INC,0.007491302181688502
2022-05-01,64194,CHE,CHEMED CORP NEW,0.01317457080396349
2022-05-01,87812,SLAB,SILICON LABORATORIES INC,0.008374565449313089
2022-05-01,92220,MASI,MASIMO CORP,0.008658520339175467
2022-05-01,34948,OXM,OXFORD INDUSTRIES INC,0.010405629021791303
2022-05-01,89179,ANTM,ANTHEM INC,0.013045933574723452
2022-05-01,88504,BRKR,BRUKER CORP,0.01031647333228947
2022-05-01,90319,GOOGL,ALPHABET INC,0.009464858721058218
2022-05-01,13625,SSTK,SHUTTERSTOCK INC,0.008998333531166096
2022-05-01,18725,RVLV,REVOLVE GROUP INC,0.0062915979867123875
2022-05-01,77165,JBSS,SANFILIPPO JOHN B & SON,0.013783208771278765
2022-05-01,87657,EW,EDWARDS LIFESCIENCES CORP,0.008078654384031166
2022-05-01,85992,MANH,MANHATTAN ASSOCIATES INC,0.011134325532262747
2022-05-01,79906,INCY,INCYTE CORP,0.015761809217867764
2022-05-01,76752,PRGS,PROGRESS SOFTWARE CORP,0.010878204224609339
2022-05-01,16260,MEDP,MEDPACE HOLDINGS INC,0.0072181664368425515
2022-05-01,76744,VRTX,VERTEX PHARMACEUTICALS INC,0.014395590730908734
2022-05-01,88352,ISRG,INTUITIVE SURGICAL INC,0.0062915979867123875
2022-05-01,79037,ETD,ETHAN ALLEN INTERIORS INC,0.006933902094740192
2022-05-01,10909,CERN,CERNER CORP,0.016729059354172644
2022-05-01,54148,PHM,PULTE GROUP INC,0.008983685401750891
2022-05-01,41241,HWKN,HAWKINS INC,0.014680610289908103
2022-05-01,47466,NYT,NEW YORK TIMES CO,0.012423594368000767
2022-05-01,55993,NSSC,NAPCO SECURITY TECHNOLOGIES INC,0.012144693004106142
2022-05-01,14495,ATEN,A10 NETWORKS INC,0.007404442501583097
2022-05-01,76839,FIZZ,NATIONAL BEVERAGE CORP,0.00990275863586212
2022-05-01,16434,GOLF,ACUSHNET HOLDINGS CORP,0.010569781641508227
2022-05-01,14456,EGRX,EAGLE PHARMACEUTICALS INC,0.00886466413290697
2022-05-01,11775,JOUT,JOHNSON OUTDOORS INC,0.012518456063547272
2022-05-01,86827,HSII,HEIDRICK & STRUGGLES INTL INC,0.0062915979867123875
2022-05-01,80034,SHOO,MADDEN STEVEN LTD,0.010368613412865386
2022-05-01,84385,NSP,INSPERITY INC,0.00925011049642775
2022-05-01,14521,TNET,TRINET GROUP INC,0.013942781703256225
2022-05-01,87432,A,AGILENT TECHNOLOGIES INC,0.010494679373730819
2022-05-01,75107,ABMD,ABIOMED INC,0.00701771747762314
2022-05-01,87006,UTHR,UNITED THERAPEUTICS CORP,0.011160458795220372
2022-05-01,79007,SCVL,SHOE CARNIVAL INC IN,0.009676149279506458
2022-05-01,78756,OFIX,ORTHOFIX MEDICAL INC,0.009052767200102443
2022-05-01,75070,INT,WORLD FUEL SERVICES CORP,0.008134729618029399
2022-05-01,89036,NTUS,NATUS MEDICAL INC,0.0062915979867123875
2022-05-01,89781,MOH,MOLINA HEALTHCARE INC,0.011695492319021259
2022-05-01,85401,SIGA,S I G A TECHNOLOGIES INC,0.007933059091444603
2022-05-01,92753,ERII,ENERGY RECOVERY INC,0.010102072924610975
2022-05-01,19560,ITOS,ITEOS THERAPEUTICS INC,0.007359248149778068
2022-05-01,90029,DVAX,DYNAVAX TECHNOLOGIES CORP,0.007835745637722253
2022-05-01,48144,KLIC,KULICKE & SOFFA INDS INC,0.008003352242232137
2022-05-01,20161,OAS,OASIS PETROLEUM INC,0.008666306118957917
2022-05-01,83738,CASS,CASS INFORMATION SYSTEMS INC,0.014202137041125733
2022-05-01,88031,MNST,MONSTER BEVERAGE CORP NEW,0.016712925261134402
2022-05-01,46886,KLAC,K L A CORP,0.0071671114670343586
2022-05-01,14702,AMAT,APPLIED MATERIALS INC,0.008041825005696564
2022-05-01,85040,SLP,SIMULATIONS PLUS INC,0.0063751972203929495
2022-05-01,18973,BRC,BRADY CORP,0.016729059354172644
2022-05-01,79785,NVR,N V R INC,0.012668060259428644
2022-05-01,20721,NRGV,ENERGY VAULT HOLDINGS INC,-0.005588968454466372
2022-05-01,21053,BBAI,BIGBEAR AI HOLDINGS INC,-0.005588968454466372
2022-05-01,21844,FCUV,FOCUS UNIVERSAL INC,-0.005588968454466372
2022-05-01,21723,HOOD,ROBINHOOD MARKETS INC,-0.007869767060824687
2022-05-01,20646,OSCR,OSCAR HEALTH INC,-0.007751605969238658
2022-05-01,18840,CELU,CELULARITY INC,-0.00660669807172212
2022-05-01,89301,GME,GAMESTOP CORP NEW,-0.007604249269831483
2022-05-01,20631,BOXD,BOXED INC,-0.00916599895203271
2022-05-01,20788,GRNA,GREENLIGHT BIOSCIENCES HLDGS PBC,-0.006872455428076637
2022-05-01,20067,SOFI,SOFI TECHNOLOGIES INC,-0.0082409105888552
2022-05-01,17907,NKLA,NIKOLA CORP,-0.009186444336412457
2022-05-01,19605,OSH,OAK STREET HEALTH INC,-0.007737333529637925
2022-05-01,21605,RYAN,RYAN SPECIALTY GROUP HLDGS INC,-0.011143166454902799
2022-05-01,21076,ADTH,ADTHEORENT HOLDING CO INC,-0.012901157618611863
2022-05-01,20172,CYXT,CYXTERA TECHNOLOGIES INC,-0.009099285744753802
2022-05-01,19577,RKT,ROCKET COMPANIES INC,-0.008243179098303837
2022-05-01,18937,CHPT,CHARGEPOINT HOLDINGS INC,-0.006836160627550997
2022-05-01,76856,FCFS,FIRSTCASH HOLDINGS INC,-0.009726540746577781
2022-05-01,19950,WE,WEWORK INC,-0.006568436538360035
2022-05-01,18940,PTON,PELOTON INTERACTIVE INC,-0.007297317210373348
2022-05-01,20153,HLMN,HILLMAN SOLUTIONS CORP,-0.010120787848508145
2022-05-01,20419,LIDR,AEYE INC,-0.006409771367658294
2022-05-01,91103,UAL,UNITED AIRLINES HOLDINGS INC,-0.00918169291411469
2022-05-01,20717,EMBK,EMBARK TECHNOLOGY INC,-0.006653904444315694
2022-05-01,14328,AMC,A M C ENTERTAINMENT HOLDINGS INC,-0.006663185734389609
2022-05-01,91926,DAL,DELTA AIR LINES INC,-0.011573911430510335
2022-05-01,20126,JOBY,JOBY AVIATION INC,-0.007641037289074721
2022-05-01,21020,AAL,AMERICAN AIRLINES GROUP INC,-0.008520871288718
2022-05-01,20381,NVTS,NAVITAS SEMICONDUCTOR CORP,-0.006956241466355589
2022-05-01,17036,CNNE,CANNAE HOLDINGS INC,-0.010400882381726043
2022-05-01,14432,ITCI,INTRA CELLULAR THERAPIES INC,-0.010250129283621068
2022-05-01,20682,CPNG,COUPANG INC,-0.008203970501872935
2022-05-01,20345,XM,QUALTRICS INTERNATIONAL INC,-0.008196262159565202
2022-05-01,12591,APO,APOLLO GLOBAL MANAGEMENT INC NEW,-0.010763899339047155
2022-05-01,75175,MBI,M B I A INC,-0.00837642249550976
2022-05-01,20269,OWL,BLUE OWL CAPITAL INC,-0.010789172973256168
2022-05-01,21349,ZETA,ZETA GLOBAL HOLDINGS CORP,-0.0056843148201079765
2022-05-01,19547,CERE,CEREVEL THERAPEUTICS HLDGS INC,-0.008496413827762568
2022-05-01,12060,GE,GENERAL ELECTRIC CO,-0.011665485298426542
2022-05-01,16966,SWCH,SWITCH INC,-0.016528711556228568
2022-05-01,18727,CHWY,CHEWY INC,-0.0055923528448790375
2022-05-01,20893,AGL,AGILON HEALTH INC,-0.008413988233325426
2022-05-01,16649,OKTA,OKTA INC,-0.0071826817032196
2022-05-01,20173,TLS,TELOS CORP,-0.009581525158823559
2022-05-01,21597,PECO,PHILLIPS EDISON & COMPANY INC,-0.016578674393991116
2022-05-01,17688,GSHD,GOOSEHEAD INSURANCE INC,-0.0058128872598686605
2022-05-01,14813,MARA,MARATHON DIGITAL HOLDINGS INC,-0.007189178568298045
2022-05-01,81593,COOP,MR COOPER GROUP INC,-0.010275006354439993
2022-05-01,14617,ARES,ARES MANAGEMENT CORP,-0.009602517306979018
2022-05-01,18184,FSR,FISKER INC,-0.0073986488758656845
2022-05-01,81481,DLTR,DOLLAR TREE INC,-0.016578674393991116
2022-05-01,14136,RNG,RINGCENTRAL INC,-0.009000972596807644
2022-05-01,21361,HGTY,HAGERTY INC,-0.00998217790094838
2022-05-01,20196,UPST,UPSTART HOLDINGS INC,-0.005744629098750441
2022-05-01,12068,ONB,OLD NATIONAL BANCORP,-0.016578674393991116
2022-05-01,19930,CCCS,C C C INTEL SOLUTIONS HLDGS INC,-0.00995144575330851
2022-05-01,19404,FOUR,SHIFT4 PAYMENTS INC,-0.0085028297507569
2022-05-01,90505,LVS,LAS VEGAS SANDS CORP,-0.012194891476789786
2022-05-01,14601,NAVI,NAVIENT CORP,-0.012061989029568137
2022-05-01,19561,BA,BOEING CO,-0.01185442483289749
2022-05-01,91594,SPR,SPIRIT AEROSYSTEMS HOLDINGS INC,-0.012619751872899257
2022-05-01,18835,DKNG,DRAFTKINGS INC,-0.006945293216431047
2022-05-01,16382,COUP,COUPA SOFTWARE INC,-0.008283794446381765
2022-05-01,19454,ETWO,E2OPEN PARENT HOLDINGS INC,-0.008487932029343514
2022-05-01,15302,VIRT,VIRTU FINANCIAL INC,-0.009829747064283283
2022-05-01,19576,RXT,RACKSPACE TECHNOLOGY INC,-0.007379210214304021
2022-05-01,86211,MSTR,MICROSTRATEGY INC,-0.006632667527324718
2022-05-01,14596,FIVN,FIVE 9 INC,-0.008250608154421706
2022-05-01,91611,FSLR,FIRST SOLAR INC,-0.016578674393991116
2022-05-01,82779,NVAX,NOVAVAX INC,-0.006090426000493682
2022-05-01,19593,MIR,MIRION TECHNOLOGIES INC,-0.009383107884005532
2022-05-01,17367,LPRO,OPEN LENDING CORP,-0.009742998118657212
2022-05-01,17341,ZS,ZSCALER INC,-0.007840500123440236
2022-05-01,20972,PATH,UIPATH INC,-0.007384736604310762
2022-05-01,87337,PLUG,PLUG POWER INC,-0.005588968454466372
2022-05-01,90978,SPWR,SUNPOWER CORP,-0.007343238940655303
2022-05-01,24328,EQT,E Q T CORP,-0.008736830270797432
2022-05-01,20120,HLLY,HOLLEY INC,-0.008985673837344119
2022-05-01,21409,JBI,JANUS INTERNATIONAL GROUP INC,-0.011190367560613932
2022-05-01,16655,CVNA,CARVANA CO,-0.005588968454466372
2022-05-01,18576,UBER,UBER TECHNOLOGIES INC,-0.008720678232850864
2022-05-01,40125,DXC,D X C TECHNOLOGY CO,-0.013903902379948516
2022-05-01,19495,DNB,DUN & BRADSTREET HOLDINGS INC,-0.015236523215973389
2022-05-01,21207,NEM,NEWMONT CORP,-0.012858041972208632
2022-05-01,92213,RIOT,RIOT BLOCKCHAIN INC,-0.008390617332614746
2022-05-01,84734,FBC,FLAGSTAR BANCORP INC,-0.016578674393991116
2022-05-01,22220,NN,NEXTNAV INC,-0.00859928030830607
2022-05-01,22092,KD,KYNDRYL HOLDINGS INC,-0.010461513704680868
2022-05-01,22086,ENFN,ENFUSION INC,-0.006960828363147634
2022-05-01,19484,PCVX,VAXCYTE INC,-0.009377800499258649
2022-05-01,48961,LAWS,LAWSON PRODUCTS INC,-0.00915101512471698
2022-05-01,20451,RSVR,RESERVOIR MEDIA INC,-0.013512128614303256
2022-05-01,32651,HL,HECLA MINING CO,-0.009020152268802265
2022-05-01,19682,PMVP,P M V PHARMACEUTICALS INC,-0.006435644740755109
2022-05-01,17313,BLNK,BLINK CHARGING CO,-0.008160444667675862
2022-05-01,20891,ULCC,FRONTIER GROUP HOLDINGS INC,-0.00821576937503538
2022-05-01,13688,PCG,P G & E CORP,-0.011399737610638644
2022-05-01,20136,PTRA,PROTERRA INC,-0.007333003839291476
2022-05-01,19397,TOI,ONCOLOGY INSTITUTE INC,-0.006535470568123058
2022-05-01,18912,PING,PING IDENTITY HOLDING CORP,-0.009674519657632915
2022-06-01,13777,AMSWA,AMERICAN SOFTWARE INC,0.010488472536812208
2022-06-01,91606,CPRX,CATALYST PHARMACEUTICALS INC,0.007830761165580982
2022-06-01,14213,MMI,MARCUS & MILLICHAP INC,0.011438848097297909
2022-06-01,19560,ITOS,ITEOS THERAPEUTICS INC,0.004786222579674176
2022-06-01,13935,NRC,NATIONAL RESEARCH CORP,0.012789057307415157
2022-06-01,10649,PTSI,P A M TRANSPORTATION SVCS INC,0.007672212359856743
2022-06-01,13318,YELP,YELP INC,0.00858806439868038
2022-06-01,88417,ACLS,AXCELIS TECHNOLOGIES INC,0.00646439999508933
2022-06-01,88167,HSTM,HEALTHSTREAM INC,0.019146306482415276
2022-06-01,14359,XNCR,XENCOR INC,0.007814108065624834
2022-06-01,89792,CVCO,CAVCO INDUSTRIES INC DEL,0.006288991597764157
2022-06-01,76721,CRVL,CORVEL CORP,0.015966373936829106
2022-06-01,68830,REX,REX AMERICAN RESOURCES CORP,0.011465163715113746
2022-06-01,90125,CORT,CORCEPT THERAPEUTICS INC,0.008082655727442364
2022-06-01,85724,PRDO,PERDOCEO EDUCATION CORP,0.012043343207514783
2022-06-01,63125,AGYS,AGILYSYS INC,0.007446084364234451
2022-06-01,88159,EXEL,EXELIXIS INC,0.008052593069792955
2022-06-01,11884,IPAR,INTERMEDIATE PARFUMS INC,0.007999360291277034
2022-06-01,89572,CEVA,CEVA INC,0.008307941895332783
2022-06-01,65700,USLM,UNITED STATES LIME MINERALS INC,0.014413670645584513
2022-06-01,77637,FC,FRANKLIN COVEY CO,0.012212310527045836
2022-06-01,82212,KFRC,KFORCE INC,0.012768878745379278
2022-06-01,88841,RGP,RESOURCES CONNECTION INC,0.015036853314533973
2022-06-01,53604,GRC,GORMAN RUPP CO,0.016606323592645543
2022-06-01,64961,NXGN,NEXTGEN HEALTHCARE INC,0.009882386412949893
2022-06-01,11587,ATRI,ATRION CORP,0.017351495090224274
2022-06-01,60098,OTTR,OTTER TAIL CORP,0.01974915079019408
2022-06-01,92753,ERII,ENERGY RECOVERY INC,0.012647772965870448
2022-06-01,91186,VNDA,VANDA PHARMACEUTICALS INC,0.009843555507359217
2022-06-01,21125,ZIP,ZIPRECRUITER INC,0.004786222579674176
2022-06-01,84010,USNA,USANA HEALTH SCIENCES INC,0.01719726414096578
2022-06-01,79037,ETD,ETHAN ALLEN INTERIORS INC,0.011115988197588593
2022-06-01,86594,KFY,KORN FERRY,0.013050396328458377
2022-06-01,85863,COLM,COLUMBIA SPORTSWEAR CO,0.011296927463406554
2022-06-01,79491,WINA,WINMARK CORP,0.011502421121090343
2022-06-01,82542,CCF,CHASE CORP,0.018792572749225894
2022-06-01,16260,MEDP,MEDPACE HOLDINGS INC,0.00917919549334383
2022-06-01,13625,SSTK,SHUTTERSTOCK INC,0.007770416162546392
2022-06-01,87725,IIIN,INSTEEL INDUSTRIES INC,0.010088048091859361
2022-06-01,79611,MOV,MOVADO GROUP INC,0.006281814297539512
2022-06-01,41241,HWKN,HAWKINS INC,0.010304031755674296
2022-06-01,91463,CVLT,COMMVAULT SYSTEMS INC,0.011077514176331835
2022-06-01,45306,IDCC,INTERDIGITAL INC,0.013880542448517278
2022-06-01,64194,CHE,CHEMED CORP NEW,0.019725528164085952
2022-06-01,86048,HCKT,HACKETT GROUP INC,0.010361247822918763
2022-06-01,79785,NVR,N V R INC,0.009988189404093909
2022-06-01,90199,CBRE,C B R E GROUP INC,0.012865756886608513
2022-06-01,14456,EGRX,EAGLE PHARMACEUTICALS INC,0.010004810948849516
2022-06-01,34948,OXM,OXFORD INDUSTRIES INC,0.010254595136308392
2022-06-01,90319,GOOGL,ALPHABET INC,0.01115951789381752
2022-06-01,50948,SMTC,SEMTECH CORP,0.008989119956239406
2022-06-01,88504,BRKR,BRUKER CORP,0.009057765608634045
2022-06-01,48144,KLIC,KULICKE & SOFFA INDS INC,0.00955732280789719
2022-06-01,88031,MNST,MONSTER BEVERAGE CORP NEW,0.013980591867097054
2022-06-01,20161,OAS,OASIS PETROLEUM INC,0.008618121163894535
2022-06-01,87657,EW,EDWARDS LIFESCIENCES CORP,0.011243505146643263
2022-06-01,46886,KLAC,K L A CORP,0.008236024885058112
2022-06-01,89179,ANTM,ANTHEM INC,0.01759030873020815
2022-06-01,85889,SRDX,SURMODICS INC,0.007991979470055274
2022-06-01,14231,VEEV,VEEVA SYSTEMS INC,0.007966247639108984
2022-06-01,85401,SIGA,S I G A TECHNOLOGIES INC,0.004786222579674176
2022-06-01,14702,AMAT,APPLIED MATERIALS INC,0.008068880597037404
2022-06-01,85040,SLP,SIMULATIONS PLUS INC,0.009527408518855885
2022-06-01,19938,ALGM,ALLEGRO MICROSYSTEMS INC,0.01011426904175914
2022-06-01,18725,RVLV,REVOLVE GROUP INC,0.004788007987946818
2022-06-01,85992,MANH,MANHATTAN ASSOCIATES INC,0.009132548375397434
2022-06-01,88352,ISRG,INTUITIVE SURGICAL INC,0.009805289408248062
2022-06-01,75107,ABMD,ABIOMED INC,0.007011628539327279
2022-06-01,18973,BRC,BRADY CORP,0.012825019686011834
2022-06-01,11343,SAFM,SANDERSON FARMS INC,0.01974915079019408
2022-06-01,87812,SLAB,SILICON LABORATORIES INC,0.010948753503041364
2022-06-01,54148,PHM,PULTE GROUP INC,0.008894206640911924
2022-06-01,76752,PRGS,PROGRESS SOFTWARE CORP,0.01358259006585417
2022-06-01,77354,SCHL,SCHOLASTIC CORP,0.01713563531157555
2022-06-01,13748,TPH,TRI POINTE HOMES INC,0.008983174413387938
2022-06-01,76744,VRTX,VERTEX PHARMACEUTICALS INC,0.009677546750934378
2022-06-01,92588,HCCI,HERITAGE CRYSTAL CLEAN INC,0.012838103949699082
2022-06-01,14521,TNET,TRINET GROUP INC,0.013363147992015352
2022-06-01,77165,JBSS,SANFILIPPO JOHN B & SON,0.01974915079019408
2022-06-01,47466,NYT,NEW YORK TIMES CO,0.009314259946200191
2022-06-01,79906,INCY,INCYTE CORP,0.011522648801761024
2022-06-01,84385,NSP,INSPERITY INC,0.012635864525622277
2022-06-01,10909,CERN,CERNER CORP,0.01974915079019408
2022-06-01,78756,OFIX,ORTHOFIX MEDICAL INC,0.011533543001446598
2022-06-01,76839,FIZZ,NATIONAL BEVERAGE CORP,0.010627379054499415
2022-06-01,92220,MASI,MASIMO CORP,0.007562121829619187
2022-06-01,14495,ATEN,A10 NETWORKS INC,0.00592762088637446
2022-06-01,89036,NTUS,NATUS MEDICAL INC,0.01974915079019408
2022-06-01,16434,GOLF,ACUSHNET HOLDINGS CORP,0.011148069948635072
2022-06-01,11775,JOUT,JOHNSON OUTDOORS INC,0.007243666080390396
2022-06-01,80034,SHOO,MADDEN STEVEN LTD,0.008526657009181754
2022-06-01,86827,HSII,HEIDRICK & STRUGGLES INTL INC,0.011860531730846583
2022-06-01,55993,NSSC,NAPCO SECURITY TECHNOLOGIES INC,0.008568045788107652
2022-06-01,87432,A,AGILENT TECHNOLOGIES INC,0.010329027092317172
2022-06-01,90029,DVAX,DYNAVAX TECHNOLOGIES CORP,0.004786222579674176
2022-06-01,92852,LOPE,GRAND CANYON EDUCATION INC,0.01817135366565844
2022-06-01,13766,BCC,BOISE CASCADE CO,0.007104747349193819
2022-06-01,89044,PDFS,P D F SOLUTIONS INC,0.010352629243404386
2022-06-01,80575,SSD,SIMPSON MANUFACTURING CO INC,0.013953335500852988
2022-06-01,19679,GDRX,GOODRX HOLDINGS INC,0.004786222579674176
2022-06-01,20721,NRGV,ENERGY VAULT HOLDINGS INC,-0.006914215528986568
2022-06-01,21053,BBAI,BIGBEAR AI HOLDINGS INC,-0.004447769373083175
2022-06-01,21723,HOOD,ROBINHOOD MARKETS INC,-0.005464015130082304
2022-06-01,21844,FCUV,FOCUS UNIVERSAL INC,-0.007582000464018055
2022-06-01,18840,CELU,CELULARITY INC,-0.004447769373083175
2022-06-01,20788,GRNA,GREENLIGHT BIOSCIENCES HLDGS PBC,-0.01114928684514332
2022-06-01,89301,GME,GAMESTOP CORP NEW,-0.004447769373083175
2022-06-01,20067,SOFI,SOFI TECHNOLOGIES INC,-0.006301234476125995
2022-06-01,20631,BOXD,BOXED INC,-0.0068751225111651545
2022-06-01,17907,NKLA,NIKOLA CORP,-0.005785558441768888
2022-06-01,22092,KD,KYNDRYL HOLDINGS INC,-0.0068412282655432016
2022-06-01,18937,CHPT,CHARGEPOINT HOLDINGS INC,-0.0058844068110570176
2022-06-01,21605,RYAN,RYAN SPECIALTY GROUP HLDGS INC,-0.012936003562700926
2022-06-01,19605,OSH,OAK STREET HEALTH INC,-0.0059829641189641505
2022-06-01,21076,ADTH,ADTHEORENT HOLDING CO INC,-0.010281981094001576
2022-06-01,12591,APO,APOLLO GLOBAL MANAGEMENT INC NEW,-0.014391325769381569
2022-06-01,20126,JOBY,JOBY AVIATION INC,-0.0066574585221144756
2022-06-01,20153,HLMN,HILLMAN SOLUTIONS CORP,-0.013467956451019548
2022-06-01,20419,LIDR,AEYE INC,-0.006619674496574966
2022-06-01,19950,WE,WEWORK INC,-0.005672544800584422
2022-06-01,14328,AMC,A M C ENTERTAINMENT HOLDINGS INC,-0.005484602877160793
2022-06-01,14432,ITCI,INTRA CELLULAR THERAPIES INC,-0.0071700335541075725
2022-06-01,17036,CNNE,CANNAE HOLDINGS INC,-0.01107339070772282
2022-06-01,16966,SWCH,SWITCH INC,-0.017759217447803222
2022-06-01,91103,UAL,UNITED AIRLINES HOLDINGS INC,-0.009735637330225581
2022-06-01,75175,MBI,M B I A INC,-0.011843200321693349
2022-06-01,91926,DAL,DELTA AIR LINES INC,-0.012008294470824226
2022-06-01,76856,FCFS,FIRSTCASH HOLDINGS INC,-0.017929393398816197
2022-06-01,20269,OWL,BLUE OWL CAPITAL INC,-0.014002695319891382
2022-06-01,21020,AAL,AMERICAN AIRLINES GROUP INC,-0.00914055544838421
2022-06-01,20893,AGL,AGILON HEALTH INC,-0.00960463788849243
2022-06-01,12060,GE,GENERAL ELECTRIC CO,-0.017929393398816197
2022-06-01,14617,ARES,ARES MANAGEMENT CORP,-0.01285807336132567
2022-06-01,17688,GSHD,GOOSEHEAD INSURANCE INC,-0.007833772436220434
2022-06-01,20172,CYXT,CYXTERA TECHNOLOGIES INC,-0.009703529331389666
2022-06-01,19682,PMVP,P M V PHARMACEUTICALS INC,-0.004854623100351677
2022-06-01,19577,RKT,ROCKET COMPANIES INC,-0.010194345855798223
2022-06-01,21597,PECO,PHILLIPS EDISON & COMPANY INC,-0.016659861315101526
2022-06-01,20173,TLS,TELOS CORP,-0.007861316887068495
2022-06-01,18940,PTON,PELOTON INTERACTIVE INC,-0.0061475733920981655
2022-06-01,19454,ETWO,E2OPEN PARENT HOLDINGS INC,-0.009515444853908265
2022-06-01,24328,EQT,E Q T CORP,-0.01030528432591675
2022-06-01,18184,FSR,FISKER INC,-0.0071590348191683155
2022-06-01,81481,DLTR,DOLLAR TREE INC,-0.007043958121014966
2022-06-01,17313,BLNK,BLINK CHARGING CO,-0.006672586423730712
2022-06-01,20136,PTRA,PROTERRA INC,-0.007735856720623563
2022-06-01,19561,BA,BOEING CO,-0.010629792485473737
2022-06-01,14813,MARA,MARATHON DIGITAL HOLDINGS INC,-0.005363138276705551
2022-06-01,14136,RNG,RINGCENTRAL INC,-0.006961862925864193
2022-06-01,14596,FIVN,FIVE 9 INC,-0.008057116155941199
2022-06-01,19547,CERE,CEREVEL THERAPEUTICS HLDGS INC,-0.006638342148283492
2022-06-01,20345,XM,QUALTRICS INTERNATIONAL INC,-0.009718127100538914
2022-06-01,16649,OKTA,OKTA INC,-0.006837863760507894
2022-06-01,19484,PCVX,VAXCYTE INC,-0.009488339851116148
2022-06-01,48961,DSGR,DISTRIBUTION SOLUTIONS GROUP INC,-0.009569091767179433
2022-06-01,16382,COUP,COUPA SOFTWARE INC,-0.006931949004723741
2022-06-01,20891,ULCC,FRONTIER GROUP HOLDINGS INC,-0.009177134490550434
2022-06-01,20381,NVTS,NAVITAS SEMICONDUCTOR CORP,-0.006023862658929267
2022-06-01,19397,TOI,ONCOLOGY INSTITUTE INC,-0.004755208445457358
2022-06-01,20682,CPNG,COUPANG INC,-0.004794784351095996
2022-06-01,21349,ZETA,ZETA GLOBAL HOLDINGS CORP,-0.006125451898281581
2022-06-01,14601,NAVI,NAVIENT CORP,-0.015585089652936568
2022-06-01,13688,PCG,P G & E CORP,-0.017929393398816197
2022-06-01,90505,LVS,LAS VEGAS SANDS CORP,-0.008994817341256685
2022-06-01,18727,CHWY,CHEWY INC,-0.00640531422079455
2022-06-01,22086,ENFN,ENFUSION INC,-0.006982425034402479
2022-06-01,19576,RXT,RACKSPACE TECHNOLOGY INC,-0.008826800482988884
2022-06-01,91594,SPR,SPIRIT AEROSYSTEMS HOLDINGS INC,-0.008429193394394088
2022-06-01,91611,FSLR,FIRST SOLAR INC,-0.01177335256042377
2022-06-01,82779,NVAX,NOVAVAX INC,-0.004459760463811884
2022-06-01,90978,SPWR,SUNPOWER CORP,-0.007533459530112529
2022-06-01,18835,DKNG,DRAFTKINGS INC,-0.005921392925944284
2022-06-01,19593,MIR,MIRION TECHNOLOGIES INC,-0.008541527943195097
2022-06-01,19495,DNB,DUN & BRADSTREET HOLDINGS INC,-0.015238430629273346
2022-06-01,20972,PATH,UIPATH INC,-0.007139201951486279
2022-06-01,19404,FOUR,SHIFT4 PAYMENTS INC,-0.007945651354577341
2022-06-01,21361,HGTY,HAGERTY INC,-0.009051948705878773
2022-06-01,15302,VIRT,VIRTU FINANCIAL INC,-0.017929393398816197
2022-06-01,12068,ONB,OLD NATIONAL BANCORP,-0.017929393398816197
2022-06-01,17341,ZS,ZSCALER INC,-0.006234615469562398
2022-06-01,86211,MSTR,MICROSTRATEGY INC,-0.004447769373083175
2022-06-01,81593,COOP,MR COOPER GROUP INC,-0.014251354676613925
2022-06-01,17367,LPRO,OPEN LENDING CORP,-0.008075674008574138
2022-06-01,18576,UBER,UBER TECHNOLOGIES INC,-0.009350190083518947
2022-06-01,87337,PLUG,PLUG POWER INC,-0.005336930872784146
2022-06-01,21409,JBI,JANUS INTERNATIONAL GROUP INC,-0.008603712380964636
2022-06-01,84734,FBC,FLAGSTAR BANCORP INC,-0.017929393398816197
2022-06-01,19930,CCCS,C C C INTEL SOLUTIONS HLDGS INC,-0.010741245136655697
2022-06-01,18912,PING,PING IDENTITY HOLDING CORP,-0.008353390106251609
2022-06-01,20196,UPST,UPSTART HOLDINGS INC,-0.004447769373083175
2022-06-01,40125,DXC,D X C TECHNOLOGY CO,-0.010047609373787217
2022-06-01,22321,LVLU,LULUS FASHION LOUNGE HLDGS INC,-0.006144405669116817
2022-06-01,18457,MVST,MICROVAST HOLDINGS INC,-0.005187830297947605
2022-06-01,18735,GO,GROCERY OUTLET HOLDING CORP,-0.010345719242783411
2022-06-01,13919,AMBC,AMBAC FINANCIAL GROUP INC,-0.011729141293559859
2022-06-01,18453,LAZR,LUMINAR TECHNOLOGIES INC,-0.0061025131706061025
2022-06-01,20599,SMRT,SMARTRENT INC,-0.007224954224970614
2022-06-01,16086,HTZ,HERTZ GLOBAL HOLDINGS INC NEW,-0.00895280428074134
2022-06-01,21576,PAYO,PAYONEER GLOBAL INC,-0.005311262057806996
2022-06-01,90775,THS,TREEHOUSE FOODS INC,-0.009586175224871802
2022-07-01,91606,CPRX,CATALYST PHARMACEUTICALS INC,0.009282940032894645
2022-07-01,19560,ITOS,ITEOS THERAPEUTICS INC,0.006796887412083938
2022-07-01,88417,ACLS,AXCELIS TECHNOLOGIES INC,0.007776783183802831
2022-07-01,14213,MMI,MARCUS & MILLICHAP INC,0.011937829188323227
2022-07-01,13777,AMSWA,AMERICAN SOFTWARE INC,0.010207389210183165
2022-07-01,10649,PTSI,P A M TRANSPORTATION SVCS INC,0.006294519390872657
2022-07-01,89792,CVCO,CAVCO INDUSTRIES INC DEL,0.011973237727082224
2022-07-01,13318,YELP,YELP INC,0.00854532859044159
2022-07-01,88167,HSTM,HEALTHSTREAM INC,0.013968102986333223
2022-07-01,76721,CRVL,CORVEL CORP,0.013958891000509803
2022-07-01,85724,PRDO,PERDOCEO EDUCATION CORP,0.015275057449371195
2022-07-01,90125,CORT,CORCEPT THERAPEUTICS INC,0.010638195356676722
2022-07-01,14456,EGRX,EAGLE PHARMACEUTICALS INC,0.01241851160580107
2022-07-01,19679,GDRX,GOODRX HOLDINGS INC,0.006294519390872657
2022-07-01,13935,NRC,NATIONAL RESEARCH CORP,0.010232525221854426
2022-07-01,79611,MOV,MOVADO GROUP INC,0.010578001682918373
2022-07-01,11884,IPAR,INTERMEDIATE PARFUMS INC,0.013125482248986011
2022-07-01,82212,KFRC,KFORCE INC,0.010415581074395204
2022-07-01,48144,KLIC,KULICKE & SOFFA INDS INC,0.00906455138771142
2022-07-01,64961,NXGN,NEXTGEN HEALTHCARE INC,0.011752430489536125
2022-07-01,14359,XNCR,XENCOR INC,0.007968778899867983
2022-07-01,65700,USLM,UNITED STATES LIME MINERALS INC,0.015456510863438513
2022-07-01,16260,MEDP,MEDPACE HOLDINGS INC,0.010644452162961672
2022-07-01,63125,AGYS,AGILYSYS INC,0.0077312861645176655
2022-07-01,92753,ERII,ENERGY RECOVERY INC,0.012058441363413455
2022-07-01,79037,ETD,ETHAN ALLEN INTERIORS INC,0.014266001712837924
2022-07-01,53604,GRC,GORMAN RUPP CO,0.01598278357376054
2022-07-01,86594,KFY,KORN FERRY,0.010329712619545768
2022-07-01,85863,COLM,COLUMBIA SPORTSWEAR CO,0.011996596507711309
2022-07-01,84010,USNA,USANA HEALTH SCIENCES INC,0.017465346464074355
2022-07-01,88159,EXEL,EXELIXIS INC,0.009353606954427196
2022-07-01,89572,CEVA,CEVA INC,0.01024183357240092
2022-07-01,60098,OTTR,OTTER TAIL CORP,0.015700649998269558
2022-07-01,11587,ATRI,ATRION CORP,0.018414504662924786
2022-07-01,13766,BCC,BOISE CASCADE CO,0.006958891129026452
2022-07-01,34948,OXM,OXFORD INDUSTRIES INC,0.008870863194793823
2022-07-01,68830,REX,REX AMERICAN RESOURCES CORP,0.008717518496753998
2022-07-01,87725,IIIN,INSTEEL INDUSTRIES INC,0.01057022021094521
2022-07-01,79785,NVR,N V R INC,0.012115210553695644
2022-07-01,64194,CHE,CHEMED CORP NEW,0.01784077008984861
2022-07-01,91463,CVLT,COMMVAULT SYSTEMS INC,0.01036401021459903
2022-07-01,45306,IDCC,INTERDIGITAL INC,0.013504939138331772
2022-07-01,21125,ZIP,ZIPRECRUITER INC,0.006294519390872657
2022-07-01,85040,SLP,SIMULATIONS PLUS INC,0.008038637635625057
2022-07-01,20161,OAS,OASIS PETROLEUM INC,0.0062966554815060884
2022-07-01,88352,ISRG,INTUITIVE SURGICAL INC,0.01021964957429044
2022-07-01,13625,SSTK,SHUTTERSTOCK INC,0.009414310581286625
2022-07-01,88841,RGP,RESOURCES CONNECTION INC,0.007729872622003147
2022-07-01,86048,HCKT,HACKETT GROUP INC,0.01466450264733896
2022-07-01,87657,EW,EDWARDS LIFESCIENCES CORP,0.011609965805226921
2022-07-01,50948,SMTC,SEMTECH CORP,0.011664874287986321
2022-07-01,46886,KLAC,K L A CORP,0.00953591291296749
2022-07-01,91186,VNDA,VANDA PHARMACEUTICALS INC,0.011050676780429775
2022-07-01,77354,SCHL,SCHOLASTIC CORP,0.018422102485327323
2022-07-01,75107,ABMD,ABIOMED INC,0.009465029773100774
2022-07-01,80575,SSD,SIMPSON MANUFACTURING CO INC,0.010217393842856748
2022-07-01,89179,ELV,ELEVANCE HEALTH INC,0.015521925186706797
2022-07-01,14702,AMAT,APPLIED MATERIALS INC,0.00900815099978201
2022-07-01,90319,GOOGL,ALPHABET INC,0.011191662426186237
2022-07-01,88504,BRKR,BRUKER CORP,0.012202429224691228
2022-07-01,85992,MANH,MANHATTAN ASSOCIATES INC,0.009510872255065644
2022-07-01,88031,MNST,MONSTER BEVERAGE CORP NEW,0.013626163022461637
2022-07-01,92852,LOPE,GRAND CANYON EDUCATION INC,0.012578252846740098
2022-07-01,18973,BRC,BRADY CORP,0.01683829801806242
2022-07-01,89044,PDFS,P D F SOLUTIONS INC,0.008536873906604271
2022-07-01,14231,VEEV,VEEVA SYSTEMS INC,0.00721118183698519
2022-07-01,76752,PRGS,PROGRESS SOFTWARE CORP,0.010065482327480777
2022-07-01,19938,ALGM,ALLEGRO MICROSYSTEMS INC,0.01044286106552725
2022-07-01,41241,HWKN,HAWKINS INC,0.018422102485327323
2022-07-01,77637,FC,FRANKLIN COVEY CO,0.006294519390872657
2022-07-01,87812,SLAB,SILICON LABORATORIES INC,0.010684503120789801
2022-07-01,54148,PHM,PULTE GROUP INC,0.010641184066194678
2022-07-01,14521,TNET,TRINET GROUP INC,0.013433556685565017
2022-07-01,10909,CERN,CERNER CORP,0.018422102485327323
2022-07-01,76744,VRTX,VERTEX PHARMACEUTICALS INC,0.011363211893294691
2022-07-01,79491,WINA,WINMARK CORP,0.013340180552353314
2022-07-01,18725,RVLV,REVOLVE GROUP INC,0.0067664055148246504
2022-07-01,84385,NSP,INSPERITY INC,0.011981731453287606
2022-07-01,90199,CBRE,C B R E GROUP INC,0.011817317628106384
2022-07-01,78756,OFIX,ORTHOFIX MEDICAL INC,0.014394986564127093
2022-07-01,76839,FIZZ,NATIONAL BEVERAGE CORP,0.013314878400157175
2022-07-01,79906,INCY,INCYTE CORP,0.012233083593680843
2022-07-01,82542,CCF,CHASE CORP,0.018230242672543206
2022-07-01,11343,SAFM,SANDERSON FARMS INC,0.018422102485327323
2022-07-01,85889,SRDX,SURMODICS INC,0.012477399118818898
2022-07-01,92588,HCCI,HERITAGE CRYSTAL CLEAN INC,0.01216895995860204
2022-07-01,85401,SIGA,S I G A TECHNOLOGIES INC,0.006294519390872657
2022-07-01,86827,HSII,HEIDRICK & STRUGGLES INTL INC,0.010307192736079657
2022-07-01,47466,NYT,NEW YORK TIMES CO,0.009354586301782718
2022-07-01,80034,SHOO,MADDEN STEVEN LTD,0.009578375238020673
2022-07-01,16434,GOLF,ACUSHNET HOLDINGS CORP,0.0115589418463329
2022-07-01,13748,TPH,TRI POINTE HOMES INC,0.007569317282060042
2022-07-01,87432,A,AGILENT TECHNOLOGIES INC,0.012948362197464614
2022-07-01,14495,ATEN,A10 NETWORKS INC,0.009039235274257583
2022-07-01,77165,JBSS,SANFILIPPO JOHN B & SON,0.018422102485327323
2022-07-01,15853,RMR,R M R GROUP INC,0.01229254012909442
2022-07-01,85059,FIX,COMFORT SYSTEMS USA INC,0.010298057990309268
2022-07-01,86128,HZO,MARINEMAX INC,0.011487806219642665
2022-07-01,21598,BRDG,BRIDGE INVESTMENT GP HLDGS INC,0.011845012990888344
2022-07-01,48653,HUM,HUMANA INC,0.01614753173275842
2022-07-01,21844,FCUV,FOCUS UNIVERSAL INC,-0.004179765345135707
2022-07-01,20721,NRGV,ENERGY VAULT HOLDINGS INC,-0.0044259274443954975
2022-07-01,21723,HOOD,ROBINHOOD MARKETS INC,-0.006708526213416415
2022-07-01,20067,SOFI,SOFI TECHNOLOGIES INC,-0.007648922107633392
2022-07-01,89301,GME,GAMESTOP CORP NEW,-0.005856307513947205
2022-07-01,22092,KD,KYNDRYL HOLDINGS INC,-0.007770037973277102
2022-07-01,14328,AMC,A M C ENTERTAINMENT HOLDINGS INC,-0.005453982482266481
2022-07-01,12591,APO,APOLLO GLOBAL MANAGEMENT INC NEW,-0.010575748802962007
2022-07-01,17036,CNNE,CANNAE HOLDINGS INC,-0.009687808652504888
2022-07-01,14432,ITCI,INTRA CELLULAR THERAPIES INC,-0.009669769234030332
2022-07-01,21605,RYAN,RYAN SPECIALTY HOLDINGS INC,-0.015224430731615432
2022-07-01,14617,ARES,ARES MANAGEMENT CORP,-0.009145660535411859
2022-07-01,13919,AMBC,AMBAC FINANCIAL GROUP INC,-0.01163834204042115
2022-07-01,16966,SWCH,SWITCH INC,-0.016438612621247697
2022-07-01,75175,MBI,M B I A INC,-0.008955745225682866
2022-07-01,12060,GE,GENERAL ELECTRIC CO,-0.014164867767936623
2022-07-01,18937,CHPT,CHARGEPOINT HOLDINGS INC,-0.005187478603287706
2022-07-01,24328,EQT,E Q T CORP,-0.007524770068570105
2022-07-01,18735,GO,GROCERY OUTLET HOLDING CORP,-0.016374734806594987
2022-07-01,20269,OWL,BLUE OWL CAPITAL INC,-0.008183308175890473
2022-07-01,21597,PECO,PHILLIPS EDISON & COMPANY INC,-0.014384083507290769
2022-07-01,19605,OSH,OAK STREET HEALTH INC,-0.005910795817182624
2022-07-01,16086,HTZ,HERTZ GLOBAL HOLDINGS INC NEW,-0.00954265799051818
2022-07-01,91103,UAL,UNITED AIRLINES HOLDINGS INC,-0.008346522003938095
2022-07-01,17688,GSHD,GOOSEHEAD INSURANCE INC,-0.006964927522627873
2022-07-01,20153,HLMN,HILLMAN SOLUTIONS CORP,-0.009224641078558929
2022-07-01,19561,BA,BOEING CO,-0.008208367913758697
2022-07-01,91926,DAL,DELTA AIR LINES INC,-0.01016849867447221
2022-07-01,22321,LVLU,LULUS FASHION LOUNGE HLDGS INC,-0.004625809784289459
2022-07-01,76856,FCFS,FIRSTCASH HOLDINGS INC,-0.013519608512998552
2022-07-01,21020,AAL,AMERICAN AIRLINES GROUP INC,-0.007963839347467656
2022-07-01,90775,THS,TREEHOUSE FOODS INC,-0.016438612621247697
2022-07-01,18184,FSR,FISKER INC,-0.007707812961134493
2022-07-01,19682,PMVP,P M V PHARMACEUTICALS INC,-0.004692356120777062
2022-07-01,14596,FIVN,FIVE 9 INC,-0.00866181778618187
2022-07-01,20172,CYXT,CYXTERA TECHNOLOGIES INC,-0.008366629746234842
2022-07-01,19950,WE,WEWORK INC,-0.004710248259770174
2022-07-01,48961,DSGR,DISTRIBUTION SOLUTIONS GROUP INC,-0.008679784358261467
2022-07-01,19454,ETWO,E2OPEN PARENT HOLDINGS INC,-0.00912395372482621
2022-07-01,20893,AGL,AGILON HEALTH INC,-0.007251985861811627
2022-07-01,20173,TLS,TELOS CORP,-0.008139080189787417
2022-07-01,17313,BLNK,BLINK CHARGING CO,-0.006463337730966834
2022-07-01,19484,PCVX,VAXCYTE INC,-0.00742287553438644
2022-07-01,16649,OKTA,OKTA INC,-0.005931456851366645
2022-07-01,20891,ULCC,FRONTIER GROUP HOLDINGS INC,-0.0073599348202067405
2022-07-01,91611,FSLR,FIRST SOLAR INC,-0.010229456234856188
2022-07-01,14136,RNG,RINGCENTRAL INC,-0.005754237579736858
2022-07-01,18453,LAZR,LUMINAR TECHNOLOGIES INC,-0.007838539963780894
2022-07-01,19577,RKT,ROCKET COMPANIES INC,-0.008313827804085128
2022-07-01,81481,DLTR,DOLLAR TREE INC,-0.016438612621247697
2022-07-01,14601,NAVI,NAVIENT CORP,-0.010566025370216094
2022-07-01,15302,VIRT,VIRTU FINANCIAL INC,-0.016438612621247697
2022-07-01,14813,MARA,MARATHON DIGITAL HOLDINGS INC,-0.005837368172310395
2022-07-01,21361,HGTY,HAGERTY INC,-0.00922035328300651
2022-07-01,90505,LVS,LAS VEGAS SANDS CORP,-0.00908511809689264
2022-07-01,20972,PATH,UIPATH INC,-0.005214868905579182
2022-07-01,16382,COUP,COUPA SOFTWARE INC,-0.005949727545256719
2022-07-01,17341,ZS,ZSCALER INC,-0.006890913395236276
2022-07-01,19593,MIR,MIRION TECHNOLOGIES INC,-0.009854380797237697
2022-07-01,18940,PTON,PELOTON INTERACTIVE INC,-0.007314570370440665
2022-07-01,22086,ENFN,ENFUSION INC,-0.006956677515326173
2022-07-01,20345,XM,QUALTRICS INTERNATIONAL INC,-0.006624643811240782
2022-07-01,20196,UPST,UPSTART HOLDINGS INC,-0.0048142470833569765
2022-07-01,91594,SPR,SPIRIT AEROSYSTEMS HOLDINGS INC,-0.008102307913603491
2022-07-01,81593,COOP,MR COOPER GROUP INC,-0.015120591314992637
2022-07-01,90978,SPWR,SUNPOWER CORP,-0.0062388827022110726
2022-07-01,19576,RXT,RACKSPACE TECHNOLOGY INC,-0.00638406286140768
2022-07-01,19495,DNB,DUN & BRADSTREET HOLDINGS INC,-0.01224482180720396
2022-07-01,13688,PCG,P G & E CORP,-0.012864426207329967
2022-07-01,18727,CHWY,CHEWY INC,-0.004716142999214586
2022-07-01,18835,DKNG,DRAFTKINGS INC,-0.004740461578002691
2022-07-01,18576,UBER,UBER TECHNOLOGIES INC,-0.0076947883856141605
2022-07-01,20682,CPNG,COUPANG INC,-0.007996672785354087
2022-07-01,84734,FBC,FLAGSTAR BANCORP INC,-0.015634715924980908
2022-07-01,21409,JBI,JANUS INTERNATIONAL GROUP INC,-0.009386973031183903
2022-07-01,17367,LPRO,OPEN LENDING CORP,-0.008448337901790408
2022-07-01,19930,CCCS,C C C INTEL SOLUTIONS HLDGS INC,-0.008822494080445494
2022-07-01,19404,FOUR,SHIFT4 PAYMENTS INC,-0.005985562476434489
2022-07-01,87337,PLUG,PLUG POWER INC,-0.006270749116330386
2022-07-01,86211,MSTR,MICROSTRATEGY INC,-0.004153606633707814
2022-07-01,82779,NVAX,NOVAVAX INC,-0.004152209567797279
2022-07-01,19547,CERE,CEREVEL THERAPEUTICS HLDGS INC,-0.006392296105082663
2022-07-01,20464,EVEX,EVE HOLDING INC,-0.004152209567797279
2022-07-01,19489,PCT,PURECYCLE TECHNOLOGIES INC,-0.006990471570160297
2022-07-01,90926,ALT,ALTIMMUNE INC,-0.004152209567797279
2022-07-01,15921,WBT,WELBILT INC,-0.016438612621247697
2022-07-01,18484,ZM,ZOOM VIDEO COMMUNICATIONS INC,-0.009336900314643804
2022-07-01,86544,BCOR,BLUCORA INC,-0.015160404619798565
2022-07-01,63765,SWN,SOUTHWESTERN ENERGY CO,-0.007058931393468303
2022-07-01,17372,COGT,COGENT BIOSCIENCES INC,-0.004152209567797279
2022-07-01,50017,RRC,RANGE RESOURCES CORP,-0.007315375739378077
2022-07-01,20347,SHLS,SHOALS TECHNOLOGIES GROUP INC,-0.004403876890030598
2022-07-01,10258,CLDX,CELLDEX THERAPEUTICS INC,-0.0070343692429262064
2022-07-01,86799,CNX,C N X RESOURCES CORP,-0.00877181134253823
2022-07-01,14054,MRTX,MIRATI THERAPEUTICS INC,-0.004152209567797279
2022-07-01,19002,BRP,B R P GROUP INC,-0.00844943405331993
2022-07-01,14179,AR,ANTERO RESOURCES CORP,-0.0070759117901888794
2022-07-01,91977,BGS,B & G FOODS INC NEW,-0.014169125128860816
2022-07-01,89508,KMX,CARMAX INC,-0.00983646403524444
2022-07-01,19283,ARNC,ARCONIC CORP,-0.008032803356972554
2022-08-01,19560,ITOS,ITEOS THERAPEUTICS INC,0.005891977686926578
2022-08-01,91606,CPRX,CATALYST PHARMACEUTICALS INC,0.007273242915043296
2022-08-01,89792,CVCO,CAVCO INDUSTRIES INC DEL,0.015797101119103693
2022-08-01,14213,MMI,MARCUS & MILLICHAP INC,0.01615891400296297
2022-08-01,14456,EGRX,EAGLE PHARMACEUTICALS INC,0.01018543096656114
2022-08-01,88417,ACLS,AXCELIS TECHNOLOGIES INC,0.005887560186778359
2022-08-01,19679,GDRX,GOODRX HOLDINGS INC,0.005887560186778359
2022-08-01,88167,HSTM,HEALTHSTREAM INC,0.014642479088556095
2022-08-01,10649,PTSI,P A M TRANSPORTATION SVCS INC,0.007347428344988973
2022-08-01,85724,PRDO,PERDOCEO EDUCATION CORP,0.01575496261594614
2022-08-01,76721,CRVL,CORVEL CORP,0.012933559807176923
2022-08-01,13318,YELP,YELP INC,0.008265574994729208
2022-08-01,13777,AMSWA,AMERICAN SOFTWARE INC,0.009121118526227339
2022-08-01,90125,CORT,CORCEPT THERAPEUTICS INC,0.007445887819193179
2022-08-01,79037,ETD,ETHAN ALLEN INTERIORS INC,0.017740858493403046
2022-08-01,82212,KFRC,KFORCE INC,0.015919853304442042
2022-08-01,15853,RMR,R M R GROUP INC,0.016106748977127522
2022-08-01,79611,MOV,MOVADO GROUP INC,0.010671615093280264
2022-08-01,13935,NRC,NATIONAL RESEARCH CORP,0.014539756240077297
2022-08-01,87725,IIIN,INSTEEL INDUSTRIES INC,0.005887560186778359
2022-08-01,11884,IPAR,INTERMEDIATE PARFUMS INC,0.01197122551178073
2022-08-01,13766,BCC,BOISE CASCADE CO,0.01158768917574779
2022-08-01,34948,OXM,OXFORD INDUSTRIES INC,0.012617483922010245
2022-08-01,64961,NXGN,NEXTGEN HEALTHCARE INC,0.010860348958344717
2022-08-01,86594,KFY,KORN FERRY,0.013077451457238163
2022-08-01,92753,ERII,ENERGY RECOVERY INC,0.010784249023421118
2022-08-01,65700,USLM,UNITED STATES LIME MINERALS INC,0.009151931420367252
2022-08-01,63125,AGYS,AGILYSYS INC,0.00996426803626447
2022-08-01,88352,ISRG,INTUITIVE SURGICAL INC,0.009783754387122715
2022-08-01,88841,RGP,RESOURCES CONNECTION INC,0.010493540317898863
2022-08-01,14359,XNCR,XENCOR INC,0.008235889965845842
2022-08-01,86128,HZO,MARINEMAX INC,0.009358460512568058
2022-08-01,60098,OTTR,OTTER TAIL CORP,0.013539635276118891
2022-08-01,79785,NVR,N V R INC,0.013961623908491143
2022-08-01,64194,CHE,CHEMED CORP NEW,0.010752375128437294
2022-08-01,85040,SLP,SIMULATIONS PLUS INC,0.009014352494172918
2022-08-01,87657,EW,EDWARDS LIFESCIENCES CORP,0.010839138196877153
2022-08-01,88504,BRKR,BRUKER CORP,0.010016786441940423
2022-08-01,46886,KLAC,K L A CORP,0.007920788641548713
2022-08-01,16260,MEDP,MEDPACE HOLDINGS INC,0.007521033110510077
2022-08-01,89572,CEVA,CEVA INC,0.010594098698745188
2022-08-01,48653,HUM,HUMANA INC,0.015485291676923616
2022-08-01,84385,NSP,INSPERITY INC,0.015433669329208309
2022-08-01,45306,IDCC,INTERDIGITAL INC,0.00970725605423554
2022-08-01,88159,EXEL,EXELIXIS INC,0.009774671130581102
2022-08-01,75107,ABMD,ABIOMED INC,0.011277448276514064
2022-08-01,80575,SSD,SIMPSON MANUFACTURING CO INC,0.014584007347326343
2022-08-01,91463,CVLT,COMMVAULT SYSTEMS INC,0.0064943904050854115
2022-08-01,90319,GOOGL,ALPHABET INC,0.007971466742086496
2022-08-01,18973,BRC,BRADY CORP,0.017966098912099205
2022-08-01,77637,FC,FRANKLIN COVEY CO,0.01819027011697209
2022-08-01,54148,PHM,PULTE GROUP INC,0.010488110426185158
2022-08-01,89179,ELV,ELEVANCE HEALTH INC,0.009680849464841181
2022-08-01,11587,ATRI,ATRION CORP,0.013458690617488441
2022-08-01,21598,BRDG,BRIDGE INVESTMENT GP HLDGS INC,0.013686011717459807
2022-08-01,21125,ZIP,ZIPRECRUITER INC,0.007291623783818735
2022-08-01,14702,AMAT,APPLIED MATERIALS INC,0.008649906663234407
2022-08-01,86048,HCKT,HACKETT GROUP INC,0.015663395261223578
2022-08-01,13625,SSTK,SHUTTERSTOCK INC,0.0071009004554762395
2022-08-01,76752,PRGS,PROGRESS SOFTWARE CORP,0.01420789893633533
2022-08-01,14495,ATEN,A10 NETWORKS INC,0.00782276471988222
2022-08-01,84010,USNA,USANA HEALTH SCIENCES INC,0.007253255737707444
2022-08-01,85863,COLM,COLUMBIA SPORTSWEAR CO,0.013738376963297015
2022-08-01,48144,KLIC,KULICKE & SOFFA INDS INC,0.006743379733831029
2022-08-01,14231,VEEV,VEEVA SYSTEMS INC,0.011537352291197525
2022-08-01,88031,MNST,MONSTER BEVERAGE CORP NEW,0.01819027011697209
2022-08-01,85059,FIX,COMFORT SYSTEMS USA INC,0.009248729004199525
2022-08-01,50948,SMTC,SEMTECH CORP,0.009604178651129782
2022-08-01,92852,LOPE,GRAND CANYON EDUCATION INC,0.01656069242879733
2022-08-01,78756,OFIX,ORTHOFIX MEDICAL INC,0.01502736861719421
2022-08-01,11343,SAFM,SANDERSON FARMS INC,0.01819027011697209
2022-08-01,91186,VNDA,VANDA PHARMACEUTICALS INC,0.009933435867504524
2022-08-01,76839,FIZZ,NATIONAL BEVERAGE CORP,0.01366893792219612
2022-08-01,76744,VRTX,VERTEX PHARMACEUTICALS INC,0.01817398478545706
2022-08-01,79491,WINA,WINMARK CORP,0.014845139870299916
2022-08-01,85992,MANH,MANHATTAN ASSOCIATES INC,0.005887560186778359
2022-08-01,86827,HSII,HEIDRICK & STRUGGLES INTL INC,0.009405639035527701
2022-08-01,14521,TNET,TRINET GROUP INC,0.015243765275671567
2022-08-01,16434,GOLF,ACUSHNET HOLDINGS CORP,0.016635463118659002
2022-08-01,53604,GRC,GORMAN RUPP CO,0.014825526327062324
2022-08-01,79906,INCY,INCYTE CORP,0.016017525902001624
2022-08-01,85889,SRDX,SURMODICS INC,0.009532211148441246
2022-08-01,89044,PDFS,P D F SOLUTIONS INC,0.008175071622860628
2022-08-01,13748,TPH,TRI POINTE HOMES INC,0.010993724008720611
2022-08-01,68830,REX,REX AMERICAN RESOURCES CORP,0.00821305360003867
2022-08-01,18725,RVLV,REVOLVE GROUP INC,0.006047385521304584
2022-08-01,77354,SCHL,SCHOLASTIC CORP,0.007356707470792828
2022-08-01,80034,SHOO,MADDEN STEVEN LTD,0.008751925604776167
2022-08-01,87812,SLAB,SILICON LABORATORIES INC,0.00605790016846729
2022-08-01,90199,CBRE,C B R E GROUP INC,0.01654346217903961
2022-08-01,41241,HWKN,HAWKINS INC,0.01321931175517233
2022-08-01,77165,JBSS,SANFILIPPO JOHN B & SON,0.01819027011697209
2022-08-01,20161,CHRD,CHORD ENERGY CORP,0.00679613597314264
2022-08-01,56223,LPX,LOUISIANA PACIFIC CORP,0.014801904099244818
2022-08-01,89036,NTUS,NATUS MEDICAL INC,0.01819027011697209
2022-08-01,20391,TPL,TEXAS PACIFIC LAND CORP,0.009636349871083126
2022-08-01,89753,FORM,FORMFACTOR INC,0.005887560186778359
2022-08-01,38659,GNTX,GENTEX CORP,0.009730509424053855
2022-08-01,89387,CPSI,COMPUTER PROGRAMS & SYSTEMS INC,0.016571223254833334
2022-08-01,14807,IRMD,IRADIMED CORP,0.008903250180353504
2022-08-01,21844,FCUV,FOCUS UNIVERSAL INC,-0.007663409039133339
2022-08-01,20464,EVEX,EVE HOLDING INC,-0.004696762133979767
2022-08-01,89301,GME,GAMESTOP CORP NEW,-0.005331463882223638
2022-08-01,21723,HOOD,ROBINHOOD MARKETS INC,-0.008000701991459086
2022-08-01,20067,SOFI,SOFI TECHNOLOGIES INC,-0.006978802268519554
2022-08-01,22092,KD,KYNDRYL HOLDINGS INC,-0.00831690797720891
2022-08-01,14328,AMC,A M C ENTERTAINMENT HOLDINGS INC,-0.00501801376933074
2022-08-01,12591,APO,APOLLO GLOBAL MANAGEMENT INC NEW,-0.012201040452522547
2022-08-01,19489,PCT,PURECYCLE TECHNOLOGIES INC,-0.006812809844568393
2022-08-01,16086,HTZ,HERTZ GLOBAL HOLDINGS INC NEW,-0.0060820072400435046
2022-08-01,14617,ARES,ARES MANAGEMENT CORP,-0.010849399997454464
2022-08-01,90926,ALT,ALTIMMUNE INC,-0.005374543798575195
2022-08-01,21597,PECO,PHILLIPS EDISON & COMPANY INC,-0.01710461769131994
2022-08-01,12060,GE,GENERAL ELECTRIC CO,-0.013543263286453156
2022-08-01,16966,SWCH,SWITCH INC,-0.01710461769131994
2022-08-01,91611,FSLR,FIRST SOLAR INC,-0.00514241650702919
2022-08-01,14432,ITCI,INTRA CELLULAR THERAPIES INC,-0.010637864529726163
2022-08-01,18735,GO,GROCERY OUTLET HOLDING CORP,-0.015551880486126256
2022-08-01,17036,CNNE,CANNAE HOLDINGS INC,-0.013420013472415882
2022-08-01,19682,PMVP,P M V PHARMACEUTICALS INC,-0.004858425799264241
2022-08-01,75175,MBI,M B I A INC,-0.009722032231881552
2022-08-01,18184,FSR,FISKER INC,-0.008443551878852698
2022-08-01,17372,COGT,COGENT BIOSCIENCES INC,-0.006799681743960118
2022-08-01,19561,BA,BOEING CO,-0.010881059069483815
2022-08-01,90775,THS,TREEHOUSE FOODS INC,-0.01710461769131994
2022-08-01,21605,RYAN,RYAN SPECIALTY HOLDINGS INC,-0.01710461769131994
2022-08-01,13919,AMBC,AMBAC FINANCIAL GROUP INC,-0.010300121264692257
2022-08-01,19605,OSH,OAK STREET HEALTH INC,-0.005233501746913685
2022-08-01,10258,CLDX,CELLDEX THERAPEUTICS INC,-0.004637951543506186
2022-08-01,63765,SWN,SOUTHWESTERN ENERGY CO,-0.006245411149359112
2022-08-01,18484,ZM,ZOOM VIDEO COMMUNICATIONS INC,-0.006061974700858162
2022-08-01,17688,GSHD,GOOSEHEAD INSURANCE INC,-0.0052527086109383165
2022-08-01,14054,MRTX,MIRATI THERAPEUTICS INC,-0.007033620991524965
2022-08-01,86544,BCOR,BLUCORA INC,-0.016560510903656865
2022-08-01,20173,TLS,TELOS CORP,-0.007105971749916358
2022-08-01,20347,SHLS,SHOALS TECHNOLOGIES GROUP INC,-0.004817465996907867
2022-08-01,17313,BLNK,BLINK CHARGING CO,-0.004339629911048315
2022-08-01,24328,EQT,E Q T CORP,-0.006976526337434579
2022-08-01,20269,OWL,BLUE OWL CAPITAL INC,-0.01011057094058418
2022-08-01,21020,AAL,AMERICAN AIRLINES GROUP INC,-0.007092382773142322
2022-08-01,91103,UAL,UNITED AIRLINES HOLDINGS INC,-0.007418674368570676
2022-08-01,91977,BGS,B & G FOODS INC NEW,-0.01710461769131994
2022-08-01,20893,AGL,AGILON HEALTH INC,-0.008118954252683046
2022-08-01,16649,OKTA,OKTA INC,-0.006594301499880204
2022-08-01,14596,FIVN,FIVE 9 INC,-0.006891032863405628
2022-08-01,14136,RNG,RINGCENTRAL INC,-0.004520001820440694
2022-08-01,20153,HLMN,HILLMAN SOLUTIONS CORP,-0.010547804002733268
2022-08-01,91926,DAL,DELTA AIR LINES INC,-0.010603079109235327
2022-08-01,19002,BRP,B R P GROUP INC,-0.008322026599354255
2022-08-01,18937,CHPT,CHARGEPOINT HOLDINGS INC,-0.004339629911048315
2022-08-01,15921,WBT,WELBILT INC,-0.01710461769131994
2022-08-01,20891,ULCC,FRONTIER GROUP HOLDINGS INC,-0.004786377922115989
2022-08-01,18453,LAZR,LUMINAR TECHNOLOGIES INC,-0.0044660592282841395
2022-08-01,48961,DSGR,DISTRIBUTION SOLUTIONS GROUP INC,-0.012330951878361193
2022-08-01,89508,KMX,CARMAX INC,-0.011085074598080334
2022-08-01,76856,FCFS,FIRSTCASH HOLDINGS INC,-0.008631367899178236
2022-08-01,86799,CNX,C N X RESOURCES CORP,-0.008022675279315248
2022-08-01,19283,ARNC,ARCONIC CORP,-0.01710461769131994
2022-08-01,81481,DLTR,DOLLAR TREE INC,-0.012057094314905653
2022-08-01,20172,CYXT,CYXTERA TECHNOLOGIES INC,-0.010327564062671579
2022-08-01,19454,ETWO,E2OPEN PARENT HOLDINGS INC,-0.006863909961041598
2022-08-01,17341,ZS,ZSCALER INC,-0.006793600669731965
2022-08-01,90978,SPWR,SUNPOWER CORP,-0.004859227409222184
2022-08-01,14601,NAVI,NAVIENT CORP,-0.00973322671151491
2022-08-01,19593,MIR,MIRION TECHNOLOGIES INC,-0.007822996582149192
2022-08-01,90505,LVS,LAS VEGAS SANDS CORP,-0.008947917420802186
2022-08-01,19484,PCVX,VAXCYTE INC,-0.00682776108150061
2022-08-01,14813,MARA,MARATHON DIGITAL HOLDINGS INC,-0.004339629911048315
2022-08-01,20196,UPST,UPSTART HOLDINGS INC,-0.004339629911048315
2022-08-01,50017,RRC,RANGE RESOURCES CORP,-0.007446622714212504
2022-08-01,19495,DNB,DUN & BRADSTREET HOLDINGS INC,-0.012725527250960286
2022-08-01,16382,COUP,COUPA SOFTWARE INC,-0.0057629050656743406
2022-08-01,19577,RKT,ROCKET COMPANIES INC,-0.00920374763049581
2022-08-01,84734,FBC,FLAGSTAR BANCORP INC,-0.01105849577289062
2022-08-01,81593,COOP,MR COOPER GROUP INC,-0.009702428808813692
2022-08-01,20345,XM,QUALTRICS INTERNATIONAL INC,-0.0059853766445199285
2022-08-01,91594,SPR,SPIRIT AEROSYSTEMS HOLDINGS INC,-0.010203845368112346
2022-08-01,13688,PCG,P G & E CORP,-0.014662784164938825
2022-08-01,17367,LPRO,OPEN LENDING CORP,-0.007118431435579751
2022-08-01,18727,CHWY,CHEWY INC,-0.006372990900970561
2022-08-01,14179,AR,ANTERO RESOURCES CORP,-0.006833321429912391
2022-08-01,20972,PATH,UIPATH INC,-0.005346394597369476
2022-08-01,18576,UBER,UBER TECHNOLOGIES INC,-0.0073617464620058595
2022-08-01,22086,ENFN,ENFUSION INC,-0.007614948908898592
2022-08-01,21361,HGTY,HAGERTY INC,-0.011005887118924485
2022-08-01,15302,VIRT,VIRTU FINANCIAL INC,-0.01710461769131973
2022-08-01,19616,SST,SYSTEM1 INC,-0.007529801458557148
2022-08-01,22637,CINC,CINCOR PHARMA INC,-0.004478784715566137
2022-08-01,20646,OSCR,OSCAR HEALTH INC,-0.007710813132095969
2022-08-01,21262,DAWN,DAY ONE BIOPHARMACEUTICALS INC,-0.006112066715226246
2022-08-01,17907,NKLA,NIKOLA CORP,-0.006345042737201033
2022-08-01,20142,CVT,CVENT HOLDING CORP,-0.0048595437997055275
2022-08-01,21970,TYRA,TYRA BIOSCIENCES INC,-0.004345110871807172
2022-08-01,22623,CEG,CONSTELLATION ENERGY CORP,-0.006340915549713833
2022-08-01,20126,JOBY,JOBY AVIATION INC,-0.008885567860935719
2022-08-01,20574,BCAC,BROOKLINE CAPITAL ACQ CORP,-0.004339629911048315
2022-08-01,20599,SMRT,SMARTRENT INC,-0.005724346241076332
2022-08-01,20583,CHK,CHESAPEAKE ENERGY CORP,-0.0081327559869585
2022-08-01,21576,PAYO,PAYONEER GLOBAL INC,-0.005932937228251499
2022-08-01,60186,OMI,OWENS & MINOR INC NEW,-0.01156620326398565
2022-09-01,19560,ITOS,ITEOS THERAPEUTICS INC,0.005764044078058611
2022-09-01,89792,CVCO,CAVCO INDUSTRIES INC DEL,0.008646089483167774
2022-09-01,88167,HSTM,HEALTHSTREAM INC,0.018123364611911098
2022-09-01,91606,CPRX,CATALYST PHARMACEUTICALS INC,0.005764044078058611
2022-09-01,14213,MMI,MARCUS & MILLICHAP INC,0.012534550691497334
2022-09-01,79611,MOV,MOVADO GROUP INC,0.010837792042836384
2022-09-01,88417,ACLS,AXCELIS TECHNOLOGIES INC,0.005764044078058611
2022-09-01,85724,PRDO,PERDOCEO EDUCATION CORP,0.012064966332168928
2022-09-01,19679,GDRX,GOODRX HOLDINGS INC,0.005764044078058611
2022-09-01,76721,CRVL,CORVEL CORP,0.011415207102163547
2022-09-01,90125,CORT,CORCEPT THERAPEUTICS INC,0.01131906657368259
2022-09-01,13935,NRC,NATIONAL RESEARCH CORP,0.012854873555097724
2022-09-01,14495,ATEN,A10 NETWORKS INC,0.011002808335151474
2022-09-01,10649,PTSI,P A M TRANSPORTATION SVCS INC,0.009810190082460583
2022-09-01,14456,EGRX,EAGLE PHARMACEUTICALS INC,0.006123996942807183
2022-09-01,88504,BRKR,BRUKER CORP,0.010895204108320771
2022-09-01,13766,BCC,BOISE CASCADE CO,0.008236508824842876
2022-09-01,63125,AGYS,AGILYSYS INC,0.01138386921548248
2022-09-01,82212,KFRC,KFORCE INC,0.009642389471451058
2022-09-01,64961,NXGN,NEXTGEN HEALTHCARE INC,0.018116261428083518
2022-09-01,87725,IIIN,INSTEEL INDUSTRIES INC,0.011055171933136787
2022-09-01,65700,USLM,UNITED STATES LIME MINERALS INC,0.011246397075543608
2022-09-01,89753,FORM,FORMFACTOR INC,0.008202170428638259
2022-09-01,88352,ISRG,INTUITIVE SURGICAL INC,0.011048272257982713
2022-09-01,86594,KFY,KORN FERRY,0.015380259238468603
2022-09-01,16260,MEDP,MEDPACE HOLDINGS INC,0.010096666652022687
2022-09-01,75107,ABMD,ABIOMED INC,0.009707091235087482
2022-09-01,79037,ETD,ETHAN ALLEN INTERIORS INC,0.008766882904428551
2022-09-01,11884,IPAR,INTERMEDIATE PARFUMS INC,0.014021241815938728
2022-09-01,21125,ZIP,ZIPRECRUITER INC,0.006545190004640519
2022-09-01,13318,YELP,YELP INC,0.005764044078058611
2022-09-01,34948,OXM,OXFORD INDUSTRIES INC,0.009512441644640884
2022-09-01,46886,KLAC,K L A CORP,0.00848030924186553
2022-09-01,56223,LPX,LOUISIANA PACIFIC CORP,0.008064508917526298
2022-09-01,45306,IDCC,INTERDIGITAL INC,0.012542441542984572
2022-09-01,79785,NVR,N V R INC,0.010836037522396542
2022-09-01,64194,CHE,CHEMED CORP NEW,0.018123364611911098
2022-09-01,21598,BRDG,BRIDGE INVESTMENT GP HLDGS INC,0.013219559666502722
2022-09-01,85040,SLP,SIMULATIONS PLUS INC,0.0112891668657209
2022-09-01,87657,EW,EDWARDS LIFESCIENCES CORP,0.011696366005171625
2022-09-01,54148,PHM,PULTE GROUP INC,0.009389369098854275
2022-09-01,38659,GNTX,GENTEX CORP,0.013161326212183355
2022-09-01,77637,FC,FRANKLIN COVEY CO,0.016998722873396398
2022-09-01,90319,GOOGL,ALPHABET INC,0.012754450343847756
2022-09-01,14231,VEEV,VEEVA SYSTEMS INC,0.01265553537189682
2022-09-01,13777,AMSWA,AMERICAN SOFTWARE INC,0.01070836353555732
2022-09-01,88841,RGP,RESOURCES CONNECTION INC,0.013457684318147001
2022-09-01,48653,HUM,HUMANA INC,0.018123364611911098
2022-09-01,84385,NSP,INSPERITY INC,0.01702965883180809
2022-09-01,92753,ERII,ENERGY RECOVERY INC,0.012058903123952585
2022-09-01,91463,CVLT,COMMVAULT SYSTEMS INC,0.01525119019809304
2022-09-01,18973,BRC,BRADY CORP,0.013304070997724998
2022-09-01,89387,CPSI,COMPUTER PROGRAMS & SYSTEMS INC,0.007867545390992063
2022-09-01,80575,SSD,SIMPSON MANUFACTURING CO INC,0.012554887455061248
2022-09-01,48144,KLIC,KULICKE & SOFFA INDS INC,0.007741480122357977
2022-09-01,89179,ELV,ELEVANCE HEALTH INC,0.018022789869985657
2022-09-01,88031,MNST,MONSTER BEVERAGE CORP NEW,0.01602007500036648
2022-09-01,14702,AMAT,APPLIED MATERIALS INC,0.007347863167562119
2022-09-01,76752,PRGS,PROGRESS SOFTWARE CORP,0.013990075579380801
2022-09-01,86128,HZO,MARINEMAX INC,0.0070789036945096044
2022-09-01,20391,TPL,TEXAS PACIFIC LAND CORP,0.006727376482182319
2022-09-01,85889,SRDX,SURMODICS INC,0.007510012536279118
2022-09-01,85059,FIX,COMFORT SYSTEMS USA INC,0.012623286725747066
2022-09-01,76839,FIZZ,NATIONAL BEVERAGE CORP,0.018123364611911098
2022-09-01,13625,SSTK,SHUTTERSTOCK INC,0.007638203544857415
2022-09-01,84010,USNA,USANA HEALTH SCIENCES INC,0.012469253851574269
2022-09-01,88159,EXEL,EXELIXIS INC,0.012571156684451851
2022-09-01,79906,INCY,INCYTE CORP,0.014336528015111314
2022-09-01,86048,HCKT,HACKETT GROUP INC,0.01189684225325547
2022-09-01,86827,HSII,HEIDRICK & STRUGGLES INTL INC,0.013206793596697342
2022-09-01,11587,ATRI,ATRION CORP,0.011817876927076025
2022-09-01,50948,SMTC,SEMTECH CORP,0.007468600161681848
2022-09-01,60098,OTTR,OTTER TAIL CORP,0.008413827802117546
2022-09-01,91186,VNDA,VANDA PHARMACEUTICALS INC,0.010036824613168934
2022-09-01,76744,VRTX,VERTEX PHARMACEUTICALS INC,0.011968714663129725
2022-09-01,89572,CEVA,CEVA INC,0.005764280210865697
2022-09-01,85992,MANH,MANHATTAN ASSOCIATES INC,0.013480530651690152
2022-09-01,79491,WINA,WINMARK CORP,0.009523940821895263
2022-09-01,92852,LOPE,GRAND CANYON EDUCATION INC,0.009602161241289184
2022-09-01,87812,SLAB,SILICON LABORATORIES INC,0.008943764054406047
2022-09-01,16434,GOLF,ACUSHNET HOLDINGS CORP,0.011076055530239428
2022-09-01,85863,COLM,COLUMBIA SPORTSWEAR CO,0.012972691866674138
2022-09-01,89044,PDFS,P D F SOLUTIONS INC,0.009668903496757723
2022-09-01,14521,TNET,TRINET GROUP INC,0.015347941014593811
2022-09-01,14359,XNCR,XENCOR INC,0.008010800401538579
2022-09-01,68830,REX,REX AMERICAN RESOURCES CORP,0.0062375368699401825
2022-09-01,13748,TPH,TRI POINTE HOMES INC,0.009893112563183317
2022-09-01,77354,SCHL,SCHOLASTIC CORP,0.01673465529421744
2022-09-01,80034,SHOO,MADDEN STEVEN LTD,0.008552503231066017
2022-09-01,41241,HWKN,HAWKINS INC,0.010837556137415676
2022-09-01,90199,CBRE,C B R E GROUP INC,0.012684700792148031
2022-09-01,21949,OLPX,OLAPLEX HOLDINGS INC,0.006150695306178307
2022-09-01,38850,SKY,SKYLINE CHAMPION CORP,0.009039307720651391
2022-09-01,14434,MBUU,MALIBU BOATS INC,0.011549685185485272
2022-09-01,90455,MPWR,MONOLITHIC PWR SYS INC,0.006658140428739582
2022-09-01,75233,VGR,VECTOR GROUP LTD,0.014201364596103555
2022-09-01,81665,GIC,GLOBAL INDUSTRIAL CO,0.006803686300603805
2022-09-01,90071,NRG,N R G ENERGY INC,0.012636437075876325
2022-09-01,13862,TMHC,TAYLOR MORRISON HOME CORP,0.010346619341066345
2022-09-01,77357,SNPS,SYNOPSYS INC,0.018123364611911098
2022-09-01,21844,FCUV,FOCUS UNIVERSAL INC,-0.00378751137274127
2022-09-01,21262,DAWN,DAY ONE BIOPHARMACEUTICALS INC,-0.00524031055947882
2022-09-01,20464,EVEX,EVE HOLDING INC,-0.00517947268803479
2022-09-01,19616,SST,SYSTEM1 INC,-0.0057670157778711584
2022-09-01,22637,CINC,CINCOR PHARMA INC,-0.00378044953442417
2022-09-01,89301,GME,GAMESTOP CORP NEW,-0.006314769354367811
2022-09-01,21723,HOOD,ROBINHOOD MARKETS INC,-0.006294501197053672
2022-09-01,20067,SOFI,SOFI TECHNOLOGIES INC,-0.0038022470404717344
2022-09-01,14328,AMC,A M C ENTERTAINMENT HOLDINGS INC,-0.00378044953442417
2022-09-01,17907,NKLA,NIKOLA CORP,-0.005118509075367232
2022-09-01,20646,OSCR,OSCAR HEALTH INC,-0.00558704164806809
2022-09-01,22092,KD,KYNDRYL HOLDINGS INC,-0.009328897000619136
2022-09-01,19489,PCT,PURECYCLE TECHNOLOGIES INC,-0.005951743360221983
2022-09-01,21597,PECO,PHILLIPS EDISON & COMPANY INC,-0.01667132875910378
2022-09-01,90926,ALT,ALTIMMUNE INC,-0.003970957741524155
2022-09-01,14617,ARES,ARES MANAGEMENT CORP,-0.015197541812763116
2022-09-01,12591,APO,APOLLO GLOBAL MANAGEMENT INC NEW,-0.013440015582397581
2022-09-01,17036,CNNE,CANNAE HOLDINGS INC,-0.011570222421608706
2022-09-01,12060,GE,GENERAL ELECTRIC CO,-0.014447315370148912
2022-09-01,91611,FSLR,FIRST SOLAR INC,-0.01363052797677852
2022-09-01,16966,SWCH,SWITCH INC,-0.01667132875910378
2022-09-01,16086,HTZ,HERTZ GLOBAL HOLDINGS INC NEW,-0.01381539880042916
2022-09-01,18184,FSR,FISKER INC,-0.007949172146305316
2022-09-01,22623,CEG,CONSTELLATION ENERGY CORP,-0.01065936594786134
2022-09-01,13919,AMBC,AMBAC FINANCIAL GROUP INC,-0.006308752091130452
2022-09-01,17372,COGT,COGENT BIOSCIENCES INC,-0.00607681764856137
2022-09-01,20126,JOBY,JOBY AVIATION INC,-0.006003972081464684
2022-09-01,19561,BA,BOEING CO,-0.011811544947958514
2022-09-01,14054,MRTX,MIRATI THERAPEUTICS INC,-0.006070208063790395
2022-09-01,75175,MBI,M B I A INC,-0.006366261219061967
2022-09-01,17313,BLNK,BLINK CHARGING CO,-0.00562536524970881
2022-09-01,10258,CLDX,CELLDEX THERAPEUTICS INC,-0.005875073961958084
2022-09-01,86544,BCOR,BLUCORA INC,-0.011829708335769691
2022-09-01,14432,ITCI,INTRA CELLULAR THERAPIES INC,-0.008090578233150307
2022-09-01,19682,PMVP,P M V PHARMACEUTICALS INC,-0.005470141769304005
2022-09-01,19605,OSH,OAK STREET HEALTH INC,-0.00750318049063108
2022-09-01,63765,SWN,SOUTHWESTERN ENERGY CO,-0.007076115124487322
2022-09-01,60186,OMI,OWENS & MINOR INC NEW,-0.007836505310246149
2022-09-01,20347,SHLS,SHOALS TECHNOLOGIES GROUP INC,-0.0048980086858963
2022-09-01,21576,PAYO,PAYONEER GLOBAL INC,-0.006051909451268068
2022-09-01,21020,AAL,AMERICAN AIRLINES GROUP INC,-0.010594184431541873
2022-09-01,91977,BGS,B & G FOODS INC NEW,-0.010666536074749013
2022-09-01,18735,GO,GROCERY OUTLET HOLDING CORP,-0.01239687407673641
2022-09-01,20142,CVT,CVENT HOLDING CORP,-0.008565413240241836
2022-09-01,17688,GSHD,GOOSEHEAD INSURANCE INC,-0.005414780757709071
2022-09-01,21605,RYAN,RYAN SPECIALTY HOLDINGS INC,-0.01667132875910378
2022-09-01,90775,THS,TREEHOUSE FOODS INC,-0.014732265069354657
2022-09-01,13688,PCG,P G & E CORP,-0.01629751689939462
2022-09-01,91926,DAL,DELTA AIR LINES INC,-0.01299642741627388
2022-09-01,91103,UAL,UNITED AIRLINES HOLDINGS INC,-0.011854022303444485
2022-09-01,19002,BRP,B R P GROUP INC,-0.010292401701742799
2022-09-01,18484,ZM,ZOOM VIDEO COMMUNICATIONS INC,-0.005688422922209624
2022-09-01,90978,SPWR,SUNPOWER CORP,-0.007988953584666506
2022-09-01,14136,RNG,RINGCENTRAL INC,-0.005706952783177845
2022-09-01,20173,TLS,TELOS CORP,-0.00960155759416132
2022-09-01,76856,FCFS,FIRSTCASH HOLDINGS INC,-0.01516063338896559
2022-09-01,18453,LAZR,LUMINAR TECHNOLOGIES INC,-0.004617549061092955
2022-09-01,20153,HLMN,HILLMAN SOLUTIONS CORP,-0.009585232164543192
2022-09-01,14596,FIVN,FIVE 9 INC,-0.0104813730772297
2022-09-01,20891,ULCC,FRONTIER GROUP HOLDINGS INC,-0.011124027645669277
2022-09-01,16649,OKTA,OKTA INC,-0.008549622128570931
2022-09-01,19593,MIR,MIRION TECHNOLOGIES INC,-0.011754917262907711
2022-09-01,17341,ZS,ZSCALER INC,-0.008600843007390729
2022-09-01,89508,KMX,CARMAX INC,-0.011397186162917454
2022-09-01,24328,EQT,E Q T CORP,-0.00950073079952346
2022-09-01,20196,UPST,UPSTART HOLDINGS INC,-0.00378044953442417
2022-09-01,81481,DLTR,DOLLAR TREE INC,-0.010355462986366871
2022-09-01,91594,SPR,SPIRIT AEROSYSTEMS HOLDINGS INC,-0.007138613964673905
2022-09-01,90505,LVS,LAS VEGAS SANDS CORP,-0.013369443962709393
2022-09-01,14813,MARA,MARATHON DIGITAL HOLDINGS INC,-0.004087081011806367
2022-09-01,18576,UBER,UBER TECHNOLOGIES INC,-0.005669470995950016
2022-09-01,20345,XM,QUALTRICS INTERNATIONAL INC,-0.006897709509198322
2022-09-01,86799,CNX,C N X RESOURCES CORP,-0.01025122437023513
2022-09-01,18727,CHWY,CHEWY INC,-0.006642157269925383
2022-09-01,20893,AGL,AGILON HEALTH INC,-0.007789925442601526
2022-09-01,19484,PCVX,VAXCYTE INC,-0.010197934991170741
2022-09-01,18937,CHPT,CHARGEPOINT HOLDINGS INC,-0.005141324043072926
2022-09-01,19454,ETWO,E2OPEN PARENT HOLDINGS INC,-0.010656292402574917
2022-09-01,48961,DSGR,DISTRIBUTION SOLUTIONS GROUP INC,-0.012007392508685369
2022-09-01,20269,OWL,BLUE OWL CAPITAL INC,-0.012138022079512643
2022-09-01,20172,CYXT,CYXTERA TECHNOLOGIES INC,-0.004627412773845421
2022-09-01,17367,LPRO,OPEN LENDING CORP,-0.0072368335726370235
2022-09-01,81593,COOP,MR COOPER GROUP INC,-0.014641609369123565
2022-09-01,16382,COUP,COUPA SOFTWARE INC,-0.007313487918542534
2022-09-01,20583,CHK,CHESAPEAKE ENERGY CORP,-0.009162861860286857
2022-09-01,14601,NAVI,NAVIENT CORP,-0.011895176029498486
2022-09-01,19283,ARNC,ARCONIC CORP,-0.008275624029682262
2022-09-01,21361,HGTY,HAGERTY INC,-0.009022994343918506
2022-09-01,22086,ENFN,ENFUSION INC,-0.005345357943977637
2022-09-01,19577,RKT,ROCKET COMPANIES INC,-0.006481699221350304
2022-09-01,50017,RRC,RANGE RESOURCES CORP,-0.008120438418494908
2022-09-01,84734,FBC,FLAGSTAR BANCORP INC,-0.01667132875910378
2022-09-01,19495,DNB,DUN & BRADSTREET HOLDINGS INC,-0.01426884668014579
2022-09-01,15302,VIRT,VIRTU FINANCIAL INC,-0.016589850315909104
2022-09-01,20721,NRGV,ENERGY VAULT HOLDINGS INC,-0.004197426199039022
2022-09-01,18777,KRTX,KARUNA THERAPEUTICS INC,-0.00378044953442417
2022-09-01,14276,KODK,EASTMAN KODAK CO,-0.006202348887164987
2022-09-01,21028,FAZE,FAZE HOLDINGS INC,-0.00378044953442417
2022-09-01,83382,TCX,TUCOWS INC,-0.009675726570152898
2022-09-01,22898,GHIX,GORES HOLDINGS IX INC,-0.01667132875910378
2022-10-01,19560,ITOS,ITEOS THERAPEUTICS INC,0.005886909609532447
2022-10-01,88167,HSTM,HEALTHSTREAM INC,0.01656650125367695
2022-10-01,89792,CVCO,CAVCO INDUSTRIES INC DEL,0.007775063039967401
2022-10-01,77637,FC,FRANKLIN COVEY CO,0.011432160554461078
2022-10-01,14213,MMI,MARCUS & MILLICHAP INC,0.010425773025761477
2022-10-01,79611,MOV,MOVADO GROUP INC,0.009341795405584122
2022-10-01,85724,PRDO,PERDOCEO EDUCATION CORP,0.011216309840322436
2022-10-01,13935,NRC,NATIONAL RESEARCH CORP,0.012697124565498357
2022-10-01,76721,CRVL,CORVEL CORP,0.013533845244364231
2022-10-01,14495,ATEN,A10 NETWORKS INC,0.011629584598916432
2022-10-01,88417,ACLS,AXCELIS TECHNOLOGIES INC,0.0085014979147375
2022-10-01,90125,CORT,CORCEPT THERAPEUTICS INC,0.015223396314297472
2022-10-01,75107,ABMD,ABIOMED INC,0.012670614350931579
2022-10-01,88504,BRKR,BRUKER CORP,0.00917486930158366
2022-10-01,91606,CPRX,CATALYST PHARMACEUTICALS INC,0.005886873492740541
2022-10-01,88352,ISRG,INTUITIVE SURGICAL INC,0.01087455961149499
2022-10-01,14231,VEEV,VEEVA SYSTEMS INC,0.006401707118570832
2022-10-01,90455,MPWR,MONOLITHIC PWR SYS INC,0.008709653039046191
2022-10-01,14434,MBUU,MALIBU BOATS INC,0.008166813173366119
2022-10-01,79037,ETD,ETHAN ALLEN INTERIORS INC,0.010852112082054078
2022-10-01,89753,FORM,FORMFACTOR INC,0.012734967274083742
2022-10-01,89387,CPSI,COMPUTER PROGRAMS & SYSTEMS INC,0.01656650125367695
2022-10-01,88841,RGP,RESOURCES CONNECTION INC,0.01178657811064166
2022-10-01,21125,ZIP,ZIPRECRUITER INC,0.005886873492740541
2022-10-01,38850,SKY,SKYLINE CHAMPION CORP,0.007178739279021114
2022-10-01,87725,IIIN,INSTEEL INDUSTRIES INC,0.010010574194744005
2022-10-01,21949,OLPX,OLAPLEX HOLDINGS INC,0.005886873492740541
2022-10-01,10649,PTSI,P A M TRANSPORTATION SVCS INC,0.008212670293220444
2022-10-01,38659,GNTX,GENTEX CORP,0.013048279821357717
2022-10-01,13318,YELP,YELP INC,0.011404438768016422
2022-10-01,85040,SLP,SIMULATIONS PLUS INC,0.0104759847021454
2022-10-01,45306,IDCC,INTERDIGITAL INC,0.011634320233448254
2022-10-01,64961,NXGN,NEXTGEN HEALTHCARE INC,0.01656650125367695
2022-10-01,90319,GOOGL,ALPHABET INC,0.011493762617875002
2022-10-01,87657,EW,EDWARDS LIFESCIENCES CORP,0.010835605299342792
2022-10-01,82212,KFRC,KFORCE INC,0.011770171279733363
2022-10-01,64194,CHE,CHEMED CORP NEW,0.01656650125367695
2022-10-01,65700,USLM,UNITED STATES LIME MINERALS INC,0.0141343568723303
2022-10-01,46886,KLAC,K L A CORP,0.010397955935956237
2022-10-01,79785,NVR,N V R INC,0.010836558823785614
2022-10-01,63125,AGYS,AGILYSYS INC,0.006547657555332014
2022-10-01,54148,PHM,PULTE GROUP INC,0.00890455757903111
2022-10-01,84385,NSP,INSPERITY INC,0.012710455501223485
2022-10-01,13766,BCC,BOISE CASCADE CO,0.008177775775193944
2022-10-01,21598,BRDG,BRIDGE INVESTMENT GP HLDGS INC,0.009517607286684644
2022-10-01,60098,OTTR,OTTER TAIL CORP,0.012872956622103764
2022-10-01,86594,KFY,KORN FERRY,0.008082746635571217
2022-10-01,91463,CVLT,COMMVAULT SYSTEMS INC,0.013646255540703322
2022-10-01,88159,EXEL,EXELIXIS INC,0.012497027781280182
2022-10-01,81665,GIC,GLOBAL INDUSTRIAL CO,0.009428896937842548
2022-10-01,88031,MNST,MONSTER BEVERAGE CORP NEW,0.01546184755121109
2022-10-01,85889,SRDX,SURMODICS INC,0.008359674870448867
2022-10-01,80575,SSD,SIMPSON MANUFACTURING CO INC,0.011178053336414986
2022-10-01,77357,SNPS,SYNOPSYS INC,0.0129746516600836
2022-10-01,91186,VNDA,VANDA PHARMACEUTICALS INC,0.01136170710118512
2022-10-01,92852,LOPE,GRAND CANYON EDUCATION INC,0.01602745657420947
2022-10-01,89179,ELV,ELEVANCE HEALTH INC,0.014889925290362642
2022-10-01,79491,WINA,WINMARK CORP,0.014536618141671894
2022-10-01,18973,BRC,BRADY CORP,0.012172124226495776
2022-10-01,14702,AMAT,APPLIED MATERIALS INC,0.010689985914040896
2022-10-01,75233,VGR,VECTOR GROUP LTD,0.011578537484881387
2022-10-01,16260,MEDP,MEDPACE HOLDINGS INC,0.00671580798719414
2022-10-01,13625,SSTK,SHUTTERSTOCK INC,0.009240573896222853
2022-10-01,90071,NRG,N R G ENERGY INC,0.011369129522081222
2022-10-01,16434,GOLF,ACUSHNET HOLDINGS CORP,0.010827163848671785
2022-10-01,34948,OXM,OXFORD INDUSTRIES INC,0.006249983473867049
2022-10-01,79906,INCY,INCYTE CORP,0.014547604337912669
2022-10-01,13862,TMHC,TAYLOR MORRISON HOME CORP,0.007722994554934231
2022-10-01,84010,USNA,USANA HEALTH SCIENCES INC,0.015402329901642708
2022-10-01,85992,MANH,MANHATTAN ASSOCIATES INC,0.013902232900668296
2022-10-01,11884,IPAR,INTERMEDIATE PARFUMS INC,0.009643879069432341
2022-10-01,76752,PRGS,PROGRESS SOFTWARE CORP,0.01255266016691908
2022-10-01,76744,VRTX,VERTEX PHARMACEUTICALS INC,0.010957195993211322
2022-10-01,11587,ATRI,ATRION CORP,0.014406971485554051
2022-10-01,48144,KLIC,KULICKE & SOFFA INDS INC,0.012457731675732175
2022-10-01,89572,CEVA,CEVA INC,0.01080384619436668
2022-10-01,20391,TPL,TEXAS PACIFIC LAND CORP,0.00661209293383652
2022-10-01,86048,HCKT,HACKETT GROUP INC,0.016566086937047475
2022-10-01,56223,LPX,LOUISIANA PACIFIC CORP,0.00872071989463291
2022-10-01,89044,PDFS,P D F SOLUTIONS INC,0.010255025673935134
2022-10-01,48653,HUM,HUMANA INC,0.009628462087414514
2022-10-01,86827,HSII,HEIDRICK & STRUGGLES INTL INC,0.015793256679273115
2022-10-01,13777,AMSWA,AMERICAN SOFTWARE INC,0.011440818759242332
2022-10-01,85059,FIX,COMFORT SYSTEMS USA INC,0.012150098068694668
2022-10-01,76839,FIZZ,NATIONAL BEVERAGE CORP,0.010407783636726745
2022-10-01,86128,HZO,MARINEMAX INC,0.007581009196386363
2022-10-01,68830,REX,REX AMERICAN RESOURCES CORP,0.009007008703169072
2022-10-01,14521,TNET,TRINET GROUP INC,0.012472402352536612
2022-10-01,90199,CBRE,C B R E GROUP INC,0.011804684579438408
2022-10-01,50948,SMTC,SEMTECH CORP,0.005886873492740541
2022-10-01,92753,ERII,ENERGY RECOVERY INC,0.008253759515542984
2022-10-01,13748,TPH,TRI POINTE HOMES INC,0.008153028624847992
2022-10-01,41241,HWKN,HAWKINS INC,0.011162546208360123
2022-10-01,87812,SLAB,SILICON LABORATORIES INC,0.009082543317783185
2022-10-01,18311,LEGH,LEGACY HOUSING CORP,0.012602323241739228
2022-10-01,14807,IRMD,IRADIMED CORP,0.00939215377462762
2022-10-01,20081,ENPC,EXECUTIVE NETWORK PARTNER CORP,0.01656650125367695
2022-10-01,11154,PLAB,PHOTRONICS INC,0.01014562831160452
2022-10-01,20658,CRCT,CRICUT INC,0.005886873492740541
2022-10-01,14479,IBP,INSTALLED BUILDING PRODUCTS INC,0.00808563074669064
2022-10-01,20464,EVEX,EVE HOLDING INC,-0.003690050576022653
2022-10-01,21844,FCUV,FOCUS UNIVERSAL INC,-0.007492960955110827
2022-10-01,21262,DAWN,DAY ONE BIOPHARMACEUTICALS INC,-0.007278455889857014
2022-10-01,21723,HOOD,ROBINHOOD MARKETS INC,-0.007652504428894332
2022-10-01,22637,CINC,CINCOR PHARMA INC,-0.00796525773721036
2022-10-01,19616,SST,SYSTEM1 INC,-0.006387905057689594
2022-10-01,89301,GME,GAMESTOP CORP NEW,-0.0054841317076332755
2022-10-01,21028,FAZE,FAZE HOLDINGS INC,-0.003690050576022653
2022-10-01,14328,AMC,A M C ENTERTAINMENT HOLDINGS INC,-0.004317055360475279
2022-10-01,20721,NRGV,ENERGY VAULT HOLDINGS INC,-0.0051918379653278805
2022-10-01,22092,KD,KYNDRYL HOLDINGS INC,-0.009623270684384733
2022-10-01,18777,KRTX,KARUNA THERAPEUTICS INC,-0.010511561783552746
2022-10-01,17036,CNNE,CANNAE HOLDINGS INC,-0.010521691723892694
2022-10-01,14617,ARES,ARES MANAGEMENT CORP,-0.011690747804805685
2022-10-01,16966,SWCH,SWITCH INC,-0.015111695118963256
2022-10-01,12060,GE,GENERAL ELECTRIC CO,-0.015111695118963256
2022-10-01,90926,ALT,ALTIMMUNE INC,-0.0036973666290332644
2022-10-01,16086,HTZ,HERTZ GLOBAL HOLDINGS INC NEW,-0.007177111056581165
2022-10-01,13688,PCG,P G & E CORP,-0.013661161767440585
2022-10-01,91611,FSLR,FIRST SOLAR INC,-0.011933241647862575
2022-10-01,17372,COGT,COGENT BIOSCIENCES INC,-0.007853315648205362
2022-10-01,21597,PECO,PHILLIPS EDISON & COMPANY INC,-0.012145923438922497
2022-10-01,18184,FSR,FISKER INC,-0.011132949158215048
2022-10-01,13919,AMBC,AMBAC FINANCIAL GROUP INC,-0.011047666583928433
2022-10-01,19489,PCT,PURECYCLE TECHNOLOGIES INC,-0.006773429843834425
2022-10-01,86544,BCOR,BLUCORA INC,-0.015111695118963256
2022-10-01,19605,OSH,OAK STREET HEALTH INC,-0.008009002129563474
2022-10-01,20142,CVT,CVENT HOLDING CORP,-0.009577213483445772
2022-10-01,17313,BLNK,BLINK CHARGING CO,-0.0064070332860941695
2022-10-01,22623,CEG,CONSTELLATION ENERGY CORP,-0.014541224334011787
2022-10-01,12591,APO,APOLLO GLOBAL MANAGEMENT INC NEW,-0.012446293536852105
2022-10-01,21020,AAL,AMERICAN AIRLINES GROUP INC,-0.008689110485681708
2022-10-01,60186,OMI,OWENS & MINOR INC NEW,-0.009660538892548868
2022-10-01,81481,DLTR,DOLLAR TREE INC,-0.015054491765391134
2022-10-01,91977,BGS,B & G FOODS INC NEW,-0.01043406520645992
2022-10-01,75175,MBI,M B I A INC,-0.008462884795026701
2022-10-01,14432,ITCI,INTRA CELLULAR THERAPIES INC,-0.010247823313907199
2022-10-01,19561,BA,BOEING CO,-0.009449990119422522
2022-10-01,19682,PMVP,P M V PHARMACEUTICALS INC,-0.008067464127062388
2022-10-01,83382,TCX,TUCOWS INC,-0.01335439546680083
2022-10-01,18735,GO,GROCERY OUTLET HOLDING CORP,-0.015111695118963256
2022-10-01,63765,SWN,SOUTHWESTERN ENERGY CO,-0.008167340189791338
2022-10-01,22898,GHIX,GORES HOLDINGS IX INC,-0.015111695118963256
2022-10-01,10258,CLDX,CELLDEX THERAPEUTICS INC,-0.010769913353897211
2022-10-01,21605,RYAN,RYAN SPECIALTY HOLDINGS INC,-0.015094875450396634
2022-10-01,20347,SHLS,SHOALS TECHNOLOGIES GROUP INC,-0.007453671246895685
2022-10-01,19593,MIR,MIRION TECHNOLOGIES INC,-0.00885169437469814
2022-10-01,20196,UPST,UPSTART HOLDINGS INC,-0.0061695743441929785
2022-10-01,90978,SPWR,SUNPOWER CORP,-0.0061702921274081725
2022-10-01,90775,THS,TREEHOUSE FOODS INC,-0.010569311534151483
2022-10-01,91103,UAL,UNITED AIRLINES HOLDINGS INC,-0.009083574577675724
2022-10-01,91926,DAL,DELTA AIR LINES INC,-0.010295583457140356
2022-10-01,18453,LAZR,LUMINAR TECHNOLOGIES INC,-0.004815520711950728
2022-10-01,14054,MRTX,MIRATI THERAPEUTICS INC,-0.010275374602578224
2022-10-01,17341,ZS,ZSCALER INC,-0.00473637377151301
2022-10-01,20153,HLMN,HILLMAN SOLUTIONS CORP,-0.01325035032997639
2022-10-01,17688,GSHD,GOOSEHEAD INSURANCE INC,-0.004588897172522978
2022-10-01,20173,TLS,TELOS CORP,-0.007989872633402098
2022-10-01,90505,LVS,LAS VEGAS SANDS CORP,-0.007571944978280256
2022-10-01,18937,CHPT,CHARGEPOINT HOLDINGS INC,-0.005668293881695679
2022-10-01,89508,KMX,CARMAX INC,-0.004727500514692881
2022-10-01,91594,SPR,SPIRIT AEROSYSTEMS HOLDINGS INC,-0.008395868314933955
2022-10-01,14136,RNG,RINGCENTRAL INC,-0.010434901843479267
2022-10-01,20345,XM,QUALTRICS INTERNATIONAL INC,-0.00872628354086472
2022-10-01,19002,BRP,B R P GROUP INC,-0.00953835378964473
2022-10-01,14813,MARA,MARATHON DIGITAL HOLDINGS INC,-0.004452908671060461
2022-10-01,20891,ULCC,FRONTIER GROUP HOLDINGS INC,-0.009154209994194968
2022-10-01,18576,UBER,UBER TECHNOLOGIES INC,-0.008858381503559267
2022-10-01,76856,FCFS,FIRSTCASH HOLDINGS INC,-0.014324131005918745
2022-10-01,17367,LPRO,OPEN LENDING CORP,-0.008698417499474118
2022-10-01,18484,ZM,ZOOM VIDEO COMMUNICATIONS INC,-0.014318533640742155
2022-10-01,86799,CNX,C N X RESOURCES CORP,-0.009338506706342503
2022-10-01,21576,PAYO,PAYONEER GLOBAL INC,-0.007958348624136826
2022-10-01,16382,COUP,COUPA SOFTWARE INC,-0.005608743472069936
2022-10-01,14601,NAVI,NAVIENT CORP,-0.008632644716743692
2022-10-01,19454,ETWO,E2OPEN PARENT HOLDINGS INC,-0.010474127347243957
2022-10-01,24328,EQT,E Q T CORP,-0.007610647870963717
2022-10-01,16649,OKTA,OKTA INC,-0.003690050576022653
2022-10-01,18727,CHWY,CHEWY INC,-0.008049573457674082
2022-10-01,22086,ENFN,ENFUSION INC,-0.010145194698374091
2022-10-01,20893,AGL,AGILON HEALTH INC,-0.00958095403995664
2022-10-01,19484,PCVX,VAXCYTE INC,-0.010327884821367744
2022-10-01,48961,DSGR,DISTRIBUTION SOLUTIONS GROUP INC,-0.009045680840002594
2022-10-01,14596,FIVN,FIVE 9 INC,-0.01254239071573701
2022-10-01,81593,COOP,MR COOPER GROUP INC,-0.011249377406279024
2022-10-01,15302,VIRT,VIRTU FINANCIAL INC,-0.010388632864061253
2022-10-01,19577,RKT,ROCKET COMPANIES INC,-0.010436705302960618
2022-10-01,19495,DNB,DUN & BRADSTREET HOLDINGS INC,-0.01405566031344761
2022-10-01,22244,TRDA,ENTRADA THERAPEUTICS INC,-0.004262887755243039
2022-10-01,52936,MCY,MERCURY GENERAL CORP NEW,-0.010652158545184236
2022-10-01,14532,AMRK,A MARK PRECIOUS METALS INC,-0.006959084151463868
2022-10-01,17684,AHCO,ADAPTHEALTH CORP,-0.007629371712437502
2022-10-01,19539,CANO,CANO HEALTH INC,-0.003690050576022653
2022-10-01,22626,AMLX,AMYLYX PHARMACEUTICALS INC,-0.003690050576022653
2022-10-01,91915,CNK,CINEMARK HOLDINGS INC,-0.011227945174593874
2022-10-01,14708,VRDN,VIRIDIAN THERAPEUTICS INC,-0.010797101987142496
2022-10-01,82649,MATV,MATIV HOLDINGS INC,-0.007189677364782402
2022-10-01,90126,CYTK,CYTOKINETICS INC,-0.008847464222847544
2022-10-01,15540,RILY,B RILEY FINANCIAL INC,-0.008511807671271274
2022-10-01,19485,PLRX,PLIANT THERAPEUTICS INC,-0.006906359224691667
2022-11-01,19560,ITOS,ITEOS THERAPEUTICS INC,0.008852069671524083
2022-11-01,88167,HSTM,HEALTHSTREAM INC,0.01246690408228538
2022-11-01,77637,FC,FRANKLIN COVEY CO,0.015248686129583862
2022-11-01,14213,MMI,MARCUS & MILLICHAP INC,0.0133634305922749
2022-11-01,88417,ACLS,AXCELIS TECHNOLOGIES INC,0.006419493649771972
2022-11-01,89792,CVCO,CAVCO INDUSTRIES INC DEL,0.007934697561740603
2022-11-01,14495,ATEN,A10 NETWORKS INC,0.014944618871668518
2022-11-01,11154,PLAB,PHOTRONICS INC,0.010051527879533026
2022-11-01,85724,PRDO,PERDOCEO EDUCATION CORP,0.013423493850359682
2022-11-01,75107,ABMD,ABIOMED INC,0.009333216059113586
2022-11-01,21125,ZIP,ZIPRECRUITER INC,0.00629365338427412
2022-11-01,76721,CRVL,CORVEL CORP,0.014061141287152829
2022-11-01,13935,NRC,NATIONAL RESEARCH CORP,0.01528443974028193
2022-11-01,79611,MOV,MOVADO GROUP INC,0.009702451814101556
2022-11-01,18311,LEGH,LEGACY HOUSING CORP,0.011320421585133352
2022-11-01,89387,CPSI,COMPUTER PROGRAMS & SYSTEMS INC,0.0158431593388954
2022-11-01,90125,CORT,CORCEPT THERAPEUTICS INC,0.012468497110129328
2022-11-01,10649,PTSI,P A M TRANSPORTATION SVCS INC,0.0077919410203922896
2022-11-01,85040,SLP,SIMULATIONS PLUS INC,0.006288941969277715
2022-11-01,13318,YELP,YELP INC,0.014383260770998952
2022-11-01,91606,CPRX,CATALYST PHARMACEUTICALS INC,0.009260557081249567
2022-11-01,14231,VEEV,VEEVA SYSTEMS INC,0.010439752176056484
2022-11-01,90455,MPWR,MONOLITHIC PWR SYS INC,0.006833038327704775
2022-11-01,38850,SKY,SKYLINE CHAMPION CORP,0.007163300632558259
2022-11-01,88504,BRKR,BRUKER CORP,0.012534955791559709
2022-11-01,90319,GOOGL,ALPHABET INC,0.008880358662019014
2022-11-01,21598,BRDG,BRIDGE INVESTMENT GP HLDGS INC,0.011954205211706322
2022-11-01,84010,USNA,USANA HEALTH SCIENCES INC,0.011784573391537568
2022-11-01,65700,USLM,UNITED STATES LIME MINERALS INC,0.012317742095750388
2022-11-01,14434,MBUU,MALIBU BOATS INC,0.010398057252461622
2022-11-01,38659,GNTX,GENTEX CORP,0.014746801060369144
2022-11-01,14479,IBP,INSTALLED BUILDING PRODUCTS INC,0.007099497508899355
2022-11-01,91186,VNDA,VANDA PHARMACEUTICALS INC,0.013902119788603213
2022-11-01,88352,ISRG,INTUITIVE SURGICAL INC,0.0080120508307689
2022-11-01,88841,RGP,RESOURCES CONNECTION INC,0.008578799058254212
2022-11-01,89044,PDFS,P D F SOLUTIONS INC,0.00858553436299845
2022-11-01,79785,NVR,N V R INC,0.009783582595846399
2022-11-01,46886,KLAC,K L A CORP,0.008049447274502611
2022-11-01,64194,CHE,CHEMED CORP NEW,0.01723070412617075
2022-11-01,85889,SRDX,SURMODICS INC,0.009540326204491896
2022-11-01,87657,EW,EDWARDS LIFESCIENCES CORP,0.006288941969277715
2022-11-01,89753,FORM,FORMFACTOR INC,0.006288941969277715
2022-11-01,85992,MANH,MANHATTAN ASSOCIATES INC,0.007491351901762708
2022-11-01,87725,IIIN,INSTEEL INDUSTRIES INC,0.00875998583533697
2022-11-01,82212,KFRC,KFORCE INC,0.012472252031485432
2022-11-01,88159,EXEL,EXELIXIS INC,0.01169002213732911
2022-11-01,48144,KLIC,KULICKE & SOFFA INDS INC,0.009173972181909662
2022-11-01,86594,KFY,KORN FERRY,0.015415030159162364
2022-11-01,91463,CVLT,COMMVAULT SYSTEMS INC,0.016534084765831753
2022-11-01,11884,IPAR,INTERMEDIATE PARFUMS INC,0.010916245027304575
2022-11-01,13766,BCC,BOISE CASCADE CO,0.009153669282619707
2022-11-01,88031,MNST,MONSTER BEVERAGE CORP NEW,0.015337347260952384
2022-11-01,16434,GOLF,ACUSHNET HOLDINGS CORP,0.013361837568947325
2022-11-01,54148,PHM,PULTE GROUP INC,0.00924166701333599
2022-11-01,45306,IDCC,INTERDIGITAL INC,0.006297945393138011
2022-11-01,79491,WINA,WINMARK CORP,0.01723070412617075
2022-11-01,18973,BRC,BRADY CORP,0.01723070412617075
2022-11-01,64961,NXGN,NEXTGEN HEALTHCARE INC,0.007805110242341572
2022-11-01,60098,OTTR,OTTER TAIL CORP,0.012046098396119727
2022-11-01,77357,SNPS,SYNOPSYS INC,0.009295067481594121
2022-11-01,79037,ETD,ETHAN ALLEN INTERIORS INC,0.009192339533497908
2022-11-01,75233,VGR,VECTOR GROUP LTD,0.016223762886893298
2022-11-01,89179,ELV,ELEVANCE HEALTH INC,0.017125973636754048
2022-11-01,81665,GIC,GLOBAL INDUSTRIAL CO,0.008842970295495196
2022-11-01,79906,INCY,INCYTE CORP,0.017200292685711084
2022-11-01,11587,ATRI,ATRION CORP,0.011218991217602333
2022-11-01,84385,NSP,INSPERITY INC,0.008473516181933437
2022-11-01,13625,SSTK,SHUTTERSTOCK INC,0.006700769120092814
2022-11-01,68830,REX,REX AMERICAN RESOURCES CORP,0.00921938941286498
2022-11-01,13862,TMHC,TAYLOR MORRISON HOME CORP,0.007810609711593743
2022-11-01,86048,HCKT,HACKETT GROUP INC,0.016024045753814758
2022-11-01,80575,SSD,SIMPSON MANUFACTURING CO INC,0.009183236602745493
2022-11-01,89572,CEVA,CEVA INC,0.008233894513032624
2022-11-01,76744,VRTX,VERTEX PHARMACEUTICALS INC,0.008459717673613257
2022-11-01,14521,TNET,TRINET GROUP INC,0.0068140848260107145
2022-11-01,63125,AGYS,AGILYSYS INC,0.0076821081749295
2022-11-01,14702,AMAT,APPLIED MATERIALS INC,0.0075898411340665555
2022-11-01,16260,MEDP,MEDPACE HOLDINGS INC,0.006288941969277715
2022-11-01,48653,HUM,HUMANA INC,0.01723070412617075
2022-11-01,90071,NRG,N R G ENERGY INC,0.012119437824575457
2022-11-01,50948,SMTC,SEMTECH CORP,0.006866143216929115
2022-11-01,20391,TPL,TEXAS PACIFIC LAND CORP,0.009036312404341279
2022-11-01,76752,PRGS,PROGRESS SOFTWARE CORP,0.016589685424413234
2022-11-01,76839,FIZZ,NATIONAL BEVERAGE CORP,0.011559750424511583
2022-11-01,90199,CBRE,C B R E GROUP INC,0.01109074693140589
2022-11-01,13777,AMSWA,AMERICAN SOFTWARE INC,0.012870854611300735
2022-11-01,85059,FIX,COMFORT SYSTEMS USA INC,0.008951961004238722
2022-11-01,86827,HSII,HEIDRICK & STRUGGLES INTL INC,0.010731159647791063
2022-11-01,87812,SLAB,SILICON LABORATORIES INC,0.00695524440652341
2022-11-01,56223,LPX,LOUISIANA PACIFIC CORP,0.009713209923292354
2022-11-01,34948,OXM,OXFORD INDUSTRIES INC,0.010827059039120046
2022-11-01,86128,HZO,MARINEMAX INC,0.007659379317192552
2022-11-01,41241,HWKN,HAWKINS INC,0.01232914251353285
2022-11-01,15853,RMR,R M R GROUP INC,0.013397506155924698
2022-11-01,12437,RFP,RESOLUTE FOREST PRODUCTS INC,0.01723070412617075
2022-11-01,72304,STAA,STAAR SURGICAL CO,0.008803099921470605
2022-11-01,86783,BKNG,BOOKING HOLDINGS INC,0.012176268996590826
2022-11-01,89290,SYNA,SYNAPTICS INC,0.006288941969277715
2022-11-01,19679,GDRX,GOODRX HOLDINGS INC,0.0063588401942610675
2022-11-01,92089,GRBK,GREEN BRICK PARTNERS INC,0.007265854727520623
2022-11-01,20464,EVEX,EVE HOLDING INC,-0.00445290373737518
2022-11-01,21262,DAWN,DAY ONE BIOPHARMACEUTICALS INC,-0.012211688614622969
2022-11-01,21723,HOOD,ROBINHOOD MARKETS INC,-0.009203321585597586
2022-11-01,21844,FCUV,FOCUS UNIVERSAL INC,-0.01198571898178518
2022-11-01,89301,GME,GAMESTOP CORP NEW,-0.0067365718698674925
2022-11-01,22637,CINC,CINCOR PHARMA INC,-0.00898142390569595
2022-11-01,22244,TRDA,ENTRADA THERAPEUTICS INC,-0.006768311426607661
2022-11-01,19616,SST,SYSTEM1 INC,-0.0062359675277995205
2022-11-01,22092,KD,KYNDRYL HOLDINGS INC,-0.008974259655842554
2022-11-01,17036,CNNE,CANNAE HOLDINGS INC,-0.009608939786647973
2022-11-01,18777,KRTX,KARUNA THERAPEUTICS INC,-0.01192722080959011
2022-11-01,14328,AMC,A M C ENTERTAINMENT HOLDINGS INC,-0.006065462985901227
2022-11-01,16966,SWCH,SWITCH INC,-0.01570105570500468
2022-11-01,14617,ARES,ARES MANAGEMENT CORP,-0.010158262651852507
2022-11-01,13688,PCG,P G & E CORP,-0.010382673822474257
2022-11-01,86544,BCOR,BLUCORA INC,-0.009574094900266002
2022-11-01,13919,AMBC,AMBAC FINANCIAL GROUP INC,-0.007255653051563729
2022-11-01,52936,MCY,MERCURY GENERAL CORP NEW,-0.013957365112574472
2022-11-01,12060,GE,GENERAL ELECTRIC CO,-0.013161015870122932
2022-11-01,91611,FSLR,FIRST SOLAR INC,-0.008875828041769888
2022-11-01,22626,AMLX,AMYLYX PHARMACEUTICALS INC,-0.008150393504694686
2022-11-01,17684,AHCO,ADAPTHEALTH CORP,-0.012125973565666867
2022-11-01,18184,FSR,FISKER INC,-0.008243331010497084
2022-11-01,90926,ALT,ALTIMMUNE INC,-0.007097335663702275
2022-11-01,81481,DLTR,DOLLAR TREE INC,-0.01570105570500468
2022-11-01,21597,PECO,PHILLIPS EDISON & COMPANY INC,-0.01570105570500468
2022-11-01,17372,COGT,COGENT BIOSCIENCES INC,-0.010765761256424231
2022-11-01,82649,MATV,MATIV HOLDINGS INC,-0.012565630107087479
2022-11-01,17313,BLNK,BLINK CHARGING CO,-0.007792030559604612
2022-11-01,60186,OMI,OWENS & MINOR INC NEW,-0.0042116558542227
2022-11-01,16086,HTZ,HERTZ GLOBAL HOLDINGS INC NEW,-0.011950762065168772
2022-11-01,91977,BGS,B & G FOODS INC NEW,-0.012918027638612913
2022-11-01,21020,AAL,AMERICAN AIRLINES GROUP INC,-0.010887227778716238
2022-11-01,20142,CVT,CVENT HOLDING CORP,-0.006918226023112921
2022-11-01,18735,GO,GROCERY OUTLET HOLDING CORP,-0.010926491396698974
2022-11-01,20196,UPST,UPSTART HOLDINGS INC,-0.00554729126162287
2022-11-01,19561,BA,BOEING CO,-0.010417449880318359
2022-11-01,19605,OSH,OAK STREET HEALTH INC,-0.008689448396158376
2022-11-01,14708,VRDN,VIRIDIAN THERAPEUTICS INC,-0.00932324805947448
2022-11-01,91926,DAL,DELTA AIR LINES INC,-0.0118534645228631
2022-11-01,22898,GHIX,GORES HOLDINGS IX INC,-0.01570105570500468
2022-11-01,12591,APO,APOLLO GLOBAL MANAGEMENT INC NEW,-0.011134319476951482
2022-11-01,75175,MBI,M B I A INC,-0.012391742053889484
2022-11-01,22623,CEG,CONSTELLATION ENERGY CORP,-0.01296187080819235
2022-11-01,19489,PCT,PURECYCLE TECHNOLOGIES INC,-0.006264223880629479
2022-11-01,83382,TCX,TUCOWS INC,-0.010852673160933655
2022-11-01,21605,RYAN,RYAN SPECIALTY HOLDINGS INC,-0.014732450107410585
2022-11-01,15540,RILY,B RILEY FINANCIAL INC,-0.007772777566350057
2022-11-01,19593,MIR,MIRION TECHNOLOGIES INC,-0.010316777691662435
2022-11-01,91103,UAL,UNITED AIRLINES HOLDINGS INC,-0.012609862378409616
2022-11-01,14532,AMRK,A MARK PRECIOUS METALS INC,-0.012220867545924876
2022-11-01,14432,ITCI,INTRA CELLULAR THERAPIES INC,-0.01102415141923899
2022-11-01,20173,TLS,TELOS CORP,-0.0060081463193405425
2022-11-01,10258,CLDX,CELLDEX THERAPEUTICS INC,-0.011162533189866895
2022-11-01,20347,SHLS,SHOALS TECHNOLOGIES GROUP INC,-0.008033380638124895
2022-11-01,91915,CNK,CINEMARK HOLDINGS INC,-0.008604713442900291
2022-11-01,89508,KMX,CARMAX INC,-0.010370528490421823
2022-11-01,86799,CNX,C N X RESOURCES CORP,-0.009468500253770008
2022-11-01,90126,CYTK,CYTOKINETICS INC,-0.009479769978183152
2022-11-01,63765,SWN,SOUTHWESTERN ENERGY CO,-0.0074303660324605714
2022-11-01,90505,LVS,LAS VEGAS SANDS CORP,-0.006784482023031173
2022-11-01,18937,CHPT,CHARGEPOINT HOLDINGS INC,-0.006962224711493021
2022-11-01,19682,PMVP,P M V PHARMACEUTICALS INC,-0.007368174470825843
2022-11-01,18453,LAZR,LUMINAR TECHNOLOGIES INC,-0.00537278768207163
2022-11-01,20153,HLMN,HILLMAN SOLUTIONS CORP,-0.011191451561819232
2022-11-01,91594,SPR,SPIRIT AEROSYSTEMS HOLDINGS INC,-0.008640983880560555
2022-11-01,90775,THS,TREEHOUSE FOODS INC,-0.01570105570500468
2022-11-01,19002,BRP,B R P GROUP INC,-0.008862070108382941
2022-11-01,17688,GSHD,GOOSEHEAD INSURANCE INC,-0.005860763550191562
2022-11-01,20345,XM,QUALTRICS INTERNATIONAL INC,-0.00907026619969475
2022-11-01,17341,ZS,ZSCALER INC,-0.007539273479175869
2022-11-01,90978,SPWR,SUNPOWER CORP,-0.007389694374343804
2022-11-01,19484,PCVX,VAXCYTE INC,-0.0042116558542227
2022-11-01,14136,RNG,RINGCENTRAL INC,-0.006777316924414422
2022-11-01,14813,MARA,MARATHON DIGITAL HOLDINGS INC,-0.0042116558542227
2022-11-01,14054,MRTX,MIRATI THERAPEUTICS INC,-0.008501725530777392
2022-11-01,19454,ETWO,E2OPEN PARENT HOLDINGS INC,-0.007256692685421001
2022-11-01,19485,PLRX,PLIANT THERAPEUTICS INC,-0.01071293116987737
2022-11-01,24328,EQT,E Q T CORP,-0.008149452211726435
2022-11-01,76856,FCFS,FIRSTCASH HOLDINGS INC,-0.012257711486260205
2022-11-01,18576,UBER,UBER TECHNOLOGIES INC,-0.007162167857801109
2022-11-01,20891,ULCC,FRONTIER GROUP HOLDINGS INC,-0.006483199154388547
2022-11-01,22086,ENFN,ENFUSION INC,-0.008585680449660769
2022-11-01,48961,DSGR,DISTRIBUTION SOLUTIONS GROUP INC,-0.010242772943905566
2022-11-01,16382,COUP,COUPA SOFTWARE INC,-0.007053505528629351
2022-11-01,21576,PAYO,PAYONEER GLOBAL INC,-0.009934568508280835
2022-11-01,18727,CHWY,CHEWY INC,-0.006261871554849713
2022-11-01,17367,LPRO,OPEN LENDING CORP,-0.006440370836591277
2022-11-01,15302,VIRT,VIRTU FINANCIAL INC,-0.01543591579530042
2022-11-01,18484,ZM,ZOOM VIDEO COMMUNICATIONS INC,-0.011333532663147742
2022-11-01,19070,ETNB,89BIO INC,-0.004921656824135708
2022-11-01,20067,SOFI,SOFI TECHNOLOGIES INC,-0.007971051458449431
2022-11-01,19461,AKUS,AKOUOS INC,-0.0042116558542227
2022-11-01,14276,KODK,EASTMAN KODAK CO,-0.008547479934234969
2022-11-01,21029,RUM,RUMBLE INC,-0.0042116558542227
2022-11-01,92095,INFN,INFINERA CORP,-0.0066147871099052355
2022-11-01,15431,MCRB,SERES THERAPEUTICS INC,-0.004229392493523066
2022-11-01,21345,MQ,MARQETA INC,-0.007075658105041059
2022-11-01,22976,WBD,WARNER BROS DISCOVERY INC,-0.009306326259154415
2022-11-01,83443,BRKB,BERKSHIRE HATHAWAY INC DEL,-0.015671150305199118
2022-12-01,88167,HSTM,HEALTHSTREAM INC,0.01460157729181787
2022-12-01,13318,YELP,YELP INC,0.006701660119383037
2022-12-01,72304,STAA,STAAR SURGICAL CO,0.0057118067866664
2022-12-01,19560,ITOS,ITEOS THERAPEUTICS INC,0.0077713539466212865
2022-12-01,77637,FC,FRANKLIN COVEY CO,0.013178810351043098
2022-12-01,14213,MMI,MARCUS & MILLICHAP INC,0.010123174482284914
2022-12-01,12437,RFP,RESOLUTE FOREST PRODUCTS INC,0.01915792529745957
2022-12-01,89792,CVCO,CAVCO INDUSTRIES INC DEL,0.006738883119011856
2022-12-01,88417,ACLS,AXCELIS TECHNOLOGIES INC,0.008398422052493044
2022-12-01,21125,ZIP,ZIPRECRUITER INC,0.005701983430218623
2022-12-01,15853,RMR,R M R GROUP INC,0.017041016266571427
2022-12-01,89387,CPSI,COMPUTER PROGRAMS & SYSTEMS INC,0.006161448004446769
2022-12-01,76721,CRVL,CORVEL CORP,0.013755390436801474
2022-12-01,11154,PLAB,PHOTRONICS INC,0.011361261545980227
2022-12-01,85040,SLP,SIMULATIONS PLUS INC,0.00942565485710486
2022-12-01,79611,MOV,MOVADO GROUP INC,0.008283894313032577
2022-12-01,90125,CORT,CORCEPT THERAPEUTICS INC,0.008490349999647057
2022-12-01,91606,CPRX,CATALYST PHARMACEUTICALS INC,0.0062607814362026434
2022-12-01,90455,MPWR,MONOLITHIC PWR SYS INC,0.00656438154999872
2022-12-01,13935,NRC,NATIONAL RESEARCH CORP,0.007255490300186088
2022-12-01,91186,VNDA,VANDA PHARMACEUTICALS INC,0.012267561168510082
2022-12-01,38850,SKY,SKYLINE CHAMPION CORP,0.005701983430218623
2022-12-01,65700,USLM,UNITED STATES LIME MINERALS INC,0.01497567450850494
2022-12-01,10649,PTSI,P A M TRANSPORTATION SVCS INC,0.009672086967296236
2022-12-01,14479,IBP,INSTALLED BUILDING PRODUCTS INC,0.008540445334261954
2022-12-01,90319,GOOGL,ALPHABET INC,0.009134658626834609
2022-12-01,14231,VEEV,VEEVA SYSTEMS INC,0.008874056852170142
2022-12-01,86783,BKNG,BOOKING HOLDINGS INC,0.011703370233977141
2022-12-01,14495,ATEN,A10 NETWORKS INC,0.010436303589613637
2022-12-01,38659,GNTX,GENTEX CORP,0.014364319927654119
2022-12-01,88504,BRKR,BRUKER CORP,0.010653756269491284
2022-12-01,18311,LEGH,LEGACY HOUSING CORP,0.008918436011157084
2022-12-01,88352,ISRG,INTUITIVE SURGICAL INC,0.010295599423334615
2022-12-01,60098,OTTR,OTTER TAIL CORP,0.008525058614448786
2022-12-01,79491,WINA,WINMARK CORP,0.016462701006440063
2022-12-01,84010,USNA,USANA HEALTH SCIENCES INC,0.010523042744252647
2022-12-01,85724,PRDO,PERDOCEO EDUCATION CORP,0.008172740139585619
2022-12-01,88159,EXEL,EXELIXIS INC,0.015633089894355048
2022-12-01,89290,SYNA,SYNAPTICS INC,0.005701983430218623
2022-12-01,85992,MANH,MANHATTAN ASSOCIATES INC,0.007974556898415365
2022-12-01,88841,RGP,RESOURCES CONNECTION INC,0.01638555733112362
2022-12-01,79785,NVR,N V R INC,0.009236423053335663
2022-12-01,46886,KLAC,K L A CORP,0.009754754879884439
2022-12-01,82212,KFRC,KFORCE INC,0.011012858511363412
2022-12-01,13766,BCC,BOISE CASCADE CO,0.01052356569114119
2022-12-01,16434,GOLF,ACUSHNET HOLDINGS CORP,0.011211869716350301
2022-12-01,14434,MBUU,MALIBU BOATS INC,0.010032664560199694
2022-12-01,85889,SRDX,SURMODICS INC,0.008978719941276178
2022-12-01,92089,GRBK,GREEN BRICK PARTNERS INC,0.006040648516144237
2022-12-01,86594,KFY,KORN FERRY,0.013100316757095772
2022-12-01,87657,EW,EDWARDS LIFESCIENCES CORP,0.01443667366236574
2022-12-01,64961,NXGN,NEXTGEN HEALTHCARE INC,0.014999554681020794
2022-12-01,16260,MEDP,MEDPACE HOLDINGS INC,0.010056627626436632
2022-12-01,21598,BRDG,BRIDGE INVESTMENT GP HLDGS INC,0.00890343356008855
2022-12-01,89044,PDFS,P D F SOLUTIONS INC,0.006083708973537685
2022-12-01,13625,SSTK,SHUTTERSTOCK INC,0.007754551041123901
2022-12-01,64194,CHE,CHEMED CORP NEW,0.01915792529745957
2022-12-01,14521,TNET,TRINET GROUP INC,0.01220840636612477
2022-12-01,89179,ELV,ELEVANCE HEALTH INC,0.014297162086764743
2022-12-01,75107,ABMD,ABIOMED INC,0.005701983430218623
2022-12-01,84385,NSP,INSPERITY INC,0.013338681282859794
2022-12-01,18973,BRC,BRADY CORP,0.01915792529745957
2022-12-01,91463,CVLT,COMMVAULT SYSTEMS INC,0.014139945342211883
2022-12-01,45306,IDCC,INTERDIGITAL INC,0.011589469818947373
2022-12-01,48144,KLIC,KULICKE & SOFFA INDS INC,0.0072459952720087695
2022-12-01,76744,VRTX,VERTEX PHARMACEUTICALS INC,0.01915792529745957
2022-12-01,68830,REX,REX AMERICAN RESOURCES CORP,0.008835424837289094
2022-12-01,88031,MNST,MONSTER BEVERAGE CORP NEW,0.012403646959524063
2022-12-01,81665,GIC,GLOBAL INDUSTRIAL CO,0.005701983430218623
2022-12-01,11884,IPAR,INTERMEDIATE PARFUMS INC,0.010813485708224789
2022-12-01,79906,INCY,INCYTE CORP,0.01915792529745957
2022-12-01,77357,SNPS,SYNOPSYS INC,0.009633521330025355
2022-12-01,87725,IIIN,INSTEEL INDUSTRIES INC,0.010747322031124521
2022-12-01,86048,HCKT,HACKETT GROUP INC,0.01598194808220398
2022-12-01,14702,AMAT,APPLIED MATERIALS INC,0.0073138154436294955
2022-12-01,75233,VGR,VECTOR GROUP LTD,0.012581110618588753
2022-12-01,48653,HUM,HUMANA INC,0.015584154071195615
2022-12-01,80575,SSD,SIMPSON MANUFACTURING CO INC,0.011266557290380744
2022-12-01,63125,AGYS,AGILYSYS INC,0.015440446623874225
2022-12-01,11587,ATRI,ATRION CORP,0.008421252313797993
2022-12-01,79037,ETD,ETHAN ALLEN INTERIORS INC,0.0117784636598201
2022-12-01,89753,FORM,FORMFACTOR INC,0.0068748802457817134
2022-12-01,54148,PHM,PULTE GROUP INC,0.007902030269103822
2022-12-01,20391,TPL,TEXAS PACIFIC LAND CORP,0.008567265707237783
2022-12-01,50948,SMTC,SEMTECH CORP,0.008581333305226957
2022-12-01,89572,CEVA,CEVA INC,0.006886789803881276
2022-12-01,85059,FIX,COMFORT SYSTEMS USA INC,0.014850235604618208
2022-12-01,76752,PRGS,PROGRESS SOFTWARE CORP,0.01913418959860076
2022-12-01,76839,FIZZ,NATIONAL BEVERAGE CORP,0.011430929346494756
2022-12-01,13777,AMSWA,AMERICAN SOFTWARE INC,0.00899360042677741
2022-12-01,90071,NRG,N R G ENERGY INC,0.011894838825326551
2022-12-01,86827,HSII,HEIDRICK & STRUGGLES INTL INC,0.013865649079198452
2022-12-01,34948,OXM,OXFORD INDUSTRIES INC,0.007926980383315652
2022-12-01,90199,CBRE,C B R E GROUP INC,0.009161210675661169
2022-12-01,41241,HWKN,HAWKINS INC,0.012027447031974557
2022-12-01,13862,TMHC,TAYLOR MORRISON HOME CORP,0.008814534904905639
2022-12-01,85401,SIGA,S I G A TECHNOLOGIES INC,0.006397521085280528
2022-12-01,16967,CARG,CARGURUS INC,0.006202150967985834
2022-12-01,20438,MNTK,MONTAUK RENEWABLES INC,0.008044344456441973
2022-12-01,16874,ACEL,ACCEL ENTERTAINMENT INC,0.009563312573523386
2022-12-01,20464,EVEX,EVE HOLDING INC,-0.009639519640256677
2022-12-01,21262,DAWN,DAY ONE BIOPHARMACEUTICALS INC,-0.00807956434809371
2022-12-01,21844,FCUV,FOCUS UNIVERSAL INC,-0.006710983251713301
2022-12-01,21723,HOOD,ROBINHOOD MARKETS INC,-0.00466952104498216
2022-12-01,89301,GME,GAMESTOP CORP NEW,-0.007748111727955273
2022-12-01,22244,TRDA,ENTRADA THERAPEUTICS INC,-0.006377160420099697
2022-12-01,22092,KD,KYNDRYL HOLDINGS INC,-0.005902494217637276
2022-12-01,52936,MCY,MERCURY GENERAL CORP NEW,-0.006817183128052925
2022-12-01,22637,CINC,CINCOR PHARMA INC,-0.00466952104498216
2022-12-01,16966,SWCH,SWITCH INC,-0.01862991318719184
2022-12-01,14328,AMC,A M C ENTERTAINMENT HOLDINGS INC,-0.004687546178690478
2022-12-01,14617,ARES,ARES MANAGEMENT CORP,-0.013587059345351968
2022-12-01,22626,AMLX,AMYLYX PHARMACEUTICALS INC,-0.010540393998919971
2022-12-01,86544,BCOR,BLUCORA INC,-0.014207034535604419
2022-12-01,17036,CNNE,CANNAE HOLDINGS INC,-0.008663698640716479
2022-12-01,91611,FSLR,FIRST SOLAR INC,-0.010994851595664608
2022-12-01,21029,RUM,RUMBLE INC,-0.005207587439931531
2022-12-01,19461,AKUS,AKOUOS INC,-0.01862991318719184
2022-12-01,19616,SST,SYSTEM1 INC,-0.0049123497612030935
2022-12-01,18777,KRTX,KARUNA THERAPEUTICS INC,-0.012113796499186544
2022-12-01,21605,RYAN,RYAN SPECIALTY HOLDINGS INC,-0.005360310648132771
2022-12-01,18184,FSR,FISKER INC,-0.005176191908360252
2022-12-01,17684,AHCO,ADAPTHEALTH CORP,-0.01059349813269269
2022-12-01,15431,MCRB,SERES THERAPEUTICS INC,-0.006700719675656571
2022-12-01,13688,PCG,P G & E CORP,-0.01862991318719184
2022-12-01,92095,INFN,INFINERA CORP,-0.00600313745101865
2022-12-01,12060,GE,GENERAL ELECTRIC CO,-0.01862991318719184
2022-12-01,60186,OMI,OWENS & MINOR INC NEW,-0.007989905310900002
2022-12-01,91977,BGS,B & G FOODS INC NEW,-0.010538230477660792
2022-12-01,17372,COGT,COGENT BIOSCIENCES INC,-0.007111676015164116
2022-12-01,90926,ALT,ALTIMMUNE INC,-0.006092511921267661
2022-12-01,81481,DLTR,DOLLAR TREE INC,-0.012002260141112503
2022-12-01,75175,MBI,M B I A INC,-0.007173327279731934
2022-12-01,17313,BLNK,BLINK CHARGING CO,-0.006505755614608662
2022-12-01,15540,RILY,B RILEY FINANCIAL INC,-0.006576202647875278
2022-12-01,19605,OSH,OAK STREET HEALTH INC,-0.005145344174460145
2022-12-01,19561,BA,BOEING CO,-0.014262929543243662
2022-12-01,16086,HTZ,HERTZ GLOBAL HOLDINGS INC NEW,-0.01192031040665062
2022-12-01,22898,GHIX,GORES HOLDINGS IX INC,-0.01862991318719184
2022-12-01,14432,ITCI,INTRA CELLULAR THERAPIES INC,-0.009304731030735874
2022-12-01,21020,AAL,AMERICAN AIRLINES GROUP INC,-0.012781426680572989
2022-12-01,91926,DAL,DELTA AIR LINES INC,-0.014440783967293773
2022-12-01,18735,GO,GROCERY OUTLET HOLDING CORP,-0.01145529693022546
2022-12-01,20142,CVT,CVENT HOLDING CORP,-0.009429766206981544
2022-12-01,86799,CNX,C N X RESOURCES CORP,-0.013473337760893616
2022-12-01,20196,UPST,UPSTART HOLDINGS INC,-0.00466952104498216
2022-12-01,13919,AMBC,AMBAC FINANCIAL GROUP INC,-0.011123808230237748
2022-12-01,91915,CNK,CINEMARK HOLDINGS INC,-0.008031599413190616
2022-12-01,21597,PECO,PHILLIPS EDISON & COMPANY INC,-0.015925357578203247
2022-12-01,14708,VRDN,VIRIDIAN THERAPEUTICS INC,-0.008143752253366934
2022-12-01,89508,KMX,CARMAX INC,-0.010417019751617705
2022-12-01,12591,APO,APOLLO GLOBAL MANAGEMENT INC NEW,-0.01209112930245148
2022-12-01,82649,MATV,MATIV HOLDINGS INC,-0.009311567396523716
2022-12-01,83443,BRKB,BERKSHIRE HATHAWAY INC DEL,-0.01862991318719184
2022-12-01,22976,WBD,WARNER BROS DISCOVERY INC,-0.006525124284736088
2022-12-01,21345,MQ,MARQETA INC,-0.006233579903176459
2022-12-01,19593,MIR,MIRION TECHNOLOGIES INC,-0.006035232735436572
2022-12-01,19489,PCT,PURECYCLE TECHNOLOGIES INC,-0.006649691205535848
2022-12-01,90505,LVS,LAS VEGAS SANDS CORP,-0.0139574354898517
2022-12-01,20347,SHLS,SHOALS TECHNOLOGIES GROUP INC,-0.005031397902477108
2022-12-01,18937,CHPT,CHARGEPOINT HOLDINGS INC,-0.0065065347634958946
2022-12-01,22623,CEG,CONSTELLATION ENERGY CORP,-0.011016353691437612
2022-12-01,19484,PCVX,VAXCYTE INC,-0.012592720079244338
2022-12-01,20153,HLMN,HILLMAN SOLUTIONS CORP,-0.008507460171599375
2022-12-01,17688,GSHD,GOOSEHEAD INSURANCE INC,-0.006206322101667213
2022-12-01,90126,CYTK,CYTOKINETICS INC,-0.010463586671921155
2022-12-01,91103,UAL,UNITED AIRLINES HOLDINGS INC,-0.016673126737673145
2022-12-01,24328,EQT,E Q T CORP,-0.00913259204117069
2022-12-01,19682,PMVP,P M V PHARMACEUTICALS INC,-0.0068303978287432765
2022-12-01,19002,BRP,B R P GROUP INC,-0.009078614722932293
2022-12-01,91594,SPR,SPIRIT AEROSYSTEMS HOLDINGS INC,-0.006272382534925783
2022-12-01,14136,RNG,RINGCENTRAL INC,-0.00466952104498216
2022-12-01,48961,DSGR,DISTRIBUTION SOLUTIONS GROUP INC,-0.007061306213523943
2022-12-01,63765,SWN,SOUTHWESTERN ENERGY CO,-0.008391173872963868
2022-12-01,18453,LAZR,LUMINAR TECHNOLOGIES INC,-0.00566634525366514
2022-12-01,19454,ETWO,E2OPEN PARENT HOLDINGS INC,-0.008968923052532876
2022-12-01,20345,XM,QUALTRICS INTERNATIONAL INC,-0.006663166292864468
2022-12-01,76856,FCFS,FIRSTCASH HOLDINGS INC,-0.01862991318719184
2022-12-01,90775,THS,TREEHOUSE FOODS INC,-0.01862991318719184
2022-12-01,16382,COUP,COUPA SOFTWARE INC,-0.00466952104498216
2022-12-01,17341,ZS,ZSCALER INC,-0.006334703619855792
2022-12-01,19485,PLRX,PLIANT THERAPEUTICS INC,-0.010824201784976343
2022-12-01,14532,AMRK,A MARK PRECIOUS METALS INC,-0.008485775219490645
2022-12-01,22086,ENFN,ENFUSION INC,-0.006552088101256396
2022-12-01,14054,MRTX,MIRATI THERAPEUTICS INC,-0.005593986763808971
2022-12-01,18576,UBER,UBER TECHNOLOGIES INC,-0.007430249362706856
2022-12-01,14813,MARA,MARATHON DIGITAL HOLDINGS INC,-0.005838341127605597
2022-12-01,90978,SPWR,SUNPOWER CORP,-0.005917263055874719
2022-12-01,10258,CLDX,CELLDEX THERAPEUTICS INC,-0.0068783764847666195
2022-12-01,18727,CHWY,CHEWY INC,-0.005608783636084681
2022-12-01,17367,LPRO,OPEN LENDING CORP,-0.006113794713300208
2022-12-01,15302,VIRT,VIRTU FINANCIAL INC,-0.0167427316315313
2022-12-01,20891,ULCC,FRONTIER GROUP HOLDINGS INC,-0.014568046938719098
2022-12-01,76136,KMPR,KEMPER CORP DE,-0.008897059098188421
2022-12-01,17226,COLD,AMERICOLD REALTY TRUST INC,-0.008633055845187003
2022-12-01,32651,HL,HECLA MINING CO,-0.006287614653091178
2022-12-01,91832,MDGL,MADRIGAL PHARMACEUTICALS INC,-0.00814717065063904
2022-12-01,66384,WDC,WESTERN DIGITAL CORP,-0.008386381572107273
2022-12-01,11990,KKR,K K R & CO INC,-0.00901526287088742
2022-12-01,17948,ALLK,ALLAKOS INC,-0.007119171375585102
2023-01-01,21125,ZIP,ZIPRECRUITER INC,0.007508201252321771
2023-01-01,20438,MNTK,MONTAUK RENEWABLES INC,0.005952251951724337
2023-01-01,15853,RMR,R M R GROUP INC,0.015562446442809725
2023-01-01,77637,FC,FRANKLIN COVEY CO,0.011708945163648364
2023-01-01,13318,YELP,YELP INC,0.009560190831382289
2023-01-01,88167,HSTM,HEALTHSTREAM INC,0.019137052955650526
2023-01-01,12437,RFP,RESOLUTE FOREST PRODUCTS INC,0.01586592471537593
2023-01-01,85401,SIGA,S I G A TECHNOLOGIES INC,0.00946002551882564
2023-01-01,79491,WINA,WINMARK CORP,0.014783184173440385
2023-01-01,91606,CPRX,CATALYST PHARMACEUTICALS INC,0.0051003145278786435
2023-01-01,91186,VNDA,VANDA PHARMACEUTICALS INC,0.0051003145278786435
2023-01-01,90125,CORT,CORCEPT THERAPEUTICS INC,0.007785099260793015
2023-01-01,38850,SKY,SKYLINE CHAMPION CORP,0.009669740440404466
2023-01-01,72304,STAA,STAAR SURGICAL CO,0.005114833895326464
2023-01-01,38659,GNTX,GENTEX CORP,0.014232075172109261
2023-01-01,14231,VEEV,VEEVA SYSTEMS INC,0.006920060241306006
2023-01-01,86783,BKNG,BOOKING HOLDINGS INC,0.010028369764679265
2023-01-01,90319,GOOGL,ALPHABET INC,0.011118012345787248
2023-01-01,16967,CARG,CARGURUS INC,0.005169122486003851
2023-01-01,65700,USLM,UNITED STATES LIME MINERALS INC,0.00818205050523202
2023-01-01,85040,SLP,SIMULATIONS PLUS INC,0.008638448083440295
2023-01-01,76721,CRVL,CORVEL CORP,0.010844756529349993
2023-01-01,14479,IBP,INSTALLED BUILDING PRODUCTS INC,0.008743178769777735
2023-01-01,89792,CVCO,CAVCO INDUSTRIES INC DEL,0.008692867140898479
2023-01-01,79785,NVR,N V R INC,0.013259083536706564
2023-01-01,13625,SSTK,SHUTTERSTOCK INC,0.008253298701647626
2023-01-01,16260,MEDP,MEDPACE HOLDINGS INC,0.009378570164405652
2023-01-01,13935,NRC,NATIONAL RESEARCH CORP,0.01564869605948051
2023-01-01,85889,SRDX,SURMODICS INC,0.00891254222837077
2023-01-01,84385,NSP,INSPERITY INC,0.011879233286458733
2023-01-01,64961,NXGN,NEXTGEN HEALTHCARE INC,0.013558365061864412
2023-01-01,14495,ATEN,A10 NETWORKS INC,0.009251902186187497
2023-01-01,88159,EXEL,EXELIXIS INC,0.00975550253379274
2023-01-01,88417,ACLS,AXCELIS TECHNOLOGIES INC,0.008120408819267287
2023-01-01,14213,MMI,MARCUS & MILLICHAP INC,0.010321114312236191
2023-01-01,88031,MNST,MONSTER BEVERAGE CORP NEW,0.01911408539032981
2023-01-01,48653,HUM,HUMANA INC,0.019137052955650526
2023-01-01,75233,VGR,VECTOR GROUP LTD,0.012789984598575633
2023-01-01,90455,MPWR,MONOLITHIC PWR SYS INC,0.007197914694319108
2023-01-01,16434,GOLF,ACUSHNET HOLDINGS CORP,0.011134236407304798
2023-01-01,76839,FIZZ,NATIONAL BEVERAGE CORP,0.007928291152704978
2023-01-01,14521,TNET,TRINET GROUP INC,0.00895225389080754
2023-01-01,16874,ACEL,ACCEL ENTERTAINMENT INC,0.008960236311568148
2023-01-01,84010,USNA,USANA HEALTH SCIENCES INC,0.01055140274627581
2023-01-01,85992,MANH,MANHATTAN ASSOCIATES INC,0.009915807395095028
2023-01-01,88504,BRKR,BRUKER CORP,0.010827337353549744
2023-01-01,10649,PTSI,P A M TRANSPORTATION SVCS INC,0.008552906610886157
2023-01-01,85059,FIX,COMFORT SYSTEMS USA INC,0.015909832126685997
2023-01-01,13766,BCC,BOISE CASCADE CO,0.010626058459111742
2023-01-01,11884,IPAR,INTERMEDIATE PARFUMS INC,0.011661029908831555
2023-01-01,76744,VRTX,VERTEX PHARMACEUTICALS INC,0.01187247331248716
2023-01-01,85724,PRDO,PERDOCEO EDUCATION CORP,0.010889316254800047
2023-01-01,89044,PDFS,P D F SOLUTIONS INC,0.009945555904044405
2023-01-01,87657,EW,EDWARDS LIFESCIENCES CORP,0.012103305820675644
2023-01-01,20391,TPL,TEXAS PACIFIC LAND CORP,0.006656108267276357
2023-01-01,89179,ELV,ELEVANCE HEALTH INC,0.01773785500261474
2023-01-01,88841,RGP,RESOURCES CONNECTION INC,0.01629050495465763
2023-01-01,46886,KLAC,K L A CORP,0.008512638060678005
2023-01-01,64194,CHE,CHEMED CORP NEW,0.019137052955650526
2023-01-01,89290,SYNA,SYNAPTICS INC,0.0067663462942542905
2023-01-01,88352,ISRG,INTUITIVE SURGICAL INC,0.011586556422877876
2023-01-01,41241,HWKN,HAWKINS INC,0.013684342432441226
2023-01-01,91463,CVLT,COMMVAULT SYSTEMS INC,0.014882869386729418
2023-01-01,75107,ABMD,ABIOMED INC,0.019137052955650526
2023-01-01,19560,ITOS,ITEOS THERAPEUTICS INC,0.0051003145278786435
2023-01-01,79906,INCY,INCYTE CORP,0.014634840728326163
2023-01-01,86594,KFY,KORN FERRY,0.009080879920350097
2023-01-01,34948,OXM,OXFORD INDUSTRIES INC,0.008088102871342408
2023-01-01,63125,AGYS,AGILYSYS INC,0.0051003145278786435
2023-01-01,80575,SSD,SIMPSON MANUFACTURING CO INC,0.012451478549900597
2023-01-01,79611,MOV,MOVADO GROUP INC,0.009008364069318
2023-01-01,92089,GRBK,GREEN BRICK PARTNERS INC,0.008142065003505991
2023-01-01,18973,BRC,BRADY CORP,0.01653714400928451
2023-01-01,76752,PRGS,PROGRESS SOFTWARE CORP,0.01671622778540727
2023-01-01,13777,AMSWA,AMERICAN SOFTWARE INC,0.010932542990798641
2023-01-01,60098,OTTR,OTTER TAIL CORP,0.014851614475752981
2023-01-01,11154,PLAB,PHOTRONICS INC,0.006771515636580271
2023-01-01,77357,SNPS,SYNOPSYS INC,0.008286200818950788
2023-01-01,45306,IDCC,INTERDIGITAL INC,0.014415311614467075
2023-01-01,50948,SMTC,SEMTECH CORP,0.008554252378128154
2023-01-01,82212,KFRC,KFORCE INC,0.0070396308708259685
2023-01-01,14434,MBUU,MALIBU BOATS INC,0.010348583460229745
2023-01-01,20190,ABNB,AIRBNB INC,0.008429954368938002
2023-01-01,20340,POSH,POSHMARK INC,0.019137052955650526
2023-01-01,76261,EXPO,EXPONENT INC,0.011208231512576331
2023-01-01,92221,MELI,MERCADOLIBRE INC,0.0072484477726697935
2023-01-01,21614,DUOL,DUOLINGO INC,0.006753437082135059
2023-01-01,84788,AMZN,AMAZON COM INC,0.00912572851863621
2023-01-01,79249,BBSI,BARRETT BUSINESS SERVICES INC,0.012108903241782355
2023-01-01,90533,WTI,W & T OFFSHORE INC,0.0058168591203027545
2023-01-01,21606,CTKB,CYTEK BIOSCIENCES INC,0.006888714937366098
2023-01-01,75182,PII,POLARIS INC,0.008952530197436496
2023-01-01,79248,THRM,GENTHERM INC,0.006641168770926774
2023-01-01,76128,VICR,VICOR CORP,0.008687042510764043
2023-01-01,16309,TTD,TRADE DESK INC,0.0051003145278786435
2023-01-01,19541,VITL,VITAL FARMS INC,0.008657660932292173
2023-01-01,14526,APOG,APOGEE ENTERPRISES INC,0.009605921303065932
2023-01-01,18968,PGNY,PROGYNY INC,0.007829683992502208
2023-01-01,92753,ERII,ENERGY RECOVERY INC,0.011362414446063342
2023-01-01,91095,LQDT,LIQUIDITY SERVICES INC,0.005623589472603666
2023-01-01,20464,EVEX,EVE HOLDING INC,-0.007446405790781242
2023-01-01,21262,DAWN,DAY ONE BIOPHARMACEUTICALS INC,-0.006100192509545847
2023-01-01,14617,ARES,ARES MANAGEMENT CORP,-0.01073918823463443
2023-01-01,22244,TRDA,ENTRADA THERAPEUTICS INC,-0.00271238449681338
2023-01-01,86544,BCOR,BLUCORA INC,-0.007570716024795855
2023-01-01,91611,FSLR,FIRST SOLAR INC,-0.009622765505371274
2023-01-01,66384,WDC,WESTERN DIGITAL CORP,-0.007992737225557534
2023-01-01,91832,MDGL,MADRIGAL PHARMACEUTICALS INC,-0.00271238449681338
2023-01-01,11990,KKR,K K R & CO INC,-0.010262393476912518
2023-01-01,21605,RYAN,RYAN SPECIALTY HOLDINGS INC,-0.016193708004906777
2023-01-01,17684,AHCO,ADAPTHEALTH CORP,-0.011715653681250115
2023-01-01,91926,DAL,DELTA AIR LINES INC,-0.011073115102382911
2023-01-01,21029,RUM,RUMBLE INC,-0.005570456719674811
2023-01-01,22626,AMLX,AMYLYX PHARMACEUTICALS INC,-0.007696345774069812
2023-01-01,19593,MIR,MIRION TECHNOLOGIES INC,-0.008539311246947736
2023-01-01,76136,KMPR,KEMPER CORP DE,-0.012660388244287207
2023-01-01,90126,CYTK,CYTOKINETICS INC,-0.006598135146622111
2023-01-01,12060,GE,GENERAL ELECTRIC CO,-0.012616822110492441
2023-01-01,89301,GME,GAMESTOP CORP NEW,-0.0046749437391997665
2023-01-01,52936,MCY,MERCURY GENERAL CORP NEW,-0.015960286095674736
2023-01-01,21020,AAL,AMERICAN AIRLINES GROUP INC,-0.008591042094660058
2023-01-01,91977,BGS,B & G FOODS INC NEW,-0.008499884837196651
2023-01-01,18184,FSR,FISKER INC,-0.007307852000438096
2023-01-01,15431,MCRB,SERES THERAPEUTICS INC,-0.004723348096408647
2023-01-01,60186,OMI,OWENS & MINOR INC NEW,-0.011188678958277274
2023-01-01,75175,MBI,M B I A INC,-0.012009779302939597
2023-01-01,89508,KMX,CARMAX INC,-0.008387289184193339
2023-01-01,32651,HL,HECLA MINING CO,-0.0069590853278013185
2023-01-01,19484,PCVX,VAXCYTE INC,-0.008419713715263207
2023-01-01,90926,ALT,ALTIMMUNE INC,-0.003061788653841276
2023-01-01,17036,CNNE,CANNAE HOLDINGS INC,-0.011396359377274389
2023-01-01,91915,CNK,CINEMARK HOLDINGS INC,-0.0061118562142534905
2023-01-01,19454,ETWO,E2OPEN PARENT HOLDINGS INC,-0.007812711081295411
2023-01-01,17372,COGT,COGENT BIOSCIENCES INC,-0.005685176198186559
2023-01-01,19561,BA,BOEING CO,-0.011036937795195143
2023-01-01,83443,BRKB,BERKSHIRE HATHAWAY INC DEL,-0.01898172736968973
2023-01-01,91594,SPR,SPIRIT AEROSYSTEMS HOLDINGS INC,-0.010268992862053449
2023-01-01,15540,RILY,B RILEY FINANCIAL INC,-0.006351511427003965
2023-01-01,22092,KD,KYNDRYL HOLDINGS INC,-0.008313322261238007
2023-01-01,22637,CINC,CINCOR PHARMA INC,-0.0068310463127123685
2023-01-01,81481,DLTR,DOLLAR TREE INC,-0.01898172736968973
2023-01-01,18735,GO,GROCERY OUTLET HOLDING CORP,-0.010177176467918794
2023-01-01,19489,PCT,PURECYCLE TECHNOLOGIES INC,-0.0046534661343209955
2023-01-01,21723,HOOD,ROBINHOOD MARKETS INC,-0.009017168726782864
2023-01-01,20153,HLMN,HILLMAN SOLUTIONS CORP,-0.008617922246713199
2023-01-01,17313,BLNK,BLINK CHARGING CO,-0.005882071101786306
2023-01-01,20196,UPST,UPSTART HOLDINGS INC,-0.00734076470944067
2023-01-01,16086,HTZ,HERTZ GLOBAL HOLDINGS INC NEW,-0.01374295532058264
2023-01-01,12591,APO,APOLLO GLOBAL MANAGEMENT INC NEW,-0.011192834789428438
2023-01-01,14708,VRDN,VIRIDIAN THERAPEUTICS INC,-0.008655257194404005
2023-01-01,21597,PECO,PHILLIPS EDISON & COMPANY INC,-0.01898172736968973
2023-01-01,13688,PCG,P G & E CORP,-0.01715945462326432
2023-01-01,48961,DSGR,DISTRIBUTION SOLUTIONS GROUP INC,-0.010673610019675567
2023-01-01,90505,LVS,LAS VEGAS SANDS CORP,-0.011388464688009503
2023-01-01,82649,MATV,MATIV HOLDINGS INC,-0.010326720237570924
2023-01-01,13919,AMBC,AMBAC FINANCIAL GROUP INC,-0.01893696085305353
2023-01-01,91103,UAL,UNITED AIRLINES HOLDINGS INC,-0.009629796308894666
2023-01-01,20345,XM,QUALTRICS INTERNATIONAL INC,-0.008770402435133606
2023-01-01,18777,KRTX,KARUNA THERAPEUTICS INC,-0.006612574051973778
2023-01-01,20142,CVT,CVENT HOLDING CORP,-0.008743835720333794
2023-01-01,86799,CNX,C N X RESOURCES CORP,-0.010518850835933633
2023-01-01,22898,GHIX,GORES HOLDINGS IX INC,-0.01898172736968973
2023-01-01,76856,FCFS,FIRSTCASH HOLDINGS INC,-0.018031374430239337
2023-01-01,16382,COUP,COUPA SOFTWARE INC,-0.003931350909928283
2023-01-01,90775,THS,TREEHOUSE FOODS INC,-0.015779136620315007
2023-01-01,19002,BRP,B R P GROUP INC,-0.008481899962759144
2023-01-01,24328,EQT,E Q T CORP,-0.007741182950234449
2023-01-01,17948,ALLK,ALLAKOS INC,-0.004942153050709321
2023-01-01,15793,PMTS,C P I CARD GROUP INC,-0.005212151004250719
2023-01-01,15416,ATXS,ASTRIA THERAPEUTICS INC,-0.00403109624524024
2023-01-01,23129,EHAB,ENHABIT INC,-0.008070431366155846
2023-01-01,20641,VOR,VOR BIOPHARMA INC,-0.00271238449681338
2023-01-01,35991,ROG,ROGERS CORP,-0.01060427509697176
2023-01-01,20632,TERN,TERNS PHARMACEUTICALS INC,-0.0027474183224254077
2023-01-01,89574,PRAA,P R A GROUP INC,-0.01898172736968973
2023-01-01,16939,MAXR,MAXAR TECHNOLOGIES INC,-0.00271238449681338
2023-01-01,17950,FOCS,FOCUS FINANCIAL PARTNERS INC,-0.00926050848474353
2023-01-01,18579,AVTR,AVANTOR INC,-0.012007153132184556
2023-01-01,20062,SHC,SOTERA HEALTH CO,-0.006320895051591521
2023-01-01,89425,WTBA,WEST BANCORPORATION INC,-0.013738941859451353
2023-01-01,15282,KDNY,CHINOOK THERAPEUTICS INC,-0.007511110441610392
2023-01-01,16917,BKI,BLACK KNIGHT INC,-0.01866006023558646
2023-01-01,89003,FIS,FIDELITY NATIONAL INFO SVCS INC,-0.013357476138527028
2023-01-01,84348,VSAT,VIASAT INC,-0.006140842423018546
2023-01-01,84372,NCR,N C R CORP NEW,-0.011797225768814321
2023-01-01,21893,TWKS,THOUGHTWORKS HOLDING INC,-0.007061940221738934
2023-01-01,14182,BURL,BURLINGTON STORES INC,-0.013957455704354901
2023-01-01,19070,ETNB,89BIO INC,-0.004540858817815753
2023-01-01,11370,ENV,ENVESTNET INC,-0.016661059858347906
2023-01-01,40125,DXC,D X C TECHNOLOGY CO,-0.010486691921093843
2023-01-01,87077,ECPG,ENCORE CAPITAL GROUP INC,-0.016731632035685968
2023-01-01,18736,IAA,I A A INC,-0.01534405492810641
2023-01-01,21927,DWAC,DIGITAL WORLD ACQUISITION CORP,-0.004918311508670791
2023-01-01,17968,LQDA,LIQUIDIA CORP,-0.005674422893140407
2023-01-01,15396,BW,BABCOCK & WILCOX ENTERPRISES INC,-0.006546884633476033
2023-01-01,76185,TYL,TYLER TECHNOLOGIES INC,-0.00957235456727018
2023-01-01,14763,CTLT,CATALENT INC,-0.0093813971403006
2023-01-01,14608,SABR,SABRE CORP,-0.007528285861207275
2023-01-01,14988,LBRDK,LIBERTY BROADBAND CORP,-0.005813548767444219
2023-01-01,15303,VKTX,VIKING THERAPEUTICS INC,-0.00271238449681338
2023-02-01,20438,MNTK,MONTAUK RENEWABLES INC,0.008913970422496106
2023-02-01,21125,ZIP,ZIPRECRUITER INC,0.017637880471263266
2023-02-01,21614,DUOL,DUOLINGO INC,0.008985604493177512
2023-02-01,13318,YELP,YELP INC,0.01510972456479235
2023-02-01,12437,RFP,RESOLUTE FOREST PRODUCTS INC,0.0210013494288601
2023-02-01,20190,ABNB,AIRBNB INC,0.006505041621202285
2023-02-01,77637,FC,FRANKLIN COVEY CO,0.01018541637845794
2023-02-01,92753,ERII,ENERGY RECOVERY INC,0.010189504821960094
2023-02-01,16967,CARG,CARGURUS INC,0.00899719244313128
2023-02-01,92221,MELI,MERCADOLIBRE INC,0.006579285952537716
2023-02-01,79491,WINA,WINMARK CORP,0.011195508770853015
2023-02-01,19541,VITL,VITAL FARMS INC,0.007756595537950833
2023-02-01,38850,SKY,SKYLINE CHAMPION CORP,0.00840177981517332
2023-02-01,65700,USLM,UNITED STATES LIME MINERALS INC,0.01000865583042011
2023-02-01,84385,NSP,INSPERITY INC,0.010380366502492508
2023-02-01,84788,AMZN,AMAZON COM INC,0.008393290993709394
2023-02-01,88167,HSTM,HEALTHSTREAM INC,0.01682545169454765
2023-02-01,86783,BKNG,BOOKING HOLDINGS INC,0.015623810621024687
2023-02-01,16260,MEDP,MEDPACE HOLDINGS INC,0.008234610382763225
2023-02-01,76261,EXPO,EXPONENT INC,0.013318184485846637
2023-02-01,75233,VGR,VECTOR GROUP LTD,0.014370029022672932
2023-02-01,79248,THRM,GENTHERM INC,0.008626572297527453
2023-02-01,13625,SSTK,SHUTTERSTOCK INC,0.009448865329083457
2023-02-01,79785,NVR,N V R INC,0.012160981793571588
2023-02-01,76839,FIZZ,NATIONAL BEVERAGE CORP,0.009213226199792151
2023-02-01,38659,GNTX,GENTEX CORP,0.01216066829924397
2023-02-01,64961,NXGN,NEXTGEN HEALTHCARE INC,0.008452299990318799
2023-02-01,91606,CPRX,CATALYST PHARMACEUTICALS INC,0.005724147473983732
2023-02-01,90125,CORT,CORCEPT THERAPEUTICS INC,0.009306140484833967
2023-02-01,85059,FIX,COMFORT SYSTEMS USA INC,0.009629102603523246
2023-02-01,90533,WTI,W & T OFFSHORE INC,0.005724147473983732
2023-02-01,75182,PII,POLARIS INC,0.009429767478298145
2023-02-01,16309,TTD,TRADE DESK INC,0.006531584115349953
2023-02-01,18968,PGNY,PROGYNY INC,0.006470265949555708
2023-02-01,14231,VEEV,VEEVA SYSTEMS INC,0.010146758148920163
2023-02-01,76128,VICR,VICOR CORP,0.006438276950182378
2023-02-01,88031,MNST,MONSTER BEVERAGE CORP NEW,0.01473918952195212
2023-02-01,89792,CVCO,CAVCO INDUSTRIES INC DEL,0.009782484854178363
2023-02-01,14521,TNET,TRINET GROUP INC,0.012070488698142503
2023-02-01,79249,BBSI,BARRETT BUSINESS SERVICES INC,0.01222358015587432
2023-02-01,85401,SIGA,S I G A TECHNOLOGIES INC,0.0060854122793442805
2023-02-01,90319,GOOGL,ALPHABET INC,0.009314348229941326
2023-02-01,14526,APOG,APOGEE ENTERPRISES INC,0.011077907057211499
2023-02-01,41241,HWKN,HAWKINS INC,0.015243160409864663
2023-02-01,88352,ISRG,INTUITIVE SURGICAL INC,0.009100304991411949
2023-02-01,21606,CTKB,CYTEK BIOSCIENCES INC,0.006234095373629907
2023-02-01,88159,EXEL,EXELIXIS INC,0.009624732202919843
2023-02-01,87657,EW,EDWARDS LIFESCIENCES CORP,0.012598586224490572
2023-02-01,48653,HUM,HUMANA INC,0.010108071299786766
2023-02-01,20391,TPL,TEXAS PACIFIC LAND CORP,0.007293680869484257
2023-02-01,76744,VRTX,VERTEX PHARMACEUTICALS INC,0.015303302667191494
2023-02-01,14495,ATEN,A10 NETWORKS INC,0.007996513870851034
2023-02-01,14479,IBP,INSTALLED BUILDING PRODUCTS INC,0.006417136126394914
2023-02-01,16434,GOLF,ACUSHNET HOLDINGS CORP,0.009213793886033505
2023-02-01,85992,MANH,MANHATTAN ASSOCIATES INC,0.011514385957619847
2023-02-01,76721,CRVL,CORVEL CORP,0.012808639279638784
2023-02-01,84010,USNA,USANA HEALTH SCIENCES INC,0.011289131667105587
2023-02-01,85724,PRDO,PERDOCEO EDUCATION CORP,0.011057773822180093
2023-02-01,89044,PDFS,P D F SOLUTIONS INC,0.010663598809694442
2023-02-01,72304,STAA,STAAR SURGICAL CO,0.005724147473983732
2023-02-01,64194,CHE,CHEMED CORP NEW,0.019898761497074414
2023-02-01,63125,AGYS,AGILYSYS INC,0.008628340232322592
2023-02-01,79906,INCY,INCYTE CORP,0.015501467860732381
2023-02-01,89179,ELV,ELEVANCE HEALTH INC,0.010933294429229549
2023-02-01,88504,BRKR,BRUKER CORP,0.008828288568582013
2023-02-01,90455,MPWR,MONOLITHIC PWR SYS INC,0.005749645416393574
2023-02-01,46886,KLAC,K L A CORP,0.007108299426532651
2023-02-01,91463,CVLT,COMMVAULT SYSTEMS INC,0.005724147473983732
2023-02-01,13766,BCC,BOISE CASCADE CO,0.010043867674191662
2023-02-01,16874,ACEL,ACCEL ENTERTAINMENT INC,0.010817108514094178
2023-02-01,20681,COUR,COURSERA INC,0.010275176162001591
2023-02-01,18485,PINS,PINTEREST INC,0.007201480431058949
2023-02-01,57665,NKE,NIKE INC,0.015662586670225312
2023-02-01,15440,WING,WINGSTOP INC,0.006408601432524984
2023-02-01,20315,PUBM,PUBMATIC INC,0.011562763854717467
2023-02-01,90664,DXCM,DEXCOM INC,0.008890344177036312
2023-02-01,14694,GPRO,GOPRO INC,0.013536173432171623
2023-02-01,22248,UDMY,UDEMY INC,0.006859007500762581
2023-02-01,18011,SONO,SONOS INC,0.02093122575397078
2023-02-01,92782,MYRG,M Y R GROUP INC DE,0.01210028591980246
2023-02-01,15291,ETSY,ETSY INC,0.0066159088950186705
2023-02-01,81584,CBZ,CBIZ INC,0.013201209162442442
2023-02-01,60580,TTC,TORO CO,0.015384424341411934
2023-02-01,21903,SLVM,SYLVAMO CORP,0.011575527536936784
2023-02-01,20899,KNBE,KNOWBE4 INC,0.0210013494288601
2023-02-01,85440,SRI,STONERIDGE INC,0.010822855336725718
2023-02-01,89031,AXON,AXON ENTERPRISE INC,0.012888570288706049
2023-02-01,19568,PSTX,POSEIDA THERAPEUTICS INC,0.005724147473983732
2023-02-01,82694,EME,EMCOR GROUP INC,0.0113654193452892
2023-02-01,75828,EA,ELECTRONIC ARTS INC,0.0210013494288601
2023-02-01,17281,WHD,CACTUS INC,0.007293899221930328
2023-02-01,75825,EOG,EOG RESOURCES INC,0.012121927029512381
2023-02-01,82542,CCF,CHASE CORP,0.011132717640026364
2023-02-01,21731,IMGO,IMAGO BIOSCIENCES INC,0.0210013494288601
2023-02-01,20447,PLTK,PLAYTIKA HOLDING CORP,0.007262067300826716
2023-02-01,92203,LULU,LULULEMON ATHLETICA INC,0.007160311926262177
2023-02-01,92052,TTGT,TECHTARGET INC,0.009038828509801129
2023-02-01,93301,AVEO,A V E O PHARMACEUTICALS INC,0.0210013494288601
2023-02-01,16932,ROKU,ROKU INC,0.0063679415948895346
2023-02-01,14359,XNCR,XENCOR INC,0.009067973331826967
2023-02-01,91611,FSLR,FIRST SOLAR INC,-0.0057281534142125355
2023-02-01,66384,WDC,WESTERN DIGITAL CORP,-0.007067459198901026
2023-02-01,14617,ARES,ARES MANAGEMENT CORP,-0.010537296462453386
2023-02-01,89003,FIS,FIDELITY NATIONAL INFO SVCS INC,-0.014620949595672532
2023-02-01,20464,EVEX,EVE HOLDING INC,-0.004198063144125736
2023-02-01,23129,EHAB,ENHABIT INC,-0.008870814669979969
2023-02-01,20062,SHC,SOTERA HEALTH CO,-0.002890704850843452
2023-02-01,18579,AVTR,AVANTOR INC,-0.010299735059853382
2023-02-01,84372,NCR,N C R CORP NEW,-0.017050725253034492
2023-02-01,11990,KKR,K K R & CO INC,-0.009168516756908168
2023-02-01,14763,CTLT,CATALENT INC,-0.008442627834122715
2023-02-01,16917,BKI,BLACK KNIGHT INC,-0.015450871260010922
2023-02-01,86544,AVTA,AVANTAX INC,-0.011633771105584825
2023-02-01,89574,PRAA,P R A GROUP INC,-0.01228886137235328
2023-02-01,17684,AHCO,ADAPTHEALTH CORP,-0.010870644858444876
2023-02-01,40125,DXC,D X C TECHNOLOGY CO,-0.011067086795035432
2023-02-01,91926,DAL,DELTA AIR LINES INC,-0.010596884906882665
2023-02-01,21262,DAWN,DAY ONE BIOPHARMACEUTICALS INC,-0.00871320856081085
2023-02-01,87077,ECPG,ENCORE CAPITAL GROUP INC,-0.017735595249505638
2023-02-01,91832,MDGL,MADRIGAL PHARMACEUTICALS INC,-0.008964129568079054
2023-02-01,76136,KMPR,KEMPER CORP DE,-0.010099128109457291
2023-02-01,15282,KDNY,CHINOOK THERAPEUTICS INC,-0.008769127086260485
2023-02-01,18736,IAA,I A A INC,-0.011539740007634337
2023-02-01,17950,FOCS,FOCUS FINANCIAL PARTNERS INC,-0.016176516846397624
2023-02-01,14988,LBRDK,LIBERTY BROADBAND CORP,-0.011580341737850447
2023-02-01,21020,AAL,AMERICAN AIRLINES GROUP INC,-0.007165015933112531
2023-02-01,21605,RYAN,RYAN SPECIALTY HOLDINGS INC,-0.013420792480756775
2023-02-01,21893,TWKS,THOUGHTWORKS HOLDING INC,-0.007777446660138197
2023-02-01,91977,BGS,B & G FOODS INC NEW,-0.00659069018340799
2023-02-01,19593,MIR,MIRION TECHNOLOGIES INC,-0.017716127712124625
2023-02-01,91915,CNK,CINEMARK HOLDINGS INC,-0.005396509277145367
2023-02-01,11370,ENV,ENVESTNET INC,-0.01604304001042715
2023-02-01,89508,KMX,CARMAX INC,-0.006780479982486483
2023-02-01,17372,COGT,COGENT BIOSCIENCES INC,-0.00576775606679142
2023-02-01,21029,RUM,RUMBLE INC,-0.003389301105628778
2023-02-01,76185,TYL,TYLER TECHNOLOGIES INC,-0.009708830410974142
2023-02-01,16939,MAXR,MAXAR TECHNOLOGIES INC,-0.017735595249505638
2023-02-01,60186,OMI,OWENS & MINOR INC NEW,-0.007486430427348097
2023-02-01,14608,SABR,SABRE CORP,-0.006661257450794874
2023-02-01,22637,CINC,CINCOR PHARMA INC,-0.002890704850843452
2023-02-01,35991,ROG,ROGERS CORP,-0.017735595249505638
2023-02-01,84348,VSAT,VIASAT INC,-0.007605777413501751
2023-02-01,20142,CVT,CVENT HOLDING CORP,-0.0037078867043485843
2023-02-01,15396,BW,BABCOCK & WILCOX ENTERPRISES INC,-0.01177355037941064
2023-02-01,20196,UPST,UPSTART HOLDINGS INC,-0.0037274560357709835
2023-02-01,91594,SPR,SPIRIT AEROSYSTEMS HOLDINGS INC,-0.00735011458808161
2023-02-01,14182,BURL,BURLINGTON STORES INC,-0.013789457211793065
2023-02-01,18184,FSR,FISKER INC,-0.0035223243452612075
2023-02-01,32651,HL,HECLA MINING CO,-0.00860036462794614
2023-02-01,16086,HTZ,HERTZ GLOBAL HOLDINGS INC NEW,-0.009572858096785835
2023-02-01,90126,CYTK,CYTOKINETICS INC,-0.008756525151837575
2023-02-01,20153,HLMN,HILLMAN SOLUTIONS CORP,-0.009501878588609342
2023-02-01,22626,AMLX,AMYLYX PHARMACEUTICALS INC,-0.006556129352705692
2023-02-01,91103,UAL,UNITED AIRLINES HOLDINGS INC,-0.00702597191861059
2023-02-01,12060,GE,GENERAL ELECTRIC CO,-0.010170544869027557
2023-02-01,15540,RILY,B RILEY FINANCIAL INC,-0.007589771053105654
2023-02-01,19489,PCT,PURECYCLE TECHNOLOGIES INC,-0.004426757477222498
2023-02-01,17313,BLNK,BLINK CHARGING CO,-0.005059233275274852
2023-02-01,90505,LVS,LAS VEGAS SANDS CORP,-0.010706916685524417
2023-02-01,83443,BRKB,BERKSHIRE HATHAWAY INC DEL,-0.017735595249505638
2023-02-01,19454,ETWO,E2OPEN PARENT HOLDINGS INC,-0.009229953178135014
2023-02-01,89301,GME,GAMESTOP CORP NEW,-0.003372540653307183
2023-02-01,48961,DSGR,DISTRIBUTION SOLUTIONS GROUP INC,-0.009360937948206733
2023-02-01,81481,DLTR,DOLLAR TREE INC,-0.013332103999169549
2023-02-01,20345,XM,QUALTRICS INTERNATIONAL INC,-0.002890704850843452
2023-02-01,14708,VRDN,VIRIDIAN THERAPEUTICS INC,-0.004150103010635036
2023-02-01,20067,SOFI,SOFI TECHNOLOGIES INC,-0.0056535106675786205
2023-02-01,14328,AMC,A M C ENTERTAINMENT HOLDINGS INC,-0.0028916856287650445
2023-02-01,14451,CNCE,CONCERT PHARMACEUTICALS INC,-0.003221989709482164
2023-02-01,20901,AGTI,AGILITI INC,-0.0059971848306496125
2023-02-01,11600,XRAY,DENTSPLY SIRONA INC,-0.010688831963087977
2023-02-01,16928,KRYS,KRYSTAL BIOTECH INC,-0.00565291448907422
2023-02-01,17317,EOLS,EVOLUS INC,-0.0040327668958720034
2023-02-01,81282,ACIW,A C I WORLDWIDE INC,-0.005801759479523947
2023-02-01,18480,TW,TRADEWEB MARKETS INC,-0.01198650602453031
2023-02-01,82272,MD,PEDIATRIX MEDICAL GROUP INC,-0.011973577036671375
2023-02-01,15795,SGRY,SURGERY PARTNERS INC,-0.00674633773105266
2023-02-01,19807,VNT,VONTIER CORP,-0.012300684384504207
2023-02-01,92213,RIOT,RIOT PLATFORMS INC,-0.002890704850843452
2023-02-01,52337,THC,TENET HEALTHCARE CORP,-0.011483232394908833
2023-02-01,91461,WU,WESTERN UNION CO,-0.017042214461980357
2023-02-01,22240,THRX,THESEUS PHARMACEUTICALS INC,-0.002890704850843452
2023-02-01,93035,SEM,SELECT MEDICAL HOLDINGS CORP,-0.010481516662617341
2023-02-01,13105,ACHC,ACADIA HEALTHCARE CO INC,-0.013659576554489412
2023-02-01,80362,SCSC,SCANSOURCE INC,-0.017549513587022385
2023-02-01,76226,PARA,PARAMOUNT GLOBAL,-0.00794478300858535
2023-02-01,84438,HLIO,HELIOS TECHNOLOGIES INC,-0.013345272206948061
2023-02-01,22293,GLW,CORNING INC,-0.01120206395354581
2023-02-01,15065,FGEN,FIBROGEN INC,-0.004366955349827306
2023-02-01,20820,MOND,MONDEE HOLDINGS INC,-0.004541803279621741
2023-02-01,19577,RKT,ROCKET COMPANIES INC,-0.009464326381166429
2023-02-01,82581,HSIC,SCHEIN HENRY INC,-0.013433254114438686
2023-02-01,20649,HAYW,HAYWARD HOLDINGS INC,-0.007148284552607017
2023-02-01,19655,STEP,STEPSTONE GROUP INC,-0.01174033066177026
2023-02-01,93374,FAF,FIRST AMERICAN FINL CORP NEW,-0.013491457612207033
2023-02-01,49015,LNC,LINCOLN NATIONAL CORP,-0.008447985298983786
2023-02-01,92108,BX,BLACKSTONE INC,-0.008869097579618032
2023-02-01,60599,LUMN,LUMEN TECHOLOGIES INC,-0.006794738136278705
2023-02-01,81220,NSIT,INSIGHT ENTERPRISES INC,-0.017735595249505638
2023-02-01,11752,COHR,COHERENT CORP,-0.00913633934050564
2023-03-01,20438,MNTK,MONTAUK RENEWABLES INC,0.011101098446956115
2023-03-01,21614,DUOL,DUOLINGO INC,0.007353466302129738
2023-03-01,20681,COUR,COURSERA INC,0.00432171454913958
2023-03-01,15291,ETSY,ETSY INC,0.00615894948456352
2023-03-01,92221,MELI,MERCADOLIBRE INC,0.010882304327764233
2023-03-01,19541,VITL,VITAL FARMS INC,0.008815873631252528
2023-03-01,21125,ZIP,ZIPRECRUITER INC,0.004075493595014687
2023-03-01,92753,ERII,ENERGY RECOVERY INC,0.012357492296895799
2023-03-01,22248,UDMY,UDEMY INC,0.0059921191017095485
2023-03-01,13318,YELP,YELP INC,0.012072072143180764
2023-03-01,12437,RFP,RESOLUTE FOREST PRODUCTS INC,0.019910010587763326
2023-03-01,90533,WTI,W & T OFFSHORE INC,0.0060075216565381
2023-03-01,79248,THRM,GENTHERM INC,0.011359643253858139
2023-03-01,86783,BKNG,BOOKING HOLDINGS INC,0.013892103583764736
2023-03-01,79491,WINA,WINMARK CORP,0.016033824241637996
2023-03-01,84788,AMZN,AMAZON COM INC,0.00769215014006643
2023-03-01,18485,PINS,PINTEREST INC,0.007073022762966008
2023-03-01,76128,VICR,VICOR CORP,0.004070990168911862
2023-03-01,57665,NKE,NIKE INC,0.01688021853861744
2023-03-01,89031,AXON,AXON ENTERPRISE INC,0.011913191806022672
2023-03-01,85440,SRI,STONERIDGE INC,0.009976005991424411
2023-03-01,76261,EXPO,EXPONENT INC,0.010931387727472984
2023-03-01,76839,FIZZ,NATIONAL BEVERAGE CORP,0.017668430036385182
2023-03-01,75233,VGR,VECTOR GROUP LTD,0.008834068241393067
2023-03-01,75182,PII,POLARIS INC,0.018754588389854106
2023-03-01,77637,FC,FRANKLIN COVEY CO,0.01456325517835036
2023-03-01,79785,NVR,N V R INC,0.015782805581784663
2023-03-01,16967,CARG,CARGURUS INC,0.010630902875679847
2023-03-01,15440,WING,WINGSTOP INC,0.007563143923888468
2023-03-01,20190,ABNB,AIRBNB INC,0.005359023563223059
2023-03-01,13625,SSTK,SHUTTERSTOCK INC,0.00835702025749427
2023-03-01,84385,NSP,INSPERITY INC,0.014950847530643125
2023-03-01,60580,TTC,TORO CO,0.019910010587763326
2023-03-01,14694,GPRO,GOPRO INC,0.006020906222845809
2023-03-01,18011,SONO,SONOS INC,0.0048606854619431044
2023-03-01,38659,GNTX,GENTEX CORP,0.019902153588302277
2023-03-01,17281,WHD,CACTUS INC,0.007901373780351254
2023-03-01,88031,MNST,MONSTER BEVERAGE CORP NEW,0.019910010587763326
2023-03-01,16309,TTD,TRADE DESK INC,0.004070990168911862
2023-03-01,65700,USLM,UNITED STATES LIME MINERALS INC,0.013055390621830311
2023-03-01,20447,PLTK,PLAYTIKA HOLDING CORP,0.008231127916640232
2023-03-01,79249,BBSI,BARRETT BUSINESS SERVICES INC,0.017792102481884748
2023-03-01,91606,CPRX,CATALYST PHARMACEUTICALS INC,0.012190963737365189
2023-03-01,75828,EA,ELECTRONIC ARTS INC,0.01015971558462081
2023-03-01,85724,PRDO,PERDOCEO EDUCATION CORP,0.009533251746117946
2023-03-01,64961,NXGN,NEXTGEN HEALTHCARE INC,0.01613866421543394
2023-03-01,14526,APOG,APOGEE ENTERPRISES INC,0.017844423288546973
2023-03-01,16932,ROKU,ROKU INC,0.004070990168911862
2023-03-01,90125,CORT,CORCEPT THERAPEUTICS INC,0.011435442349474762
2023-03-01,88167,HSTM,HEALTHSTREAM INC,0.014216252353001816
2023-03-01,16260,MEDP,MEDPACE HOLDINGS INC,0.009371811833298948
2023-03-01,14231,VEEV,VEEVA SYSTEMS INC,0.011819739710350604
2023-03-01,90664,DXCM,DEXCOM INC,0.008586305138346849
2023-03-01,92203,LULU,LULULEMON ATHLETICA INC,0.012562122882321556
2023-03-01,21903,SLVM,SYLVAMO CORP,0.00806615317014214
2023-03-01,90319,GOOGL,ALPHABET INC,0.0072999764058272265
2023-03-01,92052,TTGT,TECHTARGET INC,0.005677477134716379
2023-03-01,14495,ATEN,A10 NETWORKS INC,0.012353139157493542
2023-03-01,84010,USNA,USANA HEALTH SCIENCES INC,0.015955450458954638
2023-03-01,20315,PUBM,PUBMATIC INC,0.00591689381596266
2023-03-01,89044,PDFS,P D F SOLUTIONS INC,0.008905248766514192
2023-03-01,21606,CTKB,CYTEK BIOSCIENCES INC,0.0064768057021451055
2023-03-01,14521,TNET,TRINET GROUP INC,0.007642812289621777
2023-03-01,87657,EW,EDWARDS LIFESCIENCES CORP,0.008596886150463709
2023-03-01,92782,MYRG,M Y R GROUP INC DE,0.006095043864044773
2023-03-01,82542,CCF,CHASE CORP,0.01248460680004084
2023-03-01,88352,ISRG,INTUITIVE SURGICAL INC,0.013298696776662787
2023-03-01,88159,EXEL,EXELIXIS INC,0.017308491245147883
2023-03-01,76744,VRTX,VERTEX PHARMACEUTICALS INC,0.01285930396838245
2023-03-01,75825,EOG,EOG RESOURCES INC,0.008903041417351595
2023-03-01,79906,INCY,INCYTE CORP,0.018207470616267908
2023-03-01,14359,XNCR,XENCOR INC,0.010379480455011449
2023-03-01,18968,PGNY,PROGYNY INC,0.004070990168911862
2023-03-01,90971,IRBT,IROBOT CORP,0.01920626019351101
2023-03-01,18134,UPWK,UPWORK INC,0.004549041457230582
2023-03-01,16595,SNAP,SNAP INC,0.0045750539663132125
2023-03-01,18452,LYFT,LYFT INC,0.004070990168911862
2023-03-01,14273,CHGG,CHEGG INC,0.005588385798972088
2023-03-01,90248,DPZ,DOMINOS PIZZA INC,0.007816640189975035
2023-03-01,82634,SAM,BOSTON BEER INC,0.005550051148355184
2023-03-01,20682,CPNG,COUPANG INC,0.007458848629148332
2023-03-01,21593,XMTR,XOMETRY INC,0.005238662824066835
2023-03-01,77702,SBUX,STARBUCKS CORP,0.015870733206197186
2023-03-01,22977,EE,EXCELERATE ENERGY INC,0.011720632342918811
2023-03-01,18063,EB,EVENTBRITE INC,0.00942563068785758
2023-03-01,82779,NVAX,NOVAVAX INC,0.00602797365740851
2023-03-01,48523,LANC,LANCASTER COLONY CORP,0.018557796923086376
2023-03-01,16555,UVV,UNIVERSAL CORP,0.019375606975569636
2023-03-01,21564,LZ,LEGALZOOM COM INC,0.007636881958563005
2023-03-01,92035,CLNE,CLEAN ENERGY FUELS CORP,0.009545909410441927
2023-03-01,86356,EBAY,EBAY INC,0.012662109117739089
2023-03-01,93263,CELH,CELSIUS HOLDINGS INC,0.006808184319742848
2023-03-01,18576,UBER,UBER TECHNOLOGIES INC,0.007620437335228276
2023-03-01,85348,YUM,YUM BRANDS INC,0.019910010587763326
2023-03-01,10145,HON,HONEYWELL INTERNATIONAL INC,0.019910010587763326
2023-03-01,91468,ICFI,I C F INTERNATIONAL INC NEW,0.018918803322438615
2023-03-01,86288,CSGP,COSTAR GROUP INC,0.01137868996850838
2023-03-01,41080,CMI,CUMMINS INC,0.01856957562453845
2023-03-01,15850,MTCH,MATCH GROUP INC NEW,0.007846644648915962
2023-03-01,54253,MSA,M S A SAFETY INC,0.016394913930507557
2023-03-01,14763,CTLT,CATALENT INC,-0.0044394423561462705
2023-03-01,20901,AGTI,AGILITI INC,-0.009996087348079935
2023-03-01,18579,AVTR,AVANTOR INC,-0.009854707906802528
2023-03-01,40125,DXC,D X C TECHNOLOGY CO,-0.010526673380807372
2023-03-01,13105,ACHC,ACADIA HEALTHCARE CO INC,-0.00927982739833289
2023-03-01,89003,FIS,FIDELITY NATIONAL INFO SVCS INC,-0.006327727111409652
2023-03-01,16917,BKI,BLACK KNIGHT INC,-0.013962528168713132
2023-03-01,15795,SGRY,SURGERY PARTNERS INC,-0.009671261813778465
2023-03-01,93035,SEM,SELECT MEDICAL HOLDINGS CORP,-0.008856690892316107
2023-03-01,82272,MD,PEDIATRIX MEDICAL GROUP INC,-0.006747246849791863
2023-03-01,52337,THC,TENET HEALTHCARE CORP,-0.009954678715398048
2023-03-01,17684,AHCO,ADAPTHEALTH CORP,-0.0033537291888121675
2023-03-01,80362,SCSC,SCANSOURCE INC,-0.007897131342304834
2023-03-01,81220,NSIT,INSIGHT ENTERPRISES INC,-0.008034389204873222
2023-03-01,66384,WDC,WESTERN DIGITAL CORP,-0.01187429960534991
2023-03-01,20062,SHC,SOTERA HEALTH CO,-0.008330339179046346
2023-03-01,22293,GLW,CORNING INC,-0.016220168920713377
2023-03-01,91611,FSLR,FIRST SOLAR INC,-0.008992734167914141
2023-03-01,92213,RIOT,RIOT PLATFORMS INC,-0.0033078817465482697
2023-03-01,19807,VNT,VONTIER CORP,-0.008969538927197257
2023-03-01,89574,PRAA,P R A GROUP INC,-0.015762438808656992
2023-03-01,84372,NCR,N C R CORP NEW,-0.014259191130952916
2023-03-01,23129,EHAB,ENHABIT INC,-0.005616859008245956
2023-03-01,14328,AMC,A M C ENTERTAINMENT HOLDINGS INC,-0.0032711433828640987
2023-03-01,19593,MIR,MIRION TECHNOLOGIES INC,-0.005402476003960654
2023-03-01,11600,XRAY,DENTSPLY SIRONA INC,-0.0067914906844687905
2023-03-01,17317,EOLS,EVOLUS INC,-0.008240658264224206
2023-03-01,81282,ACIW,A C I WORLDWIDE INC,-0.01568928351642206
2023-03-01,87077,ECPG,ENCORE CAPITAL GROUP INC,-0.011097989925545343
2023-03-01,14988,LBRDK,LIBERTY BROADBAND CORP,-0.010938658056284833
2023-03-01,20067,SOFI,SOFI TECHNOLOGIES INC,-0.006298292563755941
2023-03-01,91926,DAL,DELTA AIR LINES INC,-0.01634554497479379
2023-03-01,91461,WU,WESTERN UNION CO,-0.014985296720978753
2023-03-01,76185,TYL,TYLER TECHNOLOGIES INC,-0.00965232866438948
2023-03-01,76226,PARA,PARAMOUNT GLOBAL,-0.00602940852712157
2023-03-01,14608,SABR,SABRE CORP,-0.004087642922708004
2023-03-01,17950,FOCS,FOCUS FINANCIAL PARTNERS INC,-0.010843864518409766
2023-03-01,19655,STEP,STEPSTONE GROUP INC,-0.012784414161205614
2023-03-01,18736,IAA,I A A INC,-0.016388528379398783
2023-03-01,20820,MOND,MONDEE HOLDINGS INC,-0.005703844271876132
2023-03-01,19577,RKT,ROCKET COMPANIES INC,-0.005945786278604378
2023-03-01,11990,KKR,K K R & CO INC,-0.011747996231927972
2023-03-01,84438,HLIO,HELIOS TECHNOLOGIES INC,-0.009813692065368895
2023-03-01,14617,ARES,ARES MANAGEMENT CORP,-0.015511698513093086
2023-03-01,91915,CNK,CINEMARK HOLDINGS INC,-0.006994019186055796
2023-03-01,89508,KMX,CARMAX INC,-0.007606988074771442
2023-03-01,82581,HSIC,SCHEIN HENRY INC,-0.01075371640665419
2023-03-01,84348,VSAT,VIASAT INC,-0.004764129137971171
2023-03-01,16928,KRYS,KRYSTAL BIOTECH INC,-0.010052399058968424
2023-03-01,92108,BX,BLACKSTONE INC,-0.011699023504307996
2023-03-01,18480,TW,TRADEWEB MARKETS INC,-0.012200279253838618
2023-03-01,16086,HTZ,HERTZ GLOBAL HOLDINGS INC NEW,-0.008443098090052885
2023-03-01,20196,UPST,UPSTART HOLDINGS INC,-0.0032711433828640987
2023-03-01,91103,UAL,UNITED AIRLINES HOLDINGS INC,-0.010994889039137604
2023-03-01,93374,FAF,FIRST AMERICAN FINL CORP NEW,-0.009589373725281769
2023-03-01,21020,AAL,AMERICAN AIRLINES GROUP INC,-0.011593201424866183
2023-03-01,60186,OMI,OWENS & MINOR INC NEW,-0.0037308201651714648
2023-03-01,90126,CYTK,CYTOKINETICS INC,-0.008357954684089187
2023-03-01,76136,KMPR,KEMPER CORP DE,-0.0065562834391005445
2023-03-01,16939,MAXR,MAXAR TECHNOLOGIES INC,-0.016388528379398783
2023-03-01,20649,HAYW,HAYWARD HOLDINGS INC,-0.009169063036309882
2023-03-01,15396,BW,BABCOCK & WILCOX ENTERPRISES INC,-0.009219097217332385
2023-03-01,86544,AVTA,AVANTAX INC,-0.016388528379398783
2023-03-01,20142,CVT,CVENT HOLDING CORP,-0.00726583272795803
2023-03-01,11370,ENV,ENVESTNET INC,-0.01411575479949516
2023-03-01,91832,MDGL,MADRIGAL PHARMACEUTICALS INC,-0.00571875680266028
2023-03-01,21893,TWKS,THOUGHTWORKS HOLDING INC,-0.005001224091510404
2023-03-01,35991,ROG,ROGERS CORP,-0.013541640642089103
2023-03-01,15282,KDNY,CHINOOK THERAPEUTICS INC,-0.00912416158183939
2023-03-01,11752,COHR,COHERENT CORP,-0.007303756522608478
2023-03-01,17372,COGT,COGENT BIOSCIENCES INC,-0.00635305498565181
2023-03-01,15540,RILY,B RILEY FINANCIAL INC,-0.004557441597491918
2023-03-01,49015,LNC,LINCOLN NATIONAL CORP,-0.008580793581684378
2023-03-01,29209,ARW,ARROW ELECTRONICS INC,-0.008107793799304182
2023-03-01,10200,RGEN,REPLIGEN CORP,-0.006367183483349051
2023-03-01,20339,AFRM,AFFIRM HOLDINGS INC,-0.0032711433828640987
2023-03-01,72338,NHC,NATIONAL HEALTHCARE CORP,-0.010559615227282696
2023-03-01,19404,FOUR,SHIFT4 PAYMENTS INC,-0.005216801361080129
2023-03-01,10696,FISV,FISERV INC,-0.009951428441116393
2023-03-01,12266,CDMO,AVID BIOSERVICES INC,-0.008177328082486493
2023-03-01,21970,TYRA,TYRA BIOSCIENCES INC,-0.0032711433828640987
2023-03-01,84234,PLUS,EPLUS INC,-0.007788205183830068
2023-03-01,82307,DVA,DAVITA INC,-0.015369616850191142
2023-03-01,88281,CRL,CHARLES RIVER LABS INTL INC,-0.006552563311601467
2023-03-01,14813,MARA,MARATHON DIGITAL HOLDINGS INC,-0.0032711433828640987
2023-03-01,15071,SYNH,SYNEOS HEALTH INC,-0.006015697058806117
2023-03-01,76672,RDNT,RADNET INC,-0.00689457082725236
2023-03-01,85886,CNXN,PC CONNECTION INC,-0.005771019451101901
2023-03-01,90564,PBH,PRESTIGE CONSUMER HEALTHCARE INC,-0.009977981366530412
2023-03-01,15527,LOB,LIVE OAK BANCSHARES INC,-0.009048289997232766
2023-03-01,62498,WST,WEST PHARMACEUTICAL SERVICES INC,-0.005919016648848192
2023-03-01,91668,IPGP,I P G PHOTONICS CORP,-0.006936101382687091
2023-03-01,13921,CUBI,CUSTOMERS BANCORP INC,-0.012576645760969762
2023-03-01,19316,MSGE,MADISON SQUARE GARDEN ENTMT CORP,-0.007082605857050964
2023-03-01,11481,EBIX,EBIX INC,-0.0052541744209096235
2023-03-01,77660,CACC,CREDIT ACCEPTANCE CORP,-0.005161788425637275
2023-03-01,79094,JBL,JABIL INC,-0.016388528379398783
2023-03-01,10693,EHC,ENCOMPASS HEALTH CORP,-0.011284118255389783
2023-03-01,49680,DHR,DANAHER CORP,-0.016388528379398783
2023-03-01,77730,TSN,TYSON FOODS INC,-0.014604781494088294
2023-04-01,15291,ETSY,ETSY INC,0.009585701085209484
2023-04-01,19541,VITL,VITAL FARMS INC,0.00900697867037806
2023-04-01,20681,COUR,COURSERA INC,0.007368277870810014
2023-04-01,21125,ZIP,ZIPRECRUITER INC,0.007276687920225097
2023-04-01,92221,MELI,MERCADOLIBRE INC,0.009494612735214748
2023-04-01,18452,LYFT,LYFT INC,0.005458299570466384
2023-04-01,90971,IRBT,IROBOT CORP,0.017059514115643763
2023-04-01,92753,ERII,ENERGY RECOVERY INC,0.00895421048157401
2023-04-01,79248,THRM,GENTHERM INC,0.010800826909336071
2023-04-01,21614,DUOL,DUOLINGO INC,0.004936213966173095
2023-04-01,57665,NKE,NIKE INC,0.012367196098884248
2023-04-01,86783,BKNG,BOOKING HOLDINGS INC,0.013996160982858495
2023-04-01,18134,UPWK,UPWORK INC,0.0075107140212888135
2023-04-01,20438,MNTK,MONTAUK RENEWABLES INC,0.005206705056071353
2023-04-01,13318,YELP,YELP INC,0.015097938948172665
2023-04-01,75233,VGR,VECTOR GROUP LTD,0.010116417675915312
2023-04-01,16595,SNAP,SNAP INC,0.005442202659561722
2023-04-01,14694,GPRO,GOPRO INC,0.013494150858110236
2023-04-01,22248,UDMY,UDEMY INC,0.007690653558908492
2023-04-01,76128,VICR,VICOR CORP,0.00940015288230713
2023-04-01,14273,CHGG,CHEGG INC,0.010632332542955975
2023-04-01,65700,USLM,UNITED STATES LIME MINERALS INC,0.00975487514886057
2023-04-01,18485,PINS,PINTEREST INC,0.00789149220091458
2023-04-01,76261,EXPO,EXPONENT INC,0.010253214523361358
2023-04-01,17281,WHD,CACTUS INC,0.006824893889159866
2023-04-01,79491,WINA,WINMARK CORP,0.012170337884199014
2023-04-01,75182,PII,POLARIS INC,0.011571978284908802
2023-04-01,79785,NVR,N V R INC,0.01801357644205113
2023-04-01,84788,AMZN,AMAZON COM INC,0.011722275852509291
2023-04-01,85440,SRI,STONERIDGE INC,0.0063809402348292965
2023-04-01,13625,SSTK,SHUTTERSTOCK INC,0.01149433816406311
2023-04-01,82634,SAM,BOSTON BEER INC,0.015011076433257615
2023-04-01,15440,WING,WINGSTOP INC,0.013835780899901211
2023-04-01,18011,SONO,SONOS INC,0.014413944021344898
2023-04-01,85724,PRDO,PERDOCEO EDUCATION CORP,0.011963010026246603
2023-04-01,84385,NSP,INSPERITY INC,0.015153533285540541
2023-04-01,16967,CARG,CARGURUS INC,0.011104953016819819
2023-04-01,89031,AXON,AXON ENTERPRISE INC,0.008058779573316544
2023-04-01,20190,ABNB,AIRBNB INC,0.00904376665002871
2023-04-01,21593,XMTR,XOMETRY INC,0.004936213966173095
2023-04-01,85348,YUM,YUM BRANDS INC,0.01801357644205113
2023-04-01,86356,EBAY,EBAY INC,0.014269342948040732
2023-04-01,38659,GNTX,GENTEX CORP,0.015503217093304312
2023-04-01,16309,TTD,TRADE DESK INC,0.007564885591690171
2023-04-01,77702,SBUX,STARBUCKS CORP,0.017451483923929697
2023-04-01,86288,CSGP,COSTAR GROUP INC,0.015595045181095077
2023-04-01,54253,MSA,M S A SAFETY INC,0.015398344915047447
2023-04-01,48523,LANC,LANCASTER COLONY CORP,0.014901167663324154
2023-04-01,76839,FIZZ,NATIONAL BEVERAGE CORP,0.010792146972494567
2023-04-01,90248,DPZ,DOMINOS PIZZA INC,0.013104356185317977
2023-04-01,82779,NVAX,NOVAVAX INC,0.004936213966173095
2023-04-01,77637,FC,FRANKLIN COVEY CO,0.005105584674809504
2023-04-01,20447,PLTK,PLAYTIKA HOLDING CORP,0.00713176011477017
2023-04-01,18576,UBER,UBER TECHNOLOGIES INC,0.008689665885168375
2023-04-01,41080,CMI,CUMMINS INC,0.011482101547938906
2023-04-01,88031,MNST,MONSTER BEVERAGE CORP NEW,0.015176031370311226
2023-04-01,20682,CPNG,COUPANG INC,0.007388658350092448
2023-04-01,10145,HON,HONEYWELL INTERNATIONAL INC,0.01800582927011094
2023-04-01,15850,MTCH,MATCH GROUP INC NEW,0.008823755615517825
2023-04-01,16555,UVV,UNIVERSAL CORP,0.01801357644205113
2023-04-01,91606,CPRX,CATALYST PHARMACEUTICALS INC,0.008173009614351072
2023-04-01,18063,EB,EVENTBRITE INC,0.004936213966173095
2023-04-01,14526,APOG,APOGEE ENTERPRISES INC,0.009466716840187484
2023-04-01,21564,LZ,LEGALZOOM COM INC,0.007847624083227138
2023-04-01,79249,BBSI,BARRETT BUSINESS SERVICES INC,0.01180625290087337
2023-04-01,84010,USNA,USANA HEALTH SCIENCES INC,0.013157916341944418
2023-04-01,64961,NXGN,NEXTGEN HEALTHCARE INC,0.01344905062445929
2023-04-01,60580,TTC,TORO CO,0.011505681836753523
2023-04-01,75828,EA,ELECTRONIC ARTS INC,0.01801357644205113
2023-04-01,14521,TNET,TRINET GROUP INC,0.01161149803749391
2023-04-01,16260,MEDP,MEDPACE HOLDINGS INC,0.008292826368494748
2023-04-01,93263,CELH,CELSIUS HOLDINGS INC,0.007139996088000941
2023-04-01,90125,CORT,CORCEPT THERAPEUTICS INC,0.007895851078067936
2023-04-01,92203,LULU,LULULEMON ATHLETICA INC,0.007292871889657447
2023-04-01,14495,ATEN,A10 NETWORKS INC,0.013036160031283928
2023-04-01,14231,VEEV,VEEVA SYSTEMS INC,0.010555437945301392
2023-04-01,90664,DXCM,DEXCOM INC,0.0070097176021393865
2023-04-01,88352,ISRG,INTUITIVE SURGICAL INC,0.011605124162612059
2023-04-01,89044,PDFS,P D F SOLUTIONS INC,0.010900555641124944
2023-04-01,90319,GOOGL,ALPHABET INC,0.011154875749609699
2023-04-01,87657,EW,EDWARDS LIFESCIENCES CORP,0.011854194617344513
2023-04-01,79906,INCY,INCYTE CORP,0.015614564038504817
2023-04-01,90533,WTI,W & T OFFSHORE INC,0.004936213966173095
2023-04-01,16932,ROKU,ROKU INC,0.005828882371184327
2023-04-01,88167,HSTM,HEALTHSTREAM INC,0.012620700043279424
2023-04-01,20315,PUBM,PUBMATIC INC,0.008097168403224556
2023-04-01,92052,TTGT,TECHTARGET INC,0.010966812289306717
2023-04-01,22977,EE,EXCELERATE ENERGY INC,0.006872799388831664
2023-04-01,92782,MYRG,M Y R GROUP INC DE,0.011399699542251753
2023-04-01,11775,JOUT,JOHNSON OUTDOORS INC,0.0139456712855396
2023-04-01,21178,LMT,LOCKHEED MARTIN CORP,0.01801357644205113
2023-04-01,16338,VVV,VALVOLINE INC,0.011263322441467773
2023-04-01,71985,SHYF,SHYFT GROUP INC,0.009431952284482837
2023-04-01,19561,BA,BOEING CO,0.010629764750735527
2023-04-01,85168,HLX,HELIX ENERGY SOLUTIONS GROUP INC,0.007480833982725222
2023-04-01,17201,VVNT,VIVINT SMART HOME INC,0.009857221069741596
2023-04-01,56223,LPX,LOUISIANA PACIFIC CORP,0.013263402481365805
2023-04-01,92852,LOPE,GRAND CANYON EDUCATION INC,0.01749410842835225
2023-04-01,18769,ADPT,ADAPTIVE BIOTECHNOLOGIES CORP,0.00493821829497906
2023-04-01,21776,EXC,EXELON CORP,0.014069313169377895
2023-04-01,14813,MARA,MARATHON DIGITAL HOLDINGS INC,-0.0028900936771544504
2023-04-01,92213,RIOT,RIOT PLATFORMS INC,-0.0028900936771544504
2023-04-01,14763,CTLT,CATALENT INC,-0.00647767371776935
2023-04-01,13105,ACHC,ACADIA HEALTHCARE CO INC,-0.013803011559232213
2023-04-01,20901,AGTI,AGILITI INC,-0.007641966779753575
2023-04-01,15795,SGRY,SURGERY PARTNERS INC,-0.007259807709412393
2023-04-01,17684,AHCO,ADAPTHEALTH CORP,-0.006786764237926046
2023-04-01,16917,BKI,BLACK KNIGHT INC,-0.012629008134873339
2023-04-01,40125,DXC,D X C TECHNOLOGY CO,-0.007589490573358636
2023-04-01,93035,SEM,SELECT MEDICAL HOLDINGS CORP,-0.01128069777915796
2023-04-01,72338,NHC,NATIONAL HEALTHCARE CORP,-0.012638569110491209
2023-04-01,52337,THC,TENET HEALTHCARE CORP,-0.007345943699901025
2023-04-01,91611,FSLR,FIRST SOLAR INC,-0.005837550946878062
2023-04-01,18579,AVTR,AVANTOR INC,-0.010273098082804076
2023-04-01,12266,CDMO,AVID BIOSERVICES INC,-0.0028900936771544504
2023-04-01,89003,FIS,FIDELITY NATIONAL INFO SVCS INC,-0.005853555328410562
2023-04-01,82272,MD,PEDIATRIX MEDICAL GROUP INC,-0.010438344780034997
2023-04-01,10200,RGEN,REPLIGEN CORP,-0.008349065550531236
2023-04-01,29209,ARW,ARROW ELECTRONICS INC,-0.017636136553759535
2023-04-01,20339,AFRM,AFFIRM HOLDINGS INC,-0.003669877338144981
2023-04-01,66384,WDC,WESTERN DIGITAL CORP,-0.010993835174950669
2023-04-01,81220,NSIT,INSIGHT ENTERPRISES INC,-0.01775732656285731
2023-04-01,85886,CNXN,PC CONNECTION INC,-0.016135424412541413
2023-04-01,82307,DVA,DAVITA INC,-0.011588324858230444
2023-04-01,22293,GLW,CORNING INC,-0.013984578371467668
2023-04-01,14328,AMC,A M C ENTERTAINMENT HOLDINGS INC,-0.0037184728390339864
2023-04-01,10696,FISV,FISERV INC,-0.009682904532044564
2023-04-01,90564,PBH,PRESTIGE CONSUMER HEALTHCARE INC,-0.017680504986923105
2023-04-01,15527,LOB,LIVE OAK BANCSHARES INC,-0.0036676170290849226
2023-04-01,13921,CUBI,CUSTOMERS BANCORP INC,-0.002901996209364651
2023-04-01,19577,RKT,ROCKET COMPANIES INC,-0.006756676235735439
2023-04-01,79094,JBL,JABIL INC,-0.01409355808042453
2023-04-01,91915,CNK,CINEMARK HOLDINGS INC,-0.008908547273678225
2023-04-01,80362,SCSC,SCANSOURCE INC,-0.015876847657053432
2023-04-01,19404,FOUR,SHIFT4 PAYMENTS INC,-0.007545618032116512
2023-04-01,81282,ACIW,A C I WORLDWIDE INC,-0.005952481310748373
2023-04-01,76226,PARA,PARAMOUNT GLOBAL,-0.00829841816397036
2023-04-01,76185,TYL,TYLER TECHNOLOGIES INC,-0.011134374041290945
2023-04-01,20062,SHC,SOTERA HEALTH CO,-0.011318939198210528
2023-04-01,16086,HTZ,HERTZ GLOBAL HOLDINGS INC NEW,-0.0065554369212500515
2023-04-01,20820,MOND,MONDEE HOLDINGS INC,-0.0038767620247281615
2023-04-01,18736,IAA,I A A INC,-0.005895808627192332
2023-04-01,91926,DAL,DELTA AIR LINES INC,-0.008964875959021549
2023-04-01,19655,STEP,STEPSTONE GROUP INC,-0.006245993191465616
2023-04-01,84348,VSAT,VIASAT INC,-0.005700528158082678
2023-04-01,60186,OMI,OWENS & MINOR INC NEW,-0.005277494213607798
2023-04-01,15071,SYNH,SYNEOS HEALTH INC,-0.008496994260726448
2023-04-01,49680,DHR,DANAHER CORP,-0.01584635859089518
2023-04-01,19316,MSGE,MADISON SQUARE GARDEN ENTMT CORP,-0.00921063367495985
2023-04-01,20196,UPST,UPSTART HOLDINGS INC,-0.004177889445002654
2023-04-01,89508,KMX,CARMAX INC,-0.0077138167367732545
2023-04-01,87077,ECPG,ENCORE CAPITAL GROUP INC,-0.01021909539656107
2023-04-01,89574,PRAA,P R A GROUP INC,-0.015336130907774883
2023-04-01,77730,TSN,TYSON FOODS INC,-0.01775732656285731
2023-04-01,91103,UAL,UNITED AIRLINES HOLDINGS INC,-0.008419599089442495
2023-04-01,21970,TYRA,TYRA BIOSCIENCES INC,-0.003553304136756655
2023-04-01,19593,MIR,MIRION TECHNOLOGIES INC,-0.007856124164629514
2023-04-01,76672,RDNT,RADNET INC,-0.010989415797038465
2023-04-01,23129,EHAB,ENHABIT INC,-0.00894633110483456
2023-04-01,18480,TW,TRADEWEB MARKETS INC,-0.01030780882421775
2023-04-01,88281,CRL,CHARLES RIVER LABS INTL INC,-0.00942077444706646
2023-04-01,14988,LBRDK,LIBERTY BROADBAND CORP,-0.012325960094317598
2023-04-01,10693,EHC,ENCOMPASS HEALTH CORP,-0.01726706159240009
2023-04-01,84372,NCR,N C R CORP NEW,-0.009720932618808693
2023-04-01,20067,SOFI,SOFI TECHNOLOGIES INC,-0.006233002630171088
2023-04-01,17372,COGT,COGENT BIOSCIENCES INC,-0.0058265242596991906
2023-04-01,84438,HLIO,HELIOS TECHNOLOGIES INC,-0.011740891986001156
2023-04-01,20142,CVT,CVENT HOLDING CORP,-0.00783513477655635
2023-04-01,21020,AAL,AMERICAN AIRLINES GROUP INC,-0.009383711292719693
2023-04-01,15396,BW,BABCOCK & WILCOX ENTERPRISES INC,-0.005790658150314468
2023-04-01,14617,ARES,ARES MANAGEMENT CORP,-0.008715948593585902
2023-04-01,91461,WU,WESTERN UNION CO,-0.01025547511096615
2023-04-01,84234,PLUS,EPLUS INC,-0.012351156327789641
2023-04-01,92108,BX,BLACKSTONE INC,-0.00749954074342221
2023-04-01,11600,XRAY,DENTSPLY SIRONA INC,-0.012589362930789464
2023-04-01,17950,FOCS,FOCUS FINANCIAL PARTNERS INC,-0.01775732656285731
2023-04-01,82581,HSIC,SCHEIN HENRY INC,-0.01775732656285731
2023-04-01,16928,KRYS,KRYSTAL BIOTECH INC,-0.008004163856930513
2023-04-01,62498,WST,WEST PHARMACEUTICAL SERVICES INC,-0.015484856081050848
2023-04-01,91668,IPGP,I P G PHOTONICS CORP,-0.012008634291396342
2023-04-01,16939,MAXR,MAXAR TECHNOLOGIES INC,-0.01775732656285731
2023-04-01,19807,VNT,VONTIER CORP,-0.011087165968328332
2023-04-01,15540,RILY,B RILEY FINANCIAL INC,-0.004686834963542272
2023-04-01,21027,BMEA,BIOMEA FUSION INC,-0.0028900936771544504
2023-04-01,15793,PMTS,C P I CARD GROUP INC,-0.004297923521326677
2023-04-01,21942,LWLG,LIGHTWAVE LOGIC INC,-0.0038347338675287688
2023-04-01,88648,TTMI,TTM TECHNOLOGIES INC,-0.011848252062989546
2023-04-01,79668,BDC,BELDEN INC NEW,-0.012789528295826792
2023-04-01,20381,NVTS,NAVITAS SEMICONDUCTOR CORP,-0.004200368025146512
2023-04-01,53613,MU,MICRON TECHNOLOGY INC,-0.00829859340192384
2023-04-01,59328,INTC,INTEL CORP,-0.008537235662898187
2023-04-01,21348,LFST,LIFESTANCE HEALTH GROUP INC,-0.0044217500686539145
2023-04-01,81621,HLIT,HARMONIC INC,-0.0071836914184249655
2023-04-01,88182,ON,ON SEMICONDUCTOR CORP,-0.007467439622160397
2023-04-01,23352,AMPX,AMPRIUS TECHNOLOGIES INC,-0.0028900936771544504
2023-04-01,90097,UCTT,ULTRA CLEAN HOLDINGS INC,-0.010662276809490353
2023-04-01,77918,LFUS,LITTELFUSE INC,-0.010981599233863026
2023-04-01,23206,GETY,GETTY IMAGES HOLDINGS INC,-0.003526421377618157
2023-04-01,77629,USPH,U S PHYSICAL THERAPY INC,-0.009806811682551929
2023-04-01,16989,KIDS,ORTHOPEDIATRICS CORP,-0.01006735172389527
2023-05-01,16338,VVV,VALVOLINE INC,0.018632069837954655
2023-05-01,19541,VITL,VITAL FARMS INC,0.0112488231351169
2023-05-01,15291,ETSY,ETSY INC,0.009371437880450475
2023-05-01,92221,MELI,MERCADOLIBRE INC,0.00962007763797753
2023-05-01,21125,ZIP,ZIPRECRUITER INC,0.009847339333672734
2023-05-01,18452,LYFT,LYFT INC,0.00554356157912959
2023-05-01,22248,UDMY,UDEMY INC,0.006612150263678342
2023-05-01,20681,COUR,COURSERA INC,0.004692393147420605
2023-05-01,18134,UPWK,UPWORK INC,0.0060636932238425255
2023-05-01,86783,BKNG,BOOKING HOLDINGS INC,0.01415164801818116
2023-05-01,76128,VICR,VICOR CORP,0.008131143546536294
2023-05-01,79248,THRM,GENTHERM INC,0.010385469785634076
2023-05-01,75233,VGR,VECTOR GROUP LTD,0.014174368037001341
2023-05-01,21614,DUOL,DUOLINGO INC,0.011461866216032394
2023-05-01,57665,NKE,NIKE INC,0.014741380221273371
2023-05-01,17281,WHD,CACTUS INC,0.008018929255376719
2023-05-01,13318,YELP,YELP INC,0.013610647236127257
2023-05-01,92753,ERII,ENERGY RECOVERY INC,0.010204160813305956
2023-05-01,90971,IRBT,IROBOT CORP,0.011823167845992646
2023-05-01,16595,SNAP,SNAP INC,0.004692393147420605
2023-05-01,85724,PRDO,PERDOCEO EDUCATION CORP,0.015625565467798253
2023-05-01,86356,EBAY,EBAY INC,0.011568361404368756
2023-05-01,76261,EXPO,EXPONENT INC,0.012197442728330121
2023-05-01,11775,JOUT,JOHNSON OUTDOORS INC,0.014754178619319575
2023-05-01,18485,PINS,PINTEREST INC,0.004692393147420605
2023-05-01,79491,WINA,WINMARK CORP,0.011428692288154008
2023-05-01,13625,SSTK,SHUTTERSTOCK INC,0.007807143160780658
2023-05-01,18063,EB,EVENTBRITE INC,0.005900429183863099
2023-05-01,21776,EXC,EXELON CORP,0.018538767007558386
2023-05-01,84788,AMZN,AMAZON COM INC,0.007310008681278821
2023-05-01,15440,WING,WINGSTOP INC,0.008200187748111749
2023-05-01,20190,ABNB,AIRBNB INC,0.007652123244482043
2023-05-01,89031,AXON,AXON ENTERPRISE INC,0.014394256870406873
2023-05-01,85348,YUM,YUM BRANDS INC,0.01981515379496647
2023-05-01,16967,CARG,CARGURUS INC,0.009477562433249825
2023-05-01,75182,PII,POLARIS INC,0.008949346455240106
2023-05-01,82634,SAM,BOSTON BEER INC,0.016046865913613664
2023-05-01,18011,SONO,SONOS INC,0.01370860072814637
2023-05-01,92852,LOPE,GRAND CANYON EDUCATION INC,0.017402574930634972
2023-05-01,79785,NVR,N V R INC,0.01334922572795385
2023-05-01,20447,PLTK,PLAYTIKA HOLDING CORP,0.005728268557094092
2023-05-01,18769,ADPT,ADAPTIVE BIOTECHNOLOGIES CORP,0.004920763721289749
2023-05-01,65700,USLM,UNITED STATES LIME MINERALS INC,0.009943524807247557
2023-05-01,84385,NSP,INSPERITY INC,0.01028912656942859
2023-05-01,18576,UBER,UBER TECHNOLOGIES INC,0.009479402034096144
2023-05-01,48523,LANC,LANCASTER COLONY CORP,0.015132585745011567
2023-05-01,38659,GNTX,GENTEX CORP,0.012686994130508132
2023-05-01,16309,TTD,TRADE DESK INC,0.007523169581793448
2023-05-01,19561,BA,BOEING CO,0.010835249128895125
2023-05-01,16555,UVV,UNIVERSAL CORP,0.01981515379496647
2023-05-01,21178,LMT,LOCKHEED MARTIN CORP,0.012687091159140625
2023-05-01,82779,NVAX,NOVAVAX INC,0.004692393147420605
2023-05-01,54253,MSA,M S A SAFETY INC,0.01981515379496647
2023-05-01,20682,CPNG,COUPANG INC,0.009346231587794119
2023-05-01,91606,CPRX,CATALYST PHARMACEUTICALS INC,0.009032546492196262
2023-05-01,71985,SHYF,SHYFT GROUP INC,0.005884660473083702
2023-05-01,76839,FIZZ,NATIONAL BEVERAGE CORP,0.011872321002467736
2023-05-01,77637,FC,FRANKLIN COVEY CO,0.012787373045992758
2023-05-01,84010,USNA,USANA HEALTH SCIENCES INC,0.007817283466871912
2023-05-01,64961,NXGN,NEXTGEN HEALTHCARE INC,0.015412683938819333
2023-05-01,85440,SRI,STONERIDGE INC,0.00877755528865279
2023-05-01,15850,MTCH,MATCH GROUP INC NEW,0.006237420319448306
2023-05-01,88031,MNST,MONSTER BEVERAGE CORP NEW,0.01981515379496647
2023-05-01,90248,DPZ,DOMINOS PIZZA INC,0.009394518833363705
2023-05-01,20438,MNTK,MONTAUK RENEWABLES INC,0.004705470492532708
2023-05-01,41080,CMI,CUMMINS INC,0.010014721427494554
2023-05-01,77702,SBUX,STARBUCKS CORP,0.01981515379496647
2023-05-01,56223,LPX,LOUISIANA PACIFIC CORP,0.009336632738433388
2023-05-01,92203,LULU,LULULEMON ATHLETICA INC,0.019699516852904296
2023-05-01,79249,BBSI,BARRETT BUSINESS SERVICES INC,0.013139802606373426
2023-05-01,21593,XMTR,XOMETRY INC,0.004692393147420605
2023-05-01,14273,CHGG,CHEGG INC,0.006665152541023852
2023-05-01,90125,CORT,CORCEPT THERAPEUTICS INC,0.010038097996909742
2023-05-01,10145,HON,HONEYWELL INTERNATIONAL INC,0.01396377893139782
2023-05-01,85168,HLX,HELIX ENERGY SOLUTIONS GROUP INC,0.0067599971084401755
2023-05-01,90319,GOOGL,ALPHABET INC,0.010222480220395234
2023-05-01,21564,LZ,LEGALZOOM COM INC,0.005541081206384336
2023-05-01,79906,INCY,INCYTE CORP,0.014508062513953684
2023-05-01,14231,VEEV,VEEVA SYSTEMS INC,0.01181780800712142
2023-05-01,14521,TNET,TRINET GROUP INC,0.006354935276362938
2023-05-01,14526,APOG,APOGEE ENTERPRISES INC,0.012317202870768696
2023-05-01,75828,EA,ELECTRONIC ARTS INC,0.014514644364660323
2023-05-01,93263,CELH,CELSIUS HOLDINGS INC,0.011258148736691145
2023-05-01,88167,HSTM,HEALTHSTREAM INC,0.00985244427383354
2023-05-01,87657,EW,EDWARDS LIFESCIENCES CORP,0.01470931783848809
2023-05-01,14495,ATEN,A10 NETWORKS INC,0.011068701029472737
2023-05-01,90664,DXCM,DEXCOM INC,0.01117239737908135
2023-05-01,86288,CSGP,COSTAR GROUP INC,0.008210884205554882
2023-05-01,15546,Z,ZILLOW GROUP INC,0.010794068977622766
2023-05-01,75034,BKR,BAKER HUGHES CO,0.009752984279584483
2023-05-01,73219,RGR,STURM RUGER & CO INC,0.01875422275327828
2023-05-01,11884,IPAR,INTERMEDIATE PARFUMS INC,0.009323963985685484
2023-05-01,47466,NYT,NEW YORK TIMES CO,0.018731923657322166
2023-05-01,90979,UAA,UNDER ARMOUR INC,0.012368502386985402
2023-05-01,83124,CSGS,C S G SYSTEMS INTERNATIONAL INC,0.015108063889681125
2023-05-01,20189,DASH,DOORDASH INC,0.00649487484131891
2023-05-01,18725,RVLV,REVOLVE GROUP INC,0.005500214425623073
2023-05-01,14807,IRMD,IRADIMED CORP,0.010615142727799901
2023-05-01,16668,ZYME,ZYMEWORKS INC DE,0.005599842329630443
2023-05-01,15826,SQ,BLOCK INC,0.008308171605289337
2023-05-01,14813,MARA,MARATHON DIGITAL HOLDINGS INC,-0.0026322590879629243
2023-05-01,92213,RIOT,RIOT PLATFORMS INC,-0.0026344201068836423
2023-05-01,14763,CTLT,CATALENT INC,-0.0026322590879629243
2023-05-01,15795,SGRY,SURGERY PARTNERS INC,-0.010148028809727854
2023-05-01,13105,ACHC,ACADIA HEALTHCARE CO INC,-0.016591113535901755
2023-05-01,16917,BKI,BLACK KNIGHT INC,-0.01812993948932388
2023-05-01,40125,DXC,D X C TECHNOLOGY CO,-0.012399932467636664
2023-05-01,20901,AGTI,AGILITI INC,-0.0071156976078703875
2023-05-01,93035,SEM,SELECT MEDICAL HOLDINGS CORP,-0.013527895296268246
2023-05-01,17684,AHCO,ADAPTHEALTH CORP,-0.009264588292339572
2023-05-01,12266,CDMO,AVID BIOSERVICES INC,-0.0062786006920725205
2023-05-01,52337,THC,TENET HEALTHCARE CORP,-0.012177140965459058
2023-05-01,76185,TYL,TYLER TECHNOLOGIES INC,-0.010023859364818973
2023-05-01,88648,TTMI,TTM TECHNOLOGIES INC,-0.011959186584585588
2023-05-01,82307,DVA,DAVITA INC,-0.012775936531670586
2023-05-01,18579,AVTR,AVANTOR INC,-0.007478242589538029
2023-05-01,29209,ARW,ARROW ELECTRONICS INC,-0.012490966956811001
2023-05-01,84348,VSAT,VIASAT INC,-0.007070909315694746
2023-05-01,14328,AMC,A M C ENTERTAINMENT HOLDINGS INC,-0.0026322590879629243
2023-05-01,72338,NHC,NATIONAL HEALTHCARE CORP,-0.01812993948932388
2023-05-01,79668,BDC,BELDEN INC NEW,-0.008813258437864346
2023-05-01,15071,SYNH,SYNEOS HEALTH INC,-0.005294616286176391
2023-05-01,66384,WDC,WESTERN DIGITAL CORP,-0.006165720231674218
2023-05-01,81621,HLIT,HARMONIC INC,-0.008537040557169043
2023-05-01,53613,MU,MICRON TECHNOLOGY INC,-0.006442887169126843
2023-05-01,10200,RGEN,REPLIGEN CORP,-0.005432794403476818
2023-05-01,91915,CNK,CINEMARK HOLDINGS INC,-0.007506097328817958
2023-05-01,21348,LFST,LIFESTANCE HEALTH GROUP INC,-0.008324162611428938
2023-05-01,20339,AFRM,AFFIRM HOLDINGS INC,-0.004999060279055686
2023-05-01,89003,FIS,FIDELITY NATIONAL INFO SVCS INC,-0.00996500698647517
2023-05-01,91611,FSLR,FIRST SOLAR INC,-0.006003832230582898
2023-05-01,23206,GETY,GETTY IMAGES HOLDINGS INC,-0.0026322590879629243
2023-05-01,85886,CNXN,PC CONNECTION INC,-0.009914990875129117
2023-05-01,20381,NVTS,NAVITAS SEMICONDUCTOR CORP,-0.005327158417898344
2023-05-01,76226,PARA,PARAMOUNT GLOBAL,-0.007021252392379299
2023-05-01,82272,MD,PEDIATRIX MEDICAL GROUP INC,-0.01109364956447646
2023-05-01,49680,DHR,DANAHER CORP,-0.008088781880210307
2023-05-01,13921,CUBI,CUSTOMERS BANCORP INC,-0.003474640404099498
2023-05-01,16989,KIDS,ORTHOPEDIATRICS CORP,-0.010502026253377905
2023-05-01,15527,LOB,LIVE OAK BANCSHARES INC,-0.0063240715718644765
2023-05-01,16086,HTZ,HERTZ GLOBAL HOLDINGS INC NEW,-0.0063002107167220815
2023-05-01,15793,PMTS,C P I CARD GROUP INC,-0.005831928785516006
2023-05-01,19404,FOUR,SHIFT4 PAYMENTS INC,-0.005717700283405636
2023-05-01,89508,KMX,CARMAX INC,-0.006340974994903872
2023-05-01,19316,SPHR,SPHERE ENTERTAINMENT CO,-0.0055802683824910364
2023-05-01,90097,UCTT,ULTRA CLEAN HOLDINGS INC,-0.008682661940995562
2023-05-01,10696,FISV,FISERV INC,-0.01812993948932388
2023-05-01,91926,DAL,DELTA AIR LINES INC,-0.009850317601243242
2023-05-01,19577,RKT,ROCKET COMPANIES INC,-0.008735955847241562
2023-05-01,20820,MOND,MONDEE HOLDINGS INC,-0.004792404348296836
2023-05-01,60186,OMI,OWENS & MINOR INC NEW,-0.007002394121842473
2023-05-01,23352,AMPX,AMPRIUS TECHNOLOGIES INC,-0.005617768956013156
2023-05-01,91103,UAL,UNITED AIRLINES HOLDINGS INC,-0.006482727852140812
2023-05-01,77730,TSN,TYSON FOODS INC,-0.01700016704683007
2023-05-01,81220,NSIT,INSIGHT ENTERPRISES INC,-0.007630155375824896
2023-05-01,88182,ON,ON SEMICONDUCTOR CORP,-0.008162188449864754
2023-05-01,59328,INTC,INTEL CORP,-0.0116097584162817
2023-05-01,90564,PBH,PRESTIGE CONSUMER HEALTHCARE INC,-0.01812993948932388
2023-05-01,10693,EHC,ENCOMPASS HEALTH CORP,-0.0070608418630282695
2023-05-01,80362,SCSC,SCANSOURCE INC,-0.016834590260414378
2023-05-01,79094,JBL,JABIL INC,-0.011046660989372884
2023-05-01,19593,MIR,MIRION TECHNOLOGIES INC,-0.012178139754621245
2023-05-01,19655,STEP,STEPSTONE GROUP INC,-0.011239574309278565
2023-05-01,14988,LBRDK,LIBERTY BROADBAND CORP,-0.00699611759867002
2023-05-01,77629,USPH,U S PHYSICAL THERAPY INC,-0.01812993948932388
2023-05-01,20196,UPST,UPSTART HOLDINGS INC,-0.006564504295013354
2023-05-01,22293,GLW,CORNING INC,-0.016069854667039092
2023-05-01,21027,BMEA,BIOMEA FUSION INC,-0.003311775772476334
2023-05-01,87077,ECPG,ENCORE CAPITAL GROUP INC,-0.015675864724588262
2023-05-01,15540,RILY,B RILEY FINANCIAL INC,-0.005273327597818025
2023-05-01,16939,MAXR,MAXAR TECHNOLOGIES INC,-0.01812993948932388
2023-05-01,15396,BW,BABCOCK & WILCOX ENTERPRISES INC,-0.00687096352266841
2023-05-01,92108,BX,BLACKSTONE INC,-0.007891365195078085
2023-05-01,81282,ACIW,A C I WORLDWIDE INC,-0.012069647573483907
2023-05-01,21020,AAL,AMERICAN AIRLINES GROUP INC,-0.006247657725283844
2023-05-01,77918,LFUS,LITTELFUSE INC,-0.01421292190707905
2023-05-01,84372,NCR,N C R CORP NEW,-0.011597816995443091
2023-05-01,76672,RDNT,RADNET INC,-0.012194104672797303
2023-05-01,19312,UWMC,U W M HOLDINGS CORP,-0.009454188997672986
2023-05-01,88284,CYH,COMMUNITY HEALTH SYS INC NEW,-0.004609265183233005
2023-05-01,19628,IRON,DISC MEDICINE INC,-0.004137951543632895
2023-05-01,66800,AIG,AMERICAN INTERNATIONAL GROUP INC,-0.016217599521104333
2023-05-01,76856,FCFS,FIRSTCASH HOLDINGS INC,-0.009432632811728122
2023-05-01,11481,EBIX,EBIX INC,-0.002693618242512837
2023-05-01,20923,EDR,ENDEAVOR GROUP HOLDINGS INC,-0.006936485984643844
2023-05-01,20870,RXDX,PROMETHEUS BIOSCIENCES INC,-0.0026322590879629243
2023-05-01,64186,CI,CIGNA GROUP,-0.01149917425052865
2023-05-01,57808,VSH,VISHAY INTERTECHNOLOGY INC,-0.01657913582731991
2023-05-01,78081,LGND,LIGAND PHARMACEUTICALS INC,-0.009009860125747565
2023-05-01,81740,SBGI,SINCLAIR BROADCAST GROUP INC,-0.006080437318485448
2023-05-01,17133,AMEH,APOLLO MEDICAL HOLDINGS INC,-0.005676429434148415
2023-05-01,87426,LCII,L C I INDUSTRIES,-0.008889114850373442
2023-05-01,27334,CSL,CARLISLE COMPANIES,-0.009774093559854438
2023-05-01,93179,PPC,PILGRIMS PRIDE CORP NEW,-0.01207495132707066
2023-05-01,15643,RUN,SUNRUN INC,-0.004365254372044708
2023-05-01,22626,AMLX,AMYLYX PHARMACEUTICALS INC,-0.008269462814547145
2023-05-01,10158,AMRC,AMERESCO INC,-0.005587397284528506
2023-05-01,21594,DNUT,KRISPY KREME INC,-0.011466509522691836
2023-05-01,83883,OPCH,OPTION CARE HEALTH INC,-0.016055986247955213
2023-05-01,13949,CDW,C D W CORP NEW,-0.005905613328282022
2023-06-01,15291,ETSY,ETSY INC,0.007411775509364547
2023-06-01,18134,UPWK,UPWORK INC,0.005797060578347007
2023-06-01,75034,BKR,BAKER HUGHES CO,0.011591304651440116
2023-06-01,21125,ZIP,ZIPRECRUITER INC,0.008447913687114674
2023-06-01,85724,PRDO,PERDOCEO EDUCATION CORP,0.011734061991352103
2023-06-01,17281,WHD,CACTUS INC,0.008800660302455287
2023-06-01,18452,LYFT,LYFT INC,0.004234859099551991
2023-06-01,20681,COUR,COURSERA INC,0.006945091709419679
2023-06-01,75233,VGR,VECTOR GROUP LTD,0.008127871984738159
2023-06-01,22248,UDMY,UDEMY INC,0.007164952358123372
2023-06-01,92221,MELI,MERCADOLIBRE INC,0.008416886779156056
2023-06-01,83124,CSGS,C S G SYSTEMS INTERNATIONAL INC,0.017491549429861034
2023-06-01,15546,Z,ZILLOW GROUP INC,0.00771713533089378
2023-06-01,73219,RGR,STURM RUGER & CO INC,0.011807281353486776
2023-06-01,79248,THRM,GENTHERM INC,0.014394241567152312
2023-06-01,85168,HLX,HELIX ENERGY SOLUTIONS GROUP INC,0.010164905159337234
2023-06-01,18011,SONO,SONOS INC,0.004234827856944778
2023-06-01,21614,DUOL,DUOLINGO INC,0.004903247109246459
2023-06-01,19541,VITL,VITAL FARMS INC,0.0048733258277987666
2023-06-01,86783,BKNG,BOOKING HOLDINGS INC,0.01356091615014992
2023-06-01,18725,RVLV,REVOLVE GROUP INC,0.007735533058584492
2023-06-01,79491,WINA,WINMARK CORP,0.016445956667931253
2023-06-01,76128,VICR,VICOR CORP,0.004234827856944778
2023-06-01,16338,VVV,VALVOLINE INC,0.0075060781830290565
2023-06-01,15826,SQ,BLOCK INC,0.008575077102388414
2023-06-01,57665,NKE,NIKE INC,0.014004565719411432
2023-06-01,90971,IRBT,IROBOT CORP,0.008793280258816755
2023-06-01,13318,YELP,YELP INC,0.007896569388129706
2023-06-01,65700,USLM,UNITED STATES LIME MINERALS INC,0.010651868063855222
2023-06-01,76261,EXPO,EXPONENT INC,0.018192341091708142
2023-06-01,20190,ABNB,AIRBNB INC,0.006198199703879835
2023-06-01,13625,SSTK,SHUTTERSTOCK INC,0.005205757290619096
2023-06-01,18485,PINS,PINTEREST INC,0.010093556645593615
2023-06-01,20189,DASH,DOORDASH INC,0.009930822211554748
2023-06-01,86356,EBAY,EBAY INC,0.012714508703585998
2023-06-01,47466,NYT,NEW YORK TIMES CO,0.010612350272768223
2023-06-01,16595,SNAP,SNAP INC,0.006869725879050451
2023-06-01,11884,IPAR,INTERMEDIATE PARFUMS INC,0.007821159747539266
2023-06-01,14521,TNET,TRINET GROUP INC,0.01195316404879821
2023-06-01,16309,TTD,TRADE DESK INC,0.01054039183496245
2023-06-01,92852,LOPE,GRAND CANYON EDUCATION INC,0.019871787370667277
2023-06-01,84010,USNA,USANA HEALTH SCIENCES INC,0.0201605915909793
2023-06-01,84385,NSP,INSPERITY INC,0.016488913776239702
2023-06-01,84788,AMZN,AMAZON COM INC,0.01174998425209977
2023-06-01,15440,WING,WINGSTOP INC,0.008052767719412457
2023-06-01,92203,LULU,LULULEMON ATHLETICA INC,0.017744999409694345
2023-06-01,77637,FC,FRANKLIN COVEY CO,0.015191319001867399
2023-06-01,21776,EXC,EXELON CORP,0.017540133133835224
2023-06-01,64961,NXGN,NEXTGEN HEALTHCARE INC,0.014556917682311073
2023-06-01,18063,EB,EVENTBRITE INC,0.004234827856944778
2023-06-01,20447,PLTK,PLAYTIKA HOLDING CORP,0.010667405001238202
2023-06-01,91606,CPRX,CATALYST PHARMACEUTICALS INC,0.0044886738018790956
2023-06-01,16668,ZYME,ZYMEWORKS INC DE,0.005066484076293418
2023-06-01,85348,YUM,YUM BRANDS INC,0.01623895333123428
2023-06-01,92753,ERII,ENERGY RECOVERY INC,0.00924696595236114
2023-06-01,11775,JOUT,JOHNSON OUTDOORS INC,0.0057304751749093575
2023-06-01,18769,ADPT,ADAPTIVE BIOTECHNOLOGIES CORP,0.004493002855262638
2023-06-01,75182,PII,POLARIS INC,0.013695306402810603
2023-06-01,89031,AXON,AXON ENTERPRISE INC,0.005482856695857033
2023-06-01,16555,UVV,UNIVERSAL CORP,0.020959296902278636
2023-06-01,71985,SHYF,SHYFT GROUP INC,0.008603582198698344
2023-06-01,76839,FIZZ,NATIONAL BEVERAGE CORP,0.014230821194700023
2023-06-01,90248,DPZ,DOMINOS PIZZA INC,0.0183796243566289
2023-06-01,79785,NVR,N V R INC,0.020959296902278636
2023-06-01,90125,CORT,CORCEPT THERAPEUTICS INC,0.011187287134250342
2023-06-01,48523,LANC,LANCASTER COLONY CORP,0.018760069513015773
2023-06-01,20682,CPNG,COUPANG INC,0.009932360937473688
2023-06-01,38659,GNTX,GENTEX CORP,0.015686209854996132
2023-06-01,88031,MNST,MONSTER BEVERAGE CORP NEW,0.01859801990301021
2023-06-01,90979,UAA,UNDER ARMOUR INC,0.007734409746994408
2023-06-01,41080,CMI,CUMMINS INC,0.014238116603684686
2023-06-01,21178,LMT,LOCKHEED MARTIN CORP,0.020927472372834342
2023-06-01,88167,HSTM,HEALTHSTREAM INC,0.02081535917791641
2023-06-01,19561,BA,BOEING CO,0.016663036515191514
2023-06-01,90319,GOOGL,ALPHABET INC,0.012259044993498265
2023-06-01,82634,SAM,BOSTON BEER INC,0.011706464686542696
2023-06-01,77702,SBUX,STARBUCKS CORP,0.00961496735848162
2023-06-01,79906,INCY,INCYTE CORP,0.010815436647483773
2023-06-01,15850,MTCH,MATCH GROUP INC NEW,0.00792619070420919
2023-06-01,14231,VEEV,VEEVA SYSTEMS INC,0.013269408449002523
2023-06-01,14807,IRMD,IRADIMED CORP,0.00843292236748957
2023-06-01,93263,CELH,CELSIUS HOLDINGS INC,0.004464087439425675
2023-06-01,10145,HON,HONEYWELL INTERNATIONAL INC,0.020959296902278636
2023-06-01,87657,EW,EDWARDS LIFESCIENCES CORP,0.013739233691762992
2023-06-01,14495,ATEN,A10 NETWORKS INC,0.013943604679346227
2023-06-01,21564,LZ,LEGALZOOM COM INC,0.004234827856944778
2023-06-01,16967,CARG,CARGURUS INC,0.005895304904351356
2023-06-01,14526,APOG,APOGEE ENTERPRISES INC,0.014151092981840582
2023-06-01,56223,LPX,LOUISIANA PACIFIC CORP,0.011707460228103216
2023-06-01,75828,EA,ELECTRONIC ARTS INC,0.020959296902278636
2023-06-01,18576,UBER,UBER TECHNOLOGIES INC,0.006823014110923071
2023-06-01,85424,DRQ,DRIL QUIP INC,0.008495624299524784
2023-06-01,58975,OII,OCEANEERING INTERNATIONAL INC,0.00915571844403503
2023-06-01,34497,NPK,NATIONAL PRESTO INDS INC,0.020959296902278636
2023-06-01,80054,MED,MEDIFAST INC,0.010300003039605803
2023-06-01,14245,FATE,FATE THERAPEUTICS INC,0.004552943647721853
2023-06-01,21957,RELY,REMITLY GLOBAL INC,0.008478868387534987
2023-06-01,15856,VYGR,VOYAGER THERAPEUTICS INC,0.004234827856944778
2023-06-01,20659,VZIO,VIZIO HOLDING CORP,0.008062007236627054
2023-06-01,16171,KNSL,KINSALE CAPITAL GROUP INC,0.012681188349732765
2023-06-01,92213,RIOT,RIOT PLATFORMS INC,-0.003034008166087728
2023-06-01,14813,MARA,MARATHON DIGITAL HOLDINGS INC,-0.003201373660324319
2023-06-01,13105,ACHC,ACADIA HEALTHCARE CO INC,-0.010483881227313281
2023-06-01,15795,SGRY,SURGERY PARTNERS INC,-0.007549980542677969
2023-06-01,91611,FSLR,FIRST SOLAR INC,-0.0036872940573317845
2023-06-01,14763,CTLT,CATALENT INC,-0.0032828797481772175
2023-06-01,16917,BKI,BLACK KNIGHT INC,-0.017800098727341947
2023-06-01,53613,MU,MICRON TECHNOLOGY INC,-0.007505478380489456
2023-06-01,66384,WDC,WESTERN DIGITAL CORP,-0.007088254295072524
2023-06-01,17684,AHCO,ADAPTHEALTH CORP,-0.006045022036527296
2023-06-01,49680,DHR,DANAHER CORP,-0.017800098727341947
2023-06-01,84348,VSAT,VIASAT INC,-0.006465340160996525
2023-06-01,19312,UWMC,U W M HOLDINGS CORP,-0.005110601362384885
2023-06-01,82307,DVA,DAVITA INC,-0.006727242031264787
2023-06-01,66800,AIG,AMERICAN INTERNATIONAL GROUP INC,-0.009318998619705768
2023-06-01,88648,TTMI,TTM TECHNOLOGIES INC,-0.012152564886305058
2023-06-01,11481,EBIX,EBIX INC,-0.006207087637210066
2023-06-01,81621,HLIT,HARMONIC INC,-0.00495222550496822
2023-06-01,64186,CI,CIGNA GROUP,-0.010817092654619852
2023-06-01,20901,AGTI,AGILITI INC,-0.008986137005967528
2023-06-01,10200,RGEN,REPLIGEN CORP,-0.009660776029391803
2023-06-01,76856,FCFS,FIRSTCASH HOLDINGS INC,-0.017800098727341947
2023-06-01,19628,IRON,DISC MEDICINE INC,-0.005626852707488929
2023-06-01,57808,VSH,VISHAY INTERTECHNOLOGY INC,-0.005848375228013061
2023-06-01,93035,SEM,SELECT MEDICAL HOLDINGS CORP,-0.011177302282284094
2023-06-01,12266,CDMO,AVID BIOSERVICES INC,-0.006623354569534186
2023-06-01,91926,DAL,DELTA AIR LINES INC,-0.01140590435062202
2023-06-01,18579,AVTR,AVANTOR INC,-0.012886569893195225
2023-06-01,59328,INTC,INTEL CORP,-0.007718826393234784
2023-06-01,40125,DXC,D X C TECHNOLOGY CO,-0.011449431034626333
2023-06-01,60186,OMI,OWENS & MINOR INC NEW,-0.0029715699989816854
2023-06-01,76226,PARA,PARAMOUNT GLOBAL,-0.0032457726532240834
2023-06-01,22626,AMLX,AMYLYX PHARMACEUTICALS INC,-0.008247188213426185
2023-06-01,27334,CSL,CARLISLE COMPANIES,-0.014873975494530671
2023-06-01,91103,UAL,UNITED AIRLINES HOLDINGS INC,-0.011019164059532434
2023-06-01,29209,ARW,ARROW ELECTRONICS INC,-0.015381431498471806
2023-06-01,89508,KMX,CARMAX INC,-0.009958711326049398
2023-06-01,77730,TSN,TYSON FOODS INC,-0.005658705882286373
2023-06-01,90097,UCTT,ULTRA CLEAN HOLDINGS INC,-0.006535642035489921
2023-06-01,93179,PPC,PILGRIMS PRIDE CORP NEW,-0.013616703485763078
2023-06-01,88182,ON,ON SEMICONDUCTOR CORP,-0.007468043100431244
2023-06-01,20820,MOND,MONDEE HOLDINGS INC,-0.004033117498453341
2023-06-01,20870,RXDX,PROMETHEUS BIOSCIENCES INC,-0.017800098727341947
2023-06-01,85886,CNXN,PC CONNECTION INC,-0.012645794304580148
2023-06-01,79668,BDC,BELDEN INC NEW,-0.014383823112970429
2023-06-01,15643,RUN,SUNRUN INC,-0.004070390572489172
2023-06-01,19316,SPHR,SPHERE ENTERTAINMENT CO,-0.004397944421175723
2023-06-01,79094,JBL,JABIL INC,-0.01360082642662027
2023-06-01,91915,CNK,CINEMARK HOLDINGS INC,-0.010989505685851565
2023-06-01,10158,AMRC,AMERESCO INC,-0.006075857733058569
2023-06-01,20381,NVTS,NAVITAS SEMICONDUCTOR CORP,-0.0030249978841531805
2023-06-01,13949,CDW,C D W CORP NEW,-0.015578466702017122
2023-06-01,81740,SBGI,SINCLAIR BROADCAST GROUP INC,-0.005012048354850295
2023-06-01,87426,LCII,L C I INDUSTRIES,-0.009570990476939172
2023-06-01,84372,NCR,N C R CORP NEW,-0.0055364516689911155
2023-06-01,13921,CUBI,CUSTOMERS BANCORP INC,-0.003047925443339424
2023-06-01,82272,MD,PEDIATRIX MEDICAL GROUP INC,-0.008604393925253055
2023-06-01,16086,HTZ,HERTZ GLOBAL HOLDINGS INC NEW,-0.01258258991826531
2023-06-01,72338,NHC,NATIONAL HEALTHCARE CORP,-0.01725308032087604
2023-06-01,20339,AFRM,AFFIRM HOLDINGS INC,-0.0035972293944115095
2023-06-01,10693,EHC,ENCOMPASS HEALTH CORP,-0.017800098727341947
2023-06-01,76185,TYL,TYLER TECHNOLOGIES INC,-0.017800098727341947
2023-06-01,80362,SCSC,SCANSOURCE INC,-0.010662447682948098
2023-06-01,15071,SYNH,SYNEOS HEALTH INC,-0.00951538508919903
2023-06-01,15527,LOB,LIVE OAK BANCSHARES INC,-0.006938479768318414
2023-06-01,21020,AAL,AMERICAN AIRLINES GROUP INC,-0.010172033972959972
2023-06-01,77918,LFUS,LITTELFUSE INC,-0.009165139807200587
2023-06-01,23352,AMPX,AMPRIUS TECHNOLOGIES INC,-0.008176084919334877
2023-06-01,52337,THC,TENET HEALTHCARE CORP,-0.013370517948423739
2023-06-01,21348,LFST,LIFESTANCE HEALTH GROUP INC,-0.012362373895347082
2023-06-01,19404,FOUR,SHIFT4 PAYMENTS INC,-0.006783303378058644
2023-06-01,81220,NSIT,INSIGHT ENTERPRISES INC,-0.016509063917306156
2023-06-01,16989,KIDS,ORTHOPEDIATRICS CORP,-0.0073188437593327636
2023-06-01,14988,LBRDK,LIBERTY BROADBAND CORP,-0.012518513062180287
2023-06-01,92108,BX,BLACKSTONE INC,-0.011115241390845125
2023-06-01,20923,EDR,ENDEAVOR GROUP HOLDINGS INC,-0.013097302215893914
2023-06-01,20196,UPST,UPSTART HOLDINGS INC,-0.0029715699989816854
2023-06-01,89003,FIS,FIDELITY NATIONAL INFO SVCS INC,-0.009198535533016689
2023-06-01,21594,DNUT,KRISPY KREME INC,-0.014876288739736442
2023-06-01,77629,USPH,U S PHYSICAL THERAPY INC,-0.006330645955279138
2023-06-01,19655,STEP,STEPSTONE GROUP INC,-0.010989135780863994
2023-06-01,21027,BMEA,BIOMEA FUSION INC,-0.005442420446494383
2023-06-01,19593,MIR,MIRION TECHNOLOGIES INC,-0.008500400603012409
2023-06-01,19577,RKT,ROCKET COMPANIES INC,-0.010579015774347729
2023-06-01,17133,AMEH,APOLLO MEDICAL HOLDINGS INC,-0.008131569135304039
2023-06-01,21876,TYGO,TIGO ENERGY INC,-0.0031881199308920684
2023-06-01,21262,DAWN,DAY ONE BIOPHARMACEUTICALS INC,-0.004205218492244155
2023-06-01,19838,EVLV,EVOLV TECHNOLOGIES HOLDINGS INC,-0.0034957202393688224
2023-06-01,20884,SCLX,SCILEX HOLDING CO,-0.0029715699989816854
2023-06-01,16000,LSXMK,LIBERTY MEDIA CORP 3RD NEW,-0.008243371546629706
2023-06-01,88360,MRVL,MARVELL TECHNOLOGY INC,-0.0029752004490403573
2023-06-01,21942,LWLG,LIGHTWAVE LOGIC INC,-0.0029715699989816854
2023-06-01,10777,FCNCA,FIRST CITIZENS BANCSHARES INC NC,-0.007011340649535606
2023-06-01,14329,ARMK,ARAMARK,-0.011886884845079175
2023-06-01,26403,DIS,DISNEY WALT CO,-0.009264531958312618
2023-06-01,80050,UFPT,U F P TECHNOLOGIES INC,-0.012471786953011448
2023-06-01,84769,APH,AMPHENOL CORP NEW,-0.01629421704841575
2023-06-01,15221,RCKT,ROCKET PHARMACEUTICALS INC,-0.005538586159888407
2023-06-01,20357,IONQ,IONQ INC,-0.0029715699989816854
2023-06-01,19751,LCID,LUCID GROUP INC,-0.006995146901000232
2023-07-01,21614,DUOL,DUOLINGO INC,0.006068075575068613
2023-07-01,20681,COUR,COURSERA INC,0.011407841631800988
2023-07-01,85724,PRDO,PERDOCEO EDUCATION CORP,0.011259708524902195
2023-07-01,18134,UPWK,UPWORK INC,0.005859844863290898
2023-07-01,15291,ETSY,ETSY INC,0.007334218644402859
2023-07-01,22248,UDMY,UDEMY INC,0.007488859652155009
2023-07-01,18452,LYFT,LYFT INC,0.005864353070454906
2023-07-01,83124,CSGS,C S G SYSTEMS INTERNATIONAL INC,0.01124650960705147
2023-07-01,92221,MELI,MERCADOLIBRE INC,0.00855030974759261
2023-07-01,76128,VICR,VICOR CORP,0.007549525894301909
2023-07-01,73219,RGR,STURM RUGER & CO INC,0.014049506490751922
2023-07-01,79248,THRM,GENTHERM INC,0.009125433600685363
2023-07-01,79491,WINA,WINMARK CORP,0.009104678020268776
2023-07-01,65700,USLM,UNITED STATES LIME MINERALS INC,0.01696889476928112
2023-07-01,75034,BKR,BAKER HUGHES CO,0.011090927670879215
2023-07-01,85424,DRQ,DRIL QUIP INC,0.007929888361276383
2023-07-01,20189,DASH,DOORDASH INC,0.013417977753271122
2023-07-01,21125,ZIP,ZIPRECRUITER INC,0.009144811280757174
2023-07-01,15826,SQ,BLOCK INC,0.009208520590667934
2023-07-01,86783,BKNG,BOOKING HOLDINGS INC,0.012860298021944461
2023-07-01,18011,SONO,SONOS INC,0.009083769243699993
2023-07-01,21957,RELY,REMITLY GLOBAL INC,0.009007256209161731
2023-07-01,18725,RVLV,REVOLVE GROUP INC,0.0075336644746343395
2023-07-01,16338,VVV,VALVOLINE INC,0.016726392392220474
2023-07-01,76261,EXPO,EXPONENT INC,0.013217139629570234
2023-07-01,20659,VZIO,VIZIO HOLDING CORP,0.00834642664404572
2023-07-01,92852,LOPE,GRAND CANYON EDUCATION INC,0.01482399516634264
2023-07-01,84010,USNA,USANA HEALTH SCIENCES INC,0.01530068367279852
2023-07-01,13318,YELP,YELP INC,0.012193911570877241
2023-07-01,15546,Z,ZILLOW GROUP INC,0.00804899384203677
2023-07-01,80054,MED,MEDIFAST INC,0.007688551794711627
2023-07-01,84788,AMZN,AMAZON COM INC,0.011266323489146263
2023-07-01,13625,SSTK,SHUTTERSTOCK INC,0.012423062834723747
2023-07-01,16309,TTD,TRADE DESK INC,0.012904062566116377
2023-07-01,14521,TNET,TRINET GROUP INC,0.0072536208266182674
2023-07-01,75233,VGR,VECTOR GROUP LTD,0.011439998822166501
2023-07-01,86356,EBAY,EBAY INC,0.015923621532204574
2023-07-01,11884,IPAR,INTERMEDIATE PARFUMS INC,0.010792824470054129
2023-07-01,18485,PINS,PINTEREST INC,0.008701316036670554
2023-07-01,16595,SNAP,SNAP INC,0.010363171897210057
2023-07-01,57665,NKE,NIKE INC,0.00953097560306351
2023-07-01,20190,ABNB,AIRBNB INC,0.008802883572956579
2023-07-01,15440,WING,WINGSTOP INC,0.010966885277838062
2023-07-01,58975,OII,OCEANEERING INTERNATIONAL INC,0.007486385173411883
2023-07-01,16171,KNSL,KINSALE CAPITAL GROUP INC,0.009275944059882173
2023-07-01,18063,EB,EVENTBRITE INC,0.007501294877661544
2023-07-01,76839,FIZZ,NATIONAL BEVERAGE CORP,0.01320098920055649
2023-07-01,92203,LULU,LULULEMON ATHLETICA INC,0.007370137843693935
2023-07-01,89031,AXON,AXON ENTERPRISE INC,0.01212050826961758
2023-07-01,20447,PLTK,PLAYTIKA HOLDING CORP,0.008369063132445237
2023-07-01,64961,NXGN,NEXTGEN HEALTHCARE INC,0.011740628224963006
2023-07-01,47466,NYT,NEW YORK TIMES CO,0.019130284113025923
2023-07-01,17281,WHD,CACTUS INC,0.006411314269372997
2023-07-01,85168,HLX,HELIX ENERGY SOLUTIONS GROUP INC,0.007941466503590053
2023-07-01,11775,JOUT,JOHNSON OUTDOORS INC,0.011900478634776588
2023-07-01,90248,DPZ,DOMINOS PIZZA INC,0.011013009103827284
2023-07-01,21564,LZ,LEGALZOOM COM INC,0.00638588952438688
2023-07-01,85348,YUM,YUM BRANDS INC,0.01798549021425752
2023-07-01,16668,ZYME,ZYMEWORKS INC DE,0.00783400794314008
2023-07-01,84385,NSP,INSPERITY INC,0.007750457293539018
2023-07-01,91606,CPRX,CATALYST PHARMACEUTICALS INC,0.009113273845029583
2023-07-01,71985,SHYF,SHYFT GROUP INC,0.006975514153537538
2023-07-01,93263,CELH,CELSIUS HOLDINGS INC,0.007124493767694157
2023-07-01,90971,IRBT,IROBOT CORP,0.005859844863290898
2023-07-01,88031,MNST,MONSTER BEVERAGE CORP NEW,0.016833985886628742
2023-07-01,77637,FC,FRANKLIN COVEY CO,0.005859844863290898
2023-07-01,90319,GOOGL,ALPHABET INC,0.013462917604144968
2023-07-01,20682,CPNG,COUPANG INC,0.007652260173255358
2023-07-01,90125,CORT,CORCEPT THERAPEUTICS INC,0.012810777384743148
2023-07-01,88167,HSTM,HEALTHSTREAM INC,0.013827172298481794
2023-07-01,18769,ADPT,ADAPTIVE BIOTECHNOLOGIES CORP,0.005859844863290898
2023-07-01,16555,UVV,UNIVERSAL CORP,0.01568360050610134
2023-07-01,77702,SBUX,STARBUCKS CORP,0.019130284113025923
2023-07-01,21776,EXC,EXELON CORP,0.019126644098111618
2023-07-01,75182,PII,POLARIS INC,0.010428035923127778
2023-07-01,38659,GNTX,GENTEX CORP,0.015174672223184303
2023-07-01,79785,NVR,N V R INC,0.019130284113025923
2023-07-01,90979,UAA,UNDER ARMOUR INC,0.00791570697211871
2023-07-01,21178,LMT,LOCKHEED MARTIN CORP,0.019130284113025923
2023-07-01,19561,BA,BOEING CO,0.011725594747685968
2023-07-01,48523,LANC,LANCASTER COLONY CORP,0.011420359778686235
2023-07-01,10145,HON,HONEYWELL INTERNATIONAL INC,0.019130284113025923
2023-07-01,79906,INCY,INCYTE CORP,0.01712701972676272
2023-07-01,14495,ATEN,A10 NETWORKS INC,0.01049190008281642
2023-07-01,41080,CMI,CUMMINS INC,0.01227454760653283
2023-07-01,92753,ERII,ENERGY RECOVERY INC,0.007452328096331394
2023-07-01,75828,EA,ELECTRONIC ARTS INC,0.017748158713482436
2023-07-01,23568,MBC,MASTERBRAND INC,0.012551053361148411
2023-07-01,78003,VTNR,VERTEX ENERGY INC,0.005859844863290898
2023-07-01,88988,IDT,I D T CORP,0.010739830199213821
2023-07-01,14985,BSIG,BRIGHTSPHERE INVESTMENT GRP INC,0.011013308054386451
2023-07-01,18065,GTX,GARRETT MOTION INC,0.008097749748318325
2023-07-01,90868,OFLX,OMEGA FLEX INC,0.013993920595408731
2023-07-01,21122,FLYW,FLYWIRE CORP,0.01111418674744219
2023-07-01,91688,EIG,EMPLOYERS HOLDINGS INC,0.011367069602865985
2023-07-01,13249,PRLB,PROTO LABS INC,0.00839101952173792
2023-07-01,21723,HOOD,ROBINHOOD MARKETS INC,0.009552471214192075
2023-07-01,86102,FHI,FEDERATED HERMES INC,0.013040386533474412
2023-07-01,84511,VCEL,VERICEL CORP,0.00948253360913374
2023-07-01,83509,FCN,F T I CONSULTING INC,0.016110295093640096
2023-07-01,13105,ACHC,ACADIA HEALTHCARE CO INC,-0.01134390805385046
2023-07-01,15795,SGRY,SURGERY PARTNERS INC,-0.008456616571181751
2023-07-01,17684,AHCO,ADAPTHEALTH CORP,-0.0036577540475542826
2023-07-01,14813,MARA,MARATHON DIGITAL HOLDINGS INC,-0.002939663652785315
2023-07-01,14763,CTLT,CATALENT INC,-0.0055131950194654365
2023-07-01,49680,DHR,DANAHER CORP,-0.016849528362840697
2023-07-01,20884,SCLX,SCILEX HOLDING CO,-0.002871251160947668
2023-07-01,11481,EBIX,EBIX INC,-0.004676208027991575
2023-07-01,16000,LSXMK,LIBERTY MEDIA CORP 3RD NEW,-0.012188346198368515
2023-07-01,92213,RIOT,RIOT PLATFORMS INC,-0.004270265307770095
2023-07-01,19628,IRON,DISC MEDICINE INC,-0.0034466667301198306
2023-07-01,16917,BKI,BLACK KNIGHT INC,-0.01564659342011206
2023-07-01,18579,AVTR,AVANTOR INC,-0.010683799880865789
2023-07-01,64186,CI,CIGNA GROUP,-0.015513704610139649
2023-07-01,88648,TTMI,TTM TECHNOLOGIES INC,-0.007931766087553973
2023-07-01,91926,DAL,DELTA AIR LINES INC,-0.011274842999150518
2023-07-01,91103,UAL,UNITED AIRLINES HOLDINGS INC,-0.010007025650293367
2023-07-01,84769,APH,AMPHENOL CORP NEW,-0.017264271758086973
2023-07-01,66800,AIG,AMERICAN INTERNATIONAL GROUP INC,-0.013036734519808442
2023-07-01,93035,SEM,SELECT MEDICAL HOLDINGS CORP,-0.011714354878889345
2023-07-01,21876,TYGO,TIGO ENERGY INC,-0.002871251160947668
2023-07-01,27334,CSL,CARLISLE COMPANIES,-0.01415459696119755
2023-07-01,84372,NCR,N C R CORP NEW,-0.01548393453628225
2023-07-01,93179,PPC,PILGRIMS PRIDE CORP NEW,-0.010675092057834191
2023-07-01,14329,ARMK,ARAMARK,-0.013239850206610664
2023-07-01,21942,LWLG,LIGHTWAVE LOGIC INC,-0.004300276808578155
2023-07-01,82307,DVA,DAVITA INC,-0.01340188770386941
2023-07-01,26403,DIS,DISNEY WALT CO,-0.017264271758086973
2023-07-01,88360,MRVL,MARVELL TECHNOLOGY INC,-0.00807123267578197
2023-07-01,19316,SPHR,SPHERE ENTERTAINMENT CO,-0.006229558669592959
2023-07-01,13949,CDW,C D W CORP NEW,-0.0170177064652576
2023-07-01,76856,FCFS,FIRSTCASH HOLDINGS INC,-0.015002158134663547
2023-07-01,79094,JBL,JABIL INC,-0.011580432042387128
2023-07-01,10200,RGEN,REPLIGEN CORP,-0.008570749255871406
2023-07-01,88182,ON,ON SEMICONDUCTOR CORP,-0.009581833957283651
2023-07-01,20901,AGTI,AGILITI INC,-0.0073622104289630605
2023-07-01,14988,LBRDK,LIBERTY BROADBAND CORP,-0.007953309501045062
2023-07-01,29209,ARW,ARROW ELECTRONICS INC,-0.014314130119649505
2023-07-01,20870,RXDX,PROMETHEUS BIOSCIENCES INC,-0.017264271758086973
2023-07-01,80362,SCSC,SCANSOURCE INC,-0.011302717565666493
2023-07-01,77730,TSN,TYSON FOODS INC,-0.017255906760015392
2023-07-01,89508,KMX,CARMAX INC,-0.006260496268812699
2023-07-01,90097,UCTT,ULTRA CLEAN HOLDINGS INC,-0.008334120855355315
2023-07-01,10693,EHC,ENCOMPASS HEALTH CORP,-0.017264271758086973
2023-07-01,20357,IONQ,IONQ INC,-0.002871251160947668
2023-07-01,57808,VSH,VISHAY INTERTECHNOLOGY INC,-0.015572179257910285
2023-07-01,19751,LCID,LUCID GROUP INC,-0.0034008782403077966
2023-07-01,66384,WDC,WESTERN DIGITAL CORP,-0.011743914857208586
2023-07-01,76226,PARA,PARAMOUNT GLOBAL,-0.00939868298405206
2023-07-01,91611,FSLR,FIRST SOLAR INC,-0.010007645442928493
2023-07-01,79668,BDC,BELDEN INC NEW,-0.009989314172278389
2023-07-01,15643,RUN,SUNRUN INC,-0.00581977709014401
2023-07-01,21262,DAWN,DAY ONE BIOPHARMACEUTICALS INC,-0.004784767885713169
2023-07-01,53613,MU,MICRON TECHNOLOGY INC,-0.011205915228967687
2023-07-01,84348,VSAT,VIASAT INC,-0.006472323357263236
2023-07-01,59328,INTC,INTEL CORP,-0.006542269856736349
2023-07-01,10158,AMRC,AMERESCO INC,-0.006041454354533072
2023-07-01,82272,MD,PEDIATRIX MEDICAL GROUP INC,-0.010537639257041653
2023-07-01,12266,CDMO,AVID BIOSERVICES INC,-0.005138366880564867
2023-07-01,21020,AAL,AMERICAN AIRLINES GROUP INC,-0.01280510316948128
2023-07-01,80050,UFPT,U F P TECHNOLOGIES INC,-0.011244408736329158
2023-07-01,87426,LCII,L C I INDUSTRIES,-0.00700932498553839
2023-07-01,15221,RCKT,ROCKET PHARMACEUTICALS INC,-0.007053432599794679
2023-07-01,16086,HTZ,HERTZ GLOBAL HOLDINGS INC NEW,-0.01247870042849359
2023-07-01,40125,DXC,D X C TECHNOLOGY CO,-0.009587965749346089
2023-07-01,85886,CNXN,PC CONNECTION INC,-0.01265987697576365
2023-07-01,81740,SBGI,SINCLAIR INC,-0.005247918511870835
2023-07-01,91915,CNK,CINEMARK HOLDINGS INC,-0.0077310209935696995
2023-07-01,20820,MOND,MONDEE HOLDINGS INC,-0.002871251160947668
2023-07-01,77918,LFUS,LITTELFUSE INC,-0.013018338587118965
2023-07-01,22626,AMLX,AMYLYX PHARMACEUTICALS INC,-0.007235558253721888
2023-07-01,15527,LOB,LIVE OAK BANCSHARES INC,-0.004605587442448684
2023-07-01,13921,CUBI,CUSTOMERS BANCORP INC,-0.004205545006582048
2023-07-01,60186,OMI,OWENS & MINOR INC NEW,-0.00817784040016553
2023-07-01,19593,MIR,MIRION TECHNOLOGIES INC,-0.007479765269466965
2023-07-01,81220,NSIT,INSIGHT ENTERPRISES INC,-0.017264271758086973
2023-07-01,20381,NVTS,NAVITAS SEMICONDUCTOR CORP,-0.006674540188023605
2023-07-01,20339,AFRM,AFFIRM HOLDINGS INC,-0.003555461184442872
2023-07-01,81621,HLIT,HARMONIC INC,-0.00981831177680262
2023-07-01,19655,STEP,STEPSTONE GROUP INC,-0.008077005933101646
2023-07-01,20196,UPST,UPSTART HOLDINGS INC,-0.0028714947894168067
2023-07-01,19404,FOUR,SHIFT4 PAYMENTS INC,-0.008317615054707234
2023-07-01,23352,AMPX,AMPRIUS TECHNOLOGIES INC,-0.0038388739016874886
2023-07-01,16989,KIDS,ORTHOPEDIATRICS CORP,-0.008364926316276635
2023-07-01,10777,FCNCA,FIRST CITIZENS BANCSHARES INC NC,-0.009292523683453683
2023-07-01,89986,APLD,APPLIED DIGITAL CORP,-0.002871251160947668
2023-07-01,10547,CLFD,CLEARFIELD INC,-0.005208869834458023
2023-07-01,27684,AVT,AVNET INC,-0.011563613076452348
2023-07-01,86047,AMKR,AMKOR TECHNOLOGY INC,-0.006179017763441813
2023-07-01,19484,PCVX,VAXCYTE INC,-0.006550725999647558
2023-07-01,86896,CBU,COMMUNITY BANK SYSTEM INC,-0.006360945700202772
2023-07-01,15948,NIC,NICOLET BANKSHARES INC,-0.0060468786371004665
2023-07-01,10932,WBS,WEBSTER FINANCIAL CORP,-0.007113426893379423
2023-07-01,20057,VTRS,VIATRIS INC,-0.011644583089221764
2023-07-01,89395,PNFP,PINNACLE FINANCIAL PARTNERS INC,-0.006745930689103328
2023-07-01,25487,CAR,AVIS BUDGET GROUP INC,-0.0073893090794551934
2023-07-01,89327,ABG,ASBURY AUTOMOTIVE GROUP INC,-0.007266775199941524
2023-07-01,11587,ATRI,ATRION CORP,-0.007933547556702654
2023-07-01,80072,VLY,VALLEY NATIONAL BANCORP,-0.005555046781340914
2023-07-01,83989,GTN,GRAY TELEVISION INC,-0.0054439038111586315
2023-08-01,65700,USLM,UNITED STATES LIME MINERALS INC,0.010391481712785344
2023-08-01,21614,DUOL,DUOLINGO INC,0.00516210081490716
2023-08-01,85724,PRDO,PERDOCEO EDUCATION CORP,0.014032329387812714
2023-08-01,20681,COUR,COURSERA INC,0.005142119259997575
2023-08-01,22248,UDMY,UDEMY INC,0.006297436669427424
2023-08-01,83124,CSGS,C S G SYSTEMS INTERNATIONAL INC,0.020590305856159855
2023-08-01,73219,RGR,STURM RUGER & CO INC,0.020590305856159855
2023-08-01,15291,ETSY,ETSY INC,0.00660887351185066
2023-08-01,18134,UPWK,UPWORK INC,0.005158005691876058
2023-08-01,79491,WINA,WINMARK CORP,0.012749567390921321
2023-08-01,18452,LYFT,LYFT INC,0.005142119259997575
2023-08-01,18065,GTX,GARRETT MOTION INC,0.010076262255465906
2023-08-01,20189,DASH,DOORDASH INC,0.011562200438746449
2023-08-01,92221,MELI,MERCADOLIBRE INC,0.006140771588899461
2023-08-01,21125,ZIP,ZIPRECRUITER INC,0.009954722080325109
2023-08-01,90868,OFLX,OMEGA FLEX INC,0.007727579966738663
2023-08-01,13249,PRLB,PROTO LABS INC,0.012178259781949113
2023-08-01,76128,VICR,VICOR CORP,0.005142119259997575
2023-08-01,84010,USNA,USANA HEALTH SCIENCES INC,0.009693702569728952
2023-08-01,18011,SONO,SONOS INC,0.009277470749882506
2023-08-01,15826,SQ,BLOCK INC,0.006429755563383309
2023-08-01,21957,RELY,REMITLY GLOBAL INC,0.00680479384165951
2023-08-01,14985,BSIG,BRIGHTSPHERE INVESTMENT GRP INC,0.009695511667348344
2023-08-01,92852,LOPE,GRAND CANYON EDUCATION INC,0.017431629776066587
2023-08-01,84788,AMZN,AMAZON COM INC,0.011597141760653169
2023-08-01,15440,WING,WINGSTOP INC,0.007740591302593987
2023-08-01,86783,BKNG,BOOKING HOLDINGS INC,0.01256860894953417
2023-08-01,79248,THRM,GENTHERM INC,0.008924869714887004
2023-08-01,16171,KNSL,KINSALE CAPITAL GROUP INC,0.016490191648684756
2023-08-01,76261,EXPO,EXPONENT INC,0.013400866356814402
2023-08-01,13318,YELP,YELP INC,0.007006223734137761
2023-08-01,21122,FLYW,FLYWIRE CORP,0.006680701156286806
2023-08-01,75034,BKR,BAKER HUGHES CO,0.012178903307183946
2023-08-01,16338,VVV,VALVOLINE INC,0.018888547816629478
2023-08-01,86356,EBAY,EBAY INC,0.006472165186988987
2023-08-01,91688,EIG,EMPLOYERS HOLDINGS INC,0.01603913163611188
2023-08-01,75233,VGR,VECTOR GROUP LTD,0.018192681683388074
2023-08-01,20447,PLTK,PLAYTIKA HOLDING CORP,0.010528058047330837
2023-08-01,86102,FHI,FEDERATED HERMES INC,0.007877646384201279
2023-08-01,18485,PINS,PINTEREST INC,0.007487594523862292
2023-08-01,16309,TTD,TRADE DESK INC,0.0064310656385528076
2023-08-01,93263,CELH,CELSIUS HOLDINGS INC,0.009696355292574727
2023-08-01,14521,TNET,TRINET GROUP INC,0.00903067668681851
2023-08-01,84511,VCEL,VERICEL CORP,0.00871374266757411
2023-08-01,57665,NKE,NIKE INC,0.015933676833117152
2023-08-01,21564,LZ,LEGALZOOM COM INC,0.007809746899259629
2023-08-01,80054,MED,MEDIFAST INC,0.008102364314792018
2023-08-01,13625,SSTK,SHUTTERSTOCK INC,0.006390662591277214
2023-08-01,92203,LULU,LULULEMON ATHLETICA INC,0.013750188400336894
2023-08-01,16595,SNAP,SNAP INC,0.005142119259997575
2023-08-01,76839,FIZZ,NATIONAL BEVERAGE CORP,0.013714883143343192
2023-08-01,84385,NSP,INSPERITY INC,0.015373305073717291
2023-08-01,88031,MNST,MONSTER BEVERAGE CORP NEW,0.019834847039637955
2023-08-01,85424,DRQ,DRIL QUIP INC,0.00821661049364636
2023-08-01,20659,VZIO,VIZIO HOLDING CORP,0.005543682796618243
2023-08-01,15546,Z,ZILLOW GROUP INC,0.006519357318223138
2023-08-01,90971,IRBT,IROBOT CORP,0.005370110105324461
2023-08-01,85348,YUM,YUM BRANDS INC,0.020590305856159855
2023-08-01,47466,NYT,NEW YORK TIMES CO,0.012971941163459094
2023-08-01,77637,FC,FRANKLIN COVEY CO,0.015969756445342598
2023-08-01,20190,ABNB,AIRBNB INC,0.010737555389682338
2023-08-01,64961,NXGN,NEXTGEN HEALTHCARE INC,0.012694635452050464
2023-08-01,11884,IPAR,INTERMEDIATE PARFUMS INC,0.0066918967125633375
2023-08-01,83509,FCN,F T I CONSULTING INC,0.007015527915361938
2023-08-01,18725,RVLV,REVOLVE GROUP INC,0.006965720475239756
2023-08-01,20682,CPNG,COUPANG INC,0.009079064703631559
2023-08-01,90319,GOOGL,ALPHABET INC,0.009280710207764786
2023-08-01,21723,HOOD,ROBINHOOD MARKETS INC,0.00653325364063861
2023-08-01,89031,AXON,AXON ENTERPRISE INC,0.011544202324680224
2023-08-01,18063,EB,EVENTBRITE INC,0.00547811511668633
2023-08-01,88167,HSTM,HEALTHSTREAM INC,0.015307693355456373
2023-08-01,77702,SBUX,STARBUCKS CORP,0.016130394665913875
2023-08-01,23568,MBC,MASTERBRAND INC,0.007689796788935412
2023-08-01,90125,CORT,CORCEPT THERAPEUTICS INC,0.01815707675712636
2023-08-01,91606,CPRX,CATALYST PHARMACEUTICALS INC,0.007983181419983042
2023-08-01,17281,WHD,CACTUS INC,0.011247198958613588
2023-08-01,85168,HLX,HELIX ENERGY SOLUTIONS GROUP INC,0.007954739494013154
2023-08-01,79785,NVR,N V R INC,0.013134822690925273
2023-08-01,21178,LMT,LOCKHEED MARTIN CORP,0.019404283185466043
2023-08-01,14495,ATEN,A10 NETWORKS INC,0.010319094187690116
2023-08-01,58975,OII,OCEANEERING INTERNATIONAL INC,0.005142119259997575
2023-08-01,48523,LANC,LANCASTER COLONY CORP,0.016981970953324196
2023-08-01,16555,UVV,UNIVERSAL CORP,0.020590305856159855
2023-08-01,10145,HON,HONEYWELL INTERNATIONAL INC,0.012343120473315383
2023-08-01,41080,CMI,CUMMINS INC,0.01664298086968396
2023-08-01,21361,HGTY,HAGERTY INC,0.012452760523009192
2023-08-01,17688,GSHD,GOOSEHEAD INSURANCE INC,0.010138454285596852
2023-08-01,68830,REX,REX AMERICAN RESOURCES CORP,0.02054839656375621
2023-08-01,20646,OSCR,OSCAR HEALTH INC,0.005584901904528677
2023-08-01,81665,GIC,GLOBAL INDUSTRIAL CO,0.01548595556082002
2023-08-01,23679,SKWD,SKYWARD SPECIALTY INSUR GP INC,0.009929146281617408
2023-08-01,41292,HCSG,HEALTHCARE SERVICES GROUP INC,0.005248864754591792
2023-08-01,90963,AMSF,AMERISAFE INC,0.013448322133444482
2023-08-01,16277,DFIN,DONNELLEY FINANCIAL SOL INC,0.012975509371200197
2023-08-01,17367,LPRO,OPEN LENDING CORP,0.010870299878104273
2023-08-01,13537,FRG,FRANCHISE GROUP INC,0.020590305856159855
2023-08-01,13577,HY,HYSTER YALE MATERIALS HANDLG INC,0.0064741531153771755
2023-08-01,15937,EDIT,EDITAS MEDICINE INC,0.009414053036520494
2023-08-01,85972,CRAI,C R A INTERNATIONAL INC,0.016464504531222116
2023-08-01,75460,TNC,TENNANT CO,0.016626623559516978
2023-08-01,13105,ACHC,ACADIA HEALTHCARE CO INC,-0.005870236943883295
2023-08-01,16917,BKI,BLACK KNIGHT INC,-0.004812539212470125
2023-08-01,17684,AHCO,ADAPTHEALTH CORP,-0.007727440518266702
2023-08-01,49680,DHR,DANAHER CORP,-0.009540231778677436
2023-08-01,14763,CTLT,CATALENT INC,-0.014025335199678525
2023-08-01,15795,SGRY,SURGERY PARTNERS INC,-0.008678078165867933
2023-08-01,20884,SCLX,SCILEX HOLDING CO,-0.0042048682857239485
2023-08-01,16000,LSXMK,LIBERTY MEDIA CORP 3RD NEW,-0.009106873791644427
2023-08-01,88182,ON,ON SEMICONDUCTOR CORP,-0.006887983014103256
2023-08-01,18579,AVTR,AVANTOR INC,-0.006507794809350069
2023-08-01,84769,APH,AMPHENOL CORP NEW,-0.012854471764242526
2023-08-01,10200,RGEN,REPLIGEN CORP,-0.0061269224552133504
2023-08-01,20057,VTRS,VIATRIS INC,-0.013279673132665695
2023-08-01,91926,DAL,DELTA AIR LINES INC,-0.011686903953169412
2023-08-01,89986,APLD,APPLIED DIGITAL CORP,-0.0030361898956431407
2023-08-01,84372,NCR,N C R CORP NEW,-0.011712173060797474
2023-08-01,64186,CI,CIGNA GROUP,-0.010050770463500024
2023-08-01,19628,IRON,DISC MEDICINE INC,-0.009232444391047739
2023-08-01,14813,MARA,MARATHON DIGITAL HOLDINGS INC,-0.003258445964239126
2023-08-01,91103,UAL,UNITED AIRLINES HOLDINGS INC,-0.008994478204225782
2023-08-01,80362,SCSC,SCANSOURCE INC,-0.013494110480339423
2023-08-01,88648,TTMI,TTM TECHNOLOGIES INC,-0.01387633641789858
2023-08-01,21876,TYGO,TIGO ENERGY INC,-0.0030361898956431407
2023-08-01,27684,AVT,AVNET INC,-0.01531262380253113
2023-08-01,11481,EBIX,EBIX INC,-0.003483432132231477
2023-08-01,93179,PPC,PILGRIMS PRIDE CORP NEW,-0.007826177727324924
2023-08-01,20357,IONQ,IONQ INC,-0.0030740174797369863
2023-08-01,92213,RIOT,RIOT PLATFORMS INC,-0.0030361898956431407
2023-08-01,14329,ARMK,ARAMARK,-0.011548253577987807
2023-08-01,86047,AMKR,AMKOR TECHNOLOGY INC,-0.008211294192808584
2023-08-01,88360,MRVL,MARVELL TECHNOLOGY INC,-0.008920194427962616
2023-08-01,11587,ATRI,ATRION CORP,-0.008021858423974008
2023-08-01,10932,WBS,WEBSTER FINANCIAL CORP,-0.00953576463132768
2023-08-01,66800,AIG,AMERICAN INTERNATIONAL GROUP INC,-0.016872449694252226
2023-08-01,93035,SEM,SELECT MEDICAL HOLDINGS CORP,-0.00877480200041381
2023-08-01,79094,JBL,JABIL INC,-0.015217199483125115
2023-08-01,19751,LCID,LUCID GROUP INC,-0.0033933605524423768
2023-08-01,19316,SPHR,SPHERE ENTERTAINMENT CO,-0.006030947328518426
2023-08-01,26403,DIS,DISNEY WALT CO,-0.012151626081308098
2023-08-01,80072,VLY,VALLEY NATIONAL BANCORP,-0.006308333319735908
2023-08-01,14988,LBRDK,LIBERTY BROADBAND CORP,-0.012541249787362548
2023-08-01,90097,UCTT,ULTRA CLEAN HOLDINGS INC,-0.007928286241545311
2023-08-01,13949,CDW,C D W CORP NEW,-0.01741180316936248
2023-08-01,21942,LWLG,LIGHTWAVE LOGIC INC,-0.004062508897590064
2023-08-01,89395,PNFP,PINNACLE FINANCIAL PARTNERS INC,-0.0065986052945445055
2023-08-01,77730,TSN,TYSON FOODS INC,-0.01589064628371476
2023-08-01,20901,AGTI,AGILITI INC,-0.007519354842058325
2023-08-01,83989,GTN,GRAY TELEVISION INC,-0.005701597812629243
2023-08-01,89327,ABG,ASBURY AUTOMOTIVE GROUP INC,-0.007467929263952814
2023-08-01,76226,PARA,PARAMOUNT GLOBAL,-0.006628676630764235
2023-08-01,15643,RUN,SUNRUN INC,-0.0037395571725163013
2023-08-01,19484,PCVX,VAXCYTE INC,-0.008229279507819343
2023-08-01,76856,FCFS,FIRSTCASH HOLDINGS INC,-0.016330762250977248
2023-08-01,10158,AMRC,AMERESCO INC,-0.004849667277262842
2023-08-01,77918,LFUS,LITTELFUSE INC,-0.015454254582022724
2023-08-01,81220,NSIT,INSIGHT ENTERPRISES INC,-0.01739990090350364
2023-08-01,29209,ARW,ARROW ELECTRONICS INC,-0.01741180316936248
2023-08-01,10547,CLFD,CLEARFIELD INC,-0.010073816991837492
2023-08-01,27334,CSL,CARLISLE COMPANIES,-0.01741180316936248
2023-08-01,82307,DVA,DAVITA INC,-0.015139936819148539
2023-08-01,20381,NVTS,NAVITAS SEMICONDUCTOR CORP,-0.0048281990945614976
2023-08-01,10693,EHC,ENCOMPASS HEALTH CORP,-0.014929505188467597
2023-08-01,15948,NIC,NICOLET BANKSHARES INC,-0.009575086562906515
2023-08-01,82272,MD,PEDIATRIX MEDICAL GROUP INC,-0.011389283534571897
2023-08-01,59328,INTC,INTEL CORP,-0.007245091012219007
2023-08-01,20196,UPST,UPSTART HOLDINGS INC,-0.0030361898956431407
2023-08-01,21020,AAL,AMERICAN AIRLINES GROUP INC,-0.008542947410662641
2023-08-01,25487,CAR,AVIS BUDGET GROUP INC,-0.009600533660002193
2023-08-01,22626,AMLX,AMYLYX PHARMACEUTICALS INC,-0.00713005950516683
2023-08-01,20820,MOND,MONDEE HOLDINGS INC,-0.004103950710791704
2023-08-01,57808,VSH,VISHAY INTERTECHNOLOGY INC,-0.013020509533437436
2023-08-01,91611,FSLR,FIRST SOLAR INC,-0.006664435519030211
2023-08-01,89508,KMX,CARMAX INC,-0.01329305648263243
2023-08-01,80050,UFPT,U F P TECHNOLOGIES INC,-0.007339127341242062
2023-08-01,53613,MU,MICRON TECHNOLOGY INC,-0.009965217874126246
2023-08-01,19593,MIR,MIRION TECHNOLOGIES INC,-0.008174675408920118
2023-08-01,15527,LOB,LIVE OAK BANCSHARES INC,-0.004671549967375361
2023-08-01,66384,WDC,WESTERN DIGITAL CORP,-0.008850837418852675
2023-08-01,21262,DAWN,DAY ONE BIOPHARMACEUTICALS INC,-0.0069002133695633665
2023-08-01,86896,CBU,COMMUNITY BANK SYSTEM INC,-0.00721297480469639
2023-08-01,16086,HTZ,HERTZ GLOBAL HOLDINGS INC NEW,-0.005332741278254479
2023-08-01,79668,BDC,BELDEN INC NEW,-0.01741180316936248
2023-08-01,91915,CNK,CINEMARK HOLDINGS INC,-0.006866224708711248
2023-08-01,23352,AMPX,AMPRIUS TECHNOLOGIES INC,-0.00539714420828016
2023-08-01,87426,LCII,L C I INDUSTRIES,-0.010939910215449091
2023-08-01,20339,AFRM,AFFIRM HOLDINGS INC,-0.0030419098727269235
2023-08-01,15221,RCKT,ROCKET PHARMACEUTICALS INC,-0.007187451934560058
2023-08-01,85886,CNXN,PC CONNECTION INC,-0.01741180316936248
2023-08-01,84348,VSAT,VIASAT INC,-0.0030361898956431407
2023-08-01,19655,STEP,STEPSTONE GROUP INC,-0.010223944883479101
2023-08-01,12266,CDMO,AVID BIOSERVICES INC,-0.007034073661074472
2023-08-01,90377,ONTO,ONTO INNOVATION INC,-0.0053092450996825415
2023-08-01,78875,WOLF,WOLFSPEED INC,-0.0042807271080224345
2023-08-01,17223,ADT,A D T INC,-0.009228841239144359
2023-08-01,76224,BHE,BENCHMARK ELECTRONICS INC,-0.016664539584369364
2023-08-01,91907,SMCI,SUPER MICRO COMPUTER INC,-0.006731490387207535
2023-08-01,10516,ADM,ARCHER DANIELS MIDLAND CO,-0.012197560562823591
2023-08-01,81696,DISH,DISH NETWORK CORP,-0.004027688988239045
2023-08-01,27633,R,RYDER SYSTEMS INC,-0.008888873200315478
2023-08-01,14882,CZR,CAESARS ENTERTAINMENT INC DE,-0.00634347752995217
2023-09-01,22248,UDMY,UDEMY INC,0.007678865707441605
2023-09-01,21614,DUOL,DUOLINGO INC,0.005589501061399272
2023-09-01,20681,COUR,COURSERA INC,0.011656991606619304
2023-09-01,15291,ETSY,ETSY INC,0.005606935590590309
2023-09-01,65700,USLM,UNITED STATES LIME MINERALS INC,0.008954651766712554
2023-09-01,73219,RGR,STURM RUGER & CO INC,0.01372702814635939
2023-09-01,13249,PRLB,PROTO LABS INC,0.011217296801639107
2023-09-01,76128,VICR,VICOR CORP,0.006109900950278775
2023-09-01,20189,DASH,DOORDASH INC,0.009217988597752755
2023-09-01,18011,SONO,SONOS INC,0.009078102040744298
2023-09-01,16338,VVV,VALVOLINE INC,0.014973807848981549
2023-09-01,18065,GTX,GARRETT MOTION INC,0.009328578885227473
2023-09-01,79491,WINA,WINMARK CORP,0.01258780938517257
2023-09-01,85724,PRDO,PERDOCEO EDUCATION CORP,0.005661290548687409
2023-09-01,83124,CSGS,C S G SYSTEMS INTERNATIONAL INC,0.005494670029783034
2023-09-01,21125,ZIP,ZIPRECRUITER INC,0.005922165662391514
2023-09-01,17367,LPRO,OPEN LENDING CORP,0.0040627264384842645
2023-09-01,84788,AMZN,AMAZON COM INC,0.00841132301380286
2023-09-01,15440,WING,WINGSTOP INC,0.015152897519447808
2023-09-01,21564,LZ,LEGALZOOM COM INC,0.004303977652893634
2023-09-01,68830,REX,REX AMERICAN RESOURCES CORP,0.006690911233652659
2023-09-01,13318,YELP,YELP INC,0.010030149608630096
2023-09-01,18452,LYFT,LYFT INC,0.0043724244111452175
2023-09-01,41292,HCSG,HEALTHCARE SERVICES GROUP INC,0.017241325482550803
2023-09-01,84010,USNA,USANA HEALTH SCIENCES INC,0.01699761903054833
2023-09-01,76261,EXPO,EXPONENT INC,0.018671227718628048
2023-09-01,75034,BKR,BAKER HUGHES CO,0.02187437595062053
2023-09-01,86783,BKNG,BOOKING HOLDINGS INC,0.00802296457637055
2023-09-01,86356,EBAY,EBAY INC,0.01569675898829281
2023-09-01,90868,OFLX,OMEGA FLEX INC,0.011334170582751166
2023-09-01,21361,HGTY,HAGERTY INC,0.010195748377679427
2023-09-01,93263,CELH,CELSIUS HOLDINGS INC,0.0040744843624235805
2023-09-01,20447,PLTK,PLAYTIKA HOLDING CORP,0.007480006366920785
2023-09-01,92221,MELI,MERCADOLIBRE INC,0.004670065986825712
2023-09-01,76839,FIZZ,NATIONAL BEVERAGE CORP,0.01662910764862876
2023-09-01,18485,PINS,PINTEREST INC,0.010266208541457945
2023-09-01,81665,GIC,GLOBAL INDUSTRIAL CO,0.010585247141347053
2023-09-01,14521,TNET,TRINET GROUP INC,0.02026048495127306
2023-09-01,15826,SQ,BLOCK INC,0.0057635713191904
2023-09-01,90963,AMSF,AMERISAFE INC,0.02187437595062053
2023-09-01,90971,IRBT,IROBOT CORP,0.013129603331761604
2023-09-01,92852,LOPE,GRAND CANYON EDUCATION INC,0.012521087879795384
2023-09-01,16171,KNSL,KINSALE CAPITAL GROUP INC,0.013774244235186495
2023-09-01,20646,OSCR,OSCAR HEALTH INC,0.004201296798849131
2023-09-01,20659,VZIO,VIZIO HOLDING CORP,0.00524081496113083
2023-09-01,16595,SNAP,SNAP INC,0.008908182423627944
2023-09-01,85348,YUM,YUM BRANDS INC,0.02187437595062053
2023-09-01,16309,TTD,TRADE DESK INC,0.007447074643490059
2023-09-01,15937,EDIT,EDITAS MEDICINE INC,0.0071614263693088355
2023-09-01,75233,VGR,VECTOR GROUP LTD,0.006775833508691719
2023-09-01,13625,SSTK,SHUTTERSTOCK INC,0.0066943287435257985
2023-09-01,15546,Z,ZILLOW GROUP INC,0.009456995829562585
2023-09-01,84511,VCEL,VERICEL CORP,0.009569573025046909
2023-09-01,92203,LULU,LULULEMON ATHLETICA INC,0.012703847025014637
2023-09-01,90319,GOOGL,ALPHABET INC,0.013575180082812142
2023-09-01,18134,UPWK,UPWORK INC,0.0040627264384842645
2023-09-01,57665,NKE,NIKE INC,0.016415585490990203
2023-09-01,20190,ABNB,AIRBNB INC,0.009916524361508907
2023-09-01,88031,MNST,MONSTER BEVERAGE CORP NEW,0.009929403460770824
2023-09-01,17688,GSHD,GOOSEHEAD INSURANCE INC,0.0053466570137991245
2023-09-01,79248,THRM,GENTHERM INC,0.006672666576366119
2023-09-01,21122,FLYW,FLYWIRE CORP,0.006460579033829778
2023-09-01,86102,FHI,FEDERATED HERMES INC,0.021874375950560413
2023-09-01,21178,LMT,LOCKHEED MARTIN CORP,0.02187437595062053
2023-09-01,77702,SBUX,STARBUCKS CORP,0.015738262331191594
2023-09-01,85972,CRAI,C R A INTERNATIONAL INC,0.01432084961863131
2023-09-01,90125,CORT,CORCEPT THERAPEUTICS INC,0.0040627264384842645
2023-09-01,88167,HSTM,HEALTHSTREAM INC,0.021874375950560413
2023-09-01,23679,SKWD,SKYWARD SPECIALTY INSUR GP INC,0.01539123963403867
2023-09-01,47466,NYT,NEW YORK TIMES CO,0.009051550447200003
2023-09-01,18063,EB,EVENTBRITE INC,0.007747947862463667
2023-09-01,21723,HOOD,ROBINHOOD MARKETS INC,0.008416378105141528
2023-09-01,91688,EIG,EMPLOYERS HOLDINGS INC,0.02187437595062053
2023-09-01,18725,RVLV,REVOLVE GROUP INC,0.00825506249320887
2023-09-01,20682,CPNG,COUPANG INC,0.008343318869945774
2023-09-01,75460,TNC,TENNANT CO,0.013853461740291194
2023-09-01,64961,NXGN,NEXTGEN HEALTHCARE INC,0.010843984732638189
2023-09-01,11884,IPAR,INTERMEDIATE PARFUMS INC,0.008483254271846385
2023-09-01,83509,FCN,F T I CONSULTING INC,0.013171676491986207
2023-09-01,80054,MED,MEDIFAST INC,0.008446539285076894
2023-09-01,89031,AXON,AXON ENTERPRISE INC,0.005461342589396146
2023-09-01,21957,RELY,REMITLY GLOBAL INC,0.0040627264384842645
2023-09-01,23568,MBC,MASTERBRAND INC,0.010420895144322692
2023-09-01,91606,CPRX,CATALYST PHARMACEUTICALS INC,0.00853090438564182
2023-09-01,16277,DFIN,DONNELLEY FINANCIAL SOL INC,0.010420768361551107
2023-09-01,13537,FRG,FRANCHISE GROUP INC,0.02187437595062053
2023-09-01,10145,HON,HONEYWELL INTERNATIONAL INC,0.02187437595062053
2023-09-01,14495,ATEN,A10 NETWORKS INC,0.013578119961063569
2023-09-01,79785,NVR,N V R INC,0.016230367288309434
2023-09-01,14985,BSIG,BRIGHTSPHERE INVESTMENT GRP INC,0.009591774328707463
2023-09-01,13577,HY,HYSTER YALE MATERIALS HANDLG INC,0.007291260344828426
2023-09-01,41080,CMI,CUMMINS INC,0.010816835980853689
2023-09-01,17281,WHD,CACTUS INC,0.014440060027325776
2023-09-01,82542,CCF,CHASE CORP,0.02187437595062053
2023-09-01,18064,FTDR,FRONTDOOR INC,0.010802029155501722
2023-09-01,56822,NWLI,NATIONAL WESTERN LIFE GROUP INC,0.013495186494435827
2023-09-01,20657,ACVA,A C V AUCTIONS INC,0.008192419778048673
2023-09-01,20441,ROVR,ROVER GROUP INC,0.005365390726940259
2023-09-01,20315,PUBM,PUBMATIC INC,0.0040627264384842645
2023-09-01,23439,MBLY,MOBILEYE GLOBAL INC,0.012403361439616739
2023-09-01,13105,ACHC,ACADIA HEALTHCARE CO INC,-0.01735810694254894
2023-09-01,16917,BKI,BLACK KNIGHT INC,-0.018125624049439588
2023-09-01,17684,AHCO,ADAPTHEALTH CORP,-0.004303707129107492
2023-09-01,14763,CTLT,CATALENT INC,-0.007729517688577619
2023-09-01,15795,SGRY,SURGERY PARTNERS INC,-0.008749679172105168
2023-09-01,20057,VTRS,VIATRIS INC,-0.012177050719236223
2023-09-01,14813,MARA,MARATHON DIGITAL HOLDINGS INC,-0.0024575737007916775
2023-09-01,49680,DHR,DANAHER CORP,-0.018125624049439588
2023-09-01,89986,APLD,APPLIED DIGITAL CORP,-0.003361132829343222
2023-09-01,84372,NCR,N C R CORP NEW,-0.006214049257000407
2023-09-01,80362,SCSC,SCANSOURCE INC,-0.005510474021493692
2023-09-01,16000,LSXMK,LIBERTY MEDIA CORP 3RD NEW,-0.00978275776233031
2023-09-01,90377,ONTO,ONTO INNOVATION INC,-0.004766082736961132
2023-09-01,78875,WOLF,WOLFSPEED INC,-0.003710504696525153
2023-09-01,84769,APH,AMPHENOL CORP NEW,-0.018125624049439588
2023-09-01,13949,CDW,C D W CORP NEW,-0.0124175908769463
2023-09-01,27684,AVT,AVNET INC,-0.008227364978994374
2023-09-01,91926,DAL,DELTA AIR LINES INC,-0.012222774237509434
2023-09-01,19628,IRON,DISC MEDICINE INC,-0.007304962955963855
2023-09-01,18579,AVTR,AVANTOR INC,-0.014721871773542311
2023-09-01,88648,TTMI,TTM TECHNOLOGIES INC,-0.014745569764288011
2023-09-01,91103,UAL,UNITED AIRLINES HOLDINGS INC,-0.011436838197079292
2023-09-01,93035,SEM,SELECT MEDICAL HOLDINGS CORP,-0.013856501336331073
2023-09-01,10693,EHC,ENCOMPASS HEALTH CORP,-0.01185347247391095
2023-09-01,80072,VLY,VALLEY NATIONAL BANCORP,-0.009010101662916306
2023-09-01,14988,LBRDK,LIBERTY BROADBAND CORP,-0.012500954904471792
2023-09-01,79094,JBL,JABIL INC,-0.008122189808936269
2023-09-01,10932,WBS,WEBSTER FINANCIAL CORP,-0.01328215074195642
2023-09-01,88182,ON,ON SEMICONDUCTOR CORP,-0.007835303806719816
2023-09-01,10200,RGEN,REPLIGEN CORP,-0.00927340446384129
2023-09-01,81696,DISH,DISH NETWORK CORP,-0.005740859678644445
2023-09-01,14329,ARMK,ARAMARK,-0.007445476730220299
2023-09-01,11587,ATRI,ATRION CORP,-0.008917274095797123
2023-09-01,20901,AGTI,AGILITI INC,-0.002543625249126381
2023-09-01,19751,LCID,LUCID GROUP INC,-0.004674855934500359
2023-09-01,92213,RIOT,RIOT PLATFORMS INC,-0.0031114770485804826
2023-09-01,83989,GTN,GRAY TELEVISION INC,-0.0033376746477849846
2023-09-01,64186,CI,CIGNA GROUP,-0.009443684468266855
2023-09-01,14882,CZR,CAESARS ENTERTAINMENT INC DE,-0.009479379830445453
2023-09-01,26403,DIS,DISNEY WALT CO,-0.010005910272001336
2023-09-01,19316,SPHR,SPHERE ENTERTAINMENT CO,-0.004990466453783319
2023-09-01,81220,NSIT,INSIGHT ENTERPRISES INC,-0.012817924928308242
2023-09-01,15643,RUN,SUNRUN INC,-0.004122184489060287
2023-09-01,66800,AIG,AMERICAN INTERNATIONAL GROUP INC,-0.018125624049439588
2023-09-01,19593,MIR,MIRION TECHNOLOGIES INC,-0.010618331198477002
2023-09-01,93179,PPC,PILGRIMS PRIDE CORP NEW,-0.018125624049439588
2023-09-01,17223,ADT,A D T INC,-0.009431409197414373
2023-09-01,76856,FCFS,FIRSTCASH HOLDINGS INC,-0.016490996722638696
2023-09-01,82272,MD,PEDIATRIX MEDICAL GROUP INC,-0.00953805348896686
2023-09-01,86047,AMKR,AMKOR TECHNOLOGY INC,-0.009206642840094216
2023-09-01,77730,TSN,TYSON FOODS INC,-0.012203555019364785
2023-09-01,21942,LWLG,LIGHTWAVE LOGIC INC,-0.005427799198815543
2023-09-01,89327,ABG,ASBURY AUTOMOTIVE GROUP INC,-0.011815306627824086
2023-09-01,20357,IONQ,IONQ INC,-0.0027773673205340804
2023-09-01,20339,AFRM,AFFIRM HOLDINGS INC,-0.002461959546569745
2023-09-01,88360,MRVL,MARVELL TECHNOLOGY INC,-0.005460979628844637
2023-09-01,10516,ADM,ARCHER DANIELS MIDLAND CO,-0.017229513435179207
2023-09-01,76226,PARA,PARAMOUNT GLOBAL,-0.007498816519994706
2023-09-01,82307,DVA,DAVITA INC,-0.008562296445824935
2023-09-01,76224,BHE,BENCHMARK ELECTRONICS INC,-0.018125624049439588
2023-09-01,90097,UCTT,ULTRA CLEAN HOLDINGS INC,-0.008466270703764519
2023-09-01,10158,AMRC,AMERESCO INC,-0.005723148778065655
2023-09-01,19484,PCVX,VAXCYTE INC,-0.008181882281268944
2023-09-01,27633,R,RYDER SYSTEMS INC,-0.013384414782788614
2023-09-01,80050,UFPT,U F P TECHNOLOGIES INC,-0.007936774607511738
2023-09-01,91915,CNK,CINEMARK HOLDINGS INC,-0.00773858706900699
2023-09-01,25487,CAR,AVIS BUDGET GROUP INC,-0.008009375192319996
2023-09-01,89508,KMX,CARMAX INC,-0.011157860640510631
2023-09-01,89395,PNFP,PINNACLE FINANCIAL PARTNERS INC,-0.011890611660535054
2023-09-01,12266,CDMO,AVID BIOSERVICES INC,-0.007221289027040031
2023-09-01,53613,MU,MICRON TECHNOLOGY INC,-0.007305337639911819
2023-09-01,21020,AAL,AMERICAN AIRLINES GROUP INC,-0.013079261460414156
2023-09-01,16086,HTZ,HERTZ GLOBAL HOLDINGS INC NEW,-0.010716317932178686
2023-09-01,66384,WDC,WESTERN DIGITAL CORP,-0.008044785334127993
2023-09-01,19655,STEP,STEPSTONE GROUP INC,-0.010155732822543223
2023-09-01,15527,LOB,LIVE OAK BANCSHARES INC,-0.00916876325013213
2023-09-01,29209,ARW,ARROW ELECTRONICS INC,-0.008101743215164709
2023-09-01,23670,GNLX,GENELUX CORP,-0.0024575737007916775
2023-09-01,14328,AMC,A M C ENTERTAINMENT HOLDINGS INC,-0.0024575737007916775
2023-09-01,18062,ELAN,ELANCO ANIMAL HEALTH INC,-0.00920881778067253
2023-09-01,87445,TDY,TELEDYNE TECHNOLOGIES,-0.01354311087743035
2023-09-01,22027,JXN,JACKSON FINANCIAL INC,-0.005137989487136313
2023-09-01,21909,LNZA,LANZATECH GLOBAL INC,-0.005652949245562559
2023-09-01,88281,CRL,CHARLES RIVER LABS INTL INC,-0.008757078805840535
2023-09-01,63773,TDS,TELEPHONE & DATA SYSTEMS INC,-0.0024575737007916775
2023-09-01,21297,FYBR,FRONTIER COMMUNICATIONS PRINT,-0.005787030227554044
2023-09-01,75320,USM,UNITED STATES CELLULAR CORP,-0.0024575737007916775
2023-09-01,18772,AKRO,AKERO THERAPEUTICS INC,-0.007774107131653916
2023-09-01,15724,PFGC,PERFORMANCE FOOD GROUP CO,-0.008216850987978207
2023-09-01,14708,VRDN,VIRIDIAN THERAPEUTICS INC,-0.007982113340306978
2023-09-01,85663,URI,UNITED RENTALS INC,-0.00945148624031721
2023-09-01,16499,PK,PARK HOTELS & RESORTS INC,-0.009056485308464169
2023-09-01,43350,SWK,STANLEY BLACK & DECKER INC,-0.009854455841353383
2023-09-01,22256,VTYX,VENTYX BIOSCIENCES INC,-0.00564320332172654
2023-09-01,93098,H,HYATT HOTELS CORP,-0.00796915804120883
2023-09-01,75854,LSCC,LATTICE SEMICONDUCTOR CORP,-0.006770337017703802
2023-09-01,16284,SMPL,SIMPLY GOOD FOODS CO,-0.010634338482434964
2023-09-01,11891,MGM,M G M RESORTS INTERNATIONAL,-0.008810810838870921
2023-09-01,19313,ELVN,ENLIVEN THERAPEUTICS INC,-0.006034468884936335
2023-09-01,13188,POST,POST HOLDINGS INC,-0.016844705457247717
2023-10-01,22248,UDMY,UDEMY INC,0.008483168994937123
2023-10-01,21125,ZIP,ZIPRECRUITER INC,0.00658799510087916
2023-10-01,82542,CCF,CHASE CORP,0.01857265713722714
2023-10-01,18011,SONO,SONOS INC,0.012355258683980177
2023-10-01,20441,ROVR,ROVER GROUP INC,0.00815698319349477
2023-10-01,21614,DUOL,DUOLINGO INC,0.007737481574343769
2023-10-01,20681,COUR,COURSERA INC,0.009609447999015884
2023-10-01,73219,RGR,STURM RUGER & CO INC,0.01549628104435046
2023-10-01,15291,ETSY,ETSY INC,0.007268281134670475
2023-10-01,90971,IRBT,IROBOT CORP,0.00833034093414681
2023-10-01,13249,PRLB,PROTO LABS INC,0.011554059261952564
2023-10-01,13318,YELP,YELP INC,0.014479408088225273
2023-10-01,65700,USLM,UNITED STATES LIME MINERALS INC,0.008720868111171303
2023-10-01,20189,DASH,DOORDASH INC,0.009567010067337083
2023-10-01,83124,CSGS,C S G SYSTEMS INTERNATIONAL INC,0.013386202453358132
2023-10-01,18065,GTX,GARRETT MOTION INC,0.010664955416234209
2023-10-01,18064,FTDR,FRONTDOOR INC,0.01433575498515566
2023-10-01,76128,VICR,VICOR CORP,0.009084621062262948
2023-10-01,21564,LZ,LEGALZOOM COM INC,0.006434293194304023
2023-10-01,79491,WINA,WINMARK CORP,0.009512159997470005
2023-10-01,41292,HCSG,HEALTHCARE SERVICES GROUP INC,0.010590634347798607
2023-10-01,84788,AMZN,AMAZON COM INC,0.008677690738437636
2023-10-01,18485,PINS,PINTEREST INC,0.0071891752223403604
2023-10-01,93263,CELH,CELSIUS HOLDINGS INC,0.006477688135255334
2023-10-01,84010,USNA,USANA HEALTH SCIENCES INC,0.01051557407886739
2023-10-01,16338,VVV,VALVOLINE INC,0.01403856289015758
2023-10-01,75034,BKR,BAKER HUGHES CO,0.012223853699881831
2023-10-01,20447,PLTK,PLAYTIKA HOLDING CORP,0.007352986072718443
2023-10-01,17367,LPRO,OPEN LENDING CORP,0.012103729735644433
2023-10-01,21361,HGTY,HAGERTY INC,0.01105080773500705
2023-10-01,56822,NWLI,NATIONAL WESTERN LIFE GROUP INC,0.012650180198112386
2023-10-01,68830,REX,REX AMERICAN RESOURCES CORP,0.012285830777247887
2023-10-01,76261,EXPO,EXPONENT INC,0.015305255481143178
2023-10-01,85724,PRDO,PERDOCEO EDUCATION CORP,0.007799152155713686
2023-10-01,86356,EBAY,EBAY INC,0.014592187254079486
2023-10-01,90963,AMSF,AMERISAFE INC,0.01697111216079919
2023-10-01,76839,FIZZ,NATIONAL BEVERAGE CORP,0.007883697041649273
2023-10-01,18452,LYFT,LYFT INC,0.005231053679463356
2023-10-01,86783,BKNG,BOOKING HOLDINGS INC,0.014540310291921085
2023-10-01,16595,SNAP,SNAP INC,0.006431904627670246
2023-10-01,20659,VZIO,VIZIO HOLDING CORP,0.006790540586601184
2023-10-01,90319,GOOGL,ALPHABET INC,0.013721434382299317
2023-10-01,16171,KNSL,KINSALE CAPITAL GROUP INC,0.013005719534300027
2023-10-01,47466,NYT,NEW YORK TIMES CO,0.01644944561549903
2023-10-01,13625,SSTK,SHUTTERSTOCK INC,0.010889593270299414
2023-10-01,85972,CRAI,C R A INTERNATIONAL INC,0.01857265713722714
2023-10-01,15546,Z,ZILLOW GROUP INC,0.011027213249211545
2023-10-01,81665,GIC,GLOBAL INDUSTRIAL CO,0.01049167412433577
2023-10-01,16309,TTD,TRADE DESK INC,0.0091883096286805
2023-10-01,15937,EDIT,EDITAS MEDICINE INC,0.00522204384243707
2023-10-01,88031,MNST,MONSTER BEVERAGE CORP NEW,0.01857265713722714
2023-10-01,18134,UPWK,UPWORK INC,0.007774342080229271
2023-10-01,14521,TNET,TRINET GROUP INC,0.012013261921940927
2023-10-01,92852,LOPE,GRAND CANYON EDUCATION INC,0.01055436262012911
2023-10-01,20657,ACVA,A C V AUCTIONS INC,0.00829113771528247
2023-10-01,92221,MELI,MERCADOLIBRE INC,0.011640753394044422
2023-10-01,92203,LULU,LULULEMON ATHLETICA INC,0.009804707867401527
2023-10-01,20682,CPNG,COUPANG INC,0.01087191917587884
2023-10-01,20646,OSCR,OSCAR HEALTH INC,0.007607368019557232
2023-10-01,90125,CORT,CORCEPT THERAPEUTICS INC,0.00522204384243707
2023-10-01,85348,YUM,YUM BRANDS INC,0.014740600495604475
2023-10-01,57665,NKE,NIKE INC,0.00934535290320212
2023-10-01,20190,ABNB,AIRBNB INC,0.007881830813849694
2023-10-01,75233,VGR,VECTOR GROUP LTD,0.010617413230967399
2023-10-01,15826,SQ,BLOCK INC,0.00844654674221524
2023-10-01,21178,LMT,LOCKHEED MARTIN CORP,0.01325427679424319
2023-10-01,77702,SBUX,STARBUCKS CORP,0.01857265713722714
2023-10-01,91606,CPRX,CATALYST PHARMACEUTICALS INC,0.008757830529881236
2023-10-01,90868,OFLX,OMEGA FLEX INC,0.011858076417062366
2023-10-01,80054,MED,MEDIFAST INC,0.010813292056074416
2023-10-01,17281,WHD,CACTUS INC,0.007690730766078436
2023-10-01,21122,FLYW,FLYWIRE CORP,0.015346733858110698
2023-10-01,75460,TNC,TENNANT CO,0.00980939138547107
2023-10-01,15440,WING,WINGSTOP INC,0.007605425815679369
2023-10-01,79248,THRM,GENTHERM INC,0.008314096779708624
2023-10-01,84511,VCEL,VERICEL CORP,0.00522204384243707
2023-10-01,21723,HOOD,ROBINHOOD MARKETS INC,0.011990158081221211
2023-10-01,86102,FHI,FEDERATED HERMES INC,0.015531507415440897
2023-10-01,18725,RVLV,REVOLVE GROUP INC,0.007225015255070638
2023-10-01,89031,AXON,AXON ENTERPRISE INC,0.010972491586414017
2023-10-01,64961,NXGN,NEXTGEN HEALTHCARE INC,0.00522204384243707
2023-10-01,17688,GSHD,GOOSEHEAD INSURANCE INC,0.00888144710029776
2023-10-01,91688,EIG,EMPLOYERS HOLDINGS INC,0.016287277778821895
2023-10-01,88167,HSTM,HEALTHSTREAM INC,0.009066896278431238
2023-10-01,14495,ATEN,A10 NETWORKS INC,0.00968097668028214
2023-10-01,18063,EB,EVENTBRITE INC,0.006678511990360844
2023-10-01,83509,FCN,F T I CONSULTING INC,0.012388065721781936
2023-10-01,41080,CMI,CUMMINS INC,0.013174083536498921
2023-10-01,79785,NVR,N V R INC,0.008402199709761927
2023-10-01,10145,HON,HONEYWELL INTERNATIONAL INC,0.017085485033278835
2023-10-01,21957,RELY,REMITLY GLOBAL INC,0.010383914743389823
2023-10-01,21967,THRN,THORNE HEALTHTECH INC,0.01857265713722714
2023-10-01,92753,ERII,ENERGY RECOVERY INC,0.009596496933427122
2023-10-01,71475,AWR,AMERICAN STATES WATER CO,0.01850209360427046
2023-10-01,12366,BAH,BOOZ ALLEN HAMILTON HOLDING CORP,0.01611283262209864
2023-10-01,86233,LEU,CENTRUS ENERGY CORP,0.00522204384243707
2023-10-01,17812,EXPI,E X P WORLD HOLDINGS INC,0.011019248926422968
2023-10-01,53859,MSEX,MIDDLESEX WATER CO,0.014937388441687521
2023-10-01,13407,META,META PLATFORMS INC,0.010850141200296079
2023-10-01,54253,MSA,M S A SAFETY INC,0.012716493689928273
2023-10-01,84372,NCR,N C R CORP NEW,-0.008534158272314131
2023-10-01,23670,GNLX,GENELUX CORP,-0.0030511679035955114
2023-10-01,15795,SGRY,SURGERY PARTNERS INC,-0.006271749753086289
2023-10-01,89986,APLD,APPLIED DIGITAL CORP,-0.004360310549796906
2023-10-01,87445,TDY,TELEDYNE TECHNOLOGIES,-0.016568243132102003
2023-10-01,20057,VTRS,VIATRIS INC,-0.01156061886464273
2023-10-01,90377,ONTO,ONTO INNOVATION INC,-0.007847059087623395
2023-10-01,79094,JBL,JABIL INC,-0.0038137432473631487
2023-10-01,88281,CRL,CHARLES RIVER LABS INTL INC,-0.009597165160953504
2023-10-01,13105,ACHC,ACADIA HEALTHCARE CO INC,-0.011693293436585756
2023-10-01,78875,WOLF,WOLFSPEED INC,-0.004372161254167602
2023-10-01,80362,SCSC,SCANSOURCE INC,-0.011284516950269566
2023-10-01,22256,VTYX,VENTYX BIOSCIENCES INC,-0.006206279343215706
2023-10-01,14763,CTLT,CATALENT INC,-0.010807523616431171
2023-10-01,18579,AVTR,AVANTOR INC,-0.009731786608244034
2023-10-01,10693,EHC,ENCOMPASS HEALTH CORP,-0.016355835318519786
2023-10-01,16000,LSXMK,LIBERTY MEDIA CORP 3RD NEW,-0.007836638146626686
2023-10-01,14813,MARA,MARATHON DIGITAL HOLDINGS INC,-0.004446858044090183
2023-10-01,14328,AMC,A M C ENTERTAINMENT HOLDINGS INC,-0.0030511679035955114
2023-10-01,16499,PK,PARK HOTELS & RESORTS INC,-0.007784469947638914
2023-10-01,91926,DAL,DELTA AIR LINES INC,-0.013766768452545203
2023-10-01,27684,AVT,AVNET INC,-0.011795296905425476
2023-10-01,76856,FCFS,FIRSTCASH HOLDINGS INC,-0.010858835828666983
2023-10-01,80072,VLY,VALLEY NATIONAL BANCORP,-0.009269348539010415
2023-10-01,13949,CDW,C D W CORP NEW,-0.016568243132102003
2023-10-01,10932,WBS,WEBSTER FINANCIAL CORP,-0.011196747674357833
2023-10-01,15643,RUN,SUNRUN INC,-0.004479271337757392
2023-10-01,18062,ELAN,ELANCO ANIMAL HEALTH INC,-0.010592988107842033
2023-10-01,91103,UAL,UNITED AIRLINES HOLDINGS INC,-0.01372101186187691
2023-10-01,49680,DHR,DANAHER CORP,-0.014803556127330694
2023-10-01,84769,APH,AMPHENOL CORP NEW,-0.01656663252723246
2023-10-01,82307,DVA,DAVITA INC,-0.00702163866767831
2023-10-01,26403,DIS,DISNEY WALT CO,-0.012771030662398963
2023-10-01,88648,TTMI,TTM TECHNOLOGIES INC,-0.0077507611363080665
2023-10-01,82272,MD,PEDIATRIX MEDICAL GROUP INC,-0.006780564302862408
2023-10-01,14329,ARMK,ARAMARK,-0.010771973075313265
2023-10-01,17684,AHCO,ADAPTHEALTH CORP,-0.006191066732462486
2023-10-01,20339,AFRM,AFFIRM HOLDINGS INC,-0.0050831045597373396
2023-10-01,66800,AIG,AMERICAN INTERNATIONAL GROUP INC,-0.016568243132102003
2023-10-01,93035,SEM,SELECT MEDICAL HOLDINGS CORP,-0.012578463066961353
2023-10-01,81696,DISH,DISH NETWORK CORP,-0.004920996465901626
2023-10-01,14882,CZR,CAESARS ENTERTAINMENT INC DE,-0.00795476680904771
2023-10-01,93098,H,HYATT HOTELS CORP,-0.00860594345355125
2023-10-01,19751,LCID,LUCID GROUP INC,-0.007306089590024969
2023-10-01,88182,ON,ON SEMICONDUCTOR CORP,-0.009273839292755215
2023-10-01,66384,WDC,WESTERN DIGITAL CORP,-0.008962400529264036
2023-10-01,10200,RGEN,REPLIGEN CORP,-0.008139415778210365
2023-10-01,64186,CI,CIGNA GROUP,-0.016318266191808057
2023-10-01,83989,GTN,GRAY TELEVISION INC,-0.004566764398245156
2023-10-01,16284,SMPL,SIMPLY GOOD FOODS CO,-0.008014254163385918
2023-10-01,19593,MIR,MIRION TECHNOLOGIES INC,-0.007385933312390312
2023-10-01,11587,ATRI,ATRION CORP,-0.007698601238030531
2023-10-01,75854,LSCC,LATTICE SEMICONDUCTOR CORP,-0.009352309379216139
2023-10-01,14988,LBRDK,LIBERTY BROADBAND CORP,-0.010881533113446683
2023-10-01,85663,URI,UNITED RENTALS INC,-0.009858277057937846
2023-10-01,12266,CDMO,AVID BIOSERVICES INC,-0.0053137466045301155
2023-10-01,22027,JXN,JACKSON FINANCIAL INC,-0.012517080684563845
2023-10-01,76226,PARA,PARAMOUNT GLOBAL,-0.0054901243398443435
2023-10-01,89327,ABG,ASBURY AUTOMOTIVE GROUP INC,-0.008240573910450844
2023-10-01,19316,SPHR,SPHERE ENTERTAINMENT CO,-0.007423234714003979
2023-10-01,77730,TSN,TYSON FOODS INC,-0.0124226817905495
2023-10-01,18772,AKRO,AKERO THERAPEUTICS INC,-0.006762596689013218
2023-10-01,19628,IRON,DISC MEDICINE INC,-0.005907131851137326
2023-10-01,11891,MGM,M G M RESORTS INTERNATIONAL,-0.011829170470301138
2023-10-01,21297,FYBR,FRONTIER COMMUNICATIONS PRINT,-0.005138128235056587
2023-10-01,80050,UFPT,U F P TECHNOLOGIES INC,-0.008244760549709039
2023-10-01,91915,CNK,CINEMARK HOLDINGS INC,-0.009922628571710196
2023-10-01,63773,TDS,TELEPHONE & DATA SYSTEMS INC,-0.006972287549553789
2023-10-01,92213,RIOT,RIOT PLATFORMS INC,-0.0048998056194691055
2023-10-01,15724,PFGC,PERFORMANCE FOOD GROUP CO,-0.01387520418402624
2023-10-01,13188,POST,POST HOLDINGS INC,-0.016568243132102003
2023-10-01,81220,NSIT,INSIGHT ENTERPRISES INC,-0.016568243132102003
2023-10-01,10158,AMRC,AMERESCO INC,-0.005915355224222749
2023-10-01,19484,PCVX,VAXCYTE INC,-0.008458686239936581
2023-10-01,17223,ADT,A D T INC,-0.007231533158734135
2023-10-01,27633,R,RYDER SYSTEMS INC,-0.01295399464657285
2023-10-01,76224,BHE,BENCHMARK ELECTRONICS INC,-0.008411649390505819
2023-10-01,20901,AGTI,AGILITI INC,-0.006008666033561933
2023-10-01,21020,AAL,AMERICAN AIRLINES GROUP INC,-0.010504897794515076
2023-10-01,14708,VRDN,VIRIDIAN THERAPEUTICS INC,-0.006656769039873869
2023-10-01,89508,KMX,CARMAX INC,-0.004938868698288912
2023-10-01,75320,USM,UNITED STATES CELLULAR CORP,-0.008553414781711259
2023-10-01,53613,MU,MICRON TECHNOLOGY INC,-0.009544681557278655
2023-10-01,88360,MRVL,MARVELL TECHNOLOGY INC,-0.012173512382135838
2023-10-01,43350,SWK,STANLEY BLACK & DECKER INC,-0.014744816220940222
2023-10-01,10516,ADM,ARCHER DANIELS MIDLAND CO,-0.01615948577052211
2023-10-01,93179,PPC,PILGRIMS PRIDE CORP NEW,-0.013423703919826696
2023-10-01,16086,HTZ,HERTZ GLOBAL HOLDINGS INC NEW,-0.005341061739511917
2023-10-01,90097,UCTT,ULTRA CLEAN HOLDINGS INC,-0.007464790280654655
2023-10-01,19313,ELVN,ENLIVEN THERAPEUTICS INC,-0.004498919564939284
2023-10-01,89395,PNFP,PINNACLE FINANCIAL PARTNERS INC,-0.011876843585481833
2023-10-01,22220,NN,NEXTNAV INC,-0.003056460420869823
2023-10-01,18776,IMVT,IMMUNOVANT INC,-0.0030511679035955114
2023-10-01,23063,AZPN,ASPEN TECHNOLOGY INC NEW,-0.01200183439013023
2023-10-01,19004,CABA,CABALETTA BIO INC,-0.0030511679035955114
2023-10-01,79108,SANM,SANMINA CORP,-0.010885605908111613
2023-10-01,12308,CHTR,CHARTER COMMUNICATIONS INC NEW,-0.008960172481321391
2023-10-01,23206,GETY,GETTY IMAGES HOLDINGS INC,-0.0030511679035955114
2023-10-01,27983,XRX,XEROX HOLDINGS CORP,-0.008300053323657183
2023-10-01,17864,BJ,B J S WHOLESALE CLUB HLDGS INC,-0.010399823941194044
2023-11-01,22248,UDMY,UDEMY INC,0.00939104798431755
2023-11-01,82542,CCF,CHASE CORP,0.020405812686919735
2023-11-01,18011,SONO,SONOS INC,0.007170106280978119
2023-11-01,21125,ZIP,ZIPRECRUITER INC,0.008938737003477169
2023-11-01,20681,COUR,COURSERA INC,0.01266998056035163
2023-11-01,90971,IRBT,IROBOT CORP,0.011690121186029113
2023-11-01,13318,YELP,YELP INC,0.011053665525465979
2023-11-01,20441,ROVR,ROVER GROUP INC,0.008909766283350783
2023-11-01,21614,DUOL,DUOLINGO INC,0.005459116607153533
2023-11-01,15291,ETSY,ETSY INC,0.008793788941016855
2023-11-01,76128,VICR,VICOR CORP,0.005103654020495326
2023-11-01,20659,VZIO,VIZIO HOLDING CORP,0.0089711372577441
2023-11-01,92753,ERII,ENERGY RECOVERY INC,0.005122354037508814
2023-11-01,18065,GTX,GARRETT MOTION INC,0.013063823043376768
2023-11-01,83124,CSGS,C S G SYSTEMS INTERNATIONAL INC,0.013456941497173235
2023-11-01,84010,USNA,USANA HEALTH SCIENCES INC,0.005224724042782577
2023-11-01,86233,LEU,CENTRUS ENERGY CORP,0.006904934187489088
2023-11-01,21564,LZ,LEGALZOOM COM INC,0.009593286163176985
2023-11-01,73219,RGR,STURM RUGER & CO INC,0.018395887794850886
2023-11-01,20189,DASH,DOORDASH INC,0.0070648660625241815
2023-11-01,18485,PINS,PINTEREST INC,0.005103654020495326
2023-11-01,76839,FIZZ,NATIONAL BEVERAGE CORP,0.017175394438959657
2023-11-01,17812,EXPI,E X P WORLD HOLDINGS INC,0.006155423451185457
2023-11-01,93263,CELH,CELSIUS HOLDINGS INC,0.006128689310655005
2023-11-01,13249,PRLB,PROTO LABS INC,0.01365703477270269
2023-11-01,12366,BAH,BOOZ ALLEN HAMILTON HOLDING CORP,0.01249187909039247
2023-11-01,75034,BKR,BAKER HUGHES CO,0.013488026634692193
2023-11-01,14521,TNET,TRINET GROUP INC,0.01276426108193888
2023-11-01,18064,FTDR,FRONTDOOR INC,0.010605833683471691
2023-11-01,86356,EBAY,EBAY INC,0.013303939301036643
2023-11-01,16338,VVV,VALVOLINE INC,0.017515123762281277
2023-11-01,71475,AWR,AMERICAN STATES WATER CO,0.01742855520733969
2023-11-01,65700,USLM,UNITED STATES LIME MINERALS INC,0.012343274443919403
2023-11-01,81665,GIC,GLOBAL INDUSTRIAL CO,0.015579207443613293
2023-11-01,84788,AMZN,AMAZON COM INC,0.008134410791818281
2023-11-01,47466,NYT,NEW YORK TIMES CO,0.01357402202245812
2023-11-01,90319,GOOGL,ALPHABET INC,0.008600888919002896
2023-11-01,20447,PLTK,PLAYTIKA HOLDING CORP,0.006251630943215467
2023-11-01,86783,BKNG,BOOKING HOLDINGS INC,0.012526770703410713
2023-11-01,17367,LPRO,OPEN LENDING CORP,0.012134496072550958
2023-11-01,21361,HGTY,HAGERTY INC,0.015683045368157032
2023-11-01,85724,PRDO,PERDOCEO EDUCATION CORP,0.015983108309696955
2023-11-01,15546,Z,ZILLOW GROUP INC,0.007951126222892407
2023-11-01,13407,META,META PLATFORMS INC,0.009927433140345984
2023-11-01,18452,LYFT,LYFT INC,0.005898859557887609
2023-11-01,79491,WINA,WINMARK CORP,0.011149743957140506
2023-11-01,85972,CRAI,C R A INTERNATIONAL INC,0.020405812686919735
2023-11-01,18134,UPWK,UPWORK INC,0.007536466607283815
2023-11-01,16309,TTD,TRADE DESK INC,0.006390831511462839
2023-11-01,92852,LOPE,GRAND CANYON EDUCATION INC,0.01812824491767415
2023-11-01,90125,CORT,CORCEPT THERAPEUTICS INC,0.012718040374325213
2023-11-01,21967,THRN,THORNE HEALTHTECH INC,0.020405812686919735
2023-11-01,88031,MNST,MONSTER BEVERAGE CORP NEW,0.011049043123356802
2023-11-01,53859,MSEX,MIDDLESEX WATER CO,0.012766545206324892
2023-11-01,20657,ACVA,A C V AUCTIONS INC,0.007216906590908887
2023-11-01,92221,MELI,MERCADOLIBRE INC,0.012302175486851844
2023-11-01,76261,EXPO,EXPONENT INC,0.006493100802139012
2023-11-01,20682,CPNG,COUPANG INC,0.011807584411882864
2023-11-01,16171,KNSL,KINSALE CAPITAL GROUP INC,0.005103654020495326
2023-11-01,20190,ABNB,AIRBNB INC,0.009056838329209173
2023-11-01,16595,SNAP,SNAP INC,0.006126332240370665
2023-11-01,15937,EDIT,EDITAS MEDICINE INC,0.005892779480013036
2023-11-01,41292,HCSG,HEALTHCARE SERVICES GROUP INC,0.0069703905664525905
2023-11-01,90963,AMSF,AMERISAFE INC,0.017203070671906434
2023-11-01,54253,MSA,M S A SAFETY INC,0.011589475620560348
2023-11-01,21723,HOOD,ROBINHOOD MARKETS INC,0.009516873335916292
2023-11-01,17281,WHD,CACTUS INC,0.009058709194117356
2023-11-01,68830,REX,REX AMERICAN RESOURCES CORP,0.010715659355340175
2023-11-01,75233,VGR,VECTOR GROUP LTD,0.01545967232276703
2023-11-01,13625,SSTK,SHUTTERSTOCK INC,0.005103654020495326
2023-11-01,18063,EB,EVENTBRITE INC,0.009705637134932771
2023-11-01,18725,RVLV,REVOLVE GROUP INC,0.00822448545146608
2023-11-01,79248,THRM,GENTHERM INC,0.005257506780693032
2023-11-01,77702,SBUX,STARBUCKS CORP,0.020354235638871045
2023-11-01,56822,NWLI,NATIONAL WESTERN LIFE GROUP INC,0.005831222576117424
2023-11-01,91606,CPRX,CATALYST PHARMACEUTICALS INC,0.006810233237985757
2023-11-01,80054,MED,MEDIFAST INC,0.00981085420555993
2023-11-01,85348,YUM,YUM BRANDS INC,0.019506673501309794
2023-11-01,64961,NXGN,NEXTGEN HEALTHCARE INC,0.020405812686919735
2023-11-01,92203,LULU,LULULEMON ATHLETICA INC,0.007898979978066356
2023-11-01,21122,FLYW,FLYWIRE CORP,0.006603832604364639
2023-11-01,86102,FHI,FEDERATED HERMES INC,0.0126831379402888
2023-11-01,89031,AXON,AXON ENTERPRISE INC,0.010554068466405865
2023-11-01,14495,ATEN,A10 NETWORKS INC,0.005103654020495326
2023-11-01,90868,OFLX,OMEGA FLEX INC,0.012930208354868012
2023-11-01,41080,CMI,CUMMINS INC,0.020405812686919735
2023-11-01,15826,SQ,BLOCK INC,0.006719586295318046
2023-11-01,79785,NVR,N V R INC,0.013496182880136692
2023-11-01,57665,NKE,NIKE INC,0.01389983142239688
2023-11-01,84511,VCEL,VERICEL CORP,0.005938529909726022
2023-11-01,21178,LMT,LOCKHEED MARTIN CORP,0.010277362696576054
2023-11-01,20646,OSCR,OSCAR HEALTH INC,0.008031098026021852
2023-11-01,75460,TNC,TENNANT CO,0.01791024994570829
2023-11-01,81294,WDFC,WD 40 CO,0.01866564465750616
2023-11-01,34497,NPK,NATIONAL PRESTO INDS INC,0.01787375281155123
2023-11-01,75828,EA,ELECTRONIC ARTS INC,0.017051845343673693
2023-11-01,91095,LQDT,LIQUIDITY SERVICES INC,0.012509629234594226
2023-11-01,16617,PUMP,PROPETRO HOLDING CORP,0.007454249578231248
2023-11-01,85040,SLP,SIMULATIONS PLUS INC,0.005517290710996146
2023-11-01,16932,ROKU,ROKU INC,0.006500387209068556
2023-11-01,84372,VYX,N C R VOYIX CORP,-0.00893298147317393
2023-11-01,15795,SGRY,SURGERY PARTNERS INC,-0.005699446065365393
2023-11-01,88281,CRL,CHARLES RIVER LABS INTL INC,-0.009361468521373848
2023-11-01,82307,DVA,DAVITA INC,-0.004897901792967399
2023-11-01,76856,FCFS,FIRSTCASH HOLDINGS INC,-0.009056027548500102
2023-11-01,87445,TDY,TELEDYNE TECHNOLOGIES,-0.016443306459237764
2023-11-01,82272,MD,PEDIATRIX MEDICAL GROUP INC,-0.008901958116310716
2023-11-01,16499,PK,PARK HOTELS & RESORTS INC,-0.009675796579828587
2023-11-01,79094,JBL,JABIL INC,-0.01073133720136148
2023-11-01,14813,MARA,MARATHON DIGITAL HOLDINGS INC,-0.003366854189938535
2023-11-01,23063,AZPN,ASPEN TECHNOLOGY INC NEW,-0.015013729140845627
2023-11-01,10693,EHC,ENCOMPASS HEALTH CORP,-0.015620666908915563
2023-11-01,20057,VTRS,VIATRIS INC,-0.012591840335648105
2023-11-01,15643,RUN,SUNRUN INC,-0.0033647105327295995
2023-11-01,10932,WBS,WEBSTER FINANCIAL CORP,-0.009048476601441601
2023-11-01,14763,CTLT,CATALENT INC,-0.00560762768732298
2023-11-01,27684,AVT,AVNET INC,-0.016690473661799442
2023-11-01,13949,CDW,C D W CORP NEW,-0.016690473661799442
2023-11-01,80362,SCSC,SCANSOURCE INC,-0.015030293897137366
2023-11-01,91926,DAL,DELTA AIR LINES INC,-0.010017651974251795
2023-11-01,13105,ACHC,ACADIA HEALTHCARE CO INC,-0.010703752145835289
2023-11-01,78875,WOLF,WOLFSPEED INC,-0.0033647105327295995
2023-11-01,80072,VLY,VALLEY NATIONAL BANCORP,-0.009692530736939516
2023-11-01,12308,CHTR,CHARTER COMMUNICATIONS INC NEW,-0.007595632803784297
2023-11-01,14329,ARMK,ARAMARK,-0.010730161515770388
2023-11-01,18062,ELAN,ELANCO ANIMAL HEALTH INC,-0.007324524982350645
2023-11-01,14328,AMC,A M C ENTERTAINMENT HOLDINGS INC,-0.00372718258355127
2023-11-01,14882,CZR,CAESARS ENTERTAINMENT INC DE,-0.007337744988377365
2023-11-01,91103,UAL,UNITED AIRLINES HOLDINGS INC,-0.007323688064014651
2023-11-01,19593,MIR,MIRION TECHNOLOGIES INC,-0.014167340479314897
2023-11-01,90377,ONTO,ONTO INNOVATION INC,-0.007436414084074993
2023-11-01,93098,H,HYATT HOTELS CORP,-0.010159827124954729
2023-11-01,26403,DIS,DISNEY WALT CO,-0.014379414000918427
2023-11-01,66800,AIG,AMERICAN INTERNATIONAL GROUP INC,-0.01355919470974329
2023-11-01,83989,GTN,GRAY TELEVISION INC,-0.006744974932362514
2023-11-01,93035,SEM,SELECT MEDICAL HOLDINGS CORP,-0.014597334546720145
2023-11-01,80050,UFPT,U F P TECHNOLOGIES INC,-0.009519680664876299
2023-11-01,20339,AFRM,AFFIRM HOLDINGS INC,-0.003759284821375787
2023-11-01,19004,CABA,CABALETTA BIO INC,-0.0044732788128722095
2023-11-01,17864,BJ,B J S WHOLESALE CLUB HLDGS INC,-0.013683073838740517
2023-11-01,17684,AHCO,ADAPTHEALTH CORP,-0.004879126246479797
2023-11-01,89327,ABG,ASBURY AUTOMOTIVE GROUP INC,-0.00857735242024135
2023-11-01,79108,SANM,SANMINA CORP,-0.01668098514317076
2023-11-01,85663,URI,UNITED RENTALS INC,-0.009107020799057421
2023-11-01,75854,LSCC,LATTICE SEMICONDUCTOR CORP,-0.004740702082136511
2023-11-01,91915,CNK,CINEMARK HOLDINGS INC,-0.007988381427735372
2023-11-01,16284,SMPL,SIMPLY GOOD FOODS CO,-0.008687963757249596
2023-11-01,18776,IMVT,IMMUNOVANT INC,-0.005832997931624189
2023-11-01,11891,MGM,M G M RESORTS INTERNATIONAL,-0.008689480725503932
2023-11-01,11587,ATRI,ATRION CORP,-0.008009458963427219
2023-11-01,21020,AAL,AMERICAN AIRLINES GROUP INC,-0.008949525984852658
2023-11-01,88648,TTMI,TTM TECHNOLOGIES INC,-0.011501708776932146
2023-11-01,19316,SPHR,SPHERE ENTERTAINMENT CO,-0.0045799345887534
2023-11-01,76224,BHE,BENCHMARK ELECTRONICS INC,-0.013153727387981283
2023-11-01,84769,APH,AMPHENOL CORP NEW,-0.016690473661799442
2023-11-01,88182,ON,ON SEMICONDUCTOR CORP,-0.004063432514634952
2023-11-01,15724,PFGC,PERFORMANCE FOOD GROUP CO,-0.01036011874202286
2023-11-01,22256,VTYX,VENTYX BIOSCIENCES INC,-0.0033647105327295995
2023-11-01,64186,CI,CIGNA GROUP,-0.016690473661799442
2023-11-01,19628,IRON,DISC MEDICINE INC,-0.006254085906053648
2023-11-01,16000,LSXMK,LIBERTY MEDIA CORP 3RD NEW,-0.015615290254403629
2023-11-01,27983,XRX,XEROX HOLDINGS CORP,-0.009212079088811364
2023-11-01,89508,KMX,CARMAX INC,-0.011679512621980009
2023-11-01,14988,LBRDK,LIBERTY BROADBAND CORP,-0.008067758236209185
2023-11-01,21297,FYBR,FRONTIER COMMUNICATIONS PRINT,-0.004658919378694968
2023-11-01,63773,TDS,TELEPHONE & DATA SYSTEMS INC,-0.007062087860963019
2023-11-01,77730,TSN,TYSON FOODS INC,-0.016028652299905924
2023-11-01,10158,AMRC,AMERESCO INC,-0.004706913031124471
2023-11-01,76226,PARA,PARAMOUNT GLOBAL,-0.008943562253227814
2023-11-01,92213,RIOT,RIOT PLATFORMS INC,-0.0036727082174324525
2023-11-01,81220,NSIT,INSIGHT ENTERPRISES INC,-0.016690473661799442
2023-11-01,13188,POST,POST HOLDINGS INC,-0.015096815118166062
2023-11-01,10200,RGEN,REPLIGEN CORP,-0.004150440825743306
2023-11-01,18579,AVTR,AVANTOR INC,-0.008558805472588176
2023-11-01,20901,AGTI,AGILITI INC,-0.005108942287250029
2023-11-01,18772,AKRO,AKERO THERAPEUTICS INC,-0.0033647105327295995
2023-11-01,43350,SWK,STANLEY BLACK & DECKER INC,-0.008111043220069681
2023-11-01,66384,WDC,WESTERN DIGITAL CORP,-0.0065775001751650075
2023-11-01,49680,DHR,DANAHER CORP,-0.011571758345763638
2023-11-01,22027,JXN,JACKSON FINANCIAL INC,-0.01170127458048446
2023-11-01,14708,VRDN,VIRIDIAN THERAPEUTICS INC,-0.005236424030322957
2023-11-01,75320,USM,UNITED STATES CELLULAR CORP,-0.00788138973732928
2023-11-01,88360,MRVL,MARVELL TECHNOLOGY INC,-0.010690613662750955
2023-11-01,19484,PCVX,VAXCYTE INC,-0.00952516911410111
2023-11-01,93179,PPC,PILGRIMS PRIDE CORP NEW,-0.01180180948209371
2023-11-01,90097,UCTT,ULTRA CLEAN HOLDINGS INC,-0.007892156034649414
2023-11-01,10777,FCNCA,FIRST CITIZENS BANCSHARES INC NC,-0.007156750290429097
2023-11-01,91832,MDGL,MADRIGAL PHARMACEUTICALS INC,-0.006085069942670478
2023-11-01,19404,FOUR,SHIFT4 PAYMENTS INC,-0.0076944512904351635
2023-11-01,21747,NUVL,NUVALENT INC,-0.0033647105327295995
2023-11-01,11752,COHR,COHERENT CORP,-0.007204921416364478
2023-11-01,14503,OUT,OUTFRONT MEDIA INC,-0.005730717307331798
2023-11-01,89824,MODV,MODIVCARE INC,-0.003973993220204185
2023-11-01,20059,MRVI,MARAVAI LIFESCIENCES HLDGS INC,-0.00561067567873623
2023-11-01,65541,COO,COOPER COMPANIES INC,-0.013335121026515668
2023-11-01,15303,VKTX,VIKING THERAPEUTICS INC,-0.006262924732222594
2023-11-01,80563,PENN,PENN ENTERTAINMENT INC,-0.0061450139540745324
2023-11-01,22976,WBD,WARNER BROS DISCOVERY INC,-0.008090023187985133
2023-11-01,61146,PAR,PAR TECHNOLOGY CORP,-0.005186416031310231
2023-11-01,21597,PECO,PHILLIPS EDISON & COMPANY INC,-0.012838718523883502
2023-12-01,86233,LEU,CENTRUS ENERGY CORP,0.007017754998808864
2023-12-01,22248,UDMY,UDEMY INC,0.003530635923495219
2023-12-01,20681,COUR,COURSERA INC,0.011142950108933746
2023-12-01,76128,VICR,VICOR CORP,0.008072312817234103
2023-12-01,18011,SONO,SONOS INC,0.005412958589517827
2023-12-01,83124,CSGS,C S G SYSTEMS INTERNATIONAL INC,0.016475328387491568
2023-12-01,91095,LQDT,LIQUIDITY SERVICES INC,0.011409274102842674
2023-12-01,15291,ETSY,ETSY INC,0.007666134975470746
2023-12-01,13318,YELP,YELP INC,0.012934165241509745
2023-12-01,21125,ZIP,ZIPRECRUITER INC,0.010805782541858221
2023-12-01,18065,GTX,GARRETT MOTION INC,0.018930390627805188
2023-12-01,85724,PRDO,PERDOCEO EDUCATION CORP,0.010130008756443876
2023-12-01,84010,USNA,USANA HEALTH SCIENCES INC,0.014713369232661585
2023-12-01,20441,ROVR,ROVER GROUP INC,0.003530635923495219
2023-12-01,17812,EXPI,E X P WORLD HOLDINGS INC,0.0050590195064754515
2023-12-01,21614,DUOL,DUOLINGO INC,0.004577301431891822
2023-12-01,90971,IRBT,IROBOT CORP,0.003530635923495219
2023-12-01,93263,CELH,CELSIUS HOLDINGS INC,0.0064057600536045894
2023-12-01,73219,RGR,STURM RUGER & CO INC,0.006226731428113199
2023-12-01,18134,UPWK,UPWORK INC,0.0061368418095542315
2023-12-01,18485,PINS,PINTEREST INC,0.017298346516577974
2023-12-01,92753,ERII,ENERGY RECOVERY INC,0.004292208175345556
2023-12-01,21564,LZ,LEGALZOOM COM INC,0.01050085573891121
2023-12-01,81665,GIC,GLOBAL INDUSTRIAL CO,0.008978701552648445
2023-12-01,14521,TNET,TRINET GROUP INC,0.017428179400399722
2023-12-01,76839,FIZZ,NATIONAL BEVERAGE CORP,0.018044224749499866
2023-12-01,20189,DASH,DOORDASH INC,0.005937467596600016
2023-12-01,86783,BKNG,BOOKING HOLDINGS INC,0.018400500238927843
2023-12-01,92221,MELI,MERCADOLIBRE INC,0.011922821766296316
2023-12-01,47466,NYT,NEW YORK TIMES CO,0.014401333786382805
2023-12-01,86356,EBAY,EBAY INC,0.012617631207943472
2023-12-01,84788,AMZN,AMAZON COM INC,0.01802166016117652
2023-12-01,81294,WDFC,WD 40 CO,0.015686725165190606
2023-12-01,20682,CPNG,COUPANG INC,0.007212561426159567
2023-12-01,21361,HGTY,HAGERTY INC,0.009877650314448976
2023-12-01,20659,VZIO,VIZIO HOLDING CORP,0.003801457205223145
2023-12-01,12366,BAH,BOOZ ALLEN HAMILTON HOLDING CORP,0.01960216617196317
2023-12-01,90319,GOOGL,ALPHABET INC,0.02074366163312601
2023-12-01,18452,LYFT,LYFT INC,0.005587552328657931
2023-12-01,56822,NWLI,NATIONAL WESTERN LIFE GROUP INC,0.02205226619247231
2023-12-01,65700,USLM,UNITED STATES LIME MINERALS INC,0.008102020087713855
2023-12-01,79491,WINA,WINMARK CORP,0.0161125111823841
2023-12-01,85972,CRAI,C R A INTERNATIONAL INC,0.006317672858897313
2023-12-01,88031,MNST,MONSTER BEVERAGE CORP NEW,0.016793066133378238
2023-12-01,85040,SLP,SIMULATIONS PLUS INC,0.01134549122314087
2023-12-01,75828,EA,ELECTRONIC ARTS INC,0.02205226619247231
2023-12-01,16309,TTD,TRADE DESK INC,0.00513389491358191
2023-12-01,13407,META,META PLATFORMS INC,0.01705359914689445
2023-12-01,15546,Z,ZILLOW GROUP INC,0.006385681798325207
2023-12-01,16171,KNSL,KINSALE CAPITAL GROUP INC,0.01099227677740664
2023-12-01,92852,LOPE,GRAND CANYON EDUCATION INC,0.008445631857412468
2023-12-01,16617,PUMP,PROPETRO HOLDING CORP,0.010664778455199225
2023-12-01,54253,MSA,M S A SAFETY INC,0.02205226619247231
2023-12-01,16932,ROKU,ROKU INC,0.003530635923495219
2023-12-01,89031,AXON,AXON ENTERPRISE INC,0.011077133870042421
2023-12-01,71475,AWR,AMERICAN STATES WATER CO,0.013194992582946393
2023-12-01,20447,PLTK,PLAYTIKA HOLDING CORP,0.008210213464264335
2023-12-01,75034,BKR,BAKER HUGHES CO,0.016359294365220815
2023-12-01,90125,CORT,CORCEPT THERAPEUTICS INC,0.009230472096688636
2023-12-01,17367,LPRO,OPEN LENDING CORP,0.006859582002210252
2023-12-01,21723,HOOD,ROBINHOOD MARKETS INC,0.0057250461139225625
2023-12-01,90963,AMSF,AMERISAFE INC,0.02205226619247231
2023-12-01,13249,PRLB,PROTO LABS INC,0.0035406799118174338
2023-12-01,21122,FLYW,FLYWIRE CORP,0.0036513964565657734
2023-12-01,18063,EB,EVENTBRITE INC,0.00664684264353701
2023-12-01,91606,CPRX,CATALYST PHARMACEUTICALS INC,0.0101844030681194
2023-12-01,75233,VGR,VECTOR GROUP LTD,0.018471512130180646
2023-12-01,18064,FTDR,FRONTDOOR INC,0.0064448937603703875
2023-12-01,16595,SNAP,SNAP INC,0.010341828224716387
2023-12-01,17281,WHD,CACTUS INC,0.009288154193537112
2023-12-01,80054,MED,MEDIFAST INC,0.009047833929557105
2023-12-01,15937,EDIT,EDITAS MEDICINE INC,0.003707621431679805
2023-12-01,79248,THRM,GENTHERM INC,0.007062445388023907
2023-12-01,20657,ACVA,A C V AUCTIONS INC,0.007731668999975277
2023-12-01,92203,LULU,LULULEMON ATHLETICA INC,0.016803141140034682
2023-12-01,41292,HCSG,HEALTHCARE SERVICES GROUP INC,0.01335676381736646
2023-12-01,20190,ABNB,AIRBNB INC,0.008896392695560485
2023-12-01,86102,FHI,FEDERATED HERMES INC,0.0192780608680382
2023-12-01,76261,EXPO,EXPONENT INC,0.011283182431536413
2023-12-01,53859,MSEX,MIDDLESEX WATER CO,0.009503020441818045
2023-12-01,15826,SQ,BLOCK INC,0.008008403634764752
2023-12-01,77702,SBUX,STARBUCKS CORP,0.009848011063208786
2023-12-01,84511,VCEL,VERICEL CORP,0.007247000602773834
2023-12-01,90868,OFLX,OMEGA FLEX INC,0.008834631016941596
2023-12-01,13625,SSTK,SHUTTERSTOCK INC,0.005997071985853579
2023-12-01,85348,YUM,YUM BRANDS INC,0.02205226619247231
2023-12-01,79785,NVR,N V R INC,0.014248289796250507
2023-12-01,57665,NKE,NIKE INC,0.015461495113938942
2023-12-01,68830,REX,REX AMERICAN RESOURCES CORP,0.003530635923495219
2023-12-01,14495,ATEN,A10 NETWORKS INC,0.012348073307437672
2023-12-01,82542,CCF,CHASE CORP,0.02205226619247231
2023-12-01,64961,NXGN,NEXTGEN HEALTHCARE INC,0.02205226619247231
2023-12-01,13019,GNE,GENIE ENERGY LTD,0.005229086667109948
2023-12-01,18940,PTON,PELOTON INTERACTIVE INC,0.004218254723506813
2023-12-01,64785,AGX,ARGAN INC,0.017530695548165
2023-12-01,49373,HRB,BLOCK H & R INC,0.014799345285946347
2023-12-01,21896,TOST,TOAST INC,0.005486000454028095
2023-12-01,90409,HURN,HURON CONSULTING GROUP INC,0.01744291894166121
2023-12-01,16874,ACEL,ACCEL ENTERTAINMENT INC,0.010626980334018418
2023-12-01,14359,XNCR,XENCOR INC,0.0065530179754667755
2023-12-01,15795,SGRY,SURGERY PARTNERS INC,-0.004363072344118782
2023-12-01,82307,DVA,DAVITA INC,-0.010034228209759785
2023-12-01,88281,CRL,CHARLES RIVER LABS INTL INC,-0.008748229389558512
2023-12-01,91832,MDGL,MADRIGAL PHARMACEUTICALS INC,-0.005731093965982253
2023-12-01,84372,VYX,N C R VOYIX CORP,-0.009699465636030028
2023-12-01,65541,COO,COOPER COMPANIES INC,-0.014366960204669
2023-12-01,11752,COHR,COHERENT CORP,-0.007423099892288456
2023-12-01,91926,DAL,DELTA AIR LINES INC,-0.012913467584730104
2023-12-01,10932,WBS,WEBSTER FINANCIAL CORP,-0.008727973560642917
2023-12-01,16499,PK,PARK HOTELS & RESORTS INC,-0.006155269267447719
2023-12-01,23063,AZPN,ASPEN TECHNOLOGY INC NEW,-0.009057469876465428
2023-12-01,76856,FCFS,FIRSTCASH HOLDINGS INC,-0.017947733807527694
2023-12-01,21747,NUVL,NUVALENT INC,-0.010214720297812672
2023-12-01,14813,MARA,MARATHON DIGITAL HOLDINGS INC,-0.0037756651112690245
2023-12-01,87445,TDY,TELEDYNE TECHNOLOGIES,-0.017947733807527694
2023-12-01,19404,FOUR,SHIFT4 PAYMENTS INC,-0.0057000368750733275
2023-12-01,91103,UAL,UNITED AIRLINES HOLDINGS INC,-0.011437605193065593
2023-12-01,80050,UFPT,U F P TECHNOLOGIES INC,-0.005208593149219553
2023-12-01,82272,MD,PEDIATRIX MEDICAL GROUP INC,-0.005500044430703902
2023-12-01,80362,SCSC,SCANSOURCE INC,-0.0073861779289870234
2023-12-01,19593,MIR,MIRION TECHNOLOGIES INC,-0.005567786771835289
2023-12-01,26403,DIS,DISNEY WALT CO,-0.010031806318113803
2023-12-01,80072,VLY,VALLEY NATIONAL BANCORP,-0.0059177011474617095
2023-12-01,21597,PECO,PHILLIPS EDISON & COMPANY INC,-0.012968040708255343
2023-12-01,22976,WBD,WARNER BROS DISCOVERY INC,-0.003747231936222796
2023-12-01,93035,SEM,SELECT MEDICAL HOLDINGS CORP,-0.009717008645113627
2023-12-01,14328,AMC,A M C ENTERTAINMENT HOLDINGS INC,-0.004075265132309572
2023-12-01,20057,VTRS,VIATRIS INC,-0.011841909286016084
2023-12-01,21020,AAL,AMERICAN AIRLINES GROUP INC,-0.010643753791071534
2023-12-01,93098,H,HYATT HOTELS CORP,-0.014734586442091201
2023-12-01,14329,ARMK,ARAMARK,-0.00912100508712556
2023-12-01,15643,RUN,SUNRUN INC,-0.0035028081675696756
2023-12-01,14882,CZR,CAESARS ENTERTAINMENT INC DE,-0.006402280237335208
2023-12-01,14763,CTLT,CATALENT INC,-0.005366361117204998
2023-12-01,18062,ELAN,ELANCO ANIMAL HEALTH INC,-0.004822526272015992
2023-12-01,10693,EHC,ENCOMPASS HEALTH CORP,-0.017947733807527694
2023-12-01,15303,VKTX,VIKING THERAPEUTICS INC,-0.004530310165547712
2023-12-01,14503,OUT,OUTFRONT MEDIA INC,-0.005296685126739787
2023-12-01,10777,FCNCA,FIRST CITIZENS BANCSHARES INC NC,-0.012488968686102369
2023-12-01,88648,TTMI,TTM TECHNOLOGIES INC,-0.0056327022586891975
2023-12-01,79108,SANM,SANMINA CORP,-0.0055873719548752985
2023-12-01,80563,PENN,PENN ENTERTAINMENT INC,-0.005119513630041957
2023-12-01,85663,URI,UNITED RENTALS INC,-0.008784443898189487
2023-12-01,89327,ABG,ASBURY AUTOMOTIVE GROUP INC,-0.0069286183112221775
2023-12-01,17684,AHCO,ADAPTHEALTH CORP,-0.0033205975470099883
2023-12-01,11891,MGM,M G M RESORTS INTERNATIONAL,-0.009905215382723122
2023-12-01,83989,GTN,GRAY TELEVISION INC,-0.004097119314879337
2023-12-01,27684,AVT,AVNET INC,-0.013200463752236576
2023-12-01,20059,MRVI,MARAVAI LIFESCIENCES HLDGS INC,-0.003301721803912027
2023-12-01,17864,BJ,B J S WHOLESALE CLUB HLDGS INC,-0.009946871710713128
2023-12-01,19316,SPHR,SPHERE ENTERTAINMENT CO,-0.004902013271927484
2023-12-01,19004,CABA,CABALETTA BIO INC,-0.003301721803912027
2023-12-01,92213,RIOT,RIOT PLATFORMS INC,-0.004125138312158058
2023-12-01,19628,IRON,DISC MEDICINE INC,-0.006474921936972954
2023-12-01,18776,IMVT,IMMUNOVANT INC,-0.006118943785780692
2023-12-01,76224,BHE,BENCHMARK ELECTRONICS INC,-0.016359754144068338
2023-12-01,76226,PARA,PARAMOUNT GLOBAL,-0.003970746776412558
2023-12-01,66800,AIG,AMERICAN INTERNATIONAL GROUP INC,-0.017947733807527694
2023-12-01,84769,APH,AMPHENOL CORP NEW,-0.017947733807527694
2023-12-01,13105,ACHC,ACADIA HEALTHCARE CO INC,-0.017892792569997155
2023-12-01,61146,PAR,PAR TECHNOLOGY CORP,-0.005983775179173747
2023-12-01,21297,FYBR,FRONTIER COMMUNICATIONS PRINT,-0.005393717135879553
2023-12-01,89508,KMX,CARMAX INC,-0.007669631589076129
2023-12-01,91915,CNK,CINEMARK HOLDINGS INC,-0.008948643159737903
2023-12-01,13949,CDW,C D W CORP NEW,-0.015636707737174
2023-12-01,12308,CHTR,CHARTER COMMUNICATIONS INC NEW,-0.01505273263904483
2023-12-01,79094,JBL,JABIL INC,-0.00725541556554612
2023-12-01,10158,AMRC,AMERESCO INC,-0.003301721803912027
2023-12-01,20901,AGTI,AGILITI INC,-0.0037908322972514128
2023-12-01,88182,ON,ON SEMICONDUCTOR CORP,-0.008517232480237615
2023-12-01,90377,ONTO,ONTO INNOVATION INC,-0.008653544500406563
2023-12-01,10200,RGEN,REPLIGEN CORP,-0.006207866699841272
2023-12-01,78875,WOLF,WOLFSPEED INC,-0.004636698047791227
2023-12-01,77730,TSN,TYSON FOODS INC,-0.013214769335546448
2023-12-01,13188,POST,POST HOLDINGS INC,-0.016397348700131507
2023-12-01,20339,AFRM,AFFIRM HOLDINGS INC,-0.003301721803912027
2023-12-01,14708,VRDN,VIRIDIAN THERAPEUTICS INC,-0.004603515577051988
2023-12-01,27983,XRX,XEROX HOLDINGS CORP,-0.011136032841355
2023-12-01,75854,LSCC,LATTICE SEMICONDUCTOR CORP,-0.0071117953210571025
2023-12-01,16284,SMPL,SIMPLY GOOD FOODS CO,-0.0171284833742107
2023-12-01,15724,PFGC,PERFORMANCE FOOD GROUP CO,-0.017947733807527694
2023-12-01,88360,MRVL,MARVELL TECHNOLOGY INC,-0.008283367614543185
2023-12-01,16000,LSXMK,LIBERTY MEDIA CORP 3RD NEW,-0.015931568999545544
2023-12-01,49680,DHR,DANAHER CORP,-0.014080974209923906
2023-12-01,90097,UCTT,ULTRA CLEAN HOLDINGS INC,-0.00872687751326069
2023-12-01,60871,ADI,ANALOG DEVICES INC,-0.014143541630982357
2023-12-01,11154,PLAB,PHOTRONICS INC,-0.010363534280506487
2023-12-01,78987,MCHP,MICROCHIP TECHNOLOGY INC,-0.009037996684760406
2023-12-01,15408,KHC,KRAFT HEINZ CO,-0.017947733807527694
2023-12-01,19187,CLSK,CLEANSPARK INC,-0.003301721803912027
2023-12-01,84348,VSAT,VIASAT INC,-0.004611259713187262
2023-12-01,17133,AMEH,APOLLO MEDICAL HOLDINGS INC,-0.005087102447501863
2023-12-01,89070,ZBH,ZIMMER BIOMET HOLDINGS INC,-0.013091693886938517
2023-12-01,15221,RCKT,ROCKET PHARMACEUTICALS INC,-0.004552463035852152
2023-12-01,86211,MSTR,MICROSTRATEGY INC,-0.006508743952198625
2023-12-01,52337,THC,TENET HEALTHCARE CORP,-0.007261262959990882
2023-12-01,61567,HXL,HEXCEL CORP NEW,-0.017947733807527694
2023-12-01,22079,LTH,LIFE TIME GROUP HOLDINGS INC,-0.005778396254252704
2023-12-01,77462,M,MACYS INC,-0.00497511206765335
2023-12-01,12060,GE,GENERAL ELECTRIC CO,-0.017937136951138195
2024-01-01,13019,GNE,GENIE ENERGY LTD,0.00727806218805253
2024-01-01,86233,LEU,CENTRUS ENERGY CORP,0.006548986032974545
2024-01-01,20681,COUR,COURSERA INC,0.011158295935810138
2024-01-01,18011,SONO,SONOS INC,0.011779544115154706
2024-01-01,76128,VICR,VICOR CORP,0.007632986352358553
2024-01-01,90971,IRBT,IROBOT CORP,0.012194591521777572
2024-01-01,22248,UDMY,UDEMY INC,0.009778855087636967
2024-01-01,83124,CSGS,C S G SYSTEMS INTERNATIONAL INC,0.010250562641515167
2024-01-01,15291,ETSY,ETSY INC,0.006367141481602038
2024-01-01,16617,PUMP,PROPETRO HOLDING CORP,0.01101982731578967
2024-01-01,76839,FIZZ,NATIONAL BEVERAGE CORP,0.00849387655052179
2024-01-01,21614,DUOL,DUOLINGO INC,0.00943678834269569
2024-01-01,93263,CELH,CELSIUS HOLDINGS INC,0.006865474025373867
2024-01-01,92753,ERII,ENERGY RECOVERY INC,0.00920896223951222
2024-01-01,21896,TOST,TOAST INC,0.007249730192540858
2024-01-01,85724,PRDO,PERDOCEO EDUCATION CORP,0.013515026773918139
2024-01-01,84511,VCEL,VERICEL CORP,0.006564848094337811
2024-01-01,18485,PINS,PINTEREST INC,0.014979351078288496
2024-01-01,56822,NWLI,NATIONAL WESTERN LIFE GROUP INC,0.01936360625472745
2024-01-01,75233,VGR,VECTOR GROUP LTD,0.010031918177942828
2024-01-01,90125,CORT,CORCEPT THERAPEUTICS INC,0.009027581333822306
2024-01-01,18940,PTON,PELOTON INTERACTIVE INC,0.005011022626058303
2024-01-01,81665,GIC,GLOBAL INDUSTRIAL CO,0.015547693318280783
2024-01-01,16932,ROKU,ROKU INC,0.007489355618429103
2024-01-01,18134,UPWK,UPWORK INC,0.009238612900193299
2024-01-01,18065,GTX,GARRETT MOTION INC,0.009423440695430703
2024-01-01,21125,ZIP,ZIPRECRUITER INC,0.011278516815125865
2024-01-01,13318,YELP,YELP INC,0.01604101256169394
2024-01-01,14521,TNET,TRINET GROUP INC,0.016740903220283824
2024-01-01,92221,MELI,MERCADOLIBRE INC,0.015603400703385385
2024-01-01,84010,USNA,USANA HEALTH SCIENCES INC,0.01196024760073828
2024-01-01,91606,CPRX,CATALYST PHARMACEUTICALS INC,0.005030699852687553
2024-01-01,90319,GOOGL,ALPHABET INC,0.01246668083585676
2024-01-01,81294,WDFC,WD 40 CO,0.016780467874505302
2024-01-01,16309,TTD,TRADE DESK INC,0.009196203928275238
2024-01-01,79491,WINA,WINMARK CORP,0.016102983214744973
2024-01-01,20682,CPNG,COUPANG INC,0.009082411081904964
2024-01-01,84788,AMZN,AMAZON COM INC,0.016753650848995823
2024-01-01,17281,WHD,CACTUS INC,0.011863417492346368
2024-01-01,13249,PRLB,PROTO LABS INC,0.012040218179048226
2024-01-01,89031,AXON,AXON ENTERPRISE INC,0.018122358706767303
2024-01-01,21361,HGTY,HAGERTY INC,0.010930615935617607
2024-01-01,20659,VZIO,VIZIO HOLDING CORP,0.007118662580017258
2024-01-01,54253,MSA,M S A SAFETY INC,0.019355277714908588
2024-01-01,20189,DASH,DOORDASH INC,0.013493794909090757
2024-01-01,20441,ROVR,ROVER GROUP INC,0.01936360625472745
2024-01-01,86356,EBAY,EBAY INC,0.015021497191309647
2024-01-01,92203,LULU,LULULEMON ATHLETICA INC,0.010664055515621964
2024-01-01,21564,LZ,LEGALZOOM COM INC,0.00912479663103555
2024-01-01,13407,META,META PLATFORMS INC,0.013740313948980428
2024-01-01,20447,PLTK,PLAYTIKA HOLDING CORP,0.009192467881770318
2024-01-01,90409,HURN,HURON CONSULTING GROUP INC,0.00807684506144018
2024-01-01,14495,ATEN,A10 NETWORKS INC,0.018867773095552574
2024-01-01,88031,MNST,MONSTER BEVERAGE CORP NEW,0.016491785622450107
2024-01-01,79248,THRM,GENTHERM INC,0.00895257534219014
2024-01-01,16595,SNAP,SNAP INC,0.010358167947027444
2024-01-01,75034,BKR,BAKER HUGHES CO,0.01444686011094265
2024-01-01,12366,BAH,BOOZ ALLEN HAMILTON HOLDING CORP,0.01503582217154908
2024-01-01,15826,SQ,BLOCK INC,0.008859301707514896
2024-01-01,17812,EXPI,E X P WORLD HOLDINGS INC,0.005011022626058303
2024-01-01,86783,BKNG,BOOKING HOLDINGS INC,0.01936360625472745
2024-01-01,18452,LYFT,LYFT INC,0.005011022626058303
2024-01-01,85972,CRAI,C R A INTERNATIONAL INC,0.012590220470333757
2024-01-01,47466,NYT,NEW YORK TIMES CO,0.016435052027330206
2024-01-01,20190,ABNB,AIRBNB INC,0.008821328895507366
2024-01-01,79785,NVR,N V R INC,0.015914632237272873
2024-01-01,80054,MED,MEDIFAST INC,0.006359152650863016
2024-01-01,16171,KNSL,KINSALE CAPITAL GROUP INC,0.009754950410261747
2024-01-01,85040,SLP,SIMULATIONS PLUS INC,0.009890128564446337
2024-01-01,65700,USLM,UNITED STATES LIME MINERALS INC,0.0157936972028161
2024-01-01,77702,SBUX,STARBUCKS CORP,0.017352274993926196
2024-01-01,18063,EB,EVENTBRITE INC,0.0058012751075413056
2024-01-01,21122,FLYW,FLYWIRE CORP,0.005739816697864761
2024-01-01,57665,NKE,NIKE INC,0.006694498942783805
2024-01-01,85348,YUM,YUM BRANDS INC,0.018935352635375883
2024-01-01,16965,FOR,FORESTAR GROUP INC NEW,0.010858724089478028
2024-01-01,63715,POWL,POWELL INDUSTRIES INC,0.005845502392643784
2024-01-01,13878,MDXG,MIMEDX GROUP INC,0.008691258896585397
2024-01-01,19358,NARI,INARI MEDICAL INC,0.009175224773912782
2024-01-01,90177,ACAD,ACADIA PHARMACEUTICALS,0.005011022626058303
2024-01-01,22199,COCO,VITA COCO CO INC,0.010914735702330496
2024-01-01,17155,QTRX,QUANTERIX CORP,0.005552482590086945
2024-01-01,82634,SAM,BOSTON BEER INC,0.01582053041528032
2024-01-01,88351,INSM,INSMED INC,0.007527227348858735
2024-01-01,11884,IPAR,INTERMEDIATE PARFUMS INC,0.011738341813421564
2024-01-01,91733,AVAV,AEROVIRONMENT INC,0.007206770729702879
2024-01-01,21962,SOVO,SOVOS BRANDS INC,0.01936360625472745
2024-01-01,14273,CHGG,CHEGG INC,0.008802465782751326
2024-01-01,89946,AEL,AMERICAN EQUITY INVT LIFE HLDG C,0.01936360625472745
2024-01-01,14325,TNDM,TANDEM DIABETES CARE INC,0.005310132388560284
2024-01-01,16290,FLGT,FULGENT GENETICS INC,0.006527251677963109
2024-01-01,92635,NX,QUANEX BUILDING PRODUCTS CORP,0.00682015858405755
2024-01-01,90178,ALNY,ALNYLAM PHARMACEUTICALS INC,0.008059879600599154
2024-01-01,39538,MAT,MATTEL INC,0.013642965312953552
2024-01-01,18145,YETI,YETI HOLDINGS INC,0.008572042183144238
2024-01-01,58975,OII,OCEANEERING INTERNATIONAL INC,0.008336313013326768
2024-01-01,85272,AEHR,AEHR TEST SYSTEMS,0.005011022626058303
2024-01-01,90856,ATRC,ATRICURE INC,0.007018314176950857
2024-01-01,83534,NBIX,NEUROCRINE BIOSCIENCES INC,0.011095678616914365
2024-01-01,19635,HRMY,HARMONY BIOSCIENCES HLDGS INC,0.007389390660935141
2024-01-01,14813,MARA,MARATHON DIGITAL HOLDINGS INC,-0.003400599231040112
2024-01-01,19187,CLSK,CLEANSPARK INC,-0.003400599231040112
2024-01-01,86211,MSTR,MICROSTRATEGY INC,-0.004770749313939965
2024-01-01,84348,VSAT,VIASAT INC,-0.005622582161585078
2024-01-01,91832,MDGL,MADRIGAL PHARMACEUTICALS INC,-0.005170730788305109
2024-01-01,15795,SGRY,SURGERY PARTNERS INC,-0.0064485651387439944
2024-01-01,92213,RIOT,RIOT PLATFORMS INC,-0.0034161665991325934
2024-01-01,91926,DAL,DELTA AIR LINES INC,-0.011512097724376065
2024-01-01,19593,MIR,MIRION TECHNOLOGIES INC,-0.016799912003202314
2024-01-01,22976,WBD,WARNER BROS DISCOVERY INC,-0.005659069499746485
2024-01-01,21747,NUVL,NUVALENT INC,-0.00786646294317647
2024-01-01,10932,WBS,WEBSTER FINANCIAL CORP,-0.008624169303434012
2024-01-01,23063,AZPN,ASPEN TECHNOLOGY INC NEW,-0.011017601516709897
2024-01-01,93098,H,HYATT HOTELS CORP,-0.01248639342102734
2024-01-01,11154,PLAB,PHOTRONICS INC,-0.0037562563951320737
2024-01-01,15643,RUN,SUNRUN INC,-0.003400599231040112
2024-01-01,14763,CTLT,CATALENT INC,-0.007314944933768902
2024-01-01,91103,UAL,UNITED AIRLINES HOLDINGS INC,-0.010021413853772964
2024-01-01,14328,AMC,A M C ENTERTAINMENT HOLDINGS INC,-0.005584596888980752
2024-01-01,11752,COHR,COHERENT CORP,-0.009500297441948448
2024-01-01,76856,FCFS,FIRSTCASH HOLDINGS INC,-0.016678067114822802
2024-01-01,19628,IRON,DISC MEDICINE INC,-0.007775492055637959
2024-01-01,60871,ADI,ANALOG DEVICES INC,-0.013119730503002611
2024-01-01,20901,AGTI,AGILITI INC,-0.004946332611332202
2024-01-01,11891,MGM,M G M RESORTS INTERNATIONAL,-0.008794632085318662
2024-01-01,65541,COO,COOPER COMPANIES INC,-0.01235512904425101
2024-01-01,22079,LTH,LIFE TIME GROUP HOLDINGS INC,-0.007679844275156043
2024-01-01,88281,CRL,CHARLES RIVER LABS INTL INC,-0.012017907685233803
2024-01-01,15303,VKTX,VIKING THERAPEUTICS INC,-0.0035307538300546615
2024-01-01,26403,DIS,DISNEY WALT CO,-0.018065275714239038
2024-01-01,87445,TDY,TELEDYNE TECHNOLOGIES,-0.018065275714239038
2024-01-01,14708,VRDN,VIRIDIAN THERAPEUTICS INC,-0.00429737937553654
2024-01-01,17133,AMEH,APOLLO MEDICAL HOLDINGS INC,-0.007479055769899439
2024-01-01,14882,CZR,CAESARS ENTERTAINMENT INC DE,-0.0061880793056385145
2024-01-01,12060,GE,GENERAL ELECTRIC CO,-0.018008426104767595
2024-01-01,10693,EHC,ENCOMPASS HEALTH CORP,-0.01711406642426462
2024-01-01,15221,RCKT,ROCKET PHARMACEUTICALS INC,-0.0066547649734583995
2024-01-01,89327,ABG,ASBURY AUTOMOTIVE GROUP INC,-0.008324297084463795
2024-01-01,83989,GTN,GRAY TELEVISION INC,-0.005398339396256153
2024-01-01,61567,HXL,HEXCEL CORP NEW,-0.014133862060696292
2024-01-01,21597,PECO,PHILLIPS EDISON & COMPANY INC,-0.015405954273148633
2024-01-01,10158,AMRC,AMERESCO INC,-0.0036711227897838505
2024-01-01,17864,BJ,B J S WHOLESALE CLUB HLDGS INC,-0.018065275714239038
2024-01-01,82272,MD,PEDIATRIX MEDICAL GROUP INC,-0.007693099924944581
2024-01-01,14503,OUT,OUTFRONT MEDIA INC,-0.0071967481840678905
2024-01-01,78875,WOLF,WOLFSPEED INC,-0.0044183015985871585
2024-01-01,80362,SCSC,SCANSOURCE INC,-0.016647939810946925
2024-01-01,90097,UCTT,ULTRA CLEAN HOLDINGS INC,-0.00854080161493561
2024-01-01,89508,KMX,CARMAX INC,-0.006803858897153515
2024-01-01,15408,KHC,KRAFT HEINZ CO,-0.018065275714239038
2024-01-01,85663,URI,UNITED RENTALS INC,-0.008070936863300323
2024-01-01,10200,RGEN,REPLIGEN CORP,-0.0074665657624063955
2024-01-01,20059,MRVI,MARAVAI LIFESCIENCES HLDGS INC,-0.005984416681457123
2024-01-01,21020,AAL,AMERICAN AIRLINES GROUP INC,-0.009925580799991512
2024-01-01,19004,CABA,CABALETTA BIO INC,-0.0049438774346144505
2024-01-01,88648,TTMI,TTM TECHNOLOGIES INC,-0.014142312241347583
2024-01-01,88182,ON,ON SEMICONDUCTOR CORP,-0.007953791760202139
2024-01-01,66800,AIG,AMERICAN INTERNATIONAL GROUP INC,-0.018065275714239038
2024-01-01,84769,APH,AMPHENOL CORP NEW,-0.018065275714239038
2024-01-01,80050,UFPT,U F P TECHNOLOGIES INC,-0.010312465261348965
2024-01-01,18776,IMVT,IMMUNOVANT INC,-0.0042054010080789204
2024-01-01,18062,ELAN,ELANCO ANIMAL HEALTH INC,-0.008622136746729434
2024-01-01,77462,M,MACYS INC,-0.0038600086105412285
2024-01-01,27684,AVT,AVNET INC,-0.018065275714239038
2024-01-01,21297,FYBR,FRONTIER COMMUNICATIONS PRINT,-0.0070816926316364425
2024-01-01,80563,PENN,PENN ENTERTAINMENT INC,-0.006246414826152041
2024-01-01,78987,MCHP,MICROCHIP TECHNOLOGY INC,-0.013379348071079418
2024-01-01,13188,POST,POST HOLDINGS INC,-0.017294324565683417
2024-01-01,14329,ARMK,ARAMARK,-0.015720442945706056
2024-01-01,19404,FOUR,SHIFT4 PAYMENTS INC,-0.012115832364135583
2024-01-01,61146,PAR,PAR TECHNOLOGY CORP,-0.009575820516697935
2024-01-01,19316,SPHR,SPHERE ENTERTAINMENT CO,-0.004503764305061308
2024-01-01,93035,SEM,SELECT MEDICAL HOLDINGS CORP,-0.010445825088611775
2024-01-01,89986,APLD,APPLIED DIGITAL CORP,-0.003400712079466425
2024-01-01,23941,CAVA,CAVA GROUP INC,-0.0037567360908627367
2024-01-01,11370,ENV,ENVESTNET INC,-0.008460299746039956
2024-01-01,76795,ZBRA,ZEBRA TECHNOLOGIES CORP,-0.00730124387434079
2024-01-01,21909,LNZA,LANZATECH GLOBAL INC,-0.006702027211813463
2024-01-01,21348,LFST,LIFESTANCE HEALTH GROUP INC,-0.007937053007185528
2024-01-01,21825,NPWR,N E T POWER INC,-0.006609650165479872
2024-01-01,28804,ALK,ALASKA AIRGROUP INC,-0.005280087861357678
2024-01-01,21556,INDI,INDIE SEMICONDUCTOR INC,-0.006761350749727249
2024-01-01,81696,DISH,DISH NETWORK CORP,-0.005242785864462271
2024-01-01,22092,KD,KYNDRYL HOLDINGS INC,-0.009597291862243963
2024-01-01,23206,GETY,GETTY IMAGES HOLDINGS INC,-0.004817476395411265
2024-01-01,15456,FL,FOOT LOCKER INC,-0.005106585333099696
2024-01-01,23432,PRME,PRIME MEDICINE INC,-0.003400599231040112
2024-01-01,21359,MCW,MISTER CAR WASH INC,-0.0104051651265884
2024-01-01,20791,EWTX,EDGEWISE THERAPEUTICS INC,-0.003400599231040112
2024-01-01,48961,DSGR,DISTRIBUTION SOLUTIONS GROUP INC,-0.00934861691988009
2024-01-01,14338,HLT,HILTON WORLDWIDE HOLDINGS INC,-0.017111942945560777
2024-01-01,18961,SWTX,SPRINGWORKS THERAPEUTICS INC,-0.005391671034884297
2024-01-01,21890,BROS,DUTCH BROS INC,-0.00791278026114235
2024-01-01,20998,BOWL,BOWLERO CORP,-0.008261711235568854
2024-01-01,15272,SEDG,SOLAREDGE TECHNOLOGIES INC,-0.0038773780981806436
2024-01-01,89626,CME,C M E GROUP INC,-0.018065275714239038
2024-01-01,79116,TCBK,TRICO BANCSHARES,-0.007839470200190126
2024-01-01,15478,TRU,TRANSUNION,-0.010310844427787775
2024-01-01,92780,HCI,H C I GROUP INC,-0.013087041515491143
2024-01-01,15058,SLNO,SOLENO THERAPEUTICS INC,-0.004921706630949856
2024-02-01,86233,LEU,CENTRUS ENERGY CORP,0.008496627288882234
2024-02-01,22199,COCO,VITA COCO CO INC,0.007465738646222629
2024-02-01,84511,VCEL,VERICEL CORP,0.006183929737529587
2024-02-01,90125,CORT,CORCEPT THERAPEUTICS INC,0.005251534702748018
2024-02-01,19358,NARI,INARI MEDICAL INC,0.0074150422998601855
2024-02-01,13878,MDXG,MIMEDX GROUP INC,0.006452456592989066
2024-02-01,17155,QTRX,QUANTERIX CORP,0.007574921845418214
2024-02-01,90177,ACAD,ACADIA PHARMACEUTICALS,0.010344159514534025
2024-02-01,76128,VICR,VICOR CORP,0.009292144513712072
2024-02-01,88351,INSM,INSMED INC,0.010029986471984649
2024-02-01,16965,FOR,FORESTAR GROUP INC NEW,0.008921357038652059
2024-02-01,14325,TNDM,TANDEM DIABETES CARE INC,0.007357595175178253
2024-02-01,91606,CPRX,CATALYST PHARMACEUTICALS INC,0.005638801410710684
2024-02-01,18011,SONO,SONOS INC,0.008053299176749667
2024-02-01,19635,HRMY,HARMONY BIOSCIENCES HLDGS INC,0.010075064307172027
2024-02-01,83534,NBIX,NEUROCRINE BIOSCIENCES INC,0.019739028446122863
2024-02-01,90178,ALNY,ALNYLAM PHARMACEUTICALS INC,0.011188689108798097
2024-02-01,56822,NWLI,NATIONAL WESTERN LIFE GROUP INC,0.021376721615501474
2024-02-01,16290,FLGT,FULGENT GENETICS INC,0.009849734239654767
2024-02-01,20681,COUR,COURSERA INC,0.006710938151617261
2024-02-01,21896,TOST,TOAST INC,0.006519448455836043
2024-02-01,16932,ROKU,ROKU INC,0.008082094162185518
2024-02-01,92753,ERII,ENERGY RECOVERY INC,0.009993181662886857
2024-02-01,63715,POWL,POWELL INDUSTRIES INC,0.005251534702748018
2024-02-01,75233,VGR,VECTOR GROUP LTD,0.012538598456885928
2024-02-01,79491,WINA,WINMARK CORP,0.008391707331836525
2024-02-01,14273,CHGG,CHEGG INC,0.009982397212429753
2024-02-01,89031,AXON,AXON ENTERPRISE INC,0.01592333380647852
2024-02-01,82634,SAM,BOSTON BEER INC,0.012771294144059496
2024-02-01,11884,IPAR,INTERMEDIATE PARFUMS INC,0.012977562374327737
2024-02-01,22248,UDMY,UDEMY INC,0.009548442798737589
2024-02-01,17281,WHD,CACTUS INC,0.008847470910443075
2024-02-01,90319,GOOGL,ALPHABET INC,0.010520706101426955
2024-02-01,91733,AVAV,AEROVIRONMENT INC,0.012389614626831436
2024-02-01,13249,PRLB,PROTO LABS INC,0.010264278368381079
2024-02-01,93263,CELH,CELSIUS HOLDINGS INC,0.00556050760977906
2024-02-01,15291,ETSY,ETSY INC,0.010024928657436361
2024-02-01,90856,ATRC,ATRICURE INC,0.008999433499814918
2024-02-01,18940,PTON,PELOTON INTERACTIVE INC,0.005251534702748018
2024-02-01,21614,DUOL,DUOLINGO INC,0.00984504165556748
2024-02-01,18145,YETI,YETI HOLDINGS INC,0.00940829995416737
2024-02-01,16309,TTD,TRADE DESK INC,0.0094365650330748
2024-02-01,54253,MSA,M S A SAFETY INC,0.018750072059856213
2024-02-01,84010,USNA,USANA HEALTH SCIENCES INC,0.013453359843631992
2024-02-01,92221,MELI,MERCADOLIBRE INC,0.010619538486830072
2024-02-01,83124,CSGS,C S G SYSTEMS INTERNATIONAL INC,0.01606103313000834
2024-02-01,18485,PINS,PINTEREST INC,0.012082456173281337
2024-02-01,84788,AMZN,AMAZON COM INC,0.01565300459083491
2024-02-01,18065,GTX,GARRETT MOTION INC,0.012252767682158838
2024-02-01,21962,SOVO,SOVOS BRANDS INC,0.021376721615501474
2024-02-01,20682,CPNG,COUPANG INC,0.009803097641589872
2024-02-01,92203,LULU,LULULEMON ATHLETICA INC,0.014321416817591949
2024-02-01,58975,OII,OCEANEERING INTERNATIONAL INC,0.010473745611233085
2024-02-01,18134,UPWK,UPWORK INC,0.006252098470020647
2024-02-01,16595,SNAP,SNAP INC,0.0074201229936838465
2024-02-01,13318,YELP,YELP INC,0.017365020658012383
2024-02-01,89946,AEL,AMERICAN EQUITY INVT LIFE HLDG C,0.021376721615501474
2024-02-01,39538,MAT,MATTEL INC,0.01706508320913824
2024-02-01,75034,BKR,BAKER HUGHES CO,0.012757995272942396
2024-02-01,14495,ATEN,A10 NETWORKS INC,0.018193148345025854
2024-02-01,16617,PUMP,PROPETRO HOLDING CORP,0.007636941785691014
2024-02-01,14521,TNET,TRINET GROUP INC,0.013670389155292074
2024-02-01,20659,VZIO,VIZIO HOLDING CORP,0.010552084166686475
2024-02-01,76839,FIZZ,NATIONAL BEVERAGE CORP,0.008261243303288432
2024-02-01,15826,SQ,BLOCK INC,0.006853843863438344
2024-02-01,81665,GIC,GLOBAL INDUSTRIAL CO,0.011566125857319198
2024-02-01,92635,NX,QUANEX BUILDING PRODUCTS CORP,0.012535351956922514
2024-02-01,79248,THRM,GENTHERM INC,0.016035169254988154
2024-02-01,20447,PLTK,PLAYTIKA HOLDING CORP,0.010501268728310111
2024-02-01,18452,LYFT,LYFT INC,0.007712595418082928
2024-02-01,81294,WDFC,WD 40 CO,0.00568964157781945
2024-02-01,20189,DASH,DOORDASH INC,0.009886324280618702
2024-02-01,88031,MNST,MONSTER BEVERAGE CORP NEW,0.021376721615501474
2024-02-01,85724,PRDO,PERDOCEO EDUCATION CORP,0.013814608823566672
2024-02-01,86356,EBAY,EBAY INC,0.01858616363705693
2024-02-01,21125,ZIP,ZIPRECRUITER INC,0.010219834952723366
2024-02-01,77702,SBUX,STARBUCKS CORP,0.021365785688724447
2024-02-01,16543,VREX,VAREX IMAGING CORP,0.012904351536214902
2024-02-01,15302,VIRT,VIRTU FINANCIAL INC,0.008948807362097404
2024-02-01,16386,IRTC,IRHYTHM TECHNOLOGIES INC,0.007743926235559199
2024-02-01,81254,SNEX,STONEX GROUP INC,0.011815330400170297
2024-02-01,18190,AXNX,AXONICS INC,0.005251534702748018
2024-02-01,18908,TXG,10X GENOMICS INC,0.006710830366049385
2024-02-01,15534,NTRA,NATERA INC,0.007740681549522598
2024-02-01,16260,MEDP,MEDPACE HOLDINGS INC,0.011998931077208449
2024-02-01,17799,INSP,INSPIRE MEDICAL SYSTEMS INC,0.005251534702748018
2024-02-01,91503,LMAT,LEMAITRE VASCULAR INC,0.011954554333539332
2024-02-01,79906,INCY,INCYTE CORP,0.014521081386853008
2024-02-01,90664,DXCM,DEXCOM INC,0.011124634612900853
2024-02-01,18013,ARLO,ARLO TECHNOLOGIES INC,0.008202225300000535
2024-02-01,22111,JNJ,JOHNSON & JOHNSON,0.021376721615501474
2024-02-01,85002,SRPT,SAREPTA THERAPEUTICS INC,0.005264135630895715
2024-02-01,90162,GNW,GENWORTH FINANCIAL INC,0.011331045452702691
2024-02-01,15454,GKOS,GLAUKOS CORP,0.010216664663015646
2024-02-01,50876,LLY,LILLY ELI & CO,0.017631104346028634
2024-02-01,22879,EMBC,EMBECTA CORP,0.008935999976623935
2024-02-01,88352,ISRG,INTUITIVE SURGICAL INC,0.00841739255013861
2024-02-01,14229,OMF,ONEMAIN HOLDINGS INC,0.011464191443923688
2024-02-01,23681,NXT,NEXTRACKER INC,0.00754558072085176
2024-02-01,11701,IMKTA,INGLES MARKETS INC,0.018394949686822207
2024-02-01,14813,MARA,MARATHON DIGITAL HOLDINGS INC,-0.0031948196198987966
2024-02-01,92213,RIOT,RIOT PLATFORMS INC,-0.003653317466448834
2024-02-01,23941,CAVA,CAVA GROUP INC,-0.008154372121289753
2024-02-01,19187,CLSK,CLEANSPARK INC,-0.003948139999860047
2024-02-01,86211,MSTR,MICROSTRATEGY INC,-0.004361083224941119
2024-02-01,11370,ENV,ENVESTNET INC,-0.009340893262692876
2024-02-01,22092,KD,KYNDRYL HOLDINGS INC,-0.009675915037083269
2024-02-01,19593,MIR,MIRION TECHNOLOGIES INC,-0.0133736383102064
2024-02-01,15478,TRU,TRANSUNION,-0.009255330882297736
2024-02-01,21556,INDI,INDIE SEMICONDUCTOR INC,-0.005906267334498342
2024-02-01,15643,RUN,SUNRUN INC,-0.005383812114122192
2024-02-01,28804,ALK,ALASKA AIRGROUP INC,-0.0080550561592021
2024-02-01,10932,WBS,WEBSTER FINANCIAL CORP,-0.010050800954814065
2024-02-01,11752,COHR,COHERENT CORP,-0.007630856794467721
2024-02-01,23063,AZPN,ASPEN TECHNOLOGY INC NEW,-0.011911614737411024
2024-02-01,93098,H,HYATT HOTELS CORP,-0.017875330911057804
2024-02-01,91832,MDGL,MADRIGAL PHARMACEUTICALS INC,-0.0065341379274699045
2024-02-01,90097,UCTT,ULTRA CLEAN HOLDINGS INC,-0.00741836918612458
2024-02-01,21359,MCW,MISTER CAR WASH INC,-0.00846303847360291
2024-02-01,14763,CTLT,CATALENT INC,-0.007858199633394252
2024-02-01,22079,LTH,LIFE TIME GROUP HOLDINGS INC,-0.007413084035331418
2024-02-01,15795,SGRY,SURGERY PARTNERS INC,-0.006831282348620012
2024-02-01,15221,RCKT,ROCKET PHARMACEUTICALS INC,-0.008088116857597423
2024-02-01,91926,DAL,DELTA AIR LINES INC,-0.006788088083681227
2024-02-01,15058,SLNO,SOLENO THERAPEUTICS INC,-0.005115038993401791
2024-02-01,18776,IMVT,IMMUNOVANT INC,-0.00651130407031108
2024-02-01,14338,HLT,HILTON WORLDWIDE HOLDINGS INC,-0.017875330911057804
2024-02-01,18961,SWTX,SPRINGWORKS THERAPEUTICS INC,-0.007206476356628859
2024-02-01,91103,UAL,UNITED AIRLINES HOLDINGS INC,-0.005747216804461717
2024-02-01,15303,VKTX,VIKING THERAPEUTICS INC,-0.004229973866294698
2024-02-01,19628,IRON,DISC MEDICINE INC,-0.005760889808689395
2024-02-01,21747,NUVL,NUVALENT INC,-0.009827843602265265
2024-02-01,21348,LFST,LIFESTANCE HEALTH GROUP INC,-0.006863424850432076
2024-02-01,76856,FCFS,FIRSTCASH HOLDINGS INC,-0.015072755280374349
2024-02-01,89626,CME,C M E GROUP INC,-0.016994134125171943
2024-02-01,20791,EWTX,EDGEWISE THERAPEUTICS INC,-0.0031948196198987966
2024-02-01,76795,ZBRA,ZEBRA TECHNOLOGIES CORP,-0.008594418969106137
2024-02-01,14708,VRDN,VIRIDIAN THERAPEUTICS INC,-0.005243737557062668
2024-02-01,83989,GTN,GRAY TELEVISION INC,-0.0070954168223711055
2024-02-01,19004,CABA,CABALETTA BIO INC,-0.004679948310205384
2024-02-01,17864,BJ,B J S WHOLESALE CLUB HLDGS INC,-0.015735146136458107
2024-02-01,92780,HCI,H C I GROUP INC,-0.008291413189891062
2024-02-01,15272,SEDG,SOLAREDGE TECHNOLOGIES INC,-0.006629896967863392
2024-02-01,48961,DSGR,DISTRIBUTION SOLUTIONS GROUP INC,-0.010235873579464417
2024-02-01,60871,ADI,ANALOG DEVICES INC,-0.013239272988435797
2024-02-01,14882,CZR,CAESARS ENTERTAINMENT INC DE,-0.008612328747901733
2024-02-01,89327,ABG,ASBURY AUTOMOTIVE GROUP INC,-0.009312484062377243
2024-02-01,66800,AIG,AMERICAN INTERNATIONAL GROUP INC,-0.017875330911057804
2024-02-01,87445,TDY,TELEDYNE TECHNOLOGIES,-0.011655728331163523
2024-02-01,84348,VSAT,VIASAT INC,-0.007805520013923026
2024-02-01,20059,MRVI,MARAVAI LIFESCIENCES HLDGS INC,-0.006178490728502812
2024-02-01,26403,DIS,DISNEY WALT CO,-0.013725573579868594
2024-02-01,12060,GE,GENERAL ELECTRIC CO,-0.017875330911057804
2024-02-01,20998,BOWL,BOWLERO CORP,-0.006037815619193825
2024-02-01,21597,PECO,PHILLIPS EDISON & COMPANY INC,-0.017875330911057804
2024-02-01,17133,AMEH,APOLLO MEDICAL HOLDINGS INC,-0.009910392476772747
2024-02-01,10693,EHC,ENCOMPASS HEALTH CORP,-0.01762790358070849
2024-02-01,61567,HXL,HEXCEL CORP NEW,-0.009823506751965966
2024-02-01,20901,AGTI,AGILITI INC,-0.005528428367459187
2024-02-01,88648,TTMI,TTM TECHNOLOGIES INC,-0.013239432305561726
2024-02-01,85663,URI,UNITED RENTALS INC,-0.0061389041717565
2024-02-01,21890,BROS,DUTCH BROS INC,-0.010089596790269377
2024-02-01,11891,MGM,M G M RESORTS INTERNATIONAL,-0.012359002169629518
2024-02-01,79116,TCBK,TRICO BANCSHARES,-0.009396709968294
2024-02-01,89508,KMX,CARMAX INC,-0.009975151444066606
2024-02-01,81666,HA,HAWAIIAN HOLDINGS INC,-0.015886875609622254
2024-02-01,76185,TYL,TYLER TECHNOLOGIES INC,-0.012293883202994566
2024-02-01,19599,QS,QUANTUMSCAPE CORP,-0.0031948196198987966
2024-02-01,21617,ALIT,ALIGHT INC,-0.010217094599727338
2024-02-01,12591,APO,APOLLO GLOBAL MANAGEMENT INC NEW,-0.01376973848614213
2024-02-01,80191,ALB,ALBEMARLE CORP,-0.008132922221787572
2024-02-01,25487,CAR,AVIS BUDGET GROUP INC,-0.008847861007752436
2024-02-01,20898,RXRX,RECURSION PHARMACEUTICALS INC,-0.0031948196198987966
2024-02-01,16086,HTZ,HERTZ GLOBAL HOLDINGS INC NEW,-0.006402623383554128
2024-02-01,20067,SOFI,SOFI TECHNOLOGIES INC,-0.003196958177967129
2024-02-01,90542,EYPT,EYEPOINT PHARMACEUTICALS INC,-0.004039286585884466
2024-02-01,20342,DRVN,DRIVEN BRANDS HOLDINGS INC,-0.009000794998317983
2024-02-01,86778,MKSI,M K S INSTRUMENTS INC,-0.009077833422498433
2024-02-01,16498,HGV,HILTON GRAND VACATIONS INC,-0.01236328363058056
2024-02-01,58683,LUV,SOUTHWEST AIRLINES CO,-0.007981083999927105
2024-02-01,19484,PCVX,VAXCYTE INC,-0.006470960436631517
2024-02-01,27562,CBRL,CRACKER BARREL OLD COUNTRY STORE,-0.009596515635382382
2024-02-01,20357,IONQ,IONQ INC,-0.0060175281729783455
2024-02-01,23978,SVV,SAVERS VALUE VILLAGE INC,-0.008539395378700182
2024-02-01,86228,RSG,REPUBLIC SERVICES INC,-0.017875330911057804
2024-02-01,19084,BILL,B I L L HOLDINGS INC,-0.0075075457589644495
2024-02-01,18898,KRUS,KURA SUSHI USA INC,-0.004436160377695879
2024-02-01,17357,TH,TARGET HOSPITALITY CORP,-0.015618287107117374
2024-02-01,83621,ANSS,ANSYS INC,-0.010827663162985937
2024-02-01,15222,IOVA,IOVANCE BIOTHERAPEUTICS INC,-0.0042103926637673
2024-02-01,16655,CVNA,CARVANA CO,-0.0046739921496159065
2024-02-01,16005,SYRE,SPYRE THERAPEUTICS INC,-0.0037460044219152374
2024-02-01,85913,MAR,MARRIOTT INTERNATIONAL INC NEW,-0.017875330911057804
2024-02-01,18676,TMDX,TRANSMEDICS GROUP INC,-0.005906095112002779
2024-02-01,16140,TWLO,TWILIO INC,-0.00765676076123091
2024-02-01,89397,VRNT,VERINT SYSTEMS INC,-0.008785866910849104
2024-02-01,15782,WSC,WILLSCOT MOBILE MINI HLDGS CORP,-0.011526817555784729
2024-02-01,19825,DYN,DYNE THERAPEUTICS INC,-0.0031948196198987966
2024-02-01,20652,SNCY,SUN COUNTRY AIRLINES HLDGS INC,-0.0058350983798721445
2024-02-01,22085,PTLO,PORTILLOS INC,-0.00951324143027992
2024-03-01,13878,MDXG,MIMEDX GROUP INC,0.013520605810699516
2024-03-01,84511,VCEL,VERICEL CORP,0.01136370545915311
2024-03-01,16386,IRTC,IRHYTHM TECHNOLOGIES INC,0.006517355490476392
2024-03-01,90177,ACAD,ACADIA PHARMACEUTICALS,0.008427584686624546
2024-03-01,90125,CORT,CORCEPT THERAPEUTICS INC,0.007729419011865376
2024-03-01,16543,VREX,VAREX IMAGING CORP,0.009503655129668376
2024-03-01,88351,INSM,INSMED INC,0.009017641583490674
2024-03-01,90178,ALNY,ALNYLAM PHARMACEUTICALS INC,0.008179304548315716
2024-03-01,19358,NARI,INARI MEDICAL INC,0.005262876474235828
2024-03-01,15534,NTRA,NATERA INC,0.007833967348498895
2024-03-01,19635,HRMY,HARMONY BIOSCIENCES HLDGS INC,0.008181690851757415
2024-03-01,16965,FOR,FORESTAR GROUP INC NEW,0.01295817042520077
2024-03-01,91606,CPRX,CATALYST PHARMACEUTICALS INC,0.008308097850178
2024-03-01,83534,NBIX,NEUROCRINE BIOSCIENCES INC,0.014194761851991937
2024-03-01,90664,DXCM,DEXCOM INC,0.015854617620551622
2024-03-01,18908,TXG,10X GENOMICS INC,0.009206314867450003
2024-03-01,15302,VIRT,VIRTU FINANCIAL INC,0.01641203940700786
2024-03-01,18190,AXNX,AXONICS INC,0.02228537315070421
2024-03-01,16260,MEDP,MEDPACE HOLDINGS INC,0.008142170674913138
2024-03-01,14325,TNDM,TANDEM DIABETES CARE INC,0.004962302014358156
2024-03-01,81254,SNEX,STONEX GROUP INC,0.014644970889038406
2024-03-01,17799,INSP,INSPIRE MEDICAL SYSTEMS INC,0.008056450842337618
2024-03-01,50876,LLY,LILLY ELI & CO,0.012797661761350615
2024-03-01,90162,GNW,GENWORTH FINANCIAL INC,0.014842662584383364
2024-03-01,14229,OMF,ONEMAIN HOLDINGS INC,0.0130550929552112
2024-03-01,16932,ROKU,ROKU INC,0.004741871817231267
2024-03-01,79906,INCY,INCYTE CORP,0.014070893765744772
2024-03-01,22199,COCO,VITA COCO CO INC,0.007057746194961132
2024-03-01,90856,ATRC,ATRICURE INC,0.010107862203710107
2024-03-01,13249,PRLB,PROTO LABS INC,0.00948775079099322
2024-03-01,14273,CHGG,CHEGG INC,0.009351219220141328
2024-03-01,92753,ERII,ENERGY RECOVERY INC,0.00701649796978114
2024-03-01,15454,GKOS,GLAUKOS CORP,0.014237454039859722
2024-03-01,22111,JNJ,JOHNSON & JOHNSON,0.02228537315070421
2024-03-01,18011,SONO,SONOS INC,0.005936363543224124
2024-03-01,85002,SRPT,SAREPTA THERAPEUTICS INC,0.008686767501333922
2024-03-01,88352,ISRG,INTUITIVE SURGICAL INC,0.02228537315070421
2024-03-01,22879,EMBC,EMBECTA CORP,0.007250329102671345
2024-03-01,89031,AXON,AXON ENTERPRISE INC,0.00798518675844022
2024-03-01,21896,TOST,TOAST INC,0.005628427436064459
2024-03-01,91503,LMAT,LEMAITRE VASCULAR INC,0.006800798255189821
2024-03-01,90319,GOOGL,ALPHABET INC,0.016450418586836518
2024-03-01,16290,FLGT,FULGENT GENETICS INC,0.008020048657661727
2024-03-01,14495,ATEN,A10 NETWORKS INC,0.01538649824154278
2024-03-01,17155,QTRX,QUANTERIX CORP,0.010267710756247446
2024-03-01,17281,WHD,CACTUS INC,0.012950251239848415
2024-03-01,63715,POWL,POWELL INDUSTRIES INC,0.009005103342729335
2024-03-01,18013,ARLO,ARLO TECHNOLOGIES INC,0.0076101705013938105
2024-03-01,91733,AVAV,AEROVIRONMENT INC,0.01594248122622989
2024-03-01,23681,NXT,NEXTRACKER INC,0.004741871817231267
2024-03-01,20681,COUR,COURSERA INC,0.013642607160055904
2024-03-01,18134,UPWK,UPWORK INC,0.006350418032828962
2024-03-01,93263,CELH,CELSIUS HOLDINGS INC,0.005467711073041741
2024-03-01,75233,VGR,VECTOR GROUP LTD,0.006401369768000307
2024-03-01,18485,PINS,PINTEREST INC,0.008485403231317632
2024-03-01,79491,WINA,WINMARK CORP,0.01423869148836328
2024-03-01,75034,BKR,BAKER HUGHES CO,0.02228537315070421
2024-03-01,92221,MELI,MERCADOLIBRE INC,0.008769254606742362
2024-03-01,81665,GIC,GLOBAL INDUSTRIAL CO,0.013567397714076656
2024-03-01,11701,IMKTA,INGLES MARKETS INC,0.019388233791807957
2024-03-01,58975,OII,OCEANEERING INTERNATIONAL INC,0.010709929308987034
2024-03-01,21614,DUOL,DUOLINGO INC,0.004767901327395229
2024-03-01,16595,SNAP,SNAP INC,0.004741871817231267
2024-03-01,54253,MSA,M S A SAFETY INC,0.02228537315070421
2024-03-01,56822,NWLI,NATIONAL WESTERN LIFE GROUP INC,0.02228537315070421
2024-03-01,84788,AMZN,AMAZON COM INC,0.011442464856251092
2024-03-01,84010,USNA,USANA HEALTH SCIENCES INC,0.010997657737346109
2024-03-01,92203,LULU,LULULEMON ATHLETICA INC,0.017663109405258216
2024-03-01,20659,VZIO,VIZIO HOLDING CORP,0.004741871817231267
2024-03-01,76128,VICR,VICOR CORP,0.004741871817231267
2024-03-01,18065,GTX,GARRETT MOTION INC,0.007516551401848409
2024-03-01,16617,PUMP,PROPETRO HOLDING CORP,0.00894555403746312
2024-03-01,20682,CPNG,COUPANG INC,0.010648965987575807
2024-03-01,92635,NX,QUANEX BUILDING PRODUCTS CORP,0.013335859966523296
2024-03-01,76839,FIZZ,NATIONAL BEVERAGE CORP,0.01787973155559039
2024-03-01,82634,SAM,BOSTON BEER INC,0.006916646333484484
2024-03-01,39538,MAT,MATTEL INC,0.01661588657879713
2024-03-01,16309,TTD,TRADE DESK INC,0.00553582761591924
2024-03-01,89946,AEL,AMERICAN EQUITY INVT LIFE HLDG C,0.02228537315070421
2024-03-01,13919,AMBC,AMBAC FINANCIAL GROUP INC,0.012449754654465408
2024-03-01,41187,HE,HAWAIIAN ELECTRIC INDUSTRIES INC,0.009188733719491766
2024-03-01,14688,AMPH,AMPHASTAR PHARMACEUTICALS INC,0.006749849955532387
2024-03-01,15332,CWEN,CLEARWAY ENERGY INC,0.010228088672444898
2024-03-01,14601,NAVI,NAVIENT CORP,0.013419426918425448
2024-03-01,82702,AMRX,AMNEAL PHARMACEUTICALS INC,0.010313682281651271
2024-03-01,22812,BRBR,BELLRING BRANDS INC NEW,0.014934025335273767
2024-03-01,90423,INVA,THERAVANCE INC,0.02228537315070421
2024-03-01,60186,OMI,OWENS & MINOR INC NEW,0.010327567550401196
2024-03-01,12515,BKU,BANKUNITED INC,0.008655085001542296
2024-03-01,85741,HOPE,HOPE BANCORP INC,0.013687562105121663
2024-03-01,87318,EGBN,EAGLE BANCORP INC,0.010373897103823242
2024-03-01,79382,PFC,PREMIER FINANCIAL CORP,0.010326803588988308
2024-03-01,21892,PRCT,PROCEPT BIOROBOTICS CORP,0.012843846665755387
2024-03-01,11499,CECO,C E C O ENVIRONMENTAL CORP,0.010182857608510527
2024-03-01,18214,TWST,TWIST BIOSCIENCE CORP,0.0054996156151515515
2024-03-01,16967,CARG,CARGURUS INC,0.009877141718926735
2024-03-01,15400,ENR,ENERGIZER HOLDINGS INC NEW,0.013123959388215168
2024-03-01,14432,ITCI,INTRA CELLULAR THERAPIES INC,0.0109744346941413
2024-03-01,92050,PODD,INSULET CORP,0.009642208573783461
2024-03-01,83414,SASR,SANDY SPRING BANCORP INC,0.011967499639736421
2024-03-01,14813,MARA,MARATHON DIGITAL HOLDINGS INC,-0.002428528752579248
2024-03-01,92213,RIOT,RIOT PLATFORMS INC,-0.003081813650749539
2024-03-01,19084,BILL,B I L L HOLDINGS INC,-0.0069337101062324985
2024-03-01,20357,IONQ,IONQ INC,-0.006093495341868957
2024-03-01,19599,QS,QUANTUMSCAPE CORP,-0.006623060150994424
2024-03-01,86211,MSTR,MICROSTRATEGY INC,-0.0035820811750057534
2024-03-01,19187,CLSK,CLEANSPARK INC,-0.002428528752579248
2024-03-01,11370,ENV,ENVESTNET INC,-0.00883636778292795
2024-03-01,12591,APO,APOLLO GLOBAL MANAGEMENT INC NEW,-0.017714626849295794
2024-03-01,76185,TYL,TYLER TECHNOLOGIES INC,-0.017714626851962872
2024-03-01,20067,SOFI,SOFI TECHNOLOGIES INC,-0.007647250321759958
2024-03-01,15478,TRU,TRANSUNION,-0.012414862401346167
2024-03-01,81666,HA,HAWAIIAN HOLDINGS INC,-0.017714626851962872
2024-03-01,21556,INDI,INDIE SEMICONDUCTOR INC,-0.00496605182785834
2024-03-01,80191,ALB,ALBEMARLE CORP,-0.00722754803393141
2024-03-01,22092,KD,KYNDRYL HOLDINGS INC,-0.01346518394293779
2024-03-01,93098,H,HYATT HOTELS CORP,-0.008854530039393935
2024-03-01,18776,IMVT,IMMUNOVANT INC,-0.00959116121193459
2024-03-01,90097,UCTT,ULTRA CLEAN HOLDINGS INC,-0.008165655575651543
2024-03-01,15303,VKTX,VIKING THERAPEUTICS INC,-0.002428528752579248
2024-03-01,22079,LTH,LIFE TIME GROUP HOLDINGS INC,-0.007159406587880391
2024-03-01,86228,RSG,REPUBLIC SERVICES INC,-0.017714626851962872
2024-03-01,21359,MCW,MISTER CAR WASH INC,-0.007516307950446877
2024-03-01,15058,SLNO,SOLENO THERAPEUTICS INC,-0.007212785322607556
2024-03-01,11752,COHR,COHERENT CORP,-0.005469937303948528
2024-03-01,14338,HLT,HILTON WORLDWIDE HOLDINGS INC,-0.017714626851962872
2024-03-01,89626,CME,C M E GROUP INC,-0.017714626851962872
2024-03-01,16086,HTZ,HERTZ GLOBAL HOLDINGS INC NEW,-0.005743408081862326
2024-03-01,17357,TH,TARGET HOSPITALITY CORP,-0.011850341836453115
2024-03-01,85913,MAR,MARRIOTT INTERNATIONAL INC NEW,-0.015666599299371024
2024-03-01,15222,IOVA,IOVANCE BIOTHERAPEUTICS INC,-0.0024287820456200047
2024-03-01,21617,ALIT,ALIGHT INC,-0.014161359475908417
2024-03-01,20342,DRVN,DRIVEN BRANDS HOLDINGS INC,-0.007086143856660546
2024-03-01,20898,RXRX,RECURSION PHARMACEUTICALS INC,-0.0027966032183511687
2024-03-01,90542,EYPT,EYEPOINT PHARMACEUTICALS INC,-0.00798997249224386
2024-03-01,18898,KRUS,KURA SUSHI USA INC,-0.007570922032159627
2024-03-01,19484,PCVX,VAXCYTE INC,-0.008826702222775642
2024-03-01,15221,RCKT,ROCKET PHARMACEUTICALS INC,-0.009751243140234666
2024-03-01,91832,MDGL,MADRIGAL PHARMACEUTICALS INC,-0.003758815820293242
2024-03-01,28804,ALK,ALASKA AIRGROUP INC,-0.01384880205107867
2024-03-01,21747,NUVL,NUVALENT INC,-0.00934339715966282
2024-03-01,16140,TWLO,TWILIO INC,-0.006302251470170975
2024-03-01,16498,HGV,HILTON GRAND VACATIONS INC,-0.009133432562017367
2024-03-01,18961,SWTX,SPRINGWORKS THERAPEUTICS INC,-0.005614335253233125
2024-03-01,19825,DYN,DYNE THERAPEUTICS INC,-0.006959076114886846
2024-03-01,58683,LUV,SOUTHWEST AIRLINES CO,-0.013317878613231643
2024-03-01,22085,PTLO,PORTILLOS INC,-0.005319967654399793
2024-03-01,15272,SEDG,SOLAREDGE TECHNOLOGIES INC,-0.0042820877498116975
2024-03-01,23941,CAVA,CAVA GROUP INC,-0.006268883424510733
2024-03-01,15795,SGRY,SURGERY PARTNERS INC,-0.00711634841222793
2024-03-01,19004,CABA,CABALETTA BIO INC,-0.006847041138008818
2024-03-01,10932,WBS,WEBSTER FINANCIAL CORP,-0.01291456608492316
2024-03-01,76856,FCFS,FIRSTCASH HOLDINGS INC,-0.016218251025387723
2024-03-01,19628,IRON,DISC MEDICINE INC,-0.009634158218299323
2024-03-01,19593,MIR,MIRION TECHNOLOGIES INC,-0.011548788757919152
2024-03-01,20791,EWTX,EDGEWISE THERAPEUTICS INC,-0.008516927387987363
2024-03-01,86778,MKSI,M K S INSTRUMENTS INC,-0.009775457202597287
2024-03-01,83621,ANSS,ANSYS INC,-0.017714626849295794
2024-03-01,15643,RUN,SUNRUN INC,-0.003860891572717551
2024-03-01,23978,SVV,SAVERS VALUE VILLAGE INC,-0.010361420893504477
2024-03-01,84348,VSAT,VIASAT INC,-0.00446628826140382
2024-03-01,20059,MRVI,MARAVAI LIFESCIENCES HLDGS INC,-0.002428528752579248
2024-03-01,92780,HCI,H C I GROUP INC,-0.016471731905177978
2024-03-01,20998,BOWL,BOWLERO CORP,-0.0053561323784150575
2024-03-01,66800,AIG,AMERICAN INTERNATIONAL GROUP INC,-0.017714626849295794
2024-03-01,20652,SNCY,SUN COUNTRY AIRLINES HLDGS INC,-0.008203786632684812
2024-03-01,21348,LFST,LIFESTANCE HEALTH GROUP INC,-0.003206316768413169
2024-03-01,14708,VRDN,VIRIDIAN THERAPEUTICS INC,-0.005662749960013071
2024-03-01,25487,CAR,AVIS BUDGET GROUP INC,-0.0041862762342572924
2024-03-01,23063,AZPN,ASPEN TECHNOLOGY INC NEW,-0.015026897812102844
2024-03-01,17864,BJ,B J S WHOLESALE CLUB HLDGS INC,-0.017714626851962872
2024-03-01,23054,SOUN,SOUNDHOUND AI INC,-0.002428528752579248
2024-03-01,20126,JOBY,JOBY AVIATION INC,-0.006167293434332313
2024-03-01,16649,OKTA,OKTA INC,-0.004452448509998057
2024-03-01,19565,NCNO,NCINO INC NEW,-0.014835531462919762
2024-03-01,20193,AI,C3 AI INC,-0.003528264740189161
2024-03-01,21415,S,SENTINELONE INC,-0.007341848261827577
2024-03-01,18580,FSLY,FASTLY INC,-0.0031797918607591046
2024-03-01,90505,LVS,LAS VEGAS SANDS CORP,-0.015205916395653125
2024-03-01,20646,OSCR,OSCAR HEALTH INC,-0.0039304997567688954
2024-03-01,19505,JAMF,JAMF HOLDING CORP,-0.008064691966895025
2024-03-01,22424,HCP,HASHICORP INC,-0.0060000339353871905
2024-03-01,63467,BRO,BROWN & BROWN INC,-0.017714626851962872
2024-03-01,17478,SPGI,S & P GLOBAL INC,-0.01591421351028241
2024-03-01,15416,ATXS,ASTRIA THERAPEUTICS INC,-0.005715599086215615
2024-03-01,21358,CFLT,CONFLUENT INC,-0.003197684834567296
2024-03-01,15490,LITE,LUMENTUM HOLDINGS INC,-0.004068512648806262
2024-03-01,22268,SG,SWEETGREEN INC,-0.0071052943271127265
2024-03-01,64390,PGR,PROGRESSIVE CORP OH,-0.017714626851962872
2024-03-01,92469,SATS,ECHOSTAR CORP,-0.007694463160205724
2024-03-01,23147,IE,IVANHOE ELECTRIC INC,-0.007744030246510209
2024-03-01,19547,CERE,CEREVEL THERAPEUTICS HLDGS INC,-0.017714626851962872
2024-03-01,19497,LMND,LEMONADE INC,-0.0032015282582046048
2024-03-01,20464,EVEX,EVE HOLDING INC,-0.007882433777701814
2024-03-01,83509,FCN,F T I CONSULTING INC,-0.00622026055626277
2024-03-01,65294,RLI,R L I CORP,-0.017714626851962872
2024-03-01,21713,EVCM,EVERCOMMERCE INC,-0.010522115808610217
2024-03-01,23432,PRME,PRIME MEDICINE INC,-0.0043607402961937545
2024-03-01,20657,ACVA,A C V AUCTIONS INC,-0.005724739348121335
2024-03-01,91611,FSLR,FIRST SOLAR INC,-0.009004368502398007
2024-04-01,41187,HE,HAWAIIAN ELECTRIC INDUSTRIES INC,0.009163134723529124
2024-04-01,15332,CWEN,CLEARWAY ENERGY INC,0.013116652163571545
2024-04-01,90177,ACAD,ACADIA PHARMACEUTICALS,0.0049217207882011815
2024-04-01,16386,IRTC,IRHYTHM TECHNOLOGIES INC,0.006783319899516349
2024-04-01,90125,CORT,CORCEPT THERAPEUTICS INC,0.01052814404381439
2024-04-01,88351,INSM,INSMED INC,0.011138769409551504
2024-04-01,84511,VCEL,VERICEL CORP,0.01109959504053419
2024-04-01,16543,VREX,VAREX IMAGING CORP,0.014122928682387343
2024-04-01,14601,NAVI,NAVIENT CORP,0.016668735820606424
2024-04-01,90178,ALNY,ALNYLAM PHARMACEUTICALS INC,0.014512955858481282
2024-04-01,14688,AMPH,AMPHASTAR PHARMACEUTICALS INC,0.011848785903584203
2024-04-01,13878,MDXG,MIMEDX GROUP INC,0.00915526318804261
2024-04-01,18908,TXG,10X GENOMICS INC,0.008981823729281796
2024-04-01,15534,NTRA,NATERA INC,0.0113276119894715
2024-04-01,90423,INVA,THERAVANCE INC,0.017200551784262948
2024-04-01,14229,OMF,ONEMAIN HOLDINGS INC,0.012532174045904057
2024-04-01,81254,SNEX,STONEX GROUP INC,0.012443023923339508
2024-04-01,14432,ITCI,INTRA CELLULAR THERAPIES INC,0.009453747506536153
2024-04-01,90664,DXCM,DEXCOM INC,0.006895716479601712
2024-04-01,79906,INCY,INCYTE CORP,0.016678856227649797
2024-04-01,15454,GKOS,GLAUKOS CORP,0.01075370388159854
2024-04-01,22812,BRBR,BELLRING BRANDS INC NEW,0.00995533858424854
2024-04-01,91606,CPRX,CATALYST PHARMACEUTICALS INC,0.007108672033694889
2024-04-01,15302,VIRT,VIRTU FINANCIAL INC,0.013692526514951122
2024-04-01,18214,TWST,TWIST BIOSCIENCE CORP,0.007977877477600492
2024-04-01,16260,MEDP,MEDPACE HOLDINGS INC,0.01479583089063788
2024-04-01,50876,LLY,LILLY ELI & CO,0.01273873130910519
2024-04-01,90162,GNW,GENWORTH FINANCIAL INC,0.013535228278939123
2024-04-01,22879,EMBC,EMBECTA CORP,0.008675757410614326
2024-04-01,19635,HRMY,HARMONY BIOSCIENCES HLDGS INC,0.008959862379925273
2024-04-01,21896,TOST,TOAST INC,0.008905240649037851
2024-04-01,16967,CARG,CARGURUS INC,0.011428672671232272
2024-04-01,85002,SRPT,SAREPTA THERAPEUTICS INC,0.013120597732919329
2024-04-01,18190,AXNX,AXONICS INC,0.020544521174168624
2024-04-01,79382,PFC,PREMIER FINANCIAL CORP,0.009328450618973383
2024-04-01,11499,CECO,C E C O ENVIRONMENTAL CORP,0.0049217207882011815
2024-04-01,17799,INSP,INSPIRE MEDICAL SYSTEMS INC,0.006980024186290305
2024-04-01,83414,SASR,SANDY SPRING BANCORP INC,0.00854983880876481
2024-04-01,13249,PRLB,PROTO LABS INC,0.010574032169717893
2024-04-01,90856,ATRC,ATRICURE INC,0.007353716784628777
2024-04-01,92050,PODD,INSULET CORP,0.008339814731633784
2024-04-01,16932,ROKU,ROKU INC,0.019952973564460755
2024-04-01,89031,AXON,AXON ENTERPRISE INC,0.020500075901491503
2024-04-01,14325,TNDM,TANDEM DIABETES CARE INC,0.0049217207882011815
2024-04-01,12515,BKU,BANKUNITED INC,0.007827809214657222
2024-04-01,22199,COCO,VITA COCO CO INC,0.01619446645247516
2024-04-01,92753,ERII,ENERGY RECOVERY INC,0.008366328461400585
2024-04-01,14273,CHGG,CHEGG INC,0.008197333983013177
2024-04-01,88352,ISRG,INTUITIVE SURGICAL INC,0.011791461077906285
2024-04-01,16965,FOR,FORESTAR GROUP INC NEW,0.009234443935219496
2024-04-01,60186,OMI,OWENS & MINOR INC NEW,0.010608100629284814
2024-04-01,83534,NBIX,NEUROCRINE BIOSCIENCES INC,0.013611464906969717
2024-04-01,15400,ENR,ENERGIZER HOLDINGS INC NEW,0.0146569396006372
2024-04-01,22111,JNJ,JOHNSON & JOHNSON,0.020544521174168624
2024-04-01,18011,SONO,SONOS INC,0.009892760779724109
2024-04-01,85741,HOPE,HOPE BANCORP INC,0.009918576601637622
2024-04-01,91503,LMAT,LEMAITRE VASCULAR INC,0.012670892953909094
2024-04-01,23681,NXT,NEXTRACKER INC,0.011271211733215053
2024-04-01,90319,GOOGL,ALPHABET INC,0.012561657971413412
2024-04-01,81665,GIC,GLOBAL INDUSTRIAL CO,0.0121852603322428
2024-04-01,18065,GTX,GARRETT MOTION INC,0.013700503946666671
2024-04-01,17281,WHD,CACTUS INC,0.016686553737379352
2024-04-01,21892,PRCT,PROCEPT BIOROBOTICS CORP,0.007616044485324639
2024-04-01,93263,CELH,CELSIUS HOLDINGS INC,0.004921973669923697
2024-04-01,63715,POWL,POWELL INDUSTRIES INC,0.005180174118781629
2024-04-01,84010,USNA,USANA HEALTH SCIENCES INC,0.012208544278636796
2024-04-01,19358,NARI,INARI MEDICAL INC,0.005215980749486245
2024-04-01,75233,VGR,VECTOR GROUP LTD,0.017219887175200732
2024-04-01,16595,SNAP,SNAP INC,0.007683146386984532
2024-04-01,20659,VZIO,VIZIO HOLDING CORP,0.020544521174168624
2024-04-01,14495,ATEN,A10 NETWORKS INC,0.007502133246557469
2024-04-01,18485,PINS,PINTEREST INC,0.012800558704348809
2024-04-01,75034,BKR,BAKER HUGHES CO,0.0171704710446653
2024-04-01,92221,MELI,MERCADOLIBRE INC,0.013066544206327892
2024-04-01,18013,ARLO,ARLO TECHNOLOGIES INC,0.005599354763296979
2024-04-01,20681,COUR,COURSERA INC,0.013412404889074707
2024-04-01,84788,AMZN,AMAZON COM INC,0.016838979851208226
2024-04-01,76839,FIZZ,NATIONAL BEVERAGE CORP,0.019709615483071027
2024-04-01,92203,LULU,LULULEMON ATHLETICA INC,0.005414622285197044
2024-04-01,21614,DUOL,DUOLINGO INC,0.006982717559081032
2024-04-01,20682,CPNG,COUPANG INC,0.00874409057190342
2024-04-01,79491,WINA,WINMARK CORP,0.011103039782679217
2024-04-01,11701,IMKTA,INGLES MARKETS INC,0.020544521174168624
2024-04-01,17155,QTRX,QUANTERIX CORP,0.0049217207882011815
2024-04-01,17317,EOLS,EVOLUS INC,0.011267641474470617
2024-04-01,89653,PFS,PROVIDENT FINANCIAL SVCS INC,0.007891242828912053
2024-04-01,91348,ATEC,ALPHATEC HOLDINGS INC,0.008339983570043915
2024-04-01,89964,NNI,NELNET INC,0.020544521174168624
2024-04-01,86820,CFFN,CAPITOL FEDERAL FINANCIAL INC,0.008146236596018803
2024-04-01,19577,RKT,ROCKET COMPANIES INC,0.007583757703741124
2024-04-01,18043,AMAL,AMALGAMATED FINANCIAL CORP,0.011684719110495782
2024-04-01,85621,MTD,METTLER TOLEDO INTERNATIONAL INC,0.013560751677299983
2024-04-01,23744,CR,CRANE CO NEW,0.010174654938048859
2024-04-01,20057,VTRS,VIATRIS INC,0.01539255908547063
2024-04-01,13877,IBTX,INDEPENDENT BANK GROUP INC,0.008110099137456079
2024-04-01,16829,RDFN,REDFIN CORP,0.0049217207882011815
2024-04-01,92716,DCOM,DIME COMMUNITY BANCSHRS INC NEW,0.006980445867053666
2024-04-01,21124,OGN,ORGANON & CO,0.014383349233318011
2024-04-01,93304,FIBK,FIRST INTERSTATE BANCSYSTEM INC,0.009061381438311948
2024-04-01,89736,HTLF,HEARTLAND FINANCIAL USA INC,0.010681142608423778
2024-04-01,14813,MARA,MARATHON DIGITAL HOLDINGS INC,-0.003165092776686982
2024-04-01,92213,RIOT,RIOT PLATFORMS INC,-0.004151763401290426
2024-04-01,23054,SOUN,SOUNDHOUND AI INC,-0.002668618669321473
2024-04-01,86211,MSTR,MICROSTRATEGY INC,-0.002668618669321473
2024-04-01,20357,IONQ,IONQ INC,-0.00455377095704684
2024-04-01,19084,BILL,B I L L HOLDINGS INC,-0.007557177959139953
2024-04-01,19187,CLSK,CLEANSPARK INC,-0.002668618669321473
2024-04-01,19599,QS,QUANTUMSCAPE CORP,-0.007767706288038518
2024-04-01,19565,NCNO,NCINO INC NEW,-0.004791881553176741
2024-04-01,90505,LVS,LAS VEGAS SANDS CORP,-0.012412327444469129
2024-04-01,20126,JOBY,JOBY AVIATION INC,-0.010372775111753281
2024-04-01,11370,ENV,ENVESTNET INC,-0.013781754285770777
2024-04-01,76185,TYL,TYLER TECHNOLOGIES INC,-0.015426678551067873
2024-04-01,21556,INDI,INDIE SEMICONDUCTOR INC,-0.004688109939983354
2024-04-01,22079,LTH,LIFE TIME GROUP HOLDINGS INC,-0.011233687173369658
2024-04-01,80191,ALB,ALBEMARLE CORP,-0.00373843605120354
2024-04-01,22092,KD,KYNDRYL HOLDINGS INC,-0.010055389673369736
2024-04-01,15478,TRU,TRANSUNION,-0.011958793457867333
2024-04-01,18776,IMVT,IMMUNOVANT INC,-0.009578578149120333
2024-04-01,15303,VKTX,VIKING THERAPEUTICS INC,-0.0026819530142434297
2024-04-01,15058,SLNO,SOLENO THERAPEUTICS INC,-0.00942727217086603
2024-04-01,17357,TH,TARGET HOSPITALITY CORP,-0.0035107923519412825
2024-04-01,12591,APO,APOLLO GLOBAL MANAGEMENT INC NEW,-0.01749532036698904
2024-04-01,20067,SOFI,SOFI TECHNOLOGIES INC,-0.005087316150055551
2024-04-01,11752,COHR,COHERENT CORP,-0.0069465894427886725
2024-04-01,92469,SATS,ECHOSTAR CORP,-0.0044772646193952685
2024-04-01,23147,IE,IVANHOE ELECTRIC INC,-0.0051307077773135945
2024-04-01,22268,SG,SWEETGREEN INC,-0.003185242527952276
2024-04-01,90542,EYPT,EYEPOINT PHARMACEUTICALS INC,-0.006679120948891395
2024-04-01,20646,OSCR,OSCAR HEALTH INC,-0.005608579884984173
2024-04-01,18580,FSLY,FASTLY INC,-0.00871638818192964
2024-04-01,19497,LMND,LEMONADE INC,-0.006454081615071119
2024-04-01,93098,H,HYATT HOTELS CORP,-0.01749532036698904
2024-04-01,18898,KRUS,KURA SUSHI USA INC,-0.005662148247472611
2024-04-01,15222,IOVA,IOVANCE BIOTHERAPEUTICS INC,-0.006032131303701642
2024-04-01,86228,RSG,REPUBLIC SERVICES INC,-0.01749532036698904
2024-04-01,21359,MCW,MISTER CAR WASH INC,-0.008447517426267323
2024-04-01,21617,ALIT,ALIGHT INC,-0.006212392747935282
2024-04-01,21358,CFLT,CONFLUENT INC,-0.009611029277512357
2024-04-01,19825,DYN,DYNE THERAPEUTICS INC,-0.004460353940109599
2024-04-01,19505,JAMF,JAMF HOLDING CORP,-0.011582487494952252
2024-04-01,15416,ATXS,ASTRIA THERAPEUTICS INC,-0.005041803593767198
2024-04-01,15221,RCKT,ROCKET PHARMACEUTICALS INC,-0.008220984689655873
2024-04-01,20898,RXRX,RECURSION PHARMACEUTICALS INC,-0.006714057043416581
2024-04-01,22424,HCP,HASHICORP INC,-0.005929218690609444
2024-04-01,63467,BRO,BROWN & BROWN INC,-0.01749532036698904
2024-04-01,20657,ACVA,A C V AUCTIONS INC,-0.01059793052241569
2024-04-01,90097,UCTT,ULTRA CLEAN HOLDINGS INC,-0.010165802077464068
2024-04-01,20342,DRVN,DRIVEN BRANDS HOLDINGS INC,-0.00890387243389677
2024-04-01,19547,CERE,CEREVEL THERAPEUTICS HLDGS INC,-0.01749532036698904
2024-04-01,19484,PCVX,VAXCYTE INC,-0.010598521250779612
2024-04-01,14338,HLT,HILTON WORLDWIDE HOLDINGS INC,-0.01749532036698904
2024-04-01,20464,EVEX,EVE HOLDING INC,-0.005580095303558887
2024-04-01,16086,HTZ,HERTZ GLOBAL HOLDINGS INC NEW,-0.006339837803270217
2024-04-01,85913,MAR,MARRIOTT INTERNATIONAL INC NEW,-0.01749532036698904
2024-04-01,21747,NUVL,NUVALENT INC,-0.008163854198506381
2024-04-01,22085,PTLO,PORTILLOS INC,-0.009086978712787845
2024-04-01,17478,SPGI,S & P GLOBAL INC,-0.01749532036698904
2024-04-01,20791,EWTX,EDGEWISE THERAPEUTICS INC,-0.005816264802755114
2024-04-01,19004,CABA,CABALETTA BIO INC,-0.006032220197379461
2024-04-01,91611,FSLR,FIRST SOLAR INC,-0.007960303886796707
2024-04-01,91832,MDGL,MADRIGAL PHARMACEUTICALS INC,-0.004634442948243992
2024-04-01,28804,ALK,ALASKA AIRGROUP INC,-0.011085732148643187
2024-04-01,23432,PRME,PRIME MEDICINE INC,-0.004967059287464229
2024-04-01,15490,LITE,LUMENTUM HOLDINGS INC,-0.00874826051254933
2024-04-01,89626,CME,C M E GROUP INC,-0.01749532036698904
2024-04-01,18961,SWTX,SPRINGWORKS THERAPEUTICS INC,-0.007852870219288747
2024-04-01,20059,MRVI,MARAVAI LIFESCIENCES HLDGS INC,-0.005779195704707051
2024-04-01,19628,IRON,DISC MEDICINE INC,-0.005048268650797055
2024-04-01,64390,PGR,PROGRESSIVE CORP OH,-0.01749532036698904
2024-04-01,21713,EVCM,EVERCOMMERCE INC,-0.006916710621404108
2024-04-01,19593,MIR,MIRION TECHNOLOGIES INC,-0.013783099030762769
2024-04-01,15643,RUN,SUNRUN INC,-0.0037073033440915486
2024-04-01,10932,WBS,WEBSTER FINANCIAL CORP,-0.013351201908509915
2024-04-01,84348,VSAT,VIASAT INC,-0.005177908451937365
2024-04-01,86778,MKSI,M K S INSTRUMENTS INC,-0.009209174480104219
2024-04-01,83509,FCN,F T I CONSULTING INC,-0.01749532036698904
2024-04-01,23063,AZPN,ASPEN TECHNOLOGY INC NEW,-0.009093780598964077
2024-04-01,21415,S,SENTINELONE INC,-0.004608519831891331
2024-04-01,16498,HGV,HILTON GRAND VACATIONS INC,-0.011528413547909644
2024-04-01,25487,CAR,AVIS BUDGET GROUP INC,-0.007488970014155926
2024-04-01,65294,RLI,R L I CORP,-0.01749532036698904
2024-04-01,58683,LUV,SOUTHWEST AIRLINES CO,-0.00614422947310358
2024-04-01,14708,VRDN,VIRIDIAN THERAPEUTICS INC,-0.0054322923892947675
2024-04-01,66800,AIG,AMERICAN INTERNATIONAL GROUP INC,-0.01749532036698904
2024-04-01,15795,SGRY,SURGERY PARTNERS INC,-0.011848451108763685
2024-04-01,16649,OKTA,OKTA INC,-0.016782425265848566
2024-04-01,21348,LFST,LIFESTANCE HEALTH GROUP INC,-0.00954773022646444
2024-04-01,20295,CIFR,CIPHER MINING INC,-0.002668618669321473
2024-04-01,22220,NN,NEXTNAV INC,-0.002668618669321473
2024-04-01,82670,TGTX,T G THERAPEUTICS INC,-0.009410079727852882
2024-04-01,21262,DAWN,DAY ONE BIOPHARMACEUTICALS INC,-0.006450119832219135
2024-04-01,85517,CHH,CHOICE HOTELS INTERNATIONAL INC,-0.010070424342627443
2024-04-01,21825,NPWR,N E T POWER INC,-0.007971621899005145
2024-04-01,20468,SANA,SANA BIOTECHNOLOGY INC,-0.003846337859610977
2024-04-01,80069,ARWR,ARROWHEAD PHARMACEUTICALS INC,-0.00457813557767934
2024-04-01,19201,RVMD,REVOLUTION MEDICINES INC,-0.008286748471227493
2024-04-01,21342,VERA,VERA THERAPEUTICS INC,-0.005860268541151202
2024-04-01,17125,DNLI,DENALI THERAPEUTICS INC,-0.0069796267449273265
2024-04-01,13739,BFAM,BRIGHT HORIZONS FAM SOL INC NEW,-0.01749532036698904
2024-05-01,41187,HE,HAWAIIAN ELECTRIC INDUSTRIES INC,0.006121504453243151
2024-05-01,15332,CWEN,CLEARWAY ENERGY INC,0.011851551114657237
2024-05-01,17317,EOLS,EVOLUS INC,0.012553821415611528
2024-05-01,14601,NAVI,NAVIENT CORP,0.012499708879091726
2024-05-01,16386,IRTC,IRHYTHM TECHNOLOGIES INC,0.00965804299470313
2024-05-01,84511,VCEL,VERICEL CORP,0.010180056825240136
2024-05-01,14432,ITCI,INTRA CELLULAR THERAPIES INC,0.005935792803071965
2024-05-01,16829,RDFN,REDFIN CORP,0.005959138924904277
2024-05-01,90423,INVA,THERAVANCE INC,0.016363789163495287
2024-05-01,88351,INSM,INSMED INC,0.008264392138344246
2024-05-01,89964,NNI,NELNET INC,0.022049289286574725
2024-05-01,91606,CPRX,CATALYST PHARMACEUTICALS INC,0.009816237308511855
2024-05-01,90177,ACAD,ACADIA PHARMACEUTICALS,0.013775763592613505
2024-05-01,14229,OMF,ONEMAIN HOLDINGS INC,0.01408217876716054
2024-05-01,21124,OGN,ORGANON & CO,0.012967453750238493
2024-05-01,16543,VREX,VAREX IMAGING CORP,0.015230880304774456
2024-05-01,90125,CORT,CORCEPT THERAPEUTICS INC,0.008186009476139828
2024-05-01,20057,VTRS,VIATRIS INC,0.01859750669263441
2024-05-01,15534,NTRA,NATERA INC,0.009535537906250764
2024-05-01,21896,TOST,TOAST INC,0.007376176106019443
2024-05-01,22812,BRBR,BELLRING BRANDS INC NEW,0.015652293690663264
2024-05-01,19577,RKT,ROCKET COMPANIES INC,0.005935792803071965
2024-05-01,18214,TWST,TWIST BIOSCIENCE CORP,0.00630498485955692
2024-05-01,91348,ATEC,ALPHATEC HOLDINGS INC,0.0095974375423377
2024-05-01,90162,GNW,GENWORTH FINANCIAL INC,0.01600237102850606
2024-05-01,90664,DXCM,DEXCOM INC,0.007615828238667101
2024-05-01,18908,TXG,10X GENOMICS INC,0.007089326596172812
2024-05-01,85002,SRPT,SAREPTA THERAPEUTICS INC,0.01156819725706621
2024-05-01,13249,PRLB,PROTO LABS INC,0.014081596916643546
2024-05-01,17799,INSP,INSPIRE MEDICAL SYSTEMS INC,0.006404651682862281
2024-05-01,90178,ALNY,ALNYLAM PHARMACEUTICALS INC,0.015102892232739262
2024-05-01,79906,INCY,INCYTE CORP,0.022049289286574725
2024-05-01,15454,GKOS,GLAUKOS CORP,0.00983251283956169
2024-05-01,90856,ATRC,ATRICURE INC,0.007146169287416985
2024-05-01,81665,GIC,GLOBAL INDUSTRIAL CO,0.014596347755271837
2024-05-01,89031,AXON,AXON ENTERPRISE INC,0.014123737460195093
2024-05-01,14688,AMPH,AMPHASTAR PHARMACEUTICALS INC,0.011939406108991066
2024-05-01,92753,ERII,ENERGY RECOVERY INC,0.00848994066237996
2024-05-01,50876,LLY,LILLY ELI & CO,0.011300760802341584
2024-05-01,81254,SNEX,STONEX GROUP INC,0.012376155178603665
2024-05-01,18011,SONO,SONOS INC,0.013623530235469576
2024-05-01,85621,MTD,METTLER TOLEDO INTERNATIONAL INC,0.011725217648634519
2024-05-01,14325,TNDM,TANDEM DIABETES CARE INC,0.005987015252772699
2024-05-01,16260,MEDP,MEDPACE HOLDINGS INC,0.008660156236389495
2024-05-01,76839,FIZZ,NATIONAL BEVERAGE CORP,0.013501134099187862
2024-05-01,22199,COCO,VITA COCO CO INC,0.010192755051348572
2024-05-01,88352,ISRG,INTUITIVE SURGICAL INC,0.015924752612346212
2024-05-01,16932,ROKU,ROKU INC,0.006463680155797922
2024-05-01,18190,AXNX,AXONICS INC,0.022049289286574725
2024-05-01,16967,CARG,CARGURUS INC,0.010620561998620826
2024-05-01,92050,PODD,INSULET CORP,0.010755330001215433
2024-05-01,79382,PFC,PREMIER FINANCIAL CORP,0.011792528678719211
2024-05-01,23681,NXT,NEXTRACKER INC,0.0087911660987892
2024-05-01,93263,CELH,CELSIUS HOLDINGS INC,0.0072196122518999525
2024-05-01,19635,HRMY,HARMONY BIOSCIENCES HLDGS INC,0.0073790345650094355
2024-05-01,20659,VZIO,VIZIO HOLDING CORP,0.022049289286574725
2024-05-01,18485,PINS,PINTEREST INC,0.012791777028990273
2024-05-01,60186,OMI,OWENS & MINOR INC NEW,0.007964459565947319
2024-05-01,13877,IBTX,INDEPENDENT BANK GROUP INC,0.00961021311531076
2024-05-01,13878,MDXG,MIMEDX GROUP INC,0.008079915612932356
2024-05-01,15302,VIRT,VIRTU FINANCIAL INC,0.013554203007069625
2024-05-01,84010,USNA,USANA HEALTH SCIENCES INC,0.012761142656317405
2024-05-01,91503,LMAT,LEMAITRE VASCULAR INC,0.012625035676298095
2024-05-01,15400,ENR,ENERGIZER HOLDINGS INC NEW,0.018698171561767937
2024-05-01,22111,JNJ,JOHNSON & JOHNSON,0.022049289286574725
2024-05-01,93304,FIBK,FIRST INTERSTATE BANCSYSTEM INC,0.00912841504958398
2024-05-01,14495,ATEN,A10 NETWORKS INC,0.01191866989957303
2024-05-01,92221,MELI,MERCADOLIBRE INC,0.012345416634143964
2024-05-01,18013,ARLO,ARLO TECHNOLOGIES INC,0.009056365064105308
2024-05-01,90319,GOOGL,ALPHABET INC,0.00781055298736291
2024-05-01,16965,FOR,FORESTAR GROUP INC NEW,0.0070370013530732115
2024-05-01,17281,WHD,CACTUS INC,0.01036205123787046
2024-05-01,89653,PFS,PROVIDENT FINANCIAL SVCS INC,0.007971118555716961
2024-05-01,11499,CECO,C E C O ENVIRONMENTAL CORP,0.005935792803071965
2024-05-01,19358,NARI,INARI MEDICAL INC,0.011184830518786942
2024-05-01,21614,DUOL,DUOLINGO INC,0.00664145505008529
2024-05-01,84788,AMZN,AMAZON COM INC,0.01280312576423302
2024-05-01,12515,BKU,BANKUNITED INC,0.009848851756296585
2024-05-01,20681,COUR,COURSERA INC,0.006476760357217094
2024-05-01,21892,PRCT,PROCEPT BIOROBOTICS CORP,0.007765340500394749
2024-05-01,92203,LULU,LULULEMON ATHLETICA INC,0.012214580869978588
2024-05-01,16595,SNAP,SNAP INC,0.005935792803071965
2024-05-01,23744,CR,CRANE CO NEW,0.011208910324332733
2024-05-01,63715,POWL,POWELL INDUSTRIES INC,0.007154468837629594
2024-05-01,18065,GTX,GARRETT MOTION INC,0.014650698934074355
2024-05-01,83414,SASR,SANDY SPRING BANCORP INC,0.008828644680167475
2024-05-01,24296,NATL,N C R ATLEOS CORP,0.008340143012121357
2024-05-01,13919,AMBC,AMBAC FINANCIAL GROUP INC,0.010767151638750317
2024-05-01,83642,CNOB,CONNECTONE BANCORP INC NEW,0.009107200621633236
2024-05-01,19859,MAX,MEDIAALPHA INC,0.00639367028720888
2024-05-01,92326,CVI,C V R ENERGY,0.008858972306268488
2024-05-01,75320,USM,UNITED STATES CELLULAR CORP,0.010454952180485082
2024-05-01,18566,SILK,SILK ROAD MEDICAL INC,0.007353890762419593
2024-05-01,14941,AVNS,AVANOS MEDICAL INC,0.011117770000068491
2024-05-01,18456,SWAV,SHOCKWAVE MEDICAL INC,0.022049289286574725
2024-05-01,18938,HIMS,HIMS & HERS HEALTH INC,0.007915569424462197
2024-05-01,64785,AGX,ARGAN INC,0.005935792803071965
2024-05-01,81593,COOP,MR COOPER GROUP INC,0.013856797791239456
2024-05-01,91215,DK,DELEK U S HOLDINGS INC NEW,0.010057435475046604
2024-05-01,75070,WKC,WORLD KINECT CORP,0.010893199655152274
2024-05-01,14813,MARA,MARATHON DIGITAL HOLDINGS INC,-0.00383774177265556
2024-05-01,92213,RIOT,RIOT PLATFORMS INC,-0.0032546293488659576
2024-05-01,19187,CLSK,CLEANSPARK INC,-0.003504525461814116
2024-05-01,20357,IONQ,IONQ INC,-0.004828653999363546
2024-05-01,19084,BILL,B I L L HOLDINGS INC,-0.008324572120815703
2024-05-01,22220,NN,NEXTNAV INC,-0.004300713548894234
2024-05-01,19599,QS,QUANTUMSCAPE CORP,-0.006128588490230857
2024-05-01,84348,VSAT,VIASAT INC,-0.005573682700997335
2024-05-01,91611,FSLR,FIRST SOLAR INC,-0.010466580529327522
2024-05-01,76185,TYL,TYLER TECHNOLOGIES INC,-0.009133552220337885
2024-05-01,90505,LVS,LAS VEGAS SANDS CORP,-0.009262264216993638
2024-05-01,21556,INDI,INDIE SEMICONDUCTOR INC,-0.0048890249640236175
2024-05-01,22079,LTH,LIFE TIME GROUP HOLDINGS INC,-0.009459116579719137
2024-05-01,20126,JOBY,JOBY AVIATION INC,-0.007527405712705018
2024-05-01,15303,VKTX,VIKING THERAPEUTICS INC,-0.006147123737366702
2024-05-01,92469,SATS,ECHOSTAR CORP,-0.0072011874704092545
2024-05-01,11370,ENV,ENVESTNET INC,-0.008743926235288425
2024-05-01,18776,IMVT,IMMUNOVANT INC,-0.00889648185996778
2024-05-01,22092,KD,KYNDRYL HOLDINGS INC,-0.011523326272236368
2024-05-01,80191,ALB,ALBEMARLE CORP,-0.006144791952824237
2024-05-01,20468,SANA,SANA BIOTECHNOLOGY INC,-0.0045259299764935585
2024-05-01,15058,SLNO,SOLENO THERAPEUTICS INC,-0.003959506627852904
2024-05-01,90542,EYPT,EYEPOINT PHARMACEUTICALS INC,-0.004412281850252083
2024-05-01,15222,IOVA,IOVANCE BIOTHERAPEUTICS INC,-0.007194142603363679
2024-05-01,19825,DYN,DYNE THERAPEUTICS INC,-0.006460736808588026
2024-05-01,21262,DAWN,DAY ONE BIOPHARMACEUTICALS INC,-0.0033987153737238536
2024-05-01,12591,APO,APOLLO GLOBAL MANAGEMENT INC NEW,-0.011438886376877103
2024-05-01,20898,RXRX,RECURSION PHARMACEUTICALS INC,-0.005961446229324208
2024-05-01,20067,SOFI,SOFI TECHNOLOGIES INC,-0.006029651060785071
2024-05-01,19201,RVMD,REVOLUTION MEDICINES INC,-0.006405606967890742
2024-05-01,22268,SG,SWEETGREEN INC,-0.004565782486606955
2024-05-01,23147,IE,IVANHOE ELECTRIC INC,-0.00477194279254771
2024-05-01,17357,TH,TARGET HOSPITALITY CORP,-0.01795071071342528
2024-05-01,19565,NCNO,NCINO INC NEW,-0.010315827729917869
2024-05-01,15221,RCKT,ROCKET PHARMACEUTICALS INC,-0.008089794599697416
2024-05-01,21342,VERA,VERA THERAPEUTICS INC,-0.0038192581968592406
2024-05-01,19484,PCVX,VAXCYTE INC,-0.011031200845875066
2024-05-01,19547,CERE,CEREVEL THERAPEUTICS HLDGS INC,-0.01795071071342528
2024-05-01,21825,NPWR,N E T POWER INC,-0.007734367062642605
2024-05-01,15478,TRU,TRANSUNION,-0.007783375818329176
2024-05-01,22424,HCP,HASHICORP INC,-0.004346824920221079
2024-05-01,21747,NUVL,NUVALENT INC,-0.00854232817732513
2024-05-01,11752,COHR,COHERENT CORP,-0.009063774160941365
2024-05-01,91832,MDGL,MADRIGAL PHARMACEUTICALS INC,-0.007847984507232522
2024-05-01,86228,RSG,REPUBLIC SERVICES INC,-0.01795071071342528
2024-05-01,20791,EWTX,EDGEWISE THERAPEUTICS INC,-0.005638461543305089
2024-05-01,20464,EVEX,EVE HOLDING INC,-0.006255088810002989
2024-05-01,18580,FSLY,FASTLY INC,-0.007783974244903251
2024-05-01,20059,MRVI,MARAVAI LIFESCIENCES HLDGS INC,-0.0065047695802588085
2024-05-01,19505,JAMF,JAMF HOLDING CORP,-0.011976708640716368
2024-05-01,20646,OSCR,OSCAR HEALTH INC,-0.006187802874081876
2024-05-01,86211,MSTR,MICROSTRATEGY INC,-0.0032653505666053267
2024-05-01,80069,ARWR,ARROWHEAD PHARMACEUTICALS INC,-0.006607934562041618
2024-05-01,17125,DNLI,DENALI THERAPEUTICS INC,-0.00784753267396489
2024-05-01,19497,LMND,LEMONADE INC,-0.00791083668022069
2024-05-01,19628,IRON,DISC MEDICINE INC,-0.0032546293488659576
2024-05-01,18961,SWTX,SPRINGWORKS THERAPEUTICS INC,-0.007514070310022891
2024-05-01,15490,LITE,LUMENTUM HOLDINGS INC,-0.009475652397482085
2024-05-01,21359,MCW,MISTER CAR WASH INC,-0.010498627049925272
2024-05-01,28804,ALK,ALASKA AIRGROUP INC,-0.010750808806460604
2024-05-01,93098,H,HYATT HOTELS CORP,-0.01791001621507688
2024-05-01,18898,KRUS,KURA SUSHI USA INC,-0.00853117763847459
2024-05-01,89626,CME,C M E GROUP INC,-0.01795071071342528
2024-05-01,21348,LFST,LIFESTANCE HEALTH GROUP INC,-0.010476723434315528
2024-05-01,23063,AZPN,ASPEN TECHNOLOGY INC NEW,-0.01327015696064677
2024-05-01,21617,ALIT,ALIGHT INC,-0.01795071071342528
2024-05-01,20657,ACVA,A C V AUCTIONS INC,-0.009154910751659326
2024-05-01,85517,CHH,CHOICE HOTELS INTERNATIONAL INC,-0.015812558828428375
2024-05-01,90097,UCTT,ULTRA CLEAN HOLDINGS INC,-0.00832745673106365
2024-05-01,21713,EVCM,EVERCOMMERCE INC,-0.01205114048856989
2024-05-01,17478,SPGI,S & P GLOBAL INC,-0.01795071071342528
2024-05-01,13739,BFAM,BRIGHT HORIZONS FAM SOL INC NEW,-0.01772677105601019
2024-05-01,22085,PTLO,PORTILLOS INC,-0.00929629521953299
2024-05-01,64390,PGR,PROGRESSIVE CORP OH,-0.01795071071342528
2024-05-01,86778,MKSI,M K S INSTRUMENTS INC,-0.008417453913473526
2024-05-01,83509,FCN,F T I CONSULTING INC,-0.01795071071342528
2024-05-01,14708,VRDN,VIRIDIAN THERAPEUTICS INC,-0.007425150706772366
2024-05-01,85913,MAR,MARRIOTT INTERNATIONAL INC NEW,-0.01596233320228295
2024-05-01,63467,BRO,BROWN & BROWN INC,-0.01795071071342528
2024-05-01,21358,CFLT,CONFLUENT INC,-0.010037606278211843
2024-05-01,65294,RLI,R L I CORP,-0.015985838449772295
2024-05-01,16498,HGV,HILTON GRAND VACATIONS INC,-0.013877268481784888
2024-05-01,14338,HLT,HILTON WORLDWIDE HOLDINGS INC,-0.015114695842004955
2024-05-01,19862,ROOT,ROOT INC,-0.0032546293488659576
2024-05-01,22265,RIVN,RIVIAN AUTOMOTIVE INC,-0.005570263098601332
2024-05-01,81666,HA,HAWAIIAN HOLDINGS INC,-0.01499133315875024
2024-05-01,19794,U,UNITY SOFTWARE INC,-0.009118749670194297
2024-05-01,21563,JANX,JANUX THERAPEUTICS INC,-0.0035877716877097524
2024-05-01,15533,IBRX,IMMUNITYBIO INC,-0.0032546293488659576
2024-05-01,16591,LAUR,LAUREATE EDUCATION INC,-0.01508169131379059
2024-05-01,20196,UPST,UPSTART HOLDINGS INC,-0.006519712644052433
2024-05-01,20452,ENVX,ENOVIX CORP,-0.004725754219346077
2024-05-01,19542,ALXO,ALX ONCOLOGY HOLDINGS INC,-0.003948909480493909
2024-05-01,10104,ORCL,ORACLE CORP,-0.01795071071342528
2024-05-01,24085,LLYVK,LIBERTY MEDIA CORP 3RD NEW,-0.009218405919674958
2024-05-01,17949,BE,BLOOM ENERGY CORP,-0.005804456969498578
2024-05-01,21207,NEM,NEWMONT CORP,-0.0065142097495813735
2024-05-01,21023,AILE,ILEARNINGENGINES INC,-0.0032546293488659576
2024-05-01,19356,ZNTL,ZENTALIS PHARMACEUTICALS INC,-0.004527430028129787
2024-05-01,79026,CHDN,CHURCHILL DOWNS INC,-0.010958795895466809
2024-06-01,41187,HE,HAWAIIAN ELECTRIC INDUSTRIES INC,0.007203031680230003
2024-06-01,17317,EOLS,EVOLUS INC,0.009295367046612778
2024-06-01,14601,NAVI,NAVIENT CORP,0.01486269655908155
2024-06-01,24296,NATL,N C R ATLEOS CORP,0.0070146699380496
2024-06-01,14229,OMF,ONEMAIN HOLDINGS INC,0.021558770680788052
2024-06-01,84511,VCEL,VERICEL CORP,0.008735886497623841
2024-06-01,16386,IRTC,IRHYTHM TECHNOLOGIES INC,0.00899083785708516
2024-06-01,16829,RDFN,REDFIN CORP,0.004750334617196136
2024-06-01,21896,TOST,TOAST INC,0.006451072873892286
2024-06-01,14432,ITCI,INTRA CELLULAR THERAPIES INC,0.01102216448162193
2024-06-01,19859,MAX,MEDIAALPHA INC,0.006975272422706721
2024-06-01,92326,CVI,C V R ENERGY,0.014926825072321619
2024-06-01,90423,INVA,THERAVANCE INC,0.016178066965699307
2024-06-01,13249,PRLB,PROTO LABS INC,0.015558869852848576
2024-06-01,89964,NNI,NELNET INC,0.007696975384505484
2024-06-01,18938,HIMS,HIMS & HERS HEALTH INC,0.00357347146857798
2024-06-01,90177,ACAD,ACADIA PHARMACEUTICALS,0.008137639863699087
2024-06-01,15534,NTRA,NATERA INC,0.009159935970815764
2024-06-01,14325,TNDM,TANDEM DIABETES CARE INC,0.004332963773403645
2024-06-01,75070,WKC,WORLD KINECT CORP,0.02050949795249976
2024-06-01,22812,BRBR,BELLRING BRANDS INC NEW,0.01791846651415845
2024-06-01,90125,CORT,CORCEPT THERAPEUTICS INC,0.006280550204618757
2024-06-01,18566,SILK,SILK ROAD MEDICAL INC,0.006290665551200768
2024-06-01,90162,GNW,GENWORTH FINANCIAL INC,0.01274498750035564
2024-06-01,81254,SNEX,STONEX GROUP INC,0.016877826060976035
2024-06-01,21124,OGN,ORGANON & CO,0.012970841252754908
2024-06-01,22199,COCO,VITA COCO CO INC,0.009897731182815284
2024-06-01,20057,VTRS,VIATRIS INC,0.016073482494536644
2024-06-01,18456,SWAV,SHOCKWAVE MEDICAL INC,0.02165607972469582
2024-06-01,83642,CNOB,CONNECTONE BANCORP INC NEW,0.01077271261833118
2024-06-01,18908,TXG,10X GENOMICS INC,0.008142443514340398
2024-06-01,85002,SRPT,SAREPTA THERAPEUTICS INC,0.008223342425075683
2024-06-01,90664,DXCM,DEXCOM INC,0.011474629132452589
2024-06-01,81593,COOP,MR COOPER GROUP INC,0.016464108739070404
2024-06-01,19577,RKT,ROCKET COMPANIES INC,0.009046581800518148
2024-06-01,91348,ATEC,ALPHATEC HOLDINGS INC,0.004255439111436949
2024-06-01,91215,DK,DELEK U S HOLDINGS INC NEW,0.012225254857258422
2024-06-01,64785,AGX,ARGAN INC,0.015161344991668806
2024-06-01,23681,NXT,NEXTRACKER INC,0.005054660077314417
2024-06-01,15332,CWEN,CLEARWAY ENERGY INC,0.011406473537118255
2024-06-01,18011,SONO,SONOS INC,0.011278726956911227
2024-06-01,17799,INSP,INSPIRE MEDICAL SYSTEMS INC,0.00357347146857798
2024-06-01,89031,AXON,AXON ENTERPRISE INC,0.015359389715837866
2024-06-01,90178,ALNY,ALNYLAM PHARMACEUTICALS INC,0.015303802979137367
2024-06-01,15454,GKOS,GLAUKOS CORP,0.012850292702020965
2024-06-01,16932,ROKU,ROKU INC,0.011065132239269481
2024-06-01,76839,FIZZ,NATIONAL BEVERAGE CORP,0.017959766448588797
2024-06-01,81665,GIC,GLOBAL INDUSTRIAL CO,0.009321030836928978
2024-06-01,16967,CARG,CARGURUS INC,0.009565760415352906
2024-06-01,14941,AVNS,AVANOS MEDICAL INC,0.012597213861969797
2024-06-01,85621,MTD,METTLER TOLEDO INTERNATIONAL INC,0.006023693586674215
2024-06-01,16260,MEDP,MEDPACE HOLDINGS INC,0.013771231021380973
2024-06-01,14688,AMPH,AMPHASTAR PHARMACEUTICALS INC,0.014357857240743583
2024-06-01,50876,LLY,LILLY ELI & CO,0.013910784518353623
2024-06-01,88351,INSM,INSMED INC,0.00357347146857798
2024-06-01,79906,INCY,INCYTE CORP,0.012127634304965388
2024-06-01,88352,ISRG,INTUITIVE SURGICAL INC,0.018584508300266617
2024-06-01,15302,VIRT,VIRTU FINANCIAL INC,0.013359124953210868
2024-06-01,13919,AMBC,AMBAC FINANCIAL GROUP INC,0.005590629322762283
2024-06-01,18485,PINS,PINTEREST INC,0.0052377360116157255
2024-06-01,19635,HRMY,HARMONY BIOSCIENCES HLDGS INC,0.01212509943660164
2024-06-01,91503,LMAT,LEMAITRE VASCULAR INC,0.009449521543550278
2024-06-01,20659,VZIO,VIZIO HOLDING CORP,0.02165607972469582
2024-06-01,92050,PODD,INSULET CORP,0.0068058703838005255
2024-06-01,79382,PFC,PREMIER FINANCIAL CORP,0.013399790717039829
2024-06-01,91606,CPRX,CATALYST PHARMACEUTICALS INC,0.009778721312881275
2024-06-01,93304,FIBK,FIRST INTERSTATE BANCSYSTEM INC,0.019361389582324022
2024-06-01,21614,DUOL,DUOLINGO INC,0.004860298459268699
2024-06-01,20681,COUR,COURSERA INC,0.011726814353238137
2024-06-01,18190,AXNX,AXONICS INC,0.02165607972469582
2024-06-01,93263,CELH,CELSIUS HOLDINGS INC,0.005961215144103466
2024-06-01,90856,ATRC,ATRICURE INC,0.006020766744880954
2024-06-01,15400,ENR,ENERGIZER HOLDINGS INC NEW,0.016340585818857268
2024-06-01,22111,JNJ,JOHNSON & JOHNSON,0.016905149463969073
2024-06-01,92753,ERII,ENERGY RECOVERY INC,0.007203479447334173
2024-06-01,18214,TWST,TWIST BIOSCIENCE CORP,0.00357347146857798
2024-06-01,16595,SNAP,SNAP INC,0.009147056231383425
2024-06-01,60186,OMI,OWENS & MINOR INC NEW,0.003929341028718335
2024-06-01,92221,MELI,MERCADOLIBRE INC,0.010998149927131336
2024-06-01,18013,ARLO,ARLO TECHNOLOGIES INC,0.004686465255632515
2024-06-01,89653,PFS,PROVIDENT FINANCIAL SVCS INC,0.014540404670168873
2024-06-01,18065,GTX,GARRETT MOTION INC,0.01364235992823071
2024-06-01,90319,GOOGL,ALPHABET INC,0.02165607972469582
2024-06-01,84788,AMZN,AMAZON COM INC,0.020316473371179988
2024-06-01,14495,ATEN,A10 NETWORKS INC,0.0055940578960401
2024-06-01,92203,LULU,LULULEMON ATHLETICA INC,0.011116038677111039
2024-06-01,17281,WHD,CACTUS INC,0.016137101178652268
2024-06-01,63715,POWL,POWELL INDUSTRIES INC,0.0035904619162891644
2024-06-01,89574,PRAA,P R A GROUP INC,0.008074431190349151
2024-06-01,22879,EMBC,EMBECTA CORP,0.00357347146857798
2024-06-01,84275,UNFI,UNITED NATURAL FOODS INC,0.00901456221897106
2024-06-01,16924,DCPH,DECIPHERA PHARMACEUTICALS INC,0.02165607972469582
2024-06-01,90037,HTH,HILLTOP HOLDINGS INC,0.016329694313644328
2024-06-01,21361,HGTY,HAGERTY INC,0.012534965654375554
2024-06-01,19541,VITL,VITAL FARMS INC,0.003984138830981407
2024-06-01,18808,PHR,PHREESIA INC,0.00647172942145998
2024-06-01,13410,SUPN,SUPERNUS PHARMACEUTICALS INC,0.013170528207934353
2024-06-01,21606,CTKB,CYTEK BIOSCIENCES INC,0.01108046446586436
2024-06-01,21122,FLYW,FLYWIRE CORP,0.006157771204223929
2024-06-01,13625,SSTK,SHUTTERSTOCK INC,0.007633335099162235
2024-06-01,92213,RIOT,RIOT PLATFORMS INC,-0.005498180165487393
2024-06-01,14813,MARA,MARATHON DIGITAL HOLDINGS INC,-0.0036817191430758935
2024-06-01,20357,IONQ,IONQ INC,-0.007578041949121079
2024-06-01,19084,BILL,B I L L HOLDINGS INC,-0.008215748963429971
2024-06-01,84348,VSAT,VIASAT INC,-0.005212809535656584
2024-06-01,22265,RIVN,RIVIAN AUTOMOTIVE INC,-0.005697102152497627
2024-06-01,91611,FSLR,FIRST SOLAR INC,-0.005181376814811946
2024-06-01,19599,QS,QUANTUMSCAPE CORP,-0.006823515939054325
2024-06-01,19187,CLSK,CLEANSPARK INC,-0.0047226404216307695
2024-06-01,21556,INDI,INDIE SEMICONDUCTOR INC,-0.008567953337066695
2024-06-01,22220,NN,NEXTNAV INC,-0.007075398420069743
2024-06-01,22092,KD,KYNDRYL HOLDINGS INC,-0.004094403381316916
2024-06-01,90505,LVS,LAS VEGAS SANDS CORP,-0.016815497676499213
2024-06-01,22079,LTH,LIFE TIME GROUP HOLDINGS INC,-0.0074309707374203456
2024-06-01,76185,TYL,TYLER TECHNOLOGIES INC,-0.01785714548931208
2024-06-01,23063,AZPN,ASPEN TECHNOLOGY INC NEW,-0.009573398340233371
2024-06-01,92469,SATS,ECHOSTAR CORP,-0.006807269986149997
2024-06-01,18776,IMVT,IMMUNOVANT INC,-0.007841422737344261
2024-06-01,22268,SG,SWEETGREEN INC,-0.0035419580868950454
2024-06-01,21023,AILE,ILEARNINGENGINES INC,-0.0035419580868950454
2024-06-01,21563,JANX,JANUX THERAPEUTICS INC,-0.005422328312652345
2024-06-01,81666,HA,HAWAIIAN HOLDINGS INC,-0.015336141695222629
2024-06-01,80191,ALB,ALBEMARLE CORP,-0.00967060243348509
2024-06-01,20468,SANA,SANA BIOTECHNOLOGY INC,-0.00401302828184682
2024-06-01,15058,SLNO,SOLENO THERAPEUTICS INC,-0.006633388813033089
2024-06-01,16591,LAUR,LAUREATE EDUCATION INC,-0.013841714531644261
2024-06-01,19201,RVMD,REVOLUTION MEDICINES INC,-0.012001903513742617
2024-06-01,19825,DYN,DYNE THERAPEUTICS INC,-0.0038100464735772743
2024-06-01,17949,BE,BLOOM ENERGY CORP,-0.004322210716176328
2024-06-01,19484,PCVX,VAXCYTE INC,-0.009443886143289653
2024-06-01,19547,CERE,CEREVEL THERAPEUTICS HLDGS INC,-0.01785714548931208
2024-06-01,24085,LLYVK,LIBERTY MEDIA CORP 3RD NEW,-0.009544541514801582
2024-06-01,15221,RCKT,ROCKET PHARMACEUTICALS INC,-0.011406530927663633
2024-06-01,21747,NUVL,NUVALENT INC,-0.010844319608305427
2024-06-01,91832,MDGL,MADRIGAL PHARMACEUTICALS INC,-0.007456554119483064
2024-06-01,20791,EWTX,EDGEWISE THERAPEUTICS INC,-0.007118250718739854
2024-06-01,21342,VERA,VERA THERAPEUTICS INC,-0.008384232757538876
2024-06-01,23147,IE,IVANHOE ELECTRIC INC,-0.007533737743864042
2024-06-01,86211,MSTR,MICROSTRATEGY INC,-0.003999399929510285
2024-06-01,20898,RXRX,RECURSION PHARMACEUTICALS INC,-0.00607560111917664
2024-06-01,21825,NPWR,N E T POWER INC,-0.00867171624900633
2024-06-01,12591,APO,APOLLO GLOBAL MANAGEMENT INC NEW,-0.013490845914842663
2024-06-01,20452,ENVX,ENOVIX CORP,-0.0035419580868950454
2024-06-01,19356,ZNTL,ZENTALIS PHARMACEUTICALS INC,-0.008131579855530549
2024-06-01,19565,NCNO,NCINO INC NEW,-0.016204357113808156
2024-06-01,20059,MRVI,MARAVAI LIFESCIENCES HLDGS INC,-0.005002725824368046
2024-06-01,17125,DNLI,DENALI THERAPEUTICS INC,-0.006655295805855487
2024-06-01,18961,SWTX,SPRINGWORKS THERAPEUTICS INC,-0.006818164131326605
2024-06-01,80069,ARWR,ARROWHEAD PHARMACEUTICALS INC,-0.006783073924368073
2024-06-01,19628,IRON,DISC MEDICINE INC,-0.011128474592607572
2024-06-01,86228,RSG,REPUBLIC SERVICES INC,-0.01785714548931208
2024-06-01,20196,UPST,UPSTART HOLDINGS INC,-0.0050802503931154964
2024-06-01,15303,VKTX,VIKING THERAPEUTICS INC,-0.006307209421408171
2024-06-01,21713,EVCM,EVERCOMMERCE INC,-0.012739982063146651
2024-06-01,79026,CHDN,CHURCHILL DOWNS INC,-0.01785714548931208
2024-06-01,21359,MCW,MISTER CAR WASH INC,-0.009915467953873254
2024-06-01,19794,U,UNITY SOFTWARE INC,-0.00828900093046138
2024-06-01,11370,ENV,ENVESTNET INC,-0.014316663295364958
2024-06-01,21262,DAWN,DAY ONE BIOPHARMACEUTICALS INC,-0.009659265725901537
2024-06-01,21207,NEM,NEWMONT CORP,-0.015614606092411573
2024-06-01,21348,LFST,LIFESTANCE HEALTH GROUP INC,-0.004753353800672875
2024-06-01,17357,TH,TARGET HOSPITALITY CORP,-0.01785714548931208
2024-06-01,10104,ORCL,ORACLE CORP,-0.015585286854144498
2024-06-01,89626,CME,C M E GROUP INC,-0.01785714548931208
2024-06-01,28804,ALK,ALASKA AIRGROUP INC,-0.017070222247705567
2024-06-01,18898,KRUS,KURA SUSHI USA INC,-0.006749715682300115
2024-06-01,14708,VRDN,VIRIDIAN THERAPEUTICS INC,-0.007029278259182704
2024-06-01,19505,JAMF,JAMF HOLDING CORP,-0.006638840504806178
2024-06-01,83509,FCN,F T I CONSULTING INC,-0.01785714548931208
2024-06-01,20067,SOFI,SOFI TECHNOLOGIES INC,-0.012893026182803781
2024-06-01,64390,PGR,PROGRESSIVE CORP OH,-0.017845978773815493
2024-06-01,15222,IOVA,IOVANCE BIOTHERAPEUTICS INC,-0.005352402776830618
2024-06-01,19497,LMND,LEMONADE INC,-0.007109370902401363
2024-06-01,85517,CHH,CHOICE HOTELS INTERNATIONAL INC,-0.014842218920020868
2024-06-01,15478,TRU,TRANSUNION,-0.013644944414616668
2024-06-01,11752,COHR,COHERENT CORP,-0.011455889739613105
2024-06-01,93098,H,HYATT HOTELS CORP,-0.01785714548931208
2024-06-01,18580,FSLY,FASTLY INC,-0.0035587065141751747
2024-06-01,17478,SPGI,S & P GLOBAL INC,-0.01785714548931208
2024-06-01,78875,WOLF,WOLFSPEED INC,-0.005439000817116285
2024-06-01,23054,SOUN,SOUNDHOUND AI INC,-0.004692227419325889
2024-06-01,21927,DJT,TRUMP MEDIA & TECH GRP CORP,-0.004783601924202609
2024-06-01,60871,ADI,ANALOG DEVICES INC,-0.009435277411435726
2024-06-01,87086,PRFT,PERFICIENT INC,-0.0035419580868950454
2024-06-01,22088,FLNC,FLUENCE ENERGY INC,-0.004695879425629089
2024-06-01,75607,GEN,GEN DIGITAL INC,-0.007237578288861643
2024-06-01,89301,GME,GAMESTOP CORP NEW,-0.0035419580868950454
2024-06-01,19489,PCT,PURECYCLE TECHNOLOGIES INC,-0.004898161458702766
2024-06-01,19081,SITM,SITIME CORP,-0.003910992448253611
2024-06-01,22976,WBD,WARNER BROS DISCOVERY INC,-0.009416835347240875
2024-06-01,78987,MCHP,MICROCHIP TECHNOLOGY INC,-0.014132391889341657
2024-06-01,91184,GYRE,GYRE THERAPEUTICS INC,-0.004093720628626288
2024-06-01,20420,CGEM,CULLINAN THERAPEUTICS INC,-0.006644256989681124
2024-06-01,19433,MP,M P MATERIALS CORP,-0.006724744404673735
2024-06-01,18772,AKRO,AKERO THERAPEUTICS INC,-0.005713093034058295
2024-06-01,15540,RILY,B RILEY FINANCIAL INC,-0.004700540083528044
2024-06-01,88648,TTMI,TTM TECHNOLOGIES INC,-0.008474408576458448
2024-06-01,20891,ULCC,FRONTIER GROUP HOLDINGS INC,-0.007737360788193151
2024-06-01,49373,HRB,BLOCK H & R INC,-0.009932083932798612
2024-06-01,23432,PRME,PRIME MEDICINE INC,-0.004757235844086959
2024-07-01,41187,HE,HAWAIIAN ELECTRIC INDUSTRIES INC,0.009247120108261644
2024-07-01,89574,PRAA,P R A GROUP INC,0.0065826753713403565
2024-07-01,14601,NAVI,NAVIENT CORP,0.012548285063293
2024-07-01,17317,EOLS,EVOLUS INC,0.00843140427172179
2024-07-01,24296,NATL,N C R ATLEOS CORP,0.008446869438016742
2024-07-01,22879,EMBC,EMBECTA CORP,0.010542401700422383
2024-07-01,91215,DK,DELEK U S HOLDINGS INC NEW,0.01524529465342726
2024-07-01,14229,OMF,ONEMAIN HOLDINGS INC,0.011016485037135699
2024-07-01,84511,VCEL,VERICEL CORP,0.008350520284474182
2024-07-01,18566,SILK,SILK ROAD MEDICAL INC,0.004130805409449762
2024-07-01,89964,NNI,NELNET INC,0.018369217244843788
2024-07-01,21896,TOST,TOAST INC,0.007128037633862917
2024-07-01,75070,WKC,WORLD KINECT CORP,0.01604341076231296
2024-07-01,90162,GNW,GENWORTH FINANCIAL INC,0.021401730999801218
2024-07-01,14432,ITCI,INTRA CELLULAR THERAPIES INC,0.00683721156343398
2024-07-01,19859,MAX,MEDIAALPHA INC,0.005616978733653447
2024-07-01,13410,SUPN,SUPERNUS PHARMACEUTICALS INC,0.01142648318098098
2024-07-01,14325,TNDM,TANDEM DIABETES CARE INC,0.008144581363138862
2024-07-01,16829,RDFN,REDFIN CORP,0.006543227341803967
2024-07-01,22812,BRBR,BELLRING BRANDS INC NEW,0.011326238283539125
2024-07-01,18938,HIMS,HIMS & HERS HEALTH INC,0.004147452130380699
2024-07-01,13249,PRLB,PROTO LABS INC,0.010840330846483334
2024-07-01,15534,NTRA,NATERA INC,0.010421304245041535
2024-07-01,81254,SNEX,STONEX GROUP INC,0.013613075129114598
2024-07-01,19541,VITL,VITAL FARMS INC,0.005872991504912475
2024-07-01,21124,OGN,ORGANON & CO,0.014249346217338968
2024-07-01,19577,RKT,ROCKET COMPANIES INC,0.011351588974444826
2024-07-01,22199,COCO,VITA COCO CO INC,0.007327111534353545
2024-07-01,90125,CORT,CORCEPT THERAPEUTICS INC,0.0054069733145082136
2024-07-01,90664,DXCM,DEXCOM INC,0.009849999246240174
2024-07-01,81593,COOP,MR COOPER GROUP INC,0.01668228489073351
2024-07-01,92326,CVI,C V R ENERGY,0.015729339666149127
2024-07-01,16386,IRTC,IRHYTHM TECHNOLOGIES INC,0.005680869139215894
2024-07-01,18011,SONO,SONOS INC,0.011040528156625555
2024-07-01,90423,INVA,THERAVANCE INC,0.019723043374141686
2024-07-01,18808,PHR,PHREESIA INC,0.007958426490785375
2024-07-01,15332,CWEN,CLEARWAY ENERGY INC,0.010068521081941183
2024-07-01,90037,HTH,HILLTOP HOLDINGS INC,0.012439256144722048
2024-07-01,20057,VTRS,VIATRIS INC,0.015393087134274857
2024-07-01,14941,AVNS,AVANOS MEDICAL INC,0.011084445017760909
2024-07-01,23681,NXT,NEXTRACKER INC,0.005679889532999434
2024-07-01,13625,SSTK,SHUTTERSTOCK INC,0.009435599701669555
2024-07-01,90178,ALNY,ALNYLAM PHARMACEUTICALS INC,0.004130805409449762
2024-07-01,17799,INSP,INSPIRE MEDICAL SYSTEMS INC,0.0041554018156048185
2024-07-01,64785,AGX,ARGAN INC,0.006756747002363655
2024-07-01,15454,GKOS,GLAUKOS CORP,0.013221357828444535
2024-07-01,18908,TXG,10X GENOMICS INC,0.007530961253582426
2024-07-01,85621,MTD,METTLER TOLEDO INTERNATIONAL INC,0.014483547137719318
2024-07-01,90177,ACAD,ACADIA PHARMACEUTICALS,0.00886888124363219
2024-07-01,85002,SRPT,SAREPTA THERAPEUTICS INC,0.004130805409449762
2024-07-01,16932,ROKU,ROKU INC,0.009204521542949
2024-07-01,19635,HRMY,HARMONY BIOSCIENCES HLDGS INC,0.009280914844557554
2024-07-01,89031,AXON,AXON ENTERPRISE INC,0.014558195390136435
2024-07-01,18485,PINS,PINTEREST INC,0.01107727289885969
2024-07-01,16967,CARG,CARGURUS INC,0.01111391020177637
2024-07-01,91503,LMAT,LEMAITRE VASCULAR INC,0.010167231120539163
2024-07-01,21606,CTKB,CYTEK BIOSCIENCES INC,0.005373450654352134
2024-07-01,92050,PODD,INSULET CORP,0.01127270954308752
2024-07-01,60186,OMI,OWENS & MINOR INC NEW,0.008284403324703333
2024-07-01,16924,DCPH,DECIPHERA PHARMACEUTICALS INC,0.021401730999801218
2024-07-01,14688,AMPH,AMPHASTAR PHARMACEUTICALS INC,0.016226586324545572
2024-07-01,16260,MEDP,MEDPACE HOLDINGS INC,0.010073602814160048
2024-07-01,91348,ATEC,ALPHATEC HOLDINGS INC,0.00929882554520972
2024-07-01,21614,DUOL,DUOLINGO INC,0.005959424738321375
2024-07-01,79906,INCY,INCYTE CORP,0.01203468400634363
2024-07-01,50876,LLY,LILLY ELI & CO,0.021401730999801218
2024-07-01,76839,FIZZ,NATIONAL BEVERAGE CORP,0.0051901567464677145
2024-07-01,93263,CELH,CELSIUS HOLDINGS INC,0.0045265547662883985
2024-07-01,81665,GIC,GLOBAL INDUSTRIAL CO,0.015152031525195639
2024-07-01,88352,ISRG,INTUITIVE SURGICAL INC,0.017154658739501182
2024-07-01,22111,JNJ,JOHNSON & JOHNSON,0.021401730999801218
2024-07-01,92221,MELI,MERCADOLIBRE INC,0.011115278622070594
2024-07-01,15400,ENR,ENERGIZER HOLDINGS INC NEW,0.018753755122409555
2024-07-01,83642,CNOB,CONNECTONE BANCORP INC NEW,0.009760606804669595
2024-07-01,18013,ARLO,ARLO TECHNOLOGIES INC,0.008674786283950572
2024-07-01,16595,SNAP,SNAP INC,0.008370936528113857
2024-07-01,84275,UNFI,UNITED NATURAL FOODS INC,0.004130805409449762
2024-07-01,21122,FLYW,FLYWIRE CORP,0.008000190771014042
2024-07-01,21361,HGTY,HAGERTY INC,0.005658870601868529
2024-07-01,14495,ATEN,A10 NETWORKS INC,0.010765726100306426
2024-07-01,15302,VIRT,VIRTU FINANCIAL INC,0.0063520825256808975
2024-07-01,84788,AMZN,AMAZON COM INC,0.012360946915655516
2024-07-01,90319,GOOGL,ALPHABET INC,0.01691708176525954
2024-07-01,20659,VZIO,VIZIO HOLDING CORP,0.021401730999801218
2024-07-01,88351,INSM,INSMED INC,0.008687360325992245
2024-07-01,18190,AXNX,AXONICS INC,0.021401730999801218
2024-07-01,18065,GTX,GARRETT MOTION INC,0.010242579191092024
2024-07-01,22323,CATX,PERSPECTIVE THERAPEUTICS INC,0.004130805409449762
2024-07-01,86820,CFFN,CAPITOL FEDERAL FINANCIAL INC,0.01108388199894615
2024-07-01,22027,JXN,JACKSON FINANCIAL INC,0.009001181691748584
2024-07-01,92780,HCI,H C I GROUP INC,0.019839427855414753
2024-07-01,20315,PUBM,PUBMATIC INC,0.00869743070676674
2024-07-01,89482,BANC,BANC OF CALIFORNIA INC,0.007825856092363264
2024-07-01,13908,PFSI,PENNYMAC FINANCIAL SVCS INC NEW,0.012199218094318355
2024-07-01,14960,ENVA,ENOVA INTERNATIONAL INC,0.01062307712833795
2024-07-01,21125,ZIP,ZIPRECRUITER INC,0.008979422168079475
2024-07-01,15585,TDOC,TELADOC HEALTH INC,0.006475067274293565
2024-07-01,21357,DOCS,DOXIMITY INC,0.01028696831812949
2024-07-01,72726,STT,STATE STREET CORP,0.015079278193576915
2024-07-01,21762,RXST,RXSIGHT INC,0.008463189346104193
2024-07-01,92213,RIOT,RIOT PLATFORMS INC,-0.006946923006106108
2024-07-01,14813,MARA,MARATHON DIGITAL HOLDINGS INC,-0.0076861468843983025
2024-07-01,22265,RIVN,RIVIAN AUTOMOTIVE INC,-0.0037059530618802627
2024-07-01,21023,AILE,ILEARNINGENGINES INC,-0.003260173455526382
2024-07-01,19084,BILL,B I L L HOLDINGS INC,-0.01088367647524829
2024-07-01,21927,DJT,TRUMP MEDIA & TECH GRP CORP,-0.0032466566064795668
2024-07-01,78875,WOLF,WOLFSPEED INC,-0.00608280943397994
2024-07-01,20357,IONQ,IONQ INC,-0.008081282771013927
2024-07-01,89301,GME,GAMESTOP CORP NEW,-0.0032466566064795668
2024-07-01,21556,INDI,INDIE SEMICONDUCTOR INC,-0.0057446198897675715
2024-07-01,78987,MCHP,MICROCHIP TECHNOLOGY INC,-0.012871216527805767
2024-07-01,90505,LVS,LAS VEGAS SANDS CORP,-0.0151730958529958
2024-07-01,22220,NN,NEXTNAV INC,-0.006835980734363241
2024-07-01,91611,FSLR,FIRST SOLAR INC,-0.006855416084724261
2024-07-01,18776,IMVT,IMMUNOVANT INC,-0.011373251240438613
2024-07-01,92469,SATS,ECHOSTAR CORP,-0.009702916455938872
2024-07-01,21563,JANX,JANUX THERAPEUTICS INC,-0.005658617349091934
2024-07-01,15058,SLNO,SOLENO THERAPEUTICS INC,-0.007233312902190836
2024-07-01,20452,ENVX,ENOVIX CORP,-0.0032466566064795668
2024-07-01,22079,LTH,LIFE TIME GROUP HOLDINGS INC,-0.018598269000198786
2024-07-01,80191,ALB,ALBEMARLE CORP,-0.00830201937610435
2024-07-01,20468,SANA,SANA BIOTECHNOLOGY INC,-0.004881436029639937
2024-07-01,19825,DYN,DYNE THERAPEUTICS INC,-0.0066572443492686085
2024-07-01,76185,TYL,TYLER TECHNOLOGIES INC,-0.018598269000198786
2024-07-01,19201,RVMD,REVOLUTION MEDICINES INC,-0.01208348749394758
2024-07-01,20898,RXRX,RECURSION PHARMACEUTICALS INC,-0.0046827522684836035
2024-07-01,19484,PCVX,VAXCYTE INC,-0.010928890448380545
2024-07-01,19489,PCT,PURECYCLE TECHNOLOGIES INC,-0.00712771771659952
2024-07-01,60871,ADI,ANALOG DEVICES INC,-0.018598269000198786
2024-07-01,22268,SG,SWEETGREEN INC,-0.00544073455096076
2024-07-01,21747,NUVL,NUVALENT INC,-0.007578317945331456
2024-07-01,15221,RCKT,ROCKET PHARMACEUTICALS INC,-0.006096570685611461
2024-07-01,22092,KD,KYNDRYL HOLDINGS INC,-0.017100419185780143
2024-07-01,19547,CERE,CEREVEL THERAPEUTICS HLDGS INC,-0.014972457431306927
2024-07-01,16591,LAUR,LAUREATE EDUCATION INC,-0.013808592691965764
2024-07-01,21713,EVCM,EVERCOMMERCE INC,-0.016422749176540265
2024-07-01,24085,LLYVK,LIBERTY MEDIA CORP 3RD NEW,-0.01312575579741708
2024-07-01,91832,MDGL,MADRIGAL PHARMACEUTICALS INC,-0.005964889101691725
2024-07-01,20791,EWTX,EDGEWISE THERAPEUTICS INC,-0.008729509883722996
2024-07-01,18961,SWTX,SPRINGWORKS THERAPEUTICS INC,-0.01042455186567607
2024-07-01,20420,CGEM,CULLINAN THERAPEUTICS INC,-0.005168594365097594
2024-07-01,21825,NPWR,N E T POWER INC,-0.009128705245207662
2024-07-01,91184,GYRE,GYRE THERAPEUTICS INC,-0.004116719106152819
2024-07-01,23147,IE,IVANHOE ELECTRIC INC,-0.004205076122114674
2024-07-01,21342,VERA,VERA THERAPEUTICS INC,-0.007544440234599973
2024-07-01,75607,GEN,GEN DIGITAL INC,-0.016236095046487913
2024-07-01,19081,SITM,SITIME CORP,-0.008283250733369146
2024-07-01,23063,AZPN,ASPEN TECHNOLOGY INC NEW,-0.01316023374590225
2024-07-01,18772,AKRO,AKERO THERAPEUTICS INC,-0.006892919188636958
2024-07-01,12591,APO,APOLLO GLOBAL MANAGEMENT INC NEW,-0.013451784664417505
2024-07-01,17125,DNLI,DENALI THERAPEUTICS INC,-0.006674219887874446
2024-07-01,21359,MCW,MISTER CAR WASH INC,-0.010836140037016198
2024-07-01,80069,ARWR,ARROWHEAD PHARMACEUTICALS INC,-0.006480311962130783
2024-07-01,88648,TTMI,TTM TECHNOLOGIES INC,-0.014586380148042482
2024-07-01,19794,U,UNITY SOFTWARE INC,-0.008193717239757104
2024-07-01,20196,UPST,UPSTART HOLDINGS INC,-0.005990231921698355
2024-07-01,15303,VKTX,VIKING THERAPEUTICS INC,-0.005516329029119691
2024-07-01,19433,MP,M P MATERIALS CORP,-0.009169037592428732
2024-07-01,19187,CLSK,CLEANSPARK INC,-0.0057699774130602465
2024-07-01,19628,IRON,DISC MEDICINE INC,-0.004582085227247149
2024-07-01,19505,JAMF,JAMF HOLDING CORP,-0.010387713439867977
2024-07-01,17949,BE,BLOOM ENERGY CORP,-0.0065320944810777735
2024-07-01,49373,HRB,BLOCK H & R INC,-0.01823923678958026
2024-07-01,86228,RSG,REPUBLIC SERVICES INC,-0.018598269000198786
2024-07-01,87086,PRFT,PERFICIENT INC,-0.018598269000198786
2024-07-01,84348,VSAT,VIASAT INC,-0.00715610564200539
2024-07-01,83509,FCN,F T I CONSULTING INC,-0.018598269000198786
2024-07-01,22976,WBD,WARNER BROS DISCOVERY INC,-0.01216655770784028
2024-07-01,10104,ORCL,ORACLE CORP,-0.007629347625500957
2024-07-01,21262,DAWN,DAY ONE BIOPHARMACEUTICALS INC,-0.007049689819471058
2024-07-01,17357,TH,TARGET HOSPITALITY CORP,-0.0032466566064795668
2024-07-01,89626,CME,C M E GROUP INC,-0.018598269000198786
2024-07-01,14708,VRDN,VIRIDIAN THERAPEUTICS INC,-0.0060127535027310755
2024-07-01,21207,NEM,NEWMONT CORP,-0.01226790375178134
2024-07-01,20059,MRVI,MARAVAI LIFESCIENCES HLDGS INC,-0.010557213416282369
2024-07-01,19497,LMND,LEMONADE INC,-0.00790251744330661
2024-07-01,15222,IOVA,IOVANCE BIOTHERAPEUTICS INC,-0.007827069686531168
2024-07-01,19565,NCNO,NCINO INC NEW,-0.018598269000198786
2024-07-01,18580,FSLY,FASTLY INC,-0.0104027538784741
2024-07-01,11752,COHR,COHERENT CORP,-0.004364655778916051
2024-07-01,64390,PGR,PROGRESSIVE CORP OH,-0.018598269000198786
2024-07-01,15478,TRU,TRANSUNION,-0.0125622873383523
2024-07-01,24655,HUT,HUT 8 CORP,-0.004299226048713137
2024-07-01,89986,APLD,APPLIED DIGITAL CORP,-0.0032466566064795668
2024-07-01,91907,SMCI,SUPER MICRO COMPUTER INC,-0.00502219879257879
2024-07-01,20126,JOBY,JOBY AVIATION INC,-0.007597307099660263
2024-07-01,23379,LVWR,LIVEWIRE GROUP INC,-0.007332658859711423
2024-07-01,93436,TSLA,TESLA INC,-0.010557572582155743
2024-07-01,17959,CRNX,CRINETICS PHARMACEUTICALS INC,-0.008180297705526359
2024-07-01,80563,PENN,PENN ENTERTAINMENT INC,-0.005392630984139894
2024-07-01,24509,CRGX,CARGO THERAPEUTICS INC,-0.007311695306001828
2024-07-01,35991,ROG,ROGERS CORP,-0.012631117789040717
2024-07-01,77453,JACK,JACK IN THE BOX INC,-0.010787248081131073
2024-07-01,19813,TNGX,TANGO THERAPEUTICS INC,-0.004922094689223242
2024-07-01,21648,INST,INSTRUCTURE HOLDINGS INC,-0.013511493905668597
2024-07-01,17892,DNTH,DIANTHUS THERAPEUTICS INC,-0.005089284494805044
2024-07-01,19313,ELVN,ENLIVEN THERAPEUTICS INC,-0.005915159049204265
2024-07-01,19070,ETNB,89BIO INC,-0.005054230606071701
2024-07-01,20292,FDMT,4D MOLECULAR THERAPEUTICS INC,-0.00466587753516068
2024-07-01,48653,HUM,HUMANA INC,-0.018558015110980174
2024-08-01,14601,NAVI,NAVIENT CORP,0.013531961601784569
2024-08-01,24296,NATL,N C R ATLEOS CORP,0.007564961758727476
2024-08-01,17317,EOLS,EVOLUS INC,0.010157979213931334
2024-08-01,81254,SNEX,STONEX GROUP INC,0.016802631470612686
2024-08-01,14229,OMF,ONEMAIN HOLDINGS INC,0.013231921047039514
2024-08-01,19859,MAX,MEDIAALPHA INC,0.009701454396043785
2024-08-01,92780,HCI,H C I GROUP INC,0.010705320693269897
2024-08-01,91215,DK,DELEK U S HOLDINGS INC NEW,0.009689201348376782
2024-08-01,84511,VCEL,VERICEL CORP,0.008596447873959651
2024-08-01,18566,SILK,SILK ROAD MEDICAL INC,0.01894458664424872
2024-08-01,89964,NNI,NELNET INC,0.01894458664424872
2024-08-01,19541,VITL,VITAL FARMS INC,0.011646001717560436
2024-08-01,22879,EMBC,EMBECTA CORP,0.0054534446031841485
2024-08-01,75070,WKC,WORLD KINECT CORP,0.015948080663080167
2024-08-01,89574,PRAA,P R A GROUP INC,0.008015840682880684
2024-08-01,20315,PUBM,PUBMATIC INC,0.009629046277407766
2024-08-01,21896,TOST,TOAST INC,0.008013629374557138
2024-08-01,13410,SUPN,SUPERNUS PHARMACEUTICALS INC,0.014621665397413797
2024-08-01,64785,AGX,ARGAN INC,0.01036766095049063
2024-08-01,14432,ITCI,INTRA CELLULAR THERAPIES INC,0.011681464594990339
2024-08-01,16829,RDFN,REDFIN CORP,0.005453163162190902
2024-08-01,14325,TNDM,TANDEM DIABETES CARE INC,0.007563771124410891
2024-08-01,90162,GNW,GENWORTH FINANCIAL INC,0.01894458664424872
2024-08-01,13249,PRLB,PROTO LABS INC,0.009925356256252372
2024-08-01,21762,RXST,RXSIGHT INC,0.007516617102988662
2024-08-01,18938,HIMS,HIMS & HERS HEALTH INC,0.005214175840067603
2024-08-01,22812,BRBR,BELLRING BRANDS INC NEW,0.009948501600165735
2024-08-01,86820,CFFN,CAPITOL FEDERAL FINANCIAL INC,0.009153436429271489
2024-08-01,15534,NTRA,NATERA INC,0.007645931264873601
2024-08-01,22027,JXN,JACKSON FINANCIAL INC,0.013275199228512922
2024-08-01,15585,TDOC,TELADOC HEALTH INC,0.007403838227468705
2024-08-01,19635,HRMY,HARMONY BIOSCIENCES HLDGS INC,0.009538046353843909
2024-08-01,16386,IRTC,IRHYTHM TECHNOLOGIES INC,0.0074862082077069
2024-08-01,90178,ALNY,ALNYLAM PHARMACEUTICALS INC,0.01637721921426196
2024-08-01,16967,CARG,CARGURUS INC,0.011329446623667666
2024-08-01,90037,HTH,HILLTOP HOLDINGS INC,0.010202210849670818
2024-08-01,91503,LMAT,LEMAITRE VASCULAR INC,0.014655303847721173
2024-08-01,18011,SONO,SONOS INC,0.009316308532205098
2024-08-01,90125,CORT,CORCEPT THERAPEUTICS INC,0.010216907190097104
2024-08-01,13908,PFSI,PENNYMAC FINANCIAL SVCS INC NEW,0.011284239561794284
2024-08-01,21124,OGN,ORGANON & CO,0.013773534663324037
2024-08-01,85002,SRPT,SAREPTA THERAPEUTICS INC,0.0189056709866588
2024-08-01,15454,GKOS,GLAUKOS CORP,0.011878563092017815
2024-08-01,18808,PHR,PHREESIA INC,0.005890409474642876
2024-08-01,21357,DOCS,DOXIMITY INC,0.0102156521271571
2024-08-01,22199,COCO,VITA COCO CO INC,0.0070753999688176064
2024-08-01,23681,NXT,NEXTRACKER INC,0.00825090487735551
2024-08-01,16932,ROKU,ROKU INC,0.007479286768575766
2024-08-01,92050,PODD,INSULET CORP,0.0167875733273821
2024-08-01,17799,INSP,INSPIRE MEDICAL SYSTEMS INC,0.006441157815788461
2024-08-01,90664,DXCM,DEXCOM INC,0.005193491480576775
2024-08-01,85621,MTD,METTLER TOLEDO INTERNATIONAL INC,0.014435163380637345
2024-08-01,81593,COOP,MR COOPER GROUP INC,0.010282447775622146
2024-08-01,14688,AMPH,AMPHASTAR PHARMACEUTICALS INC,0.011529396861128678
2024-08-01,20057,VTRS,VIATRIS INC,0.013042460401608901
2024-08-01,21361,HGTY,HAGERTY INC,0.013078532988328399
2024-08-01,50876,LLY,LILLY ELI & CO,0.010793284852058996
2024-08-01,15332,CWEN,CLEARWAY ENERGY INC,0.011058847519886677
2024-08-01,89482,BANC,BANC OF CALIFORNIA INC,0.007047795034260891
2024-08-01,18485,PINS,PINTEREST INC,0.00742004668395256
2024-08-01,19577,RKT,ROCKET COMPANIES INC,0.008134913470575373
2024-08-01,21614,DUOL,DUOLINGO INC,0.007922439462706196
2024-08-01,13625,SSTK,SHUTTERSTOCK INC,0.008757922640130361
2024-08-01,72726,STT,STATE STREET CORP,0.012993738885063513
2024-08-01,15400,ENR,ENERGIZER HOLDINGS INC NEW,0.017405828282616515
2024-08-01,90177,ACAD,ACADIA PHARMACEUTICALS,0.011504146382598009
2024-08-01,14960,ENVA,ENOVA INTERNATIONAL INC,0.011371518957735024
2024-08-01,89031,AXON,AXON ENTERPRISE INC,0.011560306089107722
2024-08-01,41187,HE,HAWAIIAN ELECTRIC INDUSTRIES INC,0.005193491480576775
2024-08-01,90423,INVA,THERAVANCE INC,0.01894458664424872
2024-08-01,76839,FIZZ,NATIONAL BEVERAGE CORP,0.014538479337371353
2024-08-01,91348,ATEC,ALPHATEC HOLDINGS INC,0.007795582968835671
2024-08-01,16260,MEDP,MEDPACE HOLDINGS INC,0.005193491480576775
2024-08-01,16595,SNAP,SNAP INC,0.008080311595112301
2024-08-01,21606,CTKB,CYTEK BIOSCIENCES INC,0.006454606402241837
2024-08-01,88352,ISRG,INTUITIVE SURGICAL INC,0.009019625417668535
2024-08-01,22111,JNJ,JOHNSON & JOHNSON,0.01709270646014625
2024-08-01,92221,MELI,MERCADOLIBRE INC,0.011239415314256058
2024-08-01,79906,INCY,INCYTE CORP,0.012230714419919912
2024-08-01,18908,TXG,10X GENOMICS INC,0.005193491480576775
2024-08-01,93263,CELH,CELSIUS HOLDINGS INC,0.00786362225109359
2024-08-01,90319,GOOGL,ALPHABET INC,0.013068160068915003
2024-08-01,18013,ARLO,ARLO TECHNOLOGIES INC,0.005193491480576775
2024-08-01,84788,AMZN,AMAZON COM INC,0.014989160738101782
2024-08-01,18065,GTX,GARRETT MOTION INC,0.006445886417371723
2024-08-01,92326,CVI,C V R ENERGY,0.009559929555153694
2024-08-01,14495,ATEN,A10 NETWORKS INC,0.010974927800060286
2024-08-01,15302,VIRT,VIRTU FINANCIAL INC,0.005361460978881089
2024-08-01,14941,AVNS,AVANOS MEDICAL INC,0.00889780163332759
2024-08-01,78841,EGY,VAALCO ENERGY INC,0.00982206489456984
2024-08-01,17880,EVER,EVERQUOTE INC,0.0071201235031774805
2024-08-01,17929,UGI,U G I CORP NEW,0.01894458664424872
2024-08-01,24175,KLG,W K KELLOGG CO,0.010196729363546504
2024-08-01,49015,LNC,LINCOLN NATIONAL CORP,0.016965390722094048
2024-08-01,24969,AVA,AVISTA CORP,0.015930208503506002
2024-08-01,19488,RNA,AVIDITY BIOSCIENCES INC,0.006838494955262048
2024-08-01,80169,AGM,FEDERAL AGRICULTURAL MORT CORP,0.011816696479878958
2024-08-01,82702,AMRX,AMNEAL PHARMACEUTICALS INC,0.01253743531838075
2024-08-01,14797,CDNA,CAREDX INC,0.0052010188715136
2024-08-01,58334,NWN,NORTHWEST NATURAL HOLDING CO,0.01740464323971233
2024-08-01,92213,RIOT,RIOT PLATFORMS INC,-0.004340346764124357
2024-08-01,14813,MARA,MARATHON DIGITAL HOLDINGS INC,-0.0039925461704615126
2024-08-01,24655,HUT,HUT 8 CORP,-0.0035283630836695896
2024-08-01,78987,MCHP,MICROCHIP TECHNOLOGY INC,-0.010986785062493492
2024-08-01,22265,RIVN,RIVIAN AUTOMOTIVE INC,-0.008039245479112146
2024-08-01,21023,AILE,ILEARNINGENGINES INC,-0.006640047804372942
2024-08-01,89301,GME,GAMESTOP CORP NEW,-0.008346176091561804
2024-08-01,21927,DJT,TRUMP MEDIA & TECH GRP CORP,-0.003520083948377992
2024-08-01,20357,IONQ,IONQ INC,-0.005601436617722492
2024-08-01,90505,LVS,LAS VEGAS SANDS CORP,-0.01855925750227109
2024-08-01,20126,JOBY,JOBY AVIATION INC,-0.004928424922334291
2024-08-01,22220,NN,NEXTNAV INC,-0.007649791705390978
2024-08-01,18776,IMVT,IMMUNOVANT INC,-0.009992544847181336
2024-08-01,19084,BILL,B I L L HOLDINGS INC,-0.010439397929782084
2024-08-01,20452,ENVX,ENOVIX CORP,-0.006768255136024337
2024-08-01,15058,SLNO,SOLENO THERAPEUTICS INC,-0.007221519689475941
2024-08-01,21563,JANX,JANUX THERAPEUTICS INC,-0.006954205249277054
2024-08-01,23379,LVWR,LIVEWIRE GROUP INC,-0.006586626826967991
2024-08-01,19825,DYN,DYNE THERAPEUTICS INC,-0.007388388282502399
2024-08-01,91611,FSLR,FIRST SOLAR INC,-0.007778347262203373
2024-08-01,17125,DNLI,DENALI THERAPEUTICS INC,-0.008191195323766607
2024-08-01,80191,ALB,ALBEMARLE CORP,-0.009491287885015697
2024-08-01,19484,PCVX,VAXCYTE INC,-0.015325753825500287
2024-08-01,20468,SANA,SANA BIOTECHNOLOGY INC,-0.005941316197546717
2024-08-01,92469,SATS,ECHOSTAR CORP,-0.011561681213118055
2024-08-01,19201,RVMD,REVOLUTION MEDICINES INC,-0.008538854042565793
2024-08-01,21556,INDI,INDIE SEMICONDUCTOR INC,-0.007071011527456476
2024-08-01,19489,PCT,PURECYCLE TECHNOLOGIES INC,-0.006000646374708812
2024-08-01,21648,INST,INSTRUCTURE HOLDINGS INC,-0.011006639562517653
2024-08-01,21747,NUVL,NUVALENT INC,-0.011653542916386485
2024-08-01,15221,RCKT,ROCKET PHARMACEUTICALS INC,-0.010592597777794699
2024-08-01,17959,CRNX,CRINETICS PHARMACEUTICALS INC,-0.010671158655747569
2024-08-01,80069,ARWR,ARROWHEAD PHARMACEUTICALS INC,-0.011247689971388608
2024-08-01,19547,CERE,CEREVEL THERAPEUTICS HLDGS INC,-0.01855925750227109
2024-08-01,20898,RXRX,RECURSION PHARMACEUTICALS INC,-0.0062429569876443014
2024-08-01,77453,JACK,JACK IN THE BOX INC,-0.009244575160968856
2024-08-01,75607,GEN,GEN DIGITAL INC,-0.01855925750227109
2024-08-01,91832,MDGL,MADRIGAL PHARMACEUTICALS INC,-0.012180528345066473
2024-08-01,24085,LLYVK,LIBERTY MEDIA CORP 3RD NEW,-0.01855925750227109
2024-08-01,20791,EWTX,EDGEWISE THERAPEUTICS INC,-0.005455846951733161
2024-08-01,18961,SWTX,SPRINGWORKS THERAPEUTICS INC,-0.00884192524405229
2024-08-01,76185,TYL,TYLER TECHNOLOGIES INC,-0.011494629490390297
2024-08-01,19794,U,UNITY SOFTWARE INC,-0.007253409527136409
2024-08-01,48653,HUM,HUMANA INC,-0.01006026333395636
2024-08-01,16591,LAUR,LAUREATE EDUCATION INC,-0.012394900363368449
2024-08-01,80563,PENN,PENN ENTERTAINMENT INC,-0.009343457007541748
2024-08-01,17892,DNTH,DIANTHUS THERAPEUTICS INC,-0.006135002680673205
2024-08-01,24509,CRGX,CARGO THERAPEUTICS INC,-0.008049414329679969
2024-08-01,21713,EVCM,EVERCOMMERCE INC,-0.017826796595083162
2024-08-01,91184,GYRE,GYRE THERAPEUTICS INC,-0.007281333377398953
2024-08-01,20420,CGEM,CULLINAN THERAPEUTICS INC,-0.0063086193223044745
2024-08-01,23147,IE,IVANHOE ELECTRIC INC,-0.005918301211439088
2024-08-01,18772,AKRO,AKERO THERAPEUTICS INC,-0.009006521781703875
2024-08-01,22092,KD,KYNDRYL HOLDINGS INC,-0.01855925750227109
2024-08-01,19813,TNGX,TANGO THERAPEUTICS INC,-0.006975984535837387
2024-08-01,84348,VSAT,VIASAT INC,-0.005372280484792958
2024-08-01,15303,VKTX,VIKING THERAPEUTICS INC,-0.0036162034404671434
2024-08-01,20292,FDMT,4D MOLECULAR THERAPEUTICS INC,-0.0035170002825047524
2024-08-01,21342,VERA,VERA THERAPEUTICS INC,-0.009830879614320597
2024-08-01,19070,ETNB,89BIO INC,-0.007905444763031474
2024-08-01,19628,IRON,DISC MEDICINE INC,-0.0075304303019236045
2024-08-01,19313,ELVN,ENLIVEN THERAPEUTICS INC,-0.0074485067030892
2024-08-01,22079,LTH,LIFE TIME GROUP HOLDINGS INC,-0.01855925750227109
2024-08-01,19187,CLSK,CLEANSPARK INC,-0.004487289826997126
2024-08-01,22976,WBD,WARNER BROS DISCOVERY INC,-0.009506772418883293
2024-08-01,19433,MP,M P MATERIALS CORP,-0.010273729468357857
2024-08-01,12591,APO,APOLLO GLOBAL MANAGEMENT INC NEW,-0.01855925750227109
2024-08-01,83509,FCN,F T I CONSULTING INC,-0.01855925750227109
2024-08-01,21359,MCW,MISTER CAR WASH INC,-0.009735580896409503
2024-08-01,23063,AZPN,ASPEN TECHNOLOGY INC NEW,-0.015079303901155697
2024-08-01,86228,RSG,REPUBLIC SERVICES INC,-0.01855925750227109
2024-08-01,14708,VRDN,VIRIDIAN THERAPEUTICS INC,-0.006965196598881799
2024-08-01,22268,SG,SWEETGREEN INC,-0.007642758737827396
2024-08-01,60871,ADI,ANALOG DEVICES INC,-0.012526944772764836
2024-08-01,17949,BE,BLOOM ENERGY CORP,-0.006395287989680538
2024-08-01,19565,NCNO,NCINO INC NEW,-0.013687301601621347
2024-08-01,88648,TTMI,TTM TECHNOLOGIES INC,-0.010225344708215896
2024-08-01,91907,SMCI,SUPER MICRO COMPUTER INC,-0.00807633930909935
2024-08-01,87086,PRFT,PERFICIENT INC,-0.01855925750227109
2024-08-01,78875,WOLF,WOLFSPEED INC,-0.006237962615854229
2024-08-01,49373,HRB,BLOCK H & R INC,-0.01855925750227109
2024-08-01,15222,IOVA,IOVANCE BIOTHERAPEUTICS INC,-0.006505515159948642
2024-08-01,89626,CME,C M E GROUP INC,-0.01855925750227109
2024-08-01,93436,TSLA,TESLA INC,-0.005506003505992634
2024-08-01,17357,TH,TARGET HOSPITALITY CORP,-0.01855925750227109
2024-08-01,35991,ROG,ROGERS CORP,-0.012712177438513482
2024-08-01,21262,DAWN,DAY ONE BIOPHARMACEUTICALS INC,-0.008359601080657919
2024-08-01,20059,MRVI,MARAVAI LIFESCIENCES HLDGS INC,-0.0073157600924744276
2024-08-01,18580,FSLY,FASTLY INC,-0.00973634566027387
2024-08-01,16680,QXO,Q X O INC,-0.0035170002825047524
2024-08-01,20295,CIFR,CIPHER MINING INC,-0.0035170002825047524
2024-08-01,86580,NVDA,NVIDIA CORP,-0.006265881753667163
2024-08-01,23054,SOUN,SOUNDHOUND AI INC,-0.003730231726448751
2024-08-01,24698,CORZ,CORE SCIENTIFIC INC NEW,-0.004991835508875723
2024-08-01,19599,QS,QUANTUMSCAPE CORP,-0.0035170002825047524
2024-08-01,19076,ASTS,A S T SPACEMOBILE INC,-0.0035170002825047524
2024-08-01,20325,SMR,NUSCALE POWER CORP,-0.0036250812797307126
2024-08-01,19849,SMMT,SUMMIT THERAPEUTICS INC,-0.004532576791315586
2024-08-01,14988,LBRDK,LIBERTY BROADBAND CORP,-0.0078286971602221
2024-08-01,14882,CZR,CAESARS ENTERTAINMENT INC DE,-0.007443886467483622
2024-09-01,24296,NATL,N C R ATLEOS CORP,0.00935536923255672
2024-09-01,14601,NAVI,NAVIENT CORP,0.011514100207189201
2024-09-01,81254,SNEX,STONEX GROUP INC,0.012636842066663595
2024-09-01,89964,NNI,NELNET INC,0.019211237471549993
2024-09-01,17317,EOLS,EVOLUS INC,0.007544403085190871
2024-09-01,14229,OMF,ONEMAIN HOLDINGS INC,0.009845270051201494
2024-09-01,92780,HCI,H C I GROUP INC,0.013448554457010809
2024-09-01,86820,CFFN,CAPITOL FEDERAL FINANCIAL INC,0.010424485533959135
2024-09-01,19541,VITL,VITAL FARMS INC,0.00822940152950902
2024-09-01,21896,TOST,TOAST INC,0.010218136806796462
2024-09-01,49015,LNC,LINCOLN NATIONAL CORP,0.008872795686930753
2024-09-01,14432,ITCI,INTRA CELLULAR THERAPIES INC,0.016042102883763613
2024-09-01,19859,MAX,MEDIAALPHA INC,0.006961398036022843
2024-09-01,15332,CWEN,CLEARWAY ENERGY INC,0.016284361679316888
2024-09-01,89574,PRAA,P R A GROUP INC,0.006446136828758575
2024-09-01,64785,AGX,ARGAN INC,0.010035995680714746
2024-09-01,14797,CDNA,CAREDX INC,0.004226676629807579
2024-09-01,90125,CORT,CORCEPT THERAPEUTICS INC,0.01327842897346222
2024-09-01,18566,SILK,SILK ROAD MEDICAL INC,0.020952535914975617
2024-09-01,84511,VCEL,VERICEL CORP,0.009690034672030608
2024-09-01,75070,WKC,WORLD KINECT CORP,0.018944959517653088
2024-09-01,14325,TNDM,TANDEM DIABETES CARE INC,0.004330623320308941
2024-09-01,90162,GNW,GENWORTH FINANCIAL INC,0.01585255535703757
2024-09-01,18938,HIMS,HIMS & HERS HEALTH INC,0.006805319534586191
2024-09-01,15534,NTRA,NATERA INC,0.00907491785735482
2024-09-01,22027,JXN,JACKSON FINANCIAL INC,0.005892631058733899
2024-09-01,13410,SUPN,SUPERNUS PHARMACEUTICALS INC,0.007768554473406377
2024-09-01,17929,UGI,U G I CORP NEW,0.019415650702056732
2024-09-01,17880,EVER,EVERQUOTE INC,0.005332088930316717
2024-09-01,91503,LMAT,LEMAITRE VASCULAR INC,0.01171512207363191
2024-09-01,90178,ALNY,ALNYLAM PHARMACEUTICALS INC,0.00699903581136783
2024-09-01,80169,AGM,FEDERAL AGRICULTURAL MORT CORP,0.01249958768052553
2024-09-01,21124,OGN,ORGANON & CO,0.008344534544857002
2024-09-01,22879,EMBC,EMBECTA CORP,0.0072005049201989465
2024-09-01,22199,COCO,VITA COCO CO INC,0.014422921229284189
2024-09-01,24175,KLG,W K KELLOGG CO,0.009719266508265673
2024-09-01,13249,PRLB,PROTO LABS INC,0.0065539163776474375
2024-09-01,19635,HRMY,HARMONY BIOSCIENCES HLDGS INC,0.010031343087506844
2024-09-01,16829,RDFN,REDFIN CORP,0.004223132415868535
2024-09-01,18808,PHR,PHREESIA INC,0.007833045159459043
2024-09-01,18011,SONO,SONOS INC,0.008659094775042642
2024-09-01,22812,BRBR,BELLRING BRANDS INC NEW,0.013350414682404098
2024-09-01,90037,HTH,HILLTOP HOLDINGS INC,0.014849783282164068
2024-09-01,85002,SRPT,SAREPTA THERAPEUTICS INC,0.010785124847106448
2024-09-01,91215,DK,DELEK U S HOLDINGS INC NEW,0.0073180597803277295
2024-09-01,85621,MTD,METTLER TOLEDO INTERNATIONAL INC,0.013866860779224771
2024-09-01,15585,TDOC,TELADOC HEALTH INC,0.007584875370085397
2024-09-01,76839,FIZZ,NATIONAL BEVERAGE CORP,0.01921142054263462
2024-09-01,15454,GKOS,GLAUKOS CORP,0.01522100377954701
2024-09-01,21357,DOCS,DOXIMITY INC,0.004223132415868535
2024-09-01,23681,NXT,NEXTRACKER INC,0.008081111820029577
2024-09-01,16386,IRTC,IRHYTHM TECHNOLOGIES INC,0.006202342556419023
2024-09-01,82702,AMRX,AMNEAL PHARMACEUTICALS INC,0.007468637901366405
2024-09-01,20057,VTRS,VIATRIS INC,0.013404295056584827
2024-09-01,50876,LLY,LILLY ELI & CO,0.009089234216424812
2024-09-01,17799,INSP,INSPIRE MEDICAL SYSTEMS INC,0.004239563770138433
2024-09-01,18485,PINS,PINTEREST INC,0.011237068585947002
2024-09-01,14960,ENVA,ENOVA INTERNATIONAL INC,0.009951486304911291
2024-09-01,81593,COOP,MR COOPER GROUP INC,0.014809454843364976
2024-09-01,72726,STT,STATE STREET CORP,0.015697042621004673
2024-09-01,16967,CARG,CARGURUS INC,0.005618726867689442
2024-09-01,92050,PODD,INSULET CORP,0.007125480900706761
2024-09-01,15400,ENR,ENERGIZER HOLDINGS INC NEW,0.01261885591708117
2024-09-01,79906,INCY,INCYTE CORP,0.017743209034375734
2024-09-01,22111,JNJ,JOHNSON & JOHNSON,0.020952535914975617
2024-09-01,21361,HGTY,HAGERTY INC,0.014153478011937524
2024-09-01,16260,MEDP,MEDPACE HOLDINGS INC,0.013579349620119485
2024-09-01,89031,AXON,AXON ENTERPRISE INC,0.00632283815467575
2024-09-01,88352,ISRG,INTUITIVE SURGICAL INC,0.020952535914975617
2024-09-01,21762,RXST,RXSIGHT INC,0.005700133849843965
2024-09-01,92221,MELI,MERCADOLIBRE INC,0.009518579002500758
2024-09-01,89482,BANC,BANC OF CALIFORNIA INC,0.010802685639577375
2024-09-01,91348,ATEC,ALPHATEC HOLDINGS INC,0.004223132415868535
2024-09-01,16595,SNAP,SNAP INC,0.004223132415868535
2024-09-01,13625,SSTK,SHUTTERSTOCK INC,0.008327781856673116
2024-09-01,58334,NWN,NORTHWEST NATURAL HOLDING CO,0.020952535914975617
2024-09-01,93263,CELH,CELSIUS HOLDINGS INC,0.008843451252751919
2024-09-01,18013,ARLO,ARLO TECHNOLOGIES INC,0.005602641592993712
2024-09-01,13908,PFSI,PENNYMAC FINANCIAL SVCS INC NEW,0.014984851194375214
2024-09-01,21606,CTKB,CYTEK BIOSCIENCES INC,0.006898544666254653
2024-09-01,24969,AVA,AVISTA CORP,0.019610544807588552
2024-09-01,84788,AMZN,AMAZON COM INC,0.010102138911615764
2024-09-01,21614,DUOL,DUOLINGO INC,0.007717269258357057
2024-09-01,90177,ACAD,ACADIA PHARMACEUTICALS,0.005681706684404133
2024-09-01,90319,GOOGL,ALPHABET INC,0.017244124972515606
2024-09-01,18065,GTX,GARRETT MOTION INC,0.015680575092905973
2024-09-01,14495,ATEN,A10 NETWORKS INC,0.01684293574072944
2024-09-01,90423,INVA,THERAVANCE INC,0.020904111981751784
2024-09-01,16932,ROKU,ROKU INC,0.006655774838215013
2024-09-01,76712,AES,A E S CORP,0.014359818237336626
2024-09-01,19956,WGS,GENEDX HOLDINGS CORP,0.005705482661721256
2024-09-01,24688,BTSG,BRIGHTSPRING HEALTH SERVICES INC,0.010585370517257288
2024-09-01,21892,PRCT,PROCEPT BIOROBOTICS CORP,0.004223132415868535
2024-09-01,87077,ECPG,ENCORE CAPITAL GROUP INC,0.00861470555219181
2024-09-01,36281,SEB,SEABOARD CORP,0.020952535914975617
2024-09-01,18785,STOK,STOKE THERAPEUTICS INC,0.008776929021426289
2024-09-01,89258,PRU,PRUDENTIAL FINANCIAL INC,0.01010540000975615
2024-09-01,16277,DFIN,DONNELLEY FINANCIAL SOL INC,0.013321703843597673
2024-09-01,21723,HOOD,ROBINHOOD MARKETS INC,0.006461456796939155
2024-09-01,88159,EXEL,EXELIXIS INC,0.008713491573068752
2024-09-01,16680,QXO,Q X O INC,-0.006658722180561344
2024-09-01,92213,RIOT,RIOT PLATFORMS INC,-0.006371882556197704
2024-09-01,14813,MARA,MARATHON DIGITAL HOLDINGS INC,-0.0052913228493292885
2024-09-01,24655,HUT,HUT 8 CORP,-0.004616301754449551
2024-09-01,24698,CORZ,CORE SCIENTIFIC INC NEW,-0.004556653986945059
2024-09-01,22265,RIVN,RIVIAN AUTOMOTIVE INC,-0.007101610329803678
2024-09-01,19794,U,UNITY SOFTWARE INC,-0.007706218680864311
2024-09-01,21927,DJT,TRUMP MEDIA & TECH GRP CORP,-0.006340999649859358
2024-09-01,19076,ASTS,A S T SPACEMOBILE INC,-0.004211076787380051
2024-09-01,19599,QS,QUANTUMSCAPE CORP,-0.00798234581012618
2024-09-01,86580,NVDA,NVIDIA CORP,-0.007107979442802141
2024-09-01,89301,GME,GAMESTOP CORP NEW,-0.00823151237533199
2024-09-01,19084,BILL,B I L L HOLDINGS INC,-0.008309193949197043
2024-09-01,20325,SMR,NUSCALE POWER CORP,-0.005041218703233661
2024-09-01,20126,JOBY,JOBY AVIATION INC,-0.007569407881639513
2024-09-01,18776,IMVT,IMMUNOVANT INC,-0.010793211482923634
2024-09-01,90505,LVS,LAS VEGAS SANDS CORP,-0.017449092436895828
2024-09-01,20452,ENVX,ENOVIX CORP,-0.004593576052183891
2024-09-01,15058,SLNO,SOLENO THERAPEUTICS INC,-0.006864707350285768
2024-09-01,15303,VKTX,VIKING THERAPEUTICS INC,-0.005758184473305933
2024-09-01,19187,CLSK,CLEANSPARK INC,-0.0052463196556977905
2024-09-01,20357,IONQ,IONQ INC,-0.005777268526819968
2024-09-01,21563,JANX,JANUX THERAPEUTICS INC,-0.00863268594569253
2024-09-01,80191,ALB,ALBEMARLE CORP,-0.007244382501263755
2024-09-01,23379,LVWR,LIVEWIRE GROUP INC,-0.010345605105270468
2024-09-01,20468,SANA,SANA BIOTECHNOLOGY INC,-0.0066295259002622535
2024-09-01,19489,PCT,PURECYCLE TECHNOLOGIES INC,-0.00844844553847397
2024-09-01,78987,MCHP,MICROCHIP TECHNOLOGY INC,-0.007941751534479423
2024-09-01,92469,SATS,ECHOSTAR CORP,-0.00525322337977027
2024-09-01,20898,RXRX,RECURSION PHARMACEUTICALS INC,-0.005940635934890702
2024-09-01,17125,DNLI,DENALI THERAPEUTICS INC,-0.00904072236093234
2024-09-01,77453,JACK,JACK IN THE BOX INC,-0.008895675206573297
2024-09-01,19825,DYN,DYNE THERAPEUTICS INC,-0.012307647085423168
2024-09-01,15222,IOVA,IOVANCE BIOTHERAPEUTICS INC,-0.004296814123725099
2024-09-01,19484,PCVX,VAXCYTE INC,-0.0120771331879038
2024-09-01,21747,NUVL,NUVALENT INC,-0.009242668156454031
2024-09-01,19849,SMMT,SUMMIT THERAPEUTICS INC,-0.007448902899540766
2024-09-01,15221,RCKT,ROCKET PHARMACEUTICALS INC,-0.008065443612117393
2024-09-01,17959,CRNX,CRINETICS PHARMACEUTICALS INC,-0.010472398008917111
2024-09-01,24085,LLYVK,LIBERTY MEDIA CORP 3RD NEW,-0.018018786318636286
2024-09-01,80069,ARWR,ARROWHEAD PHARMACEUTICALS INC,-0.00850859214645289
2024-09-01,20791,EWTX,EDGEWISE THERAPEUTICS INC,-0.0075909428102324565
2024-09-01,23147,IE,IVANHOE ELECTRIC INC,-0.006490741505282502
2024-09-01,91184,GYRE,GYRE THERAPEUTICS INC,-0.004211076787380051
2024-09-01,24509,CRGX,CARGO THERAPEUTICS INC,-0.007075189326704313
2024-09-01,18961,SWTX,SPRINGWORKS THERAPEUTICS INC,-0.010149159073658633
2024-09-01,20292,FDMT,4D MOLECULAR THERAPEUTICS INC,-0.008826538264993635
2024-09-01,17892,DNTH,DIANTHUS THERAPEUTICS INC,-0.007583882289617617
2024-09-01,91832,MDGL,MADRIGAL PHARMACEUTICALS INC,-0.0085538344873968
2024-09-01,20420,CGEM,CULLINAN THERAPEUTICS INC,-0.01030256487797434
2024-09-01,14988,LBRDK,LIBERTY BROADBAND CORP,-0.01830336650222966
2024-09-01,18772,AKRO,AKERO THERAPEUTICS INC,-0.009009003016149956
2024-09-01,19433,MP,M P MATERIALS CORP,-0.006179361066552687
2024-09-01,91907,SMCI,SUPER MICRO COMPUTER INC,-0.004213250866334302
2024-09-01,19813,TNGX,TANGO THERAPEUTICS INC,-0.006817915629678831
2024-09-01,22220,NN,NEXTNAV INC,-0.005619417595464015
2024-09-01,19070,ETNB,89BIO INC,-0.007236986576692257
2024-09-01,19628,IRON,DISC MEDICINE INC,-0.012495304165795253
2024-09-01,76185,TYL,TYLER TECHNOLOGIES INC,-0.01830336650222966
2024-09-01,22976,WBD,WARNER BROS DISCOVERY INC,-0.007851720704148546
2024-09-01,21342,VERA,VERA THERAPEUTICS INC,-0.01082120278956743
2024-09-01,19313,ELVN,ENLIVEN THERAPEUTICS INC,-0.008391488606207038
2024-09-01,16591,LAUR,LAUREATE EDUCATION INC,-0.015002663330278132
2024-09-01,83509,FCN,F T I CONSULTING INC,-0.01830336650222966
2024-09-01,19201,RVMD,REVOLUTION MEDICINES INC,-0.013446801021902944
2024-09-01,17357,TH,TARGET HOSPITALITY CORP,-0.009427541062555632
2024-09-01,21359,MCW,MISTER CAR WASH INC,-0.010084340088109807
2024-09-01,86228,RSG,REPUBLIC SERVICES INC,-0.01830336650222966
2024-09-01,48653,HUM,HUMANA INC,-0.01830336650222966
2024-09-01,22079,LTH,LIFE TIME GROUP HOLDINGS INC,-0.008787312429155274
2024-09-01,12591,APO,APOLLO GLOBAL MANAGEMENT INC NEW,-0.00845067300846254
2024-09-01,23063,AZPN,ASPEN TECHNOLOGY INC NEW,-0.007395670278282559
2024-09-01,91611,FSLR,FIRST SOLAR INC,-0.011230460270921814
2024-09-01,14708,VRDN,VIRIDIAN THERAPEUTICS INC,-0.010581522257094151
2024-09-01,21262,DAWN,DAY ONE BIOPHARMACEUTICALS INC,-0.01131538248009088
2024-09-01,22092,KD,KYNDRYL HOLDINGS INC,-0.008819617966696771
2024-09-01,89626,CME,C M E GROUP INC,-0.01830336650222966
2024-09-01,22268,SG,SWEETGREEN INC,-0.004211076787380051
2024-09-01,49373,HRB,BLOCK H & R INC,-0.0096089758934984
2024-09-01,18580,FSLY,FASTLY INC,-0.006465861610667229
2024-09-01,75607,GEN,GEN DIGITAL INC,-0.01830336650222966
2024-09-01,60599,LUMN,LUMEN TECHOLOGIES INC,-0.004211076787380051
2024-09-01,18192,GDYN,GRID DYNAMICS HOLDINGS INC,-0.007528551723535061
2024-09-01,81666,HA,HAWAIIAN HOLDINGS INC,-0.006763343715513867
2024-09-01,21415,S,SENTINELONE INC,-0.01125884333763929
2024-09-01,15287,CRBP,CORBUS PHARMACEUTICALS HLD INC,-0.005643192331241706
2024-09-01,21594,DNUT,KRISPY KREME INC,-0.007640119411030245
2024-09-01,13210,EPAM,EPAM SYSTEMS INC,-0.011729342446799504
2024-09-01,15490,LITE,LUMENTUM HOLDINGS INC,-0.005625259931789064
2024-09-01,89297,CCOI,COGENT COMMUNICATIONS HLDS INC,-0.013657102841678155
2024-09-01,19228,BEAM,BEAM THERAPEUTICS INC,-0.006922194906477666
2024-09-01,79094,JBL,JABIL INC,-0.011222317632401422
2024-09-01,16000,LSXMK,LIBERTY MEDIA CORP 3RD NEW,-0.01613768782052452
2024-09-01,23978,SVV,SAVERS VALUE VILLAGE INC,-0.007626669237450429
2024-09-01,14097,FOXF,FOX FACTORY HOLDING CORP,-0.006664238099692319
2024-09-01,15452,EVH,EVOLENT HEALTH INC,-0.004211076787380051
2024-09-01,52329,J,JACOBS SOLUTIONS INC,-0.01830336650222966
2024-09-01,24766,NOC,NORTHROP GRUMMAN CORP,-0.01830336650222966
2024-09-01,19894,GATO,GATOS SILVER INC,-0.007219387923513014
2024-09-01,18656,IDYA,IDEAYA BIOSCIENCES INC,-0.009740296869829404
2024-10-01,24296,NATL,N C R ATLEOS CORP,0.011982174208674723
2024-10-01,81254,SNEX,STONEX GROUP INC,0.011893448703809893
2024-10-01,17317,EOLS,EVOLUS INC,0.005951416485615219
2024-10-01,19541,VITL,VITAL FARMS INC,0.007806870384128134
2024-10-01,89964,NNI,NELNET INC,0.016700205251612126
2024-10-01,14601,NAVI,NAVIENT CORP,0.008753127496602916
2024-10-01,14229,OMF,ONEMAIN HOLDINGS INC,0.007208828915180246
2024-10-01,86820,CFFN,CAPITOL FEDERAL FINANCIAL INC,0.01653582382953154
2024-10-01,49015,LNC,LINCOLN NATIONAL CORP,0.009562569412197353
2024-10-01,14797,CDNA,CAREDX INC,0.006233242686932967
2024-10-01,21896,TOST,TOAST INC,0.008469697741714079
2024-10-01,14432,ITCI,INTRA CELLULAR THERAPIES INC,0.016115053632720113
2024-10-01,19859,MAX,MEDIAALPHA INC,0.006966305176923739
2024-10-01,13410,SUPN,SUPERNUS PHARMACEUTICALS INC,0.009603294440836544
2024-10-01,18566,SILK,SILK ROAD MEDICAL INC,0.017460925065995767
2024-10-01,18938,HIMS,HIMS & HERS HEALTH INC,0.006685699115674727
2024-10-01,90125,CORT,CORCEPT THERAPEUTICS INC,0.0071034286542342945
2024-10-01,15534,NTRA,NATERA INC,0.008405395537657788
2024-10-01,21892,PRCT,PROCEPT BIOROBOTICS CORP,0.00857975154791423
2024-10-01,84511,VCEL,VERICEL CORP,0.007693187980954011
2024-10-01,89574,PRAA,P R A GROUP INC,0.0059915083464928695
2024-10-01,36281,SEB,SEABOARD CORP,0.015081224642838007
2024-10-01,14325,TNDM,TANDEM DIABETES CARE INC,0.008047051559121885
2024-10-01,17929,UGI,U G I CORP NEW,0.014906948553921119
2024-10-01,85002,SRPT,SAREPTA THERAPEUTICS INC,0.01641228254725093
2024-10-01,22199,COCO,VITA COCO CO INC,0.008917035025138314
2024-10-01,87077,ECPG,ENCORE CAPITAL GROUP INC,0.010702828542261832
2024-10-01,19956,WGS,GENEDX HOLDINGS CORP,0.005522060389855677
2024-10-01,76839,FIZZ,NATIONAL BEVERAGE CORP,0.01644418828728615
2024-10-01,22027,JXN,JACKSON FINANCIAL INC,0.008419441476239907
2024-10-01,21361,HGTY,HAGERTY INC,0.017460925065995767
2024-10-01,64785,AGX,ARGAN INC,0.005522060389855677
2024-10-01,80169,AGM,FEDERAL AGRICULTURAL MORT CORP,0.012809352281145894
2024-10-01,88159,EXEL,EXELIXIS INC,0.012727491747281565
2024-10-01,13249,PRLB,PROTO LABS INC,0.009876369336380586
2024-10-01,90162,GNW,GENWORTH FINANCIAL INC,0.017460925065995767
2024-10-01,15332,CWEN,CLEARWAY ENERGY INC,0.015055884351534328
2024-10-01,92780,HCI,H C I GROUP INC,0.009691791447424745
2024-10-01,90178,ALNY,ALNYLAM PHARMACEUTICALS INC,0.013908227945833225
2024-10-01,21124,OGN,ORGANON & CO,0.010762159837368914
2024-10-01,19635,HRMY,HARMONY BIOSCIENCES HLDGS INC,0.009004538295335162
2024-10-01,91503,LMAT,LEMAITRE VASCULAR INC,0.014446893136728211
2024-10-01,18808,PHR,PHREESIA INC,0.006047327927558824
2024-10-01,18011,SONO,SONOS INC,0.008114302884076375
2024-10-01,90037,HTH,HILLTOP HOLDINGS INC,0.011875363699425412
2024-10-01,22879,EMBC,EMBECTA CORP,0.007502644152304452
2024-10-01,91348,ATEC,ALPHATEC HOLDINGS INC,0.005522060389855677
2024-10-01,16277,DFIN,DONNELLEY FINANCIAL SOL INC,0.013251967805153574
2024-10-01,85621,MTD,METTLER TOLEDO INTERNATIONAL INC,0.010740638760393512
2024-10-01,89258,PRU,PRUDENTIAL FINANCIAL INC,0.015938361108379217
2024-10-01,14960,ENVA,ENOVA INTERNATIONAL INC,0.00868141539349423
2024-10-01,50876,LLY,LILLY ELI & CO,0.013275276453859213
2024-10-01,75070,WKC,WORLD KINECT CORP,0.01159996815651567
2024-10-01,15454,GKOS,GLAUKOS CORP,0.010305743917708693
2024-10-01,91215,DK,DELEK U S HOLDINGS INC NEW,0.008983419983447895
2024-10-01,15400,ENR,ENERGIZER HOLDINGS INC NEW,0.010641019770257748
2024-10-01,21357,DOCS,DOXIMITY INC,0.013983261563678556
2024-10-01,21723,HOOD,ROBINHOOD MARKETS INC,0.007209737849324875
2024-10-01,16829,RDFN,REDFIN CORP,0.005522060389855677
2024-10-01,22812,BRBR,BELLRING BRANDS INC NEW,0.017460925065995767
2024-10-01,82702,AMRX,AMNEAL PHARMACEUTICALS INC,0.015475074833063537
2024-10-01,20057,VTRS,VIATRIS INC,0.01065540398416239
2024-10-01,76712,AES,A E S CORP,0.00781415594156561
2024-10-01,17799,INSP,INSPIRE MEDICAL SYSTEMS INC,0.005715609340841728
2024-10-01,88352,ISRG,INTUITIVE SURGICAL INC,0.016312261993480487
2024-10-01,18485,PINS,PINTEREST INC,0.010466867781194097
2024-10-01,90177,ACAD,ACADIA PHARMACEUTICALS,0.011637775107384866
2024-10-01,89031,AXON,AXON ENTERPRISE INC,0.010939373674070845
2024-10-01,79906,INCY,INCYTE CORP,0.009932293627431527
2024-10-01,92221,MELI,MERCADOLIBRE INC,0.010836906899574445
2024-10-01,16967,CARG,CARGURUS INC,0.00928481677465248
2024-10-01,22111,JNJ,JOHNSON & JOHNSON,0.017460925065995767
2024-10-01,21762,RXST,RXSIGHT INC,0.00925461860859571
2024-10-01,81593,COOP,MR COOPER GROUP INC,0.010908737175697795
2024-10-01,16386,IRTC,IRHYTHM TECHNOLOGIES INC,0.0066185171623688675
2024-10-01,89482,BANC,BANC OF CALIFORNIA INC,0.011235235914784132
2024-10-01,72726,STT,STATE STREET CORP,0.016977882952887744
2024-10-01,21614,DUOL,DUOLINGO INC,0.007903826794224734
2024-10-01,23681,NXT,NEXTRACKER INC,0.005533637058070248
2024-10-01,18065,GTX,GARRETT MOTION INC,0.012475840798593539
2024-10-01,16260,MEDP,MEDPACE HOLDINGS INC,0.006817097771180871
2024-10-01,84788,AMZN,AMAZON COM INC,0.011590246260274184
2024-10-01,24175,KLG,W K KELLOGG CO,0.0071979764354163575
2024-10-01,24688,BTSG,BRIGHTSPRING HEALTH SERVICES INC,0.009322011595628298
2024-10-01,90319,GOOGL,ALPHABET INC,0.01216781444773384
2024-10-01,13625,SSTK,SHUTTERSTOCK INC,0.010084972815918459
2024-10-01,18013,ARLO,ARLO TECHNOLOGIES INC,0.010504314150922253
2024-10-01,14495,ATEN,A10 NETWORKS INC,0.01568475049052353
2024-10-01,92050,PODD,INSULET CORP,0.015640773050978583
2024-10-01,90423,INVA,THERAVANCE INC,0.016319405355717506
2024-10-01,58334,NWN,NORTHWEST NATURAL HOLDING CO,0.017424262568226597
2024-10-01,13796,HROW,HARROW INC,0.006412654345999725
2024-10-01,84275,UNFI,UNITED NATURAL FOODS INC,0.006476324579227688
2024-10-01,19502,WBA,WALGREENS BOOTS ALLIANCE INC,0.007733848666808587
2024-10-01,18214,TWST,TWIST BIOSCIENCE CORP,0.005522060389855677
2024-10-01,17787,EQH,EQUITABLE HOLDINGS INC,0.013846326981870197
2024-10-01,80306,BCRX,BIOCRYST PHARMACEUTICALS INC,0.010252417562748785
2024-10-01,90285,MNKD,MANNKIND CORP,0.010907355823072857
2024-10-01,19333,RSI,RUSH STREET INTERACTIVE INC,0.01002108798067154
2024-10-01,70519,C,CITIGROUP INC,0.01059175048722731
2024-10-01,16680,QXO,Q X O INC,-0.008287946184165097
2024-10-01,14813,MARA,MARA HOLDINGS INC,-0.005888196022459884
2024-10-01,92213,RIOT,RIOT PLATFORMS INC,-0.0072766017652899735
2024-10-01,24655,HUT,HUT 8 CORP,-0.005925098651832963
2024-10-01,24698,CORZ,CORE SCIENTIFIC INC NEW,-0.0061484338346131685
2024-10-01,19187,CLSK,CLEANSPARK INC,-0.005158987660571655
2024-10-01,19794,U,UNITY SOFTWARE INC,-0.006253547647092098
2024-10-01,19076,ASTS,A S T SPACEMOBILE INC,-0.004466893738445448
2024-10-01,19084,BILL,B I L L HOLDINGS INC,-0.012434136365090259
2024-10-01,22265,RIVN,RIVIAN AUTOMOTIVE INC,-0.0073480784864355985
2024-10-01,20357,IONQ,IONQ INC,-0.004501304863361596
2024-10-01,21927,DJT,TRUMP MEDIA & TECH GRP CORP,-0.0041889217251930245
2024-10-01,19599,QS,QUANTUMSCAPE CORP,-0.010380077765206257
2024-10-01,89301,GME,GAMESTOP CORP NEW,-0.006307328363463315
2024-10-01,60599,LUMN,LUMEN TECHOLOGIES INC,-0.005145445839513418
2024-10-01,22976,WBD,WARNER BROS DISCOVERY INC,-0.007234155781984214
2024-10-01,90505,LVS,LAS VEGAS SANDS CORP,-0.011074886110916263
2024-10-01,81666,HA,HAWAIIAN HOLDINGS INC,-0.01836178133504655
2024-10-01,15303,VKTX,VIKING THERAPEUTICS INC,-0.005823115879171879
2024-10-01,20325,SMR,NUSCALE POWER CORP,-0.004374191986371407
2024-10-01,18776,IMVT,IMMUNOVANT INC,-0.008494392806622767
2024-10-01,91907,SMCI,SUPER MICRO COMPUTER INC,-0.006472197890115888
2024-10-01,79094,JBL,JABIL INC,-0.008765752065278304
2024-10-01,21563,JANX,JANUX THERAPEUTICS INC,-0.007456259489520719
2024-10-01,20126,JOBY,JOBY AVIATION INC,-0.013985489839403089
2024-10-01,86580,NVDA,NVIDIA CORP,-0.008035701621710903
2024-10-01,92469,SATS,ECHOSTAR CORP,-0.00445905428658135
2024-10-01,15058,SLNO,SOLENO THERAPEUTICS INC,-0.009315301451351262
2024-10-01,80191,ALB,ALBEMARLE CORP,-0.00587924909409238
2024-10-01,23379,LVWR,LIVEWIRE GROUP INC,-0.004115980319105
2024-10-01,77453,JACK,JACK IN THE BOX INC,-0.009992568404493616
2024-10-01,19849,SMMT,SUMMIT THERAPEUTICS INC,-0.003416491839847554
2024-10-01,24085,LLYVK,LIBERTY MEDIA CORP 3RD NEW,-0.012553239777464508
2024-10-01,17125,DNLI,DENALI THERAPEUTICS INC,-0.010278311932792184
2024-10-01,89297,CCOI,COGENT COMMUNICATIONS HLDS INC,-0.014851961776438412
2024-10-01,19484,PCVX,VAXCYTE INC,-0.003495864888180699
2024-10-01,19825,DYN,DYNE THERAPEUTICS INC,-0.0037786853216616153
2024-10-01,21415,S,SENTINELONE INC,-0.01149362608877334
2024-10-01,20452,ENVX,ENOVIX CORP,-0.005887426110120826
2024-10-01,21747,NUVL,NUVALENT INC,-0.004025165284278585
2024-10-01,15222,IOVA,IOVANCE BIOTHERAPEUTICS INC,-0.00692107625494132
2024-10-01,20791,EWTX,EDGEWISE THERAPEUTICS INC,-0.003416491839847554
2024-10-01,15221,RCKT,ROCKET PHARMACEUTICALS INC,-0.0059336396513596104
2024-10-01,23978,SVV,SAVERS VALUE VILLAGE INC,-0.009310048343713783
2024-10-01,19228,BEAM,BEAM THERAPEUTICS INC,-0.009143288974948888
2024-10-01,15490,LITE,LUMENTUM HOLDINGS INC,-0.008345650193769967
2024-10-01,20898,RXRX,RECURSION PHARMACEUTICALS INC,-0.006337309924632661
2024-10-01,17959,CRNX,CRINETICS PHARMACEUTICALS INC,-0.012008032840827382
2024-10-01,14988,LBRDK,LIBERTY BROADBAND CORP,-0.004776521292341711
2024-10-01,19489,PCT,PURECYCLE TECHNOLOGIES INC,-0.003416491839847554
2024-10-01,91184,GYRE,GYRE THERAPEUTICS INC,-0.006961726826230481
2024-10-01,24509,CRGX,CARGO THERAPEUTICS INC,-0.0045057939404994475
2024-10-01,18192,GDYN,GRID DYNAMICS HOLDINGS INC,-0.01345205043550947
2024-10-01,91832,MDGL,MADRIGAL PHARMACEUTICALS INC,-0.012391595181581032
2024-10-01,14097,FOXF,FOX FACTORY HOLDING CORP,-0.008715072529634542
2024-10-01,18961,SWTX,SPRINGWORKS THERAPEUTICS INC,-0.011529654644016252
2024-10-01,21594,DNUT,KRISPY KREME INC,-0.014877920983091321
2024-10-01,13210,EPAM,EPAM SYSTEMS INC,-0.01845011313879749
2024-10-01,20420,CGEM,CULLINAN THERAPEUTICS INC,-0.007150422576259051
2024-10-01,91611,FSLR,FIRST SOLAR INC,-0.006633026220799183
2024-10-01,19433,MP,M P MATERIALS CORP,-0.007197017077241092
2024-10-01,52329,J,JACOBS SOLUTIONS INC,-0.0169802230607363
2024-10-01,17892,DNTH,DIANTHUS THERAPEUTICS INC,-0.006970399173996672
2024-10-01,18772,AKRO,AKERO THERAPEUTICS INC,-0.011171721105386266
2024-10-01,23147,IE,IVANHOE ELECTRIC INC,-0.005285592805239077
2024-10-01,19628,IRON,DISC MEDICINE INC,-0.014503049482459174
2024-10-01,21342,VERA,VERA THERAPEUTICS INC,-0.008656637641959663
2024-10-01,83509,FCN,F T I CONSULTING INC,-0.01845011313879749
2024-10-01,24766,NOC,NORTHROP GRUMMAN CORP,-0.01845011313879749
2024-10-01,22220,NN,NEXTNAV INC,-0.006956154467848809
2024-10-01,19313,ELVN,ENLIVEN THERAPEUTICS INC,-0.009977851195335188
2024-10-01,18656,IDYA,IDEAYA BIOSCIENCES INC,-0.011141528550959139
2024-10-01,22092,KD,KYNDRYL HOLDINGS INC,-0.017698421016176108
2024-10-01,19894,GATO,GATOS SILVER INC,-0.005807378640490208
2024-10-01,16591,LAUR,LAUREATE EDUCATION INC,-0.01293187679621693
2024-10-01,19070,ETNB,89BIO INC,-0.010787726097852774
2024-10-01,12591,APO,APOLLO GLOBAL MANAGEMENT INC NEW,-0.016420921945923872
2024-10-01,19201,RVMD,REVOLUTION MEDICINES INC,-0.010559999943715648
2024-10-01,19813,TNGX,TANGO THERAPEUTICS INC,-0.0047975139305961485
2024-10-01,15452,EVH,EVOLENT HEALTH INC,-0.012368215655173148
2024-10-01,23063,AZPN,ASPEN TECHNOLOGY INC NEW,-0.01723181546271327
2024-10-01,78987,MCHP,MICROCHIP TECHNOLOGY INC,-0.010990569806405674
2024-10-01,80069,ARWR,ARROWHEAD PHARMACEUTICALS INC,-0.009218402328604242
2024-10-01,21359,MCW,MISTER CAR WASH INC,-0.012283898717645155
2024-10-01,14708,VRDN,VIRIDIAN THERAPEUTICS INC,-0.0035454977374194344
2024-10-01,21262,DAWN,DAY ONE BIOPHARMACEUTICALS INC,-0.011387526397521731
2024-10-01,86228,RSG,REPUBLIC SERVICES INC,-0.01845011313879749
2024-10-01,76185,TYL,TYLER TECHNOLOGIES INC,-0.01845011313879749
2024-10-01,89626,CME,C M E GROUP INC,-0.01845011313879749
2024-10-01,17357,TH,TARGET HOSPITALITY CORP,-0.006131151530767664
2024-10-01,21331,AUR,AURORA INNOVATION INC,-0.0037472468960950537
2024-10-01,89986,APLD,APPLIED DIGITAL CORP,-0.003416491839847554
2024-10-01,87445,TDY,TELEDYNE TECHNOLOGIES,-0.01845011313879749
2024-10-01,91937,TMUS,T MOBILE U S INC,-0.01845011313879749
2024-10-01,24875,ALAB,ASTERA LABS INC,-0.00639603861522907
2024-10-01,11154,PLAB,PHOTRONICS INC,-0.010511675602431547
2024-10-01,79841,FWRD,FORWARD AIR CORP,-0.010881043342994452
2024-10-01,24173,VSTS,VESTIS CORP,-0.008574987875520398
2024-10-01,23425,SBC,SBC MEDICAL GROUP HOLDINGS INC,-0.003416491839847554
2024-10-01,16343,YUMC,YUM CHINA HOLDINGS INC,-0.007802020461237277
2024-11-01,24296,NATL,N C R ATLEOS CORP,0.009777879267358383
2024-11-01,89574,PRAA,P R A GROUP INC,0.008320928110530243
2024-11-01,19541,VITL,VITAL FARMS INC,0.007695892422862162
2024-11-01,89964,NNI,NELNET INC,0.018328035986322804
2024-11-01,14601,NAVI,NAVIENT CORP,0.010533599211700639
2024-11-01,17317,EOLS,EVOLUS INC,0.007839309094355035
2024-11-01,81254,SNEX,STONEX GROUP INC,0.012251017950115958
2024-11-01,21896,TOST,TOAST INC,0.010988109712856098
2024-11-01,80306,BCRX,BIOCRYST PHARMACEUTICALS INC,0.008441595447732445
2024-11-01,13796,HROW,HARROW INC,0.006032051046882101
2024-11-01,14797,CDNA,CAREDX INC,0.0041949084285075044
2024-11-01,90285,MNKD,MANNKIND CORP,0.012705813336326246
2024-11-01,14960,ENVA,ENOVA INTERNATIONAL INC,0.01138304370621101
2024-11-01,90125,CORT,CORCEPT THERAPEUTICS INC,0.009749828222326522
2024-11-01,21892,PRCT,PROCEPT BIOROBOTICS CORP,0.00415695454248789
2024-11-01,87077,ECPG,ENCORE CAPITAL GROUP INC,0.012189368064981672
2024-11-01,36281,SEB,SEABOARD CORP,0.017444851378987988
2024-11-01,13410,SUPN,SUPERNUS PHARMACEUTICALS INC,0.014659605196310242
2024-11-01,22027,JXN,JACKSON FINANCIAL INC,0.012544366947664067
2024-11-01,15534,NTRA,NATERA INC,0.008486311852109216
2024-11-01,14432,ITCI,INTRA CELLULAR THERAPIES INC,0.007406131094094097
2024-11-01,80169,AGM,FEDERAL AGRICULTURAL MORT CORP,0.01688441293029881
2024-11-01,84275,UNFI,UNITED NATURAL FOODS INC,0.00415695454248789
2024-11-01,15332,CWEN,CLEARWAY ENERGY INC,0.008929228927848448
2024-11-01,18938,HIMS,HIMS & HERS HEALTH INC,0.00415695454248789
2024-11-01,49015,LNC,LINCOLN NATIONAL CORP,0.011048895224660698
2024-11-01,21124,OGN,ORGANON & CO,0.014715487766073556
2024-11-01,90162,GNW,GENWORTH FINANCIAL INC,0.014255747054013973
2024-11-01,76839,FIZZ,NATIONAL BEVERAGE CORP,0.018328035986322804
2024-11-01,14325,TNDM,TANDEM DIABETES CARE INC,0.006951006808509637
2024-11-01,22199,COCO,VITA COCO CO INC,0.01150545158877203
2024-11-01,17929,UGI,U G I CORP NEW,0.01648163684046222
2024-11-01,14229,OMF,ONEMAIN HOLDINGS INC,0.0074965253703565896
2024-11-01,85002,SRPT,SAREPTA THERAPEUTICS INC,0.012315713168579365
2024-11-01,90178,ALNY,ALNYLAM PHARMACEUTICALS INC,0.010481975387422213
2024-11-01,18214,TWST,TWIST BIOSCIENCE CORP,0.006197255281259387
2024-11-01,17787,EQH,EQUITABLE HOLDINGS INC,0.017080852355849097
2024-11-01,19859,MAX,MEDIAALPHA INC,0.004617687720804851
2024-11-01,90037,HTH,HILLTOP HOLDINGS INC,0.013784749945275752
2024-11-01,18011,SONO,SONOS INC,0.009452944151274258
2024-11-01,16277,DFIN,DONNELLEY FINANCIAL SOL INC,0.009321636636948648
2024-11-01,22879,EMBC,EMBECTA CORP,0.008548091770471496
2024-11-01,18808,PHR,PHREESIA INC,0.01183903378454346
2024-11-01,15400,ENR,ENERGIZER HOLDINGS INC NEW,0.018328035986322804
2024-11-01,89258,PRU,PRUDENTIAL FINANCIAL INC,0.014641601524109274
2024-11-01,85621,MTD,METTLER TOLEDO INTERNATIONAL INC,0.01657199103304352
2024-11-01,88159,EXEL,EXELIXIS INC,0.006040781314493429
2024-11-01,64785,AGX,ARGAN INC,0.007435929868115182
2024-11-01,19635,HRMY,HARMONY BIOSCIENCES HLDGS INC,0.00415695454248789
2024-11-01,79906,INCY,INCYTE CORP,0.007639713910564179
2024-11-01,90177,ACAD,ACADIA PHARMACEUTICALS,0.012304535027254947
2024-11-01,91503,LMAT,LEMAITRE VASCULAR INC,0.01175077838821878
2024-11-01,15454,GKOS,GLAUKOS CORP,0.009697100720024302
2024-11-01,19333,RSI,RUSH STREET INTERACTIVE INC,0.00912976755176396
2024-11-01,84511,VCEL,VERICEL CORP,0.007800911795231257
2024-11-01,20057,VTRS,VIATRIS INC,0.014371484540557802
2024-11-01,21723,HOOD,ROBINHOOD MARKETS INC,0.004579773390704264
2024-11-01,82702,AMRX,AMNEAL PHARMACEUTICALS INC,0.011775876632313411
2024-11-01,50876,LLY,LILLY ELI & CO,0.012419446546386418
2024-11-01,89031,AXON,AXON ENTERPRISE INC,0.01598578497723577
2024-11-01,91215,DK,DELEK U S HOLDINGS INC NEW,0.006463603054756104
2024-11-01,75070,WKC,WORLD KINECT CORP,0.00601567556640478
2024-11-01,21357,DOCS,DOXIMITY INC,0.011140581456872757
2024-11-01,88352,ISRG,INTUITIVE SURGICAL INC,0.008617708664073588
2024-11-01,18485,PINS,PINTEREST INC,0.014079065309562419
2024-11-01,76712,AES,A E S CORP,0.012541295051866163
2024-11-01,17799,INSP,INSPIRE MEDICAL SYSTEMS INC,0.009026892942468459
2024-11-01,72726,STT,STATE STREET CORP,0.018328035986322804
2024-11-01,19502,WBA,WALGREENS BOOTS ALLIANCE INC,0.004798467723233754
2024-11-01,92221,MELI,MERCADOLIBRE INC,0.01330793348954927
2024-11-01,86820,CFFN,CAPITOL FEDERAL FINANCIAL INC,0.008908410505638769
2024-11-01,18065,GTX,GARRETT MOTION INC,0.009456397521447798
2024-11-01,22812,BRBR,BELLRING BRANDS INC NEW,0.017887115652966107
2024-11-01,16829,RDFN,REDFIN CORP,0.005082292667125007
2024-11-01,21361,HGTY,HAGERTY INC,0.015622743767216382
2024-11-01,24688,BTSG,BRIGHTSPRING HEALTH SERVICES INC,0.010686550214707909
2024-11-01,89482,BANC,BANC OF CALIFORNIA INC,0.009695024278263768
2024-11-01,70519,C,CITIGROUP INC,0.01027150551334066
2024-11-01,16260,MEDP,MEDPACE HOLDINGS INC,0.009245643964430136
2024-11-01,90319,GOOGL,ALPHABET INC,0.01673566635431797
2024-11-01,22111,JNJ,JOHNSON & JOHNSON,0.018328035986322804
2024-11-01,21614,DUOL,DUOLINGO INC,0.014066866518109969
2024-11-01,58334,NWN,NORTHWEST NATURAL HOLDING CO,0.018299253454206688
2024-11-01,84788,AMZN,AMAZON COM INC,0.014357248451657182
2024-11-01,18013,ARLO,ARLO TECHNOLOGIES INC,0.008548520814087789
2024-11-01,14495,ATEN,A10 NETWORKS INC,0.017918685331234793
2024-11-01,21762,RXST,RXSIGHT INC,0.010803377907970119
2024-11-01,81593,COOP,MR COOPER GROUP INC,0.012564327149409341
2024-11-01,13625,SSTK,SHUTTERSTOCK INC,0.005979414924334093
2024-11-01,16816,BHF,BRIGHTHOUSE FINANCIAL INC,0.011482016778536773
2024-11-01,82779,NVAX,NOVAVAX INC,0.00415695454248789
2024-11-01,15831,AXSM,AXSOME THERAPEUTICS INC,0.008284852623567695
2024-11-01,23064,ACDC,PROFRAC HOLDING CORP,0.005101990539352632
2024-11-01,15302,VIRT,VIRTU FINANCIAL INC,0.015351548294473267
2024-11-01,13116,CIVI,CIVITAS RESOURCES INC,0.010870306714726547
2024-11-01,14558,ALLY,ALLY FINANCIAL INC,0.013095013535110335
2024-11-01,76709,IDXX,I D E X X LABORATORIES INC,0.009742349074429276
2024-11-01,24877,SOLV,SOLVENTUM CORP,0.014043101524994737
2024-11-01,17684,AHCO,ADAPTHEALTH CORP,0.009346982220635812
2024-11-01,89217,AAP,ADVANCE AUTO PARTS INC,0.008305788480940298
2024-11-01,16680,QXO,Q X O INC,-0.00845274047292827
2024-11-01,14813,MARA,MARA HOLDINGS INC,-0.005240067463346758
2024-11-01,21331,AUR,AURORA INNOVATION INC,-0.00418093343993532
2024-11-01,91907,SMCI,SUPER MICRO COMPUTER INC,-0.003225521118488598
2024-11-01,24698,CORZ,CORE SCIENTIFIC INC NEW,-0.00736396059909549
2024-11-01,24655,HUT,HUT 8 CORP,-0.0038826808153059034
2024-11-01,92213,RIOT,RIOT PLATFORMS INC,-0.005042934902710271
2024-11-01,89986,APLD,APPLIED DIGITAL CORP,-0.004410613612316902
2024-11-01,19187,CLSK,CLEANSPARK INC,-0.003797408554041306
2024-11-01,19084,BILL,B I L L HOLDINGS INC,-0.01224503960325451
2024-11-01,19794,U,UNITY SOFTWARE INC,-0.008928026582736741
2024-11-01,19076,ASTS,A S T SPACEMOBILE INC,-0.00418583831200374
2024-11-01,19599,QS,QUANTUMSCAPE CORP,-0.003938752423353029
2024-11-01,21927,DJT,TRUMP MEDIA & TECH GRP CORP,-0.003225521118488598
2024-11-01,22265,RIVN,RIVIAN AUTOMOTIVE INC,-0.009494523036116654
2024-11-01,89301,GME,GAMESTOP CORP NEW,-0.008291719843865501
2024-11-01,24875,ALAB,ASTERA LABS INC,-0.005542976024314747
2024-11-01,60599,LUMN,LUMEN TECHOLOGIES INC,-0.00671140924486516
2024-11-01,90505,LVS,LAS VEGAS SANDS CORP,-0.015487579853177464
2024-11-01,15303,VKTX,VIKING THERAPEUTICS INC,-0.004481495080887384
2024-11-01,23379,LVWR,LIVEWIRE GROUP INC,-0.0106614412232945
2024-11-01,21415,S,SENTINELONE INC,-0.00916155932754342
2024-11-01,20325,SMR,NUSCALE POWER CORP,-0.003225521118488598
2024-11-01,77453,JACK,JACK IN THE BOX INC,-0.00935351012862974
2024-11-01,22976,WBD,WARNER BROS DISCOVERY INC,-0.010855693731871972
2024-11-01,20357,IONQ,IONQ INC,-0.003817207922395434
2024-11-01,24085,LLYVK,LIBERTY MEDIA CORP 3RD NEW,-0.01826264817789206
2024-11-01,21563,JANX,JANUX THERAPEUTICS INC,-0.008374171870971739
2024-11-01,79094,JBL,JABIL INC,-0.01826264817789206
2024-11-01,18776,IMVT,IMMUNOVANT INC,-0.01216692778412768
2024-11-01,19849,SMMT,SUMMIT THERAPEUTICS INC,-0.0043461354985645274
2024-11-01,21359,MCW,MISTER CAR WASH INC,-0.008200524987475963
2024-11-01,19484,PCVX,VAXCYTE INC,-0.012144234462711434
2024-11-01,23978,SVV,SAVERS VALUE VILLAGE INC,-0.009419593581905491
2024-11-01,80191,ALB,ALBEMARLE CORP,-0.008570881574213558
2024-11-01,20791,EWTX,EDGEWISE THERAPEUTICS INC,-0.007978947275829056
2024-11-01,15058,SLNO,SOLENO THERAPEUTICS INC,-0.008316179264110027
2024-11-01,79841,FWRD,FORWARD AIR CORP,-0.007493461736200507
2024-11-01,21747,NUVL,NUVALENT INC,-0.010654253709270594
2024-11-01,17125,DNLI,DENALI THERAPEUTICS INC,-0.007334827996416606
2024-11-01,15222,IOVA,IOVANCE BIOTHERAPEUTICS INC,-0.006685865509704168
2024-11-01,19825,DYN,DYNE THERAPEUTICS INC,-0.008361817343418723
2024-11-01,23063,AZPN,ASPEN TECHNOLOGY INC NEW,-0.01826264817789206
2024-11-01,15221,RCKT,ROCKET PHARMACEUTICALS INC,-0.007179627651084131
2024-11-01,91937,TMUS,T MOBILE U S INC,-0.015786704208527128
2024-11-01,89297,CCOI,COGENT COMMUNICATIONS HLDS INC,-0.018262648177891496
2024-11-01,24509,CRGX,CARGO THERAPEUTICS INC,-0.0059935559024371695
2024-11-01,91184,GYRE,GYRE THERAPEUTICS INC,-0.007601947634326529
2024-11-01,19489,PCT,PURECYCLE TECHNOLOGIES INC,-0.0035543504864755625
2024-11-01,91832,MDGL,MADRIGAL PHARMACEUTICALS INC,-0.005472633909013583
2024-11-01,19228,BEAM,BEAM THERAPEUTICS INC,-0.006932222068597473
2024-11-01,15490,LITE,LUMENTUM HOLDINGS INC,-0.009939277343962554
2024-11-01,18772,AKRO,AKERO THERAPEUTICS INC,-0.00813074862937277
2024-11-01,20452,ENVX,ENOVIX CORP,-0.003225521118488598
2024-11-01,17959,CRNX,CRINETICS PHARMACEUTICALS INC,-0.01009727195889326
2024-11-01,20898,RXRX,RECURSION PHARMACEUTICALS INC,-0.006300686500405381
2024-11-01,20420,CGEM,CULLINAN THERAPEUTICS INC,-0.008132745154153641
2024-11-01,23147,IE,IVANHOE ELECTRIC INC,-0.007832400867245841
2024-11-01,21342,VERA,VERA THERAPEUTICS INC,-0.005295128938159522
2024-11-01,19628,IRON,DISC MEDICINE INC,-0.008324202989631308
2024-11-01,19433,MP,M P MATERIALS CORP,-0.008837528457457135
2024-11-01,21594,DNUT,KRISPY KREME INC,-0.012386629040959354
2024-11-01,52329,J,JACOBS SOLUTIONS INC,-0.01826264817789206
2024-11-01,18961,SWTX,SPRINGWORKS THERAPEUTICS INC,-0.012616941579816575
2024-11-01,24173,VSTS,VESTIS CORP,-0.017685999155039184
2024-11-01,22220,NN,NEXTNAV INC,-0.007559919136617375
2024-11-01,17892,DNTH,DIANTHUS THERAPEUTICS INC,-0.007210147294992643
2024-11-01,13210,EPAM,EPAM SYSTEMS INC,-0.01826264817789206
2024-11-01,19313,ELVN,ENLIVEN THERAPEUTICS INC,-0.010427931809525436
2024-11-01,18656,IDYA,IDEAYA BIOSCIENCES INC,-0.00831586003463629
2024-11-01,19894,GATO,GATOS SILVER INC,-0.0061004654172007915
2024-11-01,16591,LAUR,LAUREATE EDUCATION INC,-0.009727847104048781
2024-11-01,18192,GDYN,GRID DYNAMICS HOLDINGS INC,-0.014603427235297048
2024-11-01,83509,FCN,F T I CONSULTING INC,-0.009040390253011751
2024-11-01,87445,TDY,TELEDYNE TECHNOLOGIES,-0.016546535280868607
2024-11-01,19070,ETNB,89BIO INC,-0.009195916896765036
2024-11-01,86580,NVDA,NVIDIA CORP,-0.009863225948409979
2024-11-01,12591,APO,APOLLO GLOBAL MANAGEMENT INC NEW,-0.015066566282521785
2024-11-01,19201,RVMD,REVOLUTION MEDICINES INC,-0.009031002915199237
2024-11-01,21262,DAWN,DAY ONE BIOPHARMACEUTICALS INC,-0.011863430455583086
2024-11-01,22092,KD,KYNDRYL HOLDINGS INC,-0.014082156728617396
2024-11-01,11154,PLAB,PHOTRONICS INC,-0.015166947312300288
2024-11-01,86228,RSG,REPUBLIC SERVICES INC,-0.01826264817789206
2024-11-01,14988,LBRDK,LIBERTY BROADBAND CORP,-0.01478351630110213
2024-11-01,16343,YUMC,YUM CHINA HOLDINGS INC,-0.008430422875372797
2024-11-01,24766,NOC,NORTHROP GRUMMAN CORP,-0.01826264817789206
2024-11-01,80069,ARWR,ARROWHEAD PHARMACEUTICALS INC,-0.009965083596630364
2024-11-01,14708,VRDN,VIRIDIAN THERAPEUTICS INC,-0.0090514049169721
2024-11-01,91611,FSLR,FIRST SOLAR INC,-0.008794508141470415
2024-11-01,15452,EVH,EVOLENT HEALTH INC,-0.009097641750603317
2024-11-01,23054,SOUN,SOUNDHOUND AI INC,-0.004528385689441602
2024-11-01,86211,MSTR,MICROSTRATEGY INC,-0.004404082538870586
2024-11-01,87759,WULF,TERAWULF INC,-0.0037579116978271013
2024-11-01,13527,FIVE,FIVE BELOW INC,-0.01080171344869779
2024-11-01,90542,EYPT,EYEPOINT PHARMACEUTICALS INC,-0.0032260686392501427
2024-11-01,19862,ROOT,ROOT INC,-0.003225521118488598
2024-11-01,19593,MIR,MIRION TECHNOLOGIES INC,-0.008396590799209307
2024-11-01,90126,CYTK,CYTOKINETICS INC,-0.01165808592785072
2024-11-01,16140,TWLO,TWILIO INC,-0.007753978303814525
2024-11-01,24064,APGE,APOGEE THERAPEUTICS INC,-0.008775915877819082
2024-12-01,24296,NATL,N C R ATLEOS CORP,0.010963536505932745
2024-12-01,87077,ECPG,ENCORE CAPITAL GROUP INC,0.01580261961570484
2024-12-01,89964,NNI,NELNET INC,0.010613773267406607
2024-12-01,81254,SNEX,STONEX GROUP INC,0.014079435631180798
2024-12-01,15302,VIRT,VIRTU FINANCIAL INC,0.014250552523030856
2024-12-01,19541,VITL,VITAL FARMS INC,0.00669707082146757
2024-12-01,21896,TOST,TOAST INC,0.00807219927924025
2024-12-01,14601,NAVI,NAVIENT CORP,0.010273422932443526
2024-12-01,80306,BCRX,BIOCRYST PHARMACEUTICALS INC,0.006134670269472488
2024-12-01,13796,HROW,HARROW INC,0.005331769484505661
2024-12-01,14797,CDNA,CAREDX INC,0.01236519905610725
2024-12-01,15332,CWEN,CLEARWAY ENERGY INC,0.012150226456241404
2024-12-01,90037,HTH,HILLTOP HOLDINGS INC,0.010199639979352035
2024-12-01,82779,NVAX,NOVAVAX INC,0.006071521922463835
2024-12-01,90285,MNKD,MANNKIND CORP,0.017082383145486296
2024-12-01,13410,SUPN,SUPERNUS PHARMACEUTICALS INC,0.011034700603108082
2024-12-01,16816,BHF,BRIGHTHOUSE FINANCIAL INC,0.009505922181953797
2024-12-01,21892,PRCT,PROCEPT BIOROBOTICS CORP,0.00952105885183172
2024-12-01,90162,GNW,GENWORTH FINANCIAL INC,0.012981911510458438
2024-12-01,18214,TWST,TWIST BIOSCIENCE CORP,0.005937548464403788
2024-12-01,14229,OMF,ONEMAIN HOLDINGS INC,0.018010082492561447
2024-12-01,21124,OGN,ORGANON & CO,0.010685585586145439
2024-12-01,49015,LNC,LINCOLN NATIONAL CORP,0.008566700467918173
2024-12-01,90125,CORT,CORCEPT THERAPEUTICS INC,0.008312894254704805
2024-12-01,36281,SEB,SEABOARD CORP,0.02096795728593893
2024-12-01,14325,TNDM,TANDEM DIABETES CARE INC,0.007547289899479935
2024-12-01,16277,DFIN,DONNELLEY FINANCIAL SOL INC,0.012009698869265133
2024-12-01,15831,AXSM,AXSOME THERAPEUTICS INC,0.010286273841669939
2024-12-01,15534,NTRA,NATERA INC,0.005953318378205078
2024-12-01,22879,EMBC,EMBECTA CORP,0.004499813498665085
2024-12-01,14432,ITCI,INTRA CELLULAR THERAPIES INC,0.015375346747653507
2024-12-01,80169,AGM,FEDERAL AGRICULTURAL MORT CORP,0.010154249194840094
2024-12-01,90178,ALNY,ALNYLAM PHARMACEUTICALS INC,0.009725384845472121
2024-12-01,84275,UNFI,UNITED NATURAL FOODS INC,0.010421051524979928
2024-12-01,14960,ENVA,ENOVA INTERNATIONAL INC,0.010784737048090388
2024-12-01,22199,COCO,VITA COCO CO INC,0.01018058086549513
2024-12-01,18938,HIMS,HIMS & HERS HEALTH INC,0.004499813498665085
2024-12-01,82702,AMRX,AMNEAL PHARMACEUTICALS INC,0.012923135183206135
2024-12-01,24877,SOLV,SOLVENTUM CORP,0.018743505585335614
2024-12-01,15400,ENR,ENERGIZER HOLDINGS INC NEW,0.014079782372580663
2024-12-01,76839,FIZZ,NATIONAL BEVERAGE CORP,0.018085302100281316
2024-12-01,15454,GKOS,GLAUKOS CORP,0.010064835200039066
2024-12-01,76709,IDXX,I D E X X LABORATORIES INC,0.01978327341118919
2024-12-01,64785,AGX,ARGAN INC,0.00705296434194008
2024-12-01,75070,WKC,WORLD KINECT CORP,0.016514719912195056
2024-12-01,18011,SONO,SONOS INC,0.009434934879975588
2024-12-01,89031,AXON,AXON ENTERPRISE INC,0.004542233924938361
2024-12-01,89258,PRU,PRUDENTIAL FINANCIAL INC,0.015580889413656138
2024-12-01,17317,EOLS,EVOLUS INC,0.006384655013545942
2024-12-01,17684,AHCO,ADAPTHEALTH CORP,0.0071155774861720155
2024-12-01,79906,INCY,INCYTE CORP,0.010450115436302029
2024-12-01,13116,CIVI,CIVITAS RESOURCES INC,0.013673866514684095
2024-12-01,91215,DK,DELEK U S HOLDINGS INC NEW,0.011311706755412784
2024-12-01,89217,AAP,ADVANCE AUTO PARTS INC,0.0071166735536908575
2024-12-01,21762,RXST,RXSIGHT INC,0.010269890282404907
2024-12-01,16829,RDFN,REDFIN CORP,0.005157509272161376
2024-12-01,72726,STT,STATE STREET CORP,0.020988092462177015
2024-12-01,91503,LMAT,LEMAITRE VASCULAR INC,0.01371704805869626
2024-12-01,21723,HOOD,ROBINHOOD MARKETS INC,0.005728463753209007
2024-12-01,84511,VCEL,VERICEL CORP,0.008866495432190402
2024-12-01,88159,EXEL,EXELIXIS INC,0.020988092462177015
2024-12-01,17799,INSP,INSPIRE MEDICAL SYSTEMS INC,0.007831279659264572
2024-12-01,86820,CFFN,CAPITOL FEDERAL FINANCIAL INC,0.00988602881692372
2024-12-01,22812,BRBR,BELLRING BRANDS INC NEW,0.020988092462177015
2024-12-01,89482,BANC,BANC OF CALIFORNIA INC,0.00983230887409108
2024-12-01,88352,ISRG,INTUITIVE SURGICAL INC,0.020988092462177015
2024-12-01,85002,SRPT,SAREPTA THERAPEUTICS INC,0.006756785939179259
2024-12-01,19635,HRMY,HARMONY BIOSCIENCES HLDGS INC,0.013887694185909995
2024-12-01,14558,ALLY,ALLY FINANCIAL INC,0.012661028347545731
2024-12-01,50876,LLY,LILLY ELI & CO,0.011681915713396163
2024-12-01,21361,HGTY,HAGERTY INC,0.012651092013880545
2024-12-01,76712,AES,A E S CORP,0.008138270605575657
2024-12-01,92221,MELI,MERCADOLIBRE INC,0.0065116214664129955
2024-12-01,18485,PINS,PINTEREST INC,0.007622353699964182
2024-12-01,21614,DUOL,DUOLINGO INC,0.010789096096425943
2024-12-01,90177,ACAD,ACADIA PHARMACEUTICALS,0.009482364001801137
2024-12-01,21357,DOCS,DOXIMITY INC,0.004499813498665085
2024-12-01,85621,MTD,METTLER TOLEDO INTERNATIONAL INC,0.011079370887037329
2024-12-01,18065,GTX,GARRETT MOTION INC,0.017217438034746613
2024-12-01,70519,C,CITIGROUP INC,0.013652930843939457
2024-12-01,18013,ARLO,ARLO TECHNOLOGIES INC,0.009106816717710046
2024-12-01,14495,ATEN,A10 NETWORKS INC,0.018475079493737577
2024-12-01,20057,VTRS,VIATRIS INC,0.008899625558421933
2024-12-01,90319,GOOGL,ALPHABET INC,0.015146287111936945
2024-12-01,19333,RSI,RUSH STREET INTERACTIVE INC,0.0071202145731888945
2024-12-01,13625,SSTK,SHUTTERSTOCK INC,0.011188625150333096
2024-12-01,19502,WBA,WALGREENS BOOTS ALLIANCE INC,0.009184023848687549
2024-12-01,22027,JXN,JACKSON FINANCIAL INC,0.007413943213500549
2024-12-01,16260,MEDP,MEDPACE HOLDINGS INC,0.008030889268961162
2024-12-01,79499,INOD,INNODATA INC,0.004499813498665085
2024-12-01,10158,AMRC,AMERESCO INC,0.0048249685089276975
2024-12-01,92753,ERII,ENERGY RECOVERY INC,0.005455335600001645
2024-12-01,90454,MKTX,MARKETAXESS HLDGS INC,0.020988092462177015
2024-12-01,21123,PAY,PAYMENTUS HOLDINGS INC,0.004565029794854345
2024-12-01,15456,FL,FOOT LOCKER INC,0.012070830785928958
2024-12-01,86819,ATLC,ATLANTICUS HOLDINGS CORP,0.010129266125145638
2024-12-01,90701,LAZ,LAZARD INC,0.007606733325512498
2024-12-01,13249,PRLB,PROTO LABS INC,0.004499813498665085
2024-12-01,85059,FIX,COMFORT SYSTEMS USA INC,0.011076032578534862
2024-12-01,85796,SCS,STEELCASE INC,0.01536470299023731
2024-12-01,86211,MSTR,MICROSTRATEGY INC,-0.00333259827674677
2024-12-01,16680,QXO,Q X O INC,-0.0121251375948703
2024-12-01,91907,SMCI,SUPER MICRO COMPUTER INC,-0.0029218175057281
2024-12-01,14813,MARA,MARA HOLDINGS INC,-0.003166781423830833
2024-12-01,21331,AUR,AURORA INNOVATION INC,-0.00431839855016167
2024-12-01,24655,HUT,HUT 8 CORP,-0.0040662656450315615
2024-12-01,89986,APLD,APPLIED DIGITAL CORP,-0.004562001918072331
2024-12-01,92213,RIOT,RIOT PLATFORMS INC,-0.003765076734009621
2024-12-01,19187,CLSK,CLEANSPARK INC,-0.0029218175057281
2024-12-01,24698,CORZ,CORE SCIENTIFIC INC NEW,-0.006446838387725475
2024-12-01,23054,SOUN,SOUNDHOUND AI INC,-0.0036261398937360383
2024-12-01,19794,U,UNITY SOFTWARE INC,-0.006697191754108091
2024-12-01,19084,BILL,B I L L HOLDINGS INC,-0.006586182690428329
2024-12-01,87759,WULF,TERAWULF INC,-0.004022793970533334
2024-12-01,22220,NN,NEXTNAV INC,-0.008160194263792728
2024-12-01,21927,DJT,TRUMP MEDIA & TECH GRP CORP,-0.0034728811999366407
2024-12-01,19076,ASTS,A S T SPACEMOBILE INC,-0.005293269006450867
2024-12-01,19599,QS,QUANTUMSCAPE CORP,-0.014244622739047471
2024-12-01,20357,IONQ,IONQ INC,-0.003134234330340135
2024-12-01,22265,RIVN,RIVIAN AUTOMOTIVE INC,-0.005234754986098646
2024-12-01,23379,LVWR,LIVEWIRE GROUP INC,-0.008628779553374624
2024-12-01,89301,GME,GAMESTOP CORP NEW,-0.009164857389077864
2024-12-01,24085,LLYVK,LIBERTY MEDIA CORP 3RD NEW,-0.012191767760406348
2024-12-01,19849,SMMT,SUMMIT THERAPEUTICS INC,-0.00900069670914353
2024-12-01,19484,PCVX,VAXCYTE INC,-0.011936108334101485
2024-12-01,23978,SVV,SAVERS VALUE VILLAGE INC,-0.008341331281446806
2024-12-01,15303,VKTX,VIKING THERAPEUTICS INC,-0.0067982062484213185
2024-12-01,21747,NUVL,NUVALENT INC,-0.01774984956249276
2024-12-01,91832,MDGL,MADRIGAL PHARMACEUTICALS INC,-0.00526160444250886
2024-12-01,22976,WBD,WARNER BROS DISCOVERY INC,-0.008943916520523442
2024-12-01,19201,RVMD,REVOLUTION MEDICINES INC,-0.014977605543537368
2024-12-01,21415,S,SENTINELONE INC,-0.01287280747274818
2024-12-01,18776,IMVT,IMMUNOVANT INC,-0.010112514254550889
2024-12-01,90505,LVS,LAS VEGAS SANDS CORP,-0.0182514518935231
2024-12-01,20791,EWTX,EDGEWISE THERAPEUTICS INC,-0.012989526059153302
2024-12-01,20325,SMR,NUSCALE POWER CORP,-0.004429059129521606
2024-12-01,79094,JBL,JABIL INC,-0.015582762555050662
2024-12-01,80191,ALB,ALBEMARLE CORP,-0.008848086484710893
2024-12-01,13210,EPAM,EPAM SYSTEMS INC,-0.008296742431917397
2024-12-01,19593,MIR,MIRION TECHNOLOGIES INC,-0.013136705902604134
2024-12-01,21563,JANX,JANUX THERAPEUTICS INC,-0.011550573343306473
2024-12-01,19825,DYN,DYNE THERAPEUTICS INC,-0.00615900991454805
2024-12-01,21342,VERA,VERA THERAPEUTICS INC,-0.010550744887983562
2024-12-01,17959,CRNX,CRINETICS PHARMACEUTICALS INC,-0.013443674861311926
2024-12-01,22092,KD,KYNDRYL HOLDINGS INC,-0.007645823170265495
2024-12-01,18772,AKRO,AKERO THERAPEUTICS INC,-0.00852380224433682
2024-12-01,24064,APGE,APOGEE THERAPEUTICS INC,-0.008417785877737989
2024-12-01,13527,FIVE,FIVE BELOW INC,-0.007904618778860924
2024-12-01,89297,CCOI,COGENT COMMUNICATIONS HLDS INC,-0.018251451893521113
2024-12-01,15058,SLNO,SOLENO THERAPEUTICS INC,-0.01054954815643627
2024-12-01,15221,RCKT,ROCKET PHARMACEUTICALS INC,-0.009131258697003677
2024-12-01,19628,IRON,DISC MEDICINE INC,-0.0051283261215034
2024-12-01,15222,IOVA,IOVANCE BIOTHERAPEUTICS INC,-0.006046321673854374
2024-12-01,91611,FSLR,FIRST SOLAR INC,-0.008218153773207355
2024-12-01,19489,PCT,PURECYCLE TECHNOLOGIES INC,-0.007391882647536052
2024-12-01,17125,DNLI,DENALI THERAPEUTICS INC,-0.008070164443168557
2024-12-01,16591,LAUR,LAUREATE EDUCATION INC,-0.0182514518935231
2024-12-01,18961,SWTX,SPRINGWORKS THERAPEUTICS INC,-0.00906707130525166
2024-12-01,19228,BEAM,BEAM THERAPEUTICS INC,-0.005626539877529568
2024-12-01,52329,J,JACOBS SOLUTIONS INC,-0.014682558528556567
2024-12-01,19313,ELVN,ENLIVEN THERAPEUTICS INC,-0.010484563748044821
2024-12-01,18656,IDYA,IDEAYA BIOSCIENCES INC,-0.00997599930145179
2024-12-01,14988,LBRDK,LIBERTY BROADBAND CORP,-0.008611298357422074
2024-12-01,20898,RXRX,RECURSION PHARMACEUTICALS INC,-0.006017237094555832
2024-12-01,23147,IE,IVANHOE ELECTRIC INC,-0.008979337732789548
2024-12-01,19894,GATO,GATOS SILVER INC,-0.011505507297465061
2024-12-01,19070,ETNB,89BIO INC,-0.005425486129197796
2024-12-01,90126,CYTK,CYTOKINETICS INC,-0.009821259724077108
2024-12-01,91184,GYRE,GYRE THERAPEUTICS INC,-0.006442935170163067
2024-12-01,91937,TMUS,T MOBILE U S INC,-0.0182514518935231
2024-12-01,21262,DAWN,DAY ONE BIOPHARMACEUTICALS INC,-0.010864722729586763
2024-12-01,24875,ALAB,ASTERA LABS INC,-0.003540060275036725
2024-12-01,86228,RSG,REPUBLIC SERVICES INC,-0.0182514518935231
2024-12-01,23063,AZPN,ASPEN TECHNOLOGY INC NEW,-0.0182514518935231
2024-12-01,19433,MP,M P MATERIALS CORP,-0.010732334911587416
2024-12-01,16140,TWLO,TWILIO INC,-0.016782501869702093
2024-12-01,12591,APO,APOLLO GLOBAL MANAGEMENT INC NEW,-0.010539011728174523
2024-12-01,80069,ARWR,ARROWHEAD PHARMACEUTICALS INC,-0.004737396655408804
2024-12-01,20452,ENVX,ENOVIX CORP,-0.00742844435777682
2024-12-01,14708,VRDN,VIRIDIAN THERAPEUTICS INC,-0.007902920814064568
2024-12-01,21359,MCW,MISTER CAR WASH INC,-0.014539316474553268
2024-12-01,24173,VSTS,VESTIS CORP,-0.007721565860478139
2024-12-01,15452,EVH,EVOLENT HEALTH INC,-0.0029218175057281
2024-12-01,86580,NVDA,NVIDIA CORP,-0.013401267695194397
2024-12-01,19862,ROOT,ROOT INC,-0.0069472963596589245
2024-12-01,24766,NOC,NORTHROP GRUMMAN CORP,-0.0182514518935231
2024-12-01,77453,JACK,JACK IN THE BOX INC,-0.01200306091871956
2024-12-01,83509,FCN,F T I CONSULTING INC,-0.0182514518935231
2024-12-01,21594,DNUT,KRISPY KREME INC,-0.014698048592122447
2024-12-01,18192,GDYN,GRID DYNAMICS HOLDINGS INC,-0.007737062552136652
2024-12-01,20295,CIFR,CIPHER MINING INC,-0.0035059925543598196
2024-12-01,21090,RCAT,RED CAT HOLDINGS INC,-0.002923232886832279
2024-12-01,15014,PLAY,DAVE & BUSTERS ENTERTAINMENT INC,-0.008265718500482295
2024-12-01,20126,JOBY,JOBY AVIATION INC,-0.004645320837967687
2024-12-01,87356,TKO,T K O GROUP HOLDINGS INC,-0.01750203047876408
2024-12-01,17821,SRRK,SCHOLAR ROCK HOLDING CORP,-0.004677934575644649
2024-12-01,20834,LBPH,LONGBOARD PHARMACEUTICALS INC,-0.0182514518935231
2024-12-01,20876,SYM,SYMBOTIC INC,-0.0029218175057281
2024-12-01,24275,NMRA,NEUMORA THERAPEUTICS INC,-0.00571542461967939
2024-12-01,21556,INDI,INDIE SEMICONDUCTOR INC,-0.0029218175057281
2025-01-01,79499,INOD,INNODATA INC,0.004563940172752818
2025-01-01,13796,HROW,HARROW INC,0.007095886207337864
2025-01-01,82779,NVAX,NOVAVAX INC,0.00766928895560058
2025-01-01,80306,BCRX,BIOCRYST PHARMACEUTICALS INC,0.00848173771873628
2025-01-01,14797,CDNA,CAREDX INC,0.0071598153401662675
2025-01-01,90037,HTH,HILLTOP HOLDINGS INC,0.013335509515217059
2025-01-01,75070,WKC,WORLD KINECT CORP,0.016186209783891688
2025-01-01,87077,ECPG,ENCORE CAPITAL GROUP INC,0.014562278561331165
2025-01-01,86819,ATLC,ATLANTICUS HOLDINGS CORP,0.007353788172845874
2025-01-01,15332,CWEN,CLEARWAY ENERGY INC,0.017470182238078034
2025-01-01,81254,SNEX,STONEX GROUP INC,0.012051234944193854
2025-01-01,89964,NNI,NELNET INC,0.017470182238078034
2025-01-01,19541,VITL,VITAL FARMS INC,0.008039693339410306
2025-01-01,10158,AMRC,AMERESCO INC,0.009925610936644586
2025-01-01,90125,CORT,CORCEPT THERAPEUTICS INC,0.008239084633019806
2025-01-01,14601,NAVI,NAVIENT CORP,0.009091034185242193
2025-01-01,15302,VIRT,VIRTU FINANCIAL INC,0.011518612067827253
2025-01-01,18938,HIMS,HIMS & HERS HEALTH INC,0.004563940172752818
2025-01-01,21896,TOST,TOAST INC,0.006741046612839197
2025-01-01,82702,AMRX,AMNEAL PHARMACEUTICALS INC,0.009320453833579889
2025-01-01,21124,OGN,ORGANON & CO,0.010615223074243391
2025-01-01,15534,NTRA,NATERA INC,0.009021524863044658
2025-01-01,24296,NATL,N C R ATLEOS CORP,0.008045378992821681
2025-01-01,15831,AXSM,AXSOME THERAPEUTICS INC,0.009927892773177778
2025-01-01,64785,AGX,ARGAN INC,0.009335101818988818
2025-01-01,21892,PRCT,PROCEPT BIOROBOTICS CORP,0.008721867520743325
2025-01-01,84275,UNFI,UNITED NATURAL FOODS INC,0.004563940172752818
2025-01-01,90162,GNW,GENWORTH FINANCIAL INC,0.014346111451970444
2025-01-01,16829,RDFN,REDFIN CORP,0.007036171363512591
2025-01-01,16816,BHF,BRIGHTHOUSE FINANCIAL INC,0.010533880443117202
2025-01-01,13410,SUPN,SUPERNUS PHARMACEUTICALS INC,0.01636574217520292
2025-01-01,21123,PAY,PAYMENTUS HOLDINGS INC,0.006644972529400638
2025-01-01,14229,OMF,ONEMAIN HOLDINGS INC,0.013223077903622458
2025-01-01,22879,EMBC,EMBECTA CORP,0.012745819082824714
2025-01-01,21723,HOOD,ROBINHOOD MARKETS INC,0.004563940172752818
2025-01-01,80169,AGM,FEDERAL AGRICULTURAL MORT CORP,0.014790154822884705
2025-01-01,17684,AHCO,ADAPTHEALTH CORP,0.007517657779062813
2025-01-01,79906,INCY,INCYTE CORP,0.010274854849873104
2025-01-01,85059,FIX,COMFORT SYSTEMS USA INC,0.010189354475021662
2025-01-01,36281,SEB,SEABOARD CORP,0.01339386627621876
2025-01-01,49015,LNC,LINCOLN NATIONAL CORP,0.012770481636352879
2025-01-01,89031,AXON,AXON ENTERPRISE INC,0.008435223606902976
2025-01-01,15400,ENR,ENERGIZER HOLDINGS INC NEW,0.014304310632451578
2025-01-01,85796,SCS,STEELCASE INC,0.009988921926498745
2025-01-01,18214,TWST,TWIST BIOSCIENCE CORP,0.005728436472602125
2025-01-01,90701,LAZ,LAZARD INC,0.012516177483045381
2025-01-01,14325,TNDM,TANDEM DIABETES CARE INC,0.00557442106858987
2025-01-01,89258,PRU,PRUDENTIAL FINANCIAL INC,0.015710077062599796
2025-01-01,14960,ENVA,ENOVA INTERNATIONAL INC,0.011660248371999277
2025-01-01,89482,BANC,BANC OF CALIFORNIA INC,0.012213004562470592
2025-01-01,22812,BRBR,BELLRING BRANDS INC NEW,0.0164091235167998
2025-01-01,16277,DFIN,DONNELLEY FINANCIAL SOL INC,0.01568989475300266
2025-01-01,90285,MNKD,MANNKIND CORP,0.006172551608931611
2025-01-01,90454,MKTX,MARKETAXESS HLDGS INC,0.013744384637308392
2025-01-01,88159,EXEL,EXELIXIS INC,0.013560322951798896
2025-01-01,92753,ERII,ENERGY RECOVERY INC,0.009103048987376582
2025-01-01,21614,DUOL,DUOLINGO INC,0.008479129547904436
2025-01-01,76709,IDXX,I D E X X LABORATORIES INC,0.01370180417007855
2025-01-01,14495,ATEN,A10 NETWORKS INC,0.011710450998601834
2025-01-01,13249,PRLB,PROTO LABS INC,0.010132710238845082
2025-01-01,90178,ALNY,ALNYLAM PHARMACEUTICALS INC,0.014049419799469616
2025-01-01,15454,GKOS,GLAUKOS CORP,0.008711255240268754
2025-01-01,72726,STT,STATE STREET CORP,0.015180655164075019
2025-01-01,14558,ALLY,ALLY FINANCIAL INC,0.013245228498190856
2025-01-01,88352,ISRG,INTUITIVE SURGICAL INC,0.017458805010789714
2025-01-01,76839,FIZZ,NATIONAL BEVERAGE CORP,0.010918389831693695
2025-01-01,20057,VTRS,VIATRIS INC,0.014848396996114654
2025-01-01,84511,VCEL,VERICEL CORP,0.013419765401722121
2025-01-01,92221,MELI,MERCADOLIBRE INC,0.009423887636819901
2025-01-01,21361,HGTY,HAGERTY INC,0.017470182238078034
2025-01-01,24877,SOLV,SOLVENTUM CORP,0.017470182238078034
2025-01-01,91503,LMAT,LEMAITRE VASCULAR INC,0.008928859382504817
2025-01-01,19333,RSI,RUSH STREET INTERACTIVE INC,0.008709718412299084
2025-01-01,17799,INSP,INSPIRE MEDICAL SYSTEMS INC,0.013701305155183072
2025-01-01,70519,C,CITIGROUP INC,0.017342141494978605
2025-01-01,18065,GTX,GARRETT MOTION INC,0.009786576021534496
2025-01-01,85621,MTD,METTLER TOLEDO INTERNATIONAL INC,0.017470182238078034
2025-01-01,21357,DOCS,DOXIMITY INC,0.007851185294026938
2025-01-01,15456,FL,FOOT LOCKER INC,0.006707638398814619
2025-01-01,89574,PRAA,P R A GROUP INC,0.007392873950840178
2025-01-01,91095,LQDT,LIQUIDITY SERVICES INC,0.004563940172752818
2025-01-01,18769,ADPT,ADAPTIVE BIOTECHNOLOGIES CORP,0.004657767408608899
2025-01-01,14440,TVTX,TRAVERE THERAPEUTICS INC,0.009744914355651866
2025-01-01,20447,PLTK,PLAYTIKA HOLDING CORP,0.008826506827897299
2025-01-01,18135,GH,GUARDANT HEALTH INC,0.00769995453888688
2025-01-01,54114,MLKN,MILLERKNOLL INC,0.009551413513710097
2025-01-01,14239,COMM,COMMSCOPE HOLDING CO INC,0.00456421771303532
2025-01-01,88446,ILMN,ILLUMINA INC,0.010135496395318565
2025-01-01,16673,KNTK,KINETIK HOLDINGS INC,0.009519461103131253
2025-01-01,92050,PODD,INSULET CORP,0.013863866109789355
2025-01-01,75694,TECH,BIO TECHNE CORP,0.011724369066852175
2025-01-01,89110,OMCL,OMNICELL INC,0.011798675595049948
2025-01-01,24459,PBI,PITNEY BOWES INC,0.010719186680051318
2025-01-01,81621,HLIT,HARMONIC INC,0.013722858719360338
2025-01-01,47941,TGNA,TEGNA INC,0.015203584267264265
2025-01-01,16648,SNDR,SCHNEIDER NATIONAL INC,0.016665694940606445
2025-01-01,90856,ATRC,ATRICURE INC,0.010362682050445314
2025-01-01,16432,GT,GOODYEAR TIRE & RUBBER CO,0.007896513862060688
2025-01-01,82694,EME,EMCOR GROUP INC,0.013136026143063253
2025-01-01,78081,LGND,LIGAND PHARMACEUTICALS INC,0.006930100541687292
2025-01-01,16680,QXO,Q X O INC,-0.009194857900493446
2025-01-01,86211,MSTR,MICROSTRATEGY INC,-0.004372710294904844
2025-01-01,91907,SMCI,SUPER MICRO COMPUTER INC,-0.003611263939478776
2025-01-01,14813,MARA,MARA HOLDINGS INC,-0.0055185555569004716
2025-01-01,23054,SOUN,SOUNDHOUND AI INC,-0.003000455611973026
2025-01-01,24655,HUT,HUT 8 CORP,-0.004164647013543019
2025-01-01,21331,AUR,AURORA INNOVATION INC,-0.004099952302637185
2025-01-01,19187,CLSK,CLEANSPARK INC,-0.006180620786448608
2025-01-01,87759,WULF,TERAWULF INC,-0.0033582455834662212
2025-01-01,23978,SVV,SAVERS VALUE VILLAGE INC,-0.01030820089662464
2025-01-01,92213,RIOT,RIOT PLATFORMS INC,-0.004303023399162244
2025-01-01,89986,APLD,APPLIED DIGITAL CORP,-0.004415739962243149
2025-01-01,21927,DJT,TRUMP MEDIA & TECH GRP CORP,-0.007868003747537326
2025-01-01,21090,RCAT,RED CAT HOLDINGS INC,-0.003000455611973026
2025-01-01,22265,RIVN,RIVIAN AUTOMOTIVE INC,-0.006055714746432881
2025-01-01,19599,QS,QUANTUMSCAPE CORP,-0.005359377838061678
2025-01-01,24698,CORZ,CORE SCIENTIFIC INC NEW,-0.00632962403972768
2025-01-01,89301,GME,GAMESTOP CORP NEW,-0.006476194335566657
2025-01-01,19084,BILL,B I L L HOLDINGS INC,-0.010281667594801548
2025-01-01,19794,U,UNITY SOFTWARE INC,-0.007050465163168682
2025-01-01,22220,NN,NEXTNAV INC,-0.00636300021558496
2025-01-01,19849,SMMT,SUMMIT THERAPEUTICS INC,-0.006803217169825875
2025-01-01,19076,ASTS,A S T SPACEMOBILE INC,-0.006405833053442377
2025-01-01,80191,ALB,ALBEMARLE CORP,-0.009561569792935895
2025-01-01,19484,PCVX,VAXCYTE INC,-0.011854789914041323
2025-01-01,19489,PCT,PURECYCLE TECHNOLOGIES INC,-0.0077673369277598565
2025-01-01,15014,PLAY,DAVE & BUSTERS ENTERTAINMENT INC,-0.004346649886329598
2025-01-01,21415,S,SENTINELONE INC,-0.0072634127526932995
2025-01-01,91832,MDGL,MADRIGAL PHARMACEUTICALS INC,-0.013841876068408062
2025-01-01,23147,IE,IVANHOE ELECTRIC INC,-0.00732084927102912
2025-01-01,18776,IMVT,IMMUNOVANT INC,-0.009866850653636714
2025-01-01,15058,SLNO,SOLENO THERAPEUTICS INC,-0.011358672066528285
2025-01-01,24085,LLYVK,LIBERTY MEDIA CORP 3RD NEW,-0.01836650670372556
2025-01-01,90505,LVS,LAS VEGAS SANDS CORP,-0.014497080194635414
2025-01-01,21747,NUVL,NUVALENT INC,-0.013270974956121966
2025-01-01,19894,GATO,GATOS SILVER INC,-0.007811596498463359
2025-01-01,18772,AKRO,AKERO THERAPEUTICS INC,-0.0098986776361306
2025-01-01,20325,SMR,NUSCALE POWER CORP,-0.0052269262735528624
2025-01-01,89297,CCOI,COGENT COMMUNICATIONS HLDS INC,-0.016267912252781274
2025-01-01,13527,FIVE,FIVE BELOW INC,-0.0076125912507986875
2025-01-01,20876,SYM,SYMBOTIC INC,-0.007410935533919482
2025-01-01,17821,SRRK,SCHOLAR ROCK HOLDING CORP,-0.007905806131098128
2025-01-01,19628,IRON,DISC MEDICINE INC,-0.011753240620032258
2025-01-01,19201,RVMD,REVOLUTION MEDICINES INC,-0.008997660653304422
2025-01-01,18656,IDYA,IDEAYA BIOSCIENCES INC,-0.008344928315107459
2025-01-01,17959,CRNX,CRINETICS PHARMACEUTICALS INC,-0.009348508930489092
2025-01-01,20126,JOBY,JOBY AVIATION INC,-0.0048612227351554045
2025-01-01,19825,DYN,DYNE THERAPEUTICS INC,-0.008495277015249122
2025-01-01,86228,RSG,REPUBLIC SERVICES INC,-0.01836650670372556
2025-01-01,15303,VKTX,VIKING THERAPEUTICS INC,-0.005802598936623516
2025-01-01,24275,NMRA,NEUMORA THERAPEUTICS INC,-0.008163551547080788
2025-01-01,20791,EWTX,EDGEWISE THERAPEUTICS INC,-0.005262325536205102
2025-01-01,15221,RCKT,ROCKET PHARMACEUTICALS INC,-0.009229581965080955
2025-01-01,24064,APGE,APOGEE THERAPEUTICS INC,-0.0055676051771198845
2025-01-01,19070,ETNB,89BIO INC,-0.006277988505683695
2025-01-01,18961,SWTX,SPRINGWORKS THERAPEUTICS INC,-0.012650592111025424
2025-01-01,15222,IOVA,IOVANCE BIOTHERAPEUTICS INC,-0.00872049392377246
2025-01-01,21342,VERA,VERA THERAPEUTICS INC,-0.015393454068241356
2025-01-01,20357,IONQ,IONQ INC,-0.003000455611973026
2025-01-01,80069,ARWR,ARROWHEAD PHARMACEUTICALS INC,-0.007383846449456074
2025-01-01,23063,AZPN,ASPEN TECHNOLOGY INC NEW,-0.01836650670372556
2025-01-01,21563,JANX,JANUX THERAPEUTICS INC,-0.003000455611973026
2025-01-01,19593,MIR,MIRION TECHNOLOGIES INC,-0.012096684609994917
2025-01-01,22092,KD,KYNDRYL HOLDINGS INC,-0.01836650670372556
2025-01-01,19313,ELVN,ENLIVEN THERAPEUTICS INC,-0.007923590800237995
2025-01-01,87356,TKO,T K O GROUP HOLDINGS INC,-0.014592047244480183
2025-01-01,90126,CYTK,CYTOKINETICS INC,-0.015477226032881467
2025-01-01,20898,RXRX,RECURSION PHARMACEUTICALS INC,-0.0033540745937884163
2025-01-01,19228,BEAM,BEAM THERAPEUTICS INC,-0.0058254259370475285
2025-01-01,17125,DNLI,DENALI THERAPEUTICS INC,-0.009096139826881228
2025-01-01,91611,FSLR,FIRST SOLAR INC,-0.011314185528212095
2025-01-01,91184,GYRE,GYRE THERAPEUTICS INC,-0.00425934708302344
2025-01-01,52329,J,JACOBS SOLUTIONS INC,-0.01836650670372556
2025-01-01,19433,MP,M P MATERIALS CORP,-0.006501747558078671
2025-01-01,24875,ALAB,ASTERA LABS INC,-0.006563909690452156
2025-01-01,14708,VRDN,VIRIDIAN THERAPEUTICS INC,-0.005077305908600017
2025-01-01,22976,WBD,WARNER BROS DISCOVERY INC,-0.006857350071728112
2025-01-01,15452,EVH,EVOLENT HEALTH INC,-0.009724397919760305
2025-01-01,20452,ENVX,ENOVIX CORP,-0.004090085008439622
2025-01-01,16591,LAUR,LAUREATE EDUCATION INC,-0.018353292992292075
2025-01-01,21262,DAWN,DAY ONE BIOPHARMACEUTICALS INC,-0.018366506703725447
2025-01-01,86580,NVDA,NVIDIA CORP,-0.013402343803487973
2025-01-01,14988,LBRDK,LIBERTY BROADBAND CORP,-0.011211901440389695
2025-01-01,16140,TWLO,TWILIO INC,-0.013633525400045837
2025-01-01,79094,JBL,JABIL INC,-0.014213526350467923
2025-01-01,21359,MCW,MISTER CAR WASH INC,-0.01610017381975978
2025-01-01,24173,VSTS,VESTIS CORP,-0.01553126715525491
2025-01-01,83509,FCN,F T I CONSULTING INC,-0.01836650670372556
2025-01-01,21594,DNUT,KRISPY KREME INC,-0.017166275843851327
2025-01-01,91937,TMUS,T MOBILE U S INC,-0.016447220450814093
2025-01-01,24766,NOC,NORTHROP GRUMMAN CORP,-0.01836650670372556
2025-01-01,22204,FWRG,FIRST WATCH RESTAURANT GROUP INC,-0.013325348198220618
2025-01-01,20464,EVEX,EVE HOLDING INC,-0.00749741750845744
2025-01-01,22313,LUNR,INTUITIVE MACHINES INC,-0.0037966328096153143
2025-01-01,19565,NCNO,NCINO INC NEW,-0.009158996249308543
2025-01-01,20207,ACHR,ARCHER AVIATION INC,-0.003008567190566084
2025-01-01,23263,QBTS,D WAVE QUANTUM INC,-0.003000455611973026
2025-01-01,21825,NPWR,N E T POWER INC,-0.006409145087480512
2025-01-01,19986,PRAX,PRAXIS PRECISION MEDICINES INC,-0.006677966706386383
2025-01-01,19405,ZI,ZOOMINFO TECHNOLOGIES INC,-0.009845584586055018
2025-02-01,13796,HROW,HARROW INC,0.005893522128421606
2025-02-01,79499,INOD,INNODATA INC,0.0038559888701619697
2025-02-01,14797,CDNA,CAREDX INC,0.0052898329449597185
2025-02-01,80306,BCRX,BIOCRYST PHARMACEUTICALS INC,0.006619227255519957
2025-02-01,18769,ADPT,ADAPTIVE BIOTECHNOLOGIES CORP,0.0038559888701619697
2025-02-01,18135,GH,GUARDANT HEALTH INC,0.003879419489618773
2025-02-01,14440,TVTX,TRAVERE THERAPEUTICS INC,0.005325369936076456
2025-02-01,18938,HIMS,HIMS & HERS HEALTH INC,0.0060011052359854765
2025-02-01,75070,WKC,WORLD KINECT CORP,0.0167270324246514
2025-02-01,82702,AMRX,AMNEAL PHARMACEUTICALS INC,0.010040636867856677
2025-02-01,86819,ATLC,ATLANTICUS HOLDINGS CORP,0.009661712517637738
2025-02-01,14239,COMM,COMMSCOPE HOLDING CO INC,0.005145332061306947
2025-02-01,89574,PRAA,P R A GROUP INC,0.012156297216321488
2025-02-01,15332,CWEN,CLEARWAY ENERGY INC,0.010456702186209527
2025-02-01,91095,LQDT,LIQUIDITY SERVICES INC,0.008010319257240087
2025-02-01,64785,AGX,ARGAN INC,0.004071872950905169
2025-02-01,90037,HTH,HILLTOP HOLDINGS INC,0.017511931086727953
2025-02-01,90125,CORT,CORCEPT THERAPEUTICS INC,0.005109115417448891
2025-02-01,88446,ILMN,ILLUMINA INC,0.008594228540931977
2025-02-01,21123,PAY,PAYMENTUS HOLDINGS INC,0.00763615450276595
2025-02-01,15534,NTRA,NATERA INC,0.007555722795126192
2025-02-01,14229,OMF,ONEMAIN HOLDINGS INC,0.013605700619426118
2025-02-01,87077,ECPG,ENCORE CAPITAL GROUP INC,0.014836797643448876
2025-02-01,82779,NVAX,NOVAVAX INC,0.0038742089757922383
2025-02-01,81254,SNEX,STONEX GROUP INC,0.012381756425282907
2025-02-01,22879,EMBC,EMBECTA CORP,0.00953547680668837
2025-02-01,19541,VITL,VITAL FARMS INC,0.008741586956141205
2025-02-01,78081,LGND,LIGAND PHARMACEUTICALS INC,0.011710722738079377
2025-02-01,89964,NNI,NELNET INC,0.018783431372671494
2025-02-01,21124,OGN,ORGANON & CO,0.012021480651738262
2025-02-01,84275,UNFI,UNITED NATURAL FOODS INC,0.009069617710904266
2025-02-01,92050,PODD,INSULET CORP,0.015526075144833479
2025-02-01,21723,HOOD,ROBINHOOD MARKETS INC,0.005957780263365183
2025-02-01,89482,BANC,BANC OF CALIFORNIA INC,0.010295896568562092
2025-02-01,14325,TNDM,TANDEM DIABETES CARE INC,0.009732622570024668
2025-02-01,85059,FIX,COMFORT SYSTEMS USA INC,0.0038559888701619697
2025-02-01,21896,TOST,TOAST INC,0.009459725087400657
2025-02-01,16673,KNTK,KINETIK HOLDINGS INC,0.008928041124845684
2025-02-01,15302,VIRT,VIRTU FINANCIAL INC,0.009912752700259408
2025-02-01,16648,SNDR,SCHNEIDER NATIONAL INC,0.01238881257524562
2025-02-01,16829,RDFN,REDFIN CORP,0.006506247750348912
2025-02-01,89110,OMCL,OMNICELL INC,0.015495455388807637
2025-02-01,81621,HLIT,HARMONIC INC,0.011211900609933101
2025-02-01,17684,AHCO,ADAPTHEALTH CORP,0.009931386470646852
2025-02-01,20447,PLTK,PLAYTIKA HOLDING CORP,0.015066480435820822
2025-02-01,79906,INCY,INCYTE CORP,0.015525226175093053
2025-02-01,90162,GNW,GENWORTH FINANCIAL INC,0.015198903591289966
2025-02-01,89031,AXON,AXON ENTERPRISE INC,0.01106510397620388
2025-02-01,24459,PBI,PITNEY BOWES INC,0.005760201196736833
2025-02-01,18214,TWST,TWIST BIOSCIENCE CORP,0.006435436042593041
2025-02-01,54114,MLKN,MILLERKNOLL INC,0.013726091704809998
2025-02-01,47941,TGNA,TEGNA INC,0.018202774452475336
2025-02-01,13410,SUPN,SUPERNUS PHARMACEUTICALS INC,0.018783431372671494
2025-02-01,15400,ENR,ENERGIZER HOLDINGS INC NEW,0.016601195597585598
2025-02-01,16432,GT,GOODYEAR TIRE & RUBBER CO,0.01117682086095686
2025-02-01,75694,TECH,BIO TECHNE CORP,0.010635359801961829
2025-02-01,88159,EXEL,EXELIXIS INC,0.006858151794651252
2025-02-01,14495,ATEN,A10 NETWORKS INC,0.01237032458481158
2025-02-01,80169,AGM,FEDERAL AGRICULTURAL MORT CORP,0.015734293214871006
2025-02-01,24296,NATL,N C R ATLEOS CORP,0.011786715389172149
2025-02-01,92753,ERII,ENERGY RECOVERY INC,0.012156539109411783
2025-02-01,90856,ATRC,ATRICURE INC,0.006158061266023298
2025-02-01,82694,EME,EMCOR GROUP INC,0.00464289480561288
2025-02-01,21614,DUOL,DUOLINGO INC,0.007337621804881487
2025-02-01,20057,VTRS,VIATRIS INC,0.01689460299180006
2025-02-01,14960,ENVA,ENOVA INTERNATIONAL INC,0.011716623586365337
2025-02-01,90285,MNKD,MANNKIND CORP,0.013430704767109381
2025-02-01,89258,PRU,PRUDENTIAL FINANCIAL INC,0.015795659065391713
2025-02-01,15831,AXSM,AXSOME THERAPEUTICS INC,0.005165530916906444
2025-02-01,15454,GKOS,GLAUKOS CORP,0.012804614445032872
2025-02-01,49015,LNC,LINCOLN NATIONAL CORP,0.013519897233753056
2025-02-01,85796,SCS,STEELCASE INC,0.015195440363088756
2025-02-01,70519,C,CITIGROUP INC,0.012082210399085134
2025-02-01,21361,HGTY,HAGERTY INC,0.018492930528599492
2025-02-01,21892,PRCT,PROCEPT BIOROBOTICS CORP,0.006797253834781161
2025-02-01,19333,RSI,RUSH STREET INTERACTIVE INC,0.008444576507119559
2025-02-01,90454,MKTX,MARKETAXESS HLDGS INC,0.018783431372671494
2025-02-01,72726,STT,STATE STREET CORP,0.012947206342973477
2025-02-01,36281,SEB,SEABOARD CORP,0.018783431372671494
2025-02-01,76709,IDXX,I D E X X LABORATORIES INC,0.013733964491355033
2025-02-01,84511,VCEL,VERICEL CORP,0.010643150380333786
2025-02-01,22812,BRBR,BELLRING BRANDS INC NEW,0.01160565200520838
2025-02-01,16277,DFIN,DONNELLEY FINANCIAL SOL INC,0.010752127241074898
2025-02-01,15456,FL,FOOT LOCKER INC,0.01164744481481585
2025-02-01,92221,MELI,MERCADOLIBRE INC,0.011233533546109831
2025-02-01,16816,BHF,BRIGHTHOUSE FINANCIAL INC,0.006063965198220481
2025-02-01,14601,NAVI,NAVIENT CORP,0.012203915077944024
2025-02-01,13249,PRLB,PROTO LABS INC,0.011417969623821616
2025-02-01,85621,MTD,METTLER TOLEDO INTERNATIONAL INC,0.014959341208024727
2025-02-01,19956,WGS,GENEDX HOLDINGS CORP,0.0038559888701619697
2025-02-01,77175,AMSC,AMERICAN SUPERCONDUCTOR CORP,0.004848944119074352
2025-02-01,19081,SITM,SITIME CORP,0.0038559888701619697
2025-02-01,92040,FOLD,AMICUS THERAPEUTICS INC,0.015923801597422498
2025-02-01,22088,FLNC,FLUENCE ENERGY INC,0.005081802715451206
2025-02-01,90423,INVA,THERAVANCE INC,0.018783431372671494
2025-02-01,22423,CRGY,CRESCENT ENERGY CO,0.013965081312166703
2025-02-01,75603,CRUS,CIRRUS LOGIC INC,0.014089670202979344
2025-02-01,89800,NTGR,NETGEAR INC,0.00887628946859647
2025-02-01,16689,BTU,PEABODY ENERGY CORP NEW,0.008717939204962048
2025-02-01,75320,USM,UNITED STATES CELLULAR CORP,0.018770560185694715
2025-02-01,23978,SVV,SAVERS VALUE VILLAGE INC,-0.009641018162604665
2025-02-01,16680,QXO,Q X O INC,-0.011505876852737327
2025-02-01,21927,DJT,TRUMP MEDIA & TECH GRP CORP,-0.00473890533998804
2025-02-01,19599,QS,QUANTUMSCAPE CORP,-0.007463275660844073
2025-02-01,89301,GME,GAMESTOP CORP NEW,-0.010378370650241416
2025-02-01,23054,SOUN,SOUNDHOUND AI INC,-0.00421680805365277
2025-02-01,86211,MSTR,MICROSTRATEGY INC,-0.005839654454241423
2025-02-01,22265,RIVN,RIVIAN AUTOMOTIVE INC,-0.005030639257631529
2025-02-01,91907,SMCI,SUPER MICRO COMPUTER INC,-0.00620050577201593
2025-02-01,20464,EVEX,EVE HOLDING INC,-0.005764357169992736
2025-02-01,22204,FWRG,FIRST WATCH RESTAURANT GROUP INC,-0.010432976361767276
2025-02-01,91832,MDGL,MADRIGAL PHARMACEUTICALS INC,-0.0068040478052290455
2025-02-01,14813,MARA,MARA HOLDINGS INC,-0.00620208117384354
2025-02-01,19849,SMMT,SUMMIT THERAPEUTICS INC,-0.005496454863292199
2025-02-01,19484,PCVX,VAXCYTE INC,-0.0074549444566981244
2025-02-01,89297,CCOI,COGENT COMMUNICATIONS HLDS INC,-0.018514654400166107
2025-02-01,15058,SLNO,SOLENO THERAPEUTICS INC,-0.008003368415336606
2025-02-01,80191,ALB,ALBEMARLE CORP,-0.01267551984943842
2025-02-01,24655,HUT,HUT 8 CORP,-0.004261757937672611
2025-02-01,19794,U,UNITY SOFTWARE INC,-0.007568079630511687
2025-02-01,19187,CLSK,CLEANSPARK INC,-0.005451165510459257
2025-02-01,19489,PCT,PURECYCLE TECHNOLOGIES INC,-0.010785424425360603
2025-02-01,23063,AZPN,ASPEN TECHNOLOGY INC NEW,-0.018514654400166107
2025-02-01,90505,LVS,LAS VEGAS SANDS CORP,-0.009723570022748004
2025-02-01,19076,ASTS,A S T SPACEMOBILE INC,-0.0048807975601893715
2025-02-01,22313,LUNR,INTUITIVE MACHINES INC,-0.003936499162833617
2025-02-01,91611,FSLR,FIRST SOLAR INC,-0.010540402390176508
2025-02-01,18776,IMVT,IMMUNOVANT INC,-0.014375554036535256
2025-02-01,23263,QBTS,D WAVE QUANTUM INC,-0.0035275859034223753
2025-02-01,89986,APLD,APPLIED DIGITAL CORP,-0.0035534909950051155
2025-02-01,15014,PLAY,DAVE & BUSTERS ENTERTAINMENT INC,-0.008078279574590239
2025-02-01,19084,BILL,B I L L HOLDINGS INC,-0.013080183912263439
2025-02-01,13527,FIVE,FIVE BELOW INC,-0.010159406779785279
2025-02-01,92213,RIOT,RIOT PLATFORMS INC,-0.004930894335157363
2025-02-01,22220,NN,NEXTNAV INC,-0.005549579837672269
2025-02-01,24085,LLYVK,LIBERTY MEDIA CORP 3RD NEW,-0.018514654400166107
2025-02-01,21415,S,SENTINELONE INC,-0.0185055439783169
2025-02-01,21747,NUVL,NUVALENT INC,-0.010584269471223916
2025-02-01,86228,RSG,REPUBLIC SERVICES INC,-0.018514654400166107
2025-02-01,21331,AUR,AURORA INNOVATION INC,-0.0036779947038257615
2025-02-01,19894,GATO,GATOS SILVER INC,-0.007737177518893786
2025-02-01,18772,AKRO,AKERO THERAPEUTICS INC,-0.0035275859034223753
2025-02-01,19628,IRON,DISC MEDICINE INC,-0.013031557464578777
2025-02-01,20207,ACHR,ARCHER AVIATION INC,-0.004529208626197716
2025-02-01,18656,IDYA,IDEAYA BIOSCIENCES INC,-0.014497810235394646
2025-02-01,24698,CORZ,CORE SCIENTIFIC INC NEW,-0.004308957322019278
2025-02-01,19986,PRAX,PRAXIS PRECISION MEDICINES INC,-0.006533610273945704
2025-02-01,20876,SYM,SYMBOTIC INC,-0.004731627822864136
2025-02-01,18961,SWTX,SPRINGWORKS THERAPEUTICS INC,-0.005949531759153284
2025-02-01,21342,VERA,VERA THERAPEUTICS INC,-0.008775682289101184
2025-02-01,17959,CRNX,CRINETICS PHARMACEUTICALS INC,-0.00687206303840807
2025-02-01,20126,JOBY,JOBY AVIATION INC,-0.004865346910139068
2025-02-01,19825,DYN,DYNE THERAPEUTICS INC,-0.00429211170066749
2025-02-01,15221,RCKT,ROCKET PHARMACEUTICALS INC,-0.009764114723069262
2025-02-01,19070,ETNB,89BIO INC,-0.004459609112273594
2025-02-01,22092,KD,KYNDRYL HOLDINGS INC,-0.01522381612209648
2025-02-01,19201,RVMD,REVOLUTION MEDICINES INC,-0.013181088107172468
2025-02-01,24064,APGE,APOGEE THERAPEUTICS INC,-0.006333261860603862
2025-02-01,19405,ZI,ZOOMINFO TECHNOLOGIES INC,-0.01426115128039933
2025-02-01,17821,SRRK,SCHOLAR ROCK HOLDING CORP,-0.009192501616780011
2025-02-01,20325,SMR,NUSCALE POWER CORP,-0.0035275859034223753
2025-02-01,90126,CYTK,CYTOKINETICS INC,-0.0130018359916263
2025-02-01,19313,ELVN,ENLIVEN THERAPEUTICS INC,-0.007476074211933856
2025-02-01,20357,IONQ,IONQ INC,-0.0035275859034223753
2025-02-01,20791,EWTX,EDGEWISE THERAPEUTICS INC,-0.008876405741246393
2025-02-01,87356,TKO,T K O GROUP HOLDINGS INC,-0.017980466512177582
2025-02-01,14708,VRDN,VIRIDIAN THERAPEUTICS INC,-0.008876768063594798
2025-02-01,15222,IOVA,IOVANCE BIOTHERAPEUTICS INC,-0.00807595313457215
2025-02-01,80069,ARWR,ARROWHEAD PHARMACEUTICALS INC,-0.009318002820301756
2025-02-01,19433,MP,M P MATERIALS CORP,-0.007411171453217346
2025-02-01,15303,VKTX,VIKING THERAPEUTICS INC,-0.008277875886998094
2025-02-01,91184,GYRE,GYRE THERAPEUTICS INC,-0.007740541471628692
2025-02-01,21262,DAWN,DAY ONE BIOPHARMACEUTICALS INC,-0.010906654324253754
2025-02-01,19228,BEAM,BEAM THERAPEUTICS INC,-0.008702823553754069
2025-02-01,83509,FCN,F T I CONSULTING INC,-0.018514654400166107
2025-02-01,17125,DNLI,DENALI THERAPEUTICS INC,-0.00630150876256452
2025-02-01,19565,NCNO,NCINO INC NEW,-0.018514654400166107
2025-02-01,21563,JANX,JANUX THERAPEUTICS INC,-0.006204525562418818
2025-02-01,20898,RXRX,RECURSION PHARMACEUTICALS INC,-0.006366409651138817
2025-02-01,19593,MIR,MIRION TECHNOLOGIES INC,-0.006388454104247362
2025-02-01,15452,EVH,EVOLENT HEALTH INC,-0.00820521710610033
2025-02-01,20452,ENVX,ENOVIX CORP,-0.004740470477002132
2025-02-01,24173,VSTS,VESTIS CORP,-0.010252780862791275
2025-02-01,20295,CIFR,CIPHER MINING INC,-0.0036410508166995577
2025-02-01,16649,OKTA,OKTA INC,-0.018514654400162412
2025-02-01,21619,OKLO,OKLO INC,-0.0035275859034223753
2025-02-01,25239,WBTN,WEBTOON ENTERTAINMENT INC,-0.014226802808996061
2025-02-01,25336,FSUN,FIRSTSUN CAPITAL BANCORP,-0.018210078485416854
2025-02-01,14811,FWONK,LIBERTY MEDIA CORP 3RD NEW,-0.018514654400166107
2025-02-01,23681,NXT,NEXTRACKER INC,-0.005054192805476899
2025-02-01,49373,HRB,BLOCK H & R INC,-0.018514654400166107
2025-02-01,24966,CTRI,CENTURI HOLDINGS INC,-0.007099864396637112
2025-02-01,19312,UWMC,U W M HOLDINGS CORP,-0.01065234702126921
2025-02-01,81481,DLTR,DOLLAR TREE INC,-0.0138561290087946
2025-02-01,20930,SOC,SABLE OFFSHORE CORP,-0.007749720722312402
2025-02-01,25228,LIF,LIFE360 INC,-0.012184637207343469
2025-02-01,86288,CSGP,COSTAR GROUP INC,-0.018514654400166107
2025-02-01,23942,FTRE,FORTREA HOLDINGS INC,-0.012212753665249366
2025-02-01,18735,GO,GROCERY OUTLET HOLDING CORP,-0.01058403666861652
2025-02-01,23439,MBLY,MOBILEYE GLOBAL INC,-0.006340766843330914
2025-03-01,13796,HROW,HARROW INC,0.008245270286574466
2025-03-01,18135,GH,GUARDANT HEALTH INC,0.007046934393254827
2025-03-01,14797,CDNA,CAREDX INC,0.005845712346850825
2025-03-01,80306,BCRX,BIOCRYST PHARMACEUTICALS INC,0.007133028207043011
2025-03-01,14440,TVTX,TRAVERE THERAPEUTICS INC,0.00624481644385726
2025-03-01,19956,WGS,GENEDX HOLDINGS CORP,0.003862287916685616
2025-03-01,79499,INOD,INNODATA INC,0.003862287916685616
2025-03-01,14239,COMM,COMMSCOPE HOLDING CO INC,0.0039051298319292527
2025-03-01,77175,AMSC,AMERICAN SUPERCONDUCTOR CORP,0.003862287916685616
2025-03-01,88446,ILMN,ILLUMINA INC,0.008122682089243289
2025-03-01,75070,WKC,WORLD KINECT CORP,0.009073232808140583
2025-03-01,15534,NTRA,NATERA INC,0.014689717359216266
2025-03-01,18769,ADPT,ADAPTIVE BIOTECHNOLOGIES CORP,0.006321395508608888
2025-03-01,78081,LGND,LIGAND PHARMACEUTICALS INC,0.010780289129064796
2025-03-01,64785,AGX,ARGAN INC,0.005198602420577021
2025-03-01,91095,LQDT,LIQUIDITY SERVICES INC,0.010309311752890113
2025-03-01,82702,AMRX,AMNEAL PHARMACEUTICALS INC,0.012788133532371147
2025-03-01,89110,OMCL,OMNICELL INC,0.008045405421593377
2025-03-01,19081,SITM,SITIME CORP,0.004179232980107819
2025-03-01,20057,VTRS,VIATRIS INC,0.007012278985346618
2025-03-01,90125,CORT,CORCEPT THERAPEUTICS INC,0.007290360642346135
2025-03-01,86819,ATLC,ATLANTICUS HOLDINGS CORP,0.010314872626161237
2025-03-01,22423,CRGY,CRESCENT ENERGY CO,0.011347079364035664
2025-03-01,89482,BANC,BANC OF CALIFORNIA INC,0.01413896153420497
2025-03-01,90423,INVA,THERAVANCE INC,0.021243709062377134
2025-03-01,16648,SNDR,SCHNEIDER NATIONAL INC,0.019019935714890867
2025-03-01,79906,INCY,INCYTE CORP,0.010486565646670082
2025-03-01,21723,HOOD,ROBINHOOD MARKETS INC,0.004633491777461624
2025-03-01,19333,RSI,RUSH STREET INTERACTIVE INC,0.004937675968167941
2025-03-01,20447,PLTK,PLAYTIKA HOLDING CORP,0.006196544761392892
2025-03-01,85059,FIX,COMFORT SYSTEMS USA INC,0.007189084574237949
2025-03-01,22879,EMBC,EMBECTA CORP,0.00804074616335567
2025-03-01,16673,KNTK,KINETIK HOLDINGS INC,0.012949380612382953
2025-03-01,15332,CWEN,CLEARWAY ENERGY INC,0.01997915070994795
2025-03-01,16829,RDFN,REDFIN CORP,0.004758987403021286
2025-03-01,89574,PRAA,P R A GROUP INC,0.013136982002322871
2025-03-01,24459,PBI,PITNEY BOWES INC,0.007555755358172908
2025-03-01,18214,TWST,TWIST BIOSCIENCE CORP,0.007252040398783068
2025-03-01,54114,MLKN,MILLERKNOLL INC,0.01152803691512291
2025-03-01,89031,AXON,AXON ENTERPRISE INC,0.004184251133819807
2025-03-01,84275,UNFI,UNITED NATURAL FOODS INC,0.009393399733055457
2025-03-01,14229,OMF,ONEMAIN HOLDINGS INC,0.014469744153209684
2025-03-01,89800,NTGR,NETGEAR INC,0.009980845739353034
2025-03-01,75320,USM,UNITED STATES CELLULAR CORP,0.017174424979430558
2025-03-01,80169,AGM,FEDERAL AGRICULTURAL MORT CORP,0.013850340803436952
2025-03-01,17684,AHCO,ADAPTHEALTH CORP,0.00408815805952408
2025-03-01,75694,TECH,BIO TECHNE CORP,0.013603653766480886
2025-03-01,14325,TNDM,TANDEM DIABETES CARE INC,0.003862287916685616
2025-03-01,15400,ENR,ENERGIZER HOLDINGS INC NEW,0.021243709062377134
2025-03-01,90037,HTH,HILLTOP HOLDINGS INC,0.014267726682652046
2025-03-01,14960,ENVA,ENOVA INTERNATIONAL INC,0.01713550519657246
2025-03-01,81254,SNEX,STONEX GROUP INC,0.010297143953614068
2025-03-01,21614,DUOL,DUOLINGO INC,0.004844248485524427
2025-03-01,15302,VIRT,VIRTU FINANCIAL INC,0.012039253198468164
2025-03-01,90162,GNW,GENWORTH FINANCIAL INC,0.011756413322818748
2025-03-01,14495,ATEN,A10 NETWORKS INC,0.015077283337151332
2025-03-01,47941,TGNA,TEGNA INC,0.011325589444206976
2025-03-01,15831,AXSM,AXSOME THERAPEUTICS INC,0.004727294879583498
2025-03-01,81621,HLIT,HARMONIC INC,0.0063275696871629775
2025-03-01,21896,TOST,TOAST INC,0.008679233649391738
2025-03-01,90856,ATRC,ATRICURE INC,0.009109370823158198
2025-03-01,15454,GKOS,GLAUKOS CORP,0.005135501122510494
2025-03-01,92753,ERII,ENERGY RECOVERY INC,0.014361011498322628
2025-03-01,92040,FOLD,AMICUS THERAPEUTICS INC,0.013264178591115991
2025-03-01,85621,MTD,METTLER TOLEDO INTERNATIONAL INC,0.015225311014353392
2025-03-01,18938,HIMS,HIMS & HERS HEALTH INC,0.003862287916685616
2025-03-01,87077,ECPG,ENCORE CAPITAL GROUP INC,0.004979164586271906
2025-03-01,92050,PODD,INSULET CORP,0.013887302232196171
2025-03-01,89964,NNI,NELNET INC,0.011426279018194761
2025-03-01,24296,NATL,N C R ATLEOS CORP,0.019679696529865436
2025-03-01,16432,GT,GOODYEAR TIRE & RUBBER CO,0.0053546834749866575
2025-03-01,70519,C,CITIGROUP INC,0.015370453360944706
2025-03-01,72726,STT,STATE STREET CORP,0.021243709062377134
2025-03-01,13410,SUPN,SUPERNUS PHARMACEUTICALS INC,0.00594386250121239
2025-03-01,16816,BHF,BRIGHTHOUSE FINANCIAL INC,0.013311998442087612
2025-03-01,49015,LNC,LINCOLN NATIONAL CORP,0.011968771799109748
2025-03-01,17000,RYTM,RHYTHM PHARMACEUTICALS INC,0.010677671879853818
2025-03-01,20178,RKLB,ROCKET LAB USA INC,0.005145755914191465
2025-03-01,83969,WLFC,WILLIS LEASE FINANCE CORP,0.012672011326097639
2025-03-01,18784,REAL,REALREAL INC,0.0048031192758918465
2025-03-01,20188,CRC,CALIFORNIA RESOURCES CORP,0.012510744445485687
2025-03-01,17929,UGI,U G I CORP NEW,0.021243709062377134
2025-03-01,16655,CVNA,CARVANA CO,0.00574233775778226
2025-03-01,63773,TDS,TELEPHONE & DATA SYSTEMS INC,0.013659185929791689
2025-03-01,87075,ZD,ZIFF DAVIS INC,0.009782881717401902
2025-03-01,16499,PK,PARK HOTELS & RESORTS INC,0.019951922337802148
2025-03-01,14169,PINC,PREMIER INC,0.007193227182946415
2025-03-01,83774,OCFC,OCEANFIRST FINANCIAL CORP,0.01577357896777699
2025-03-01,18142,REZI,RESIDEO TECHNOLOGIES INC,0.00968083597030175
2025-03-01,86827,HSII,HEIDRICK & STRUGGLES INTL INC,0.02122656122892028
2025-03-01,10421,SKYW,SKYWEST INC,0.011688252060748586
2025-03-01,89653,PFS,PROVIDENT FINANCIAL SVCS INC,0.014342903536313237
2025-03-01,18940,PTON,PELOTON INTERACTIVE INC,0.004757613453762061
2025-03-01,12515,BKU,BANKUNITED INC,0.016361090582170376
2025-03-01,12905,SXC,SUNCOKE ENERGY INC,0.014348670137856874
2025-03-01,91855,SFNC,SIMMONS 1ST NATIONAL CORP,0.017899704865929483
2025-03-01,14487,KN,KNOWLES CORP,0.019568385946079445
2025-03-01,20598,CALM,CAL MAINE FOODS INC,0.006945240999449176
2025-03-01,42200,RVTY,REVVITY INC,0.015216184314354758
2025-03-01,90716,ATSG,AIR TRANSPORT SERVICES GROUP INC,0.021243709062377134
2025-03-01,23978,SVV,SAVERS VALUE VILLAGE INC,-0.0055729876837619366
2025-03-01,16680,QXO,Q X O INC,-0.011542515710692536
2025-03-01,21927,DJT,TRUMP MEDIA & TECH GRP CORP,-0.009912070227474278
2025-03-01,89301,GME,GAMESTOP CORP NEW,-0.009025960201747238
2025-03-01,19312,UWMC,U W M HOLDINGS CORP,-0.01264475834665395
2025-03-01,23054,SOUN,SOUNDHOUND AI INC,-0.0034901903876899654
2025-03-01,16649,OKTA,OKTA INC,-0.016518586370839524
2025-03-01,22265,RIVN,RIVIAN AUTOMOTIVE INC,-0.008055872543582527
2025-03-01,22204,FWRG,FIRST WATCH RESTAURANT GROUP INC,-0.01021589093086905
2025-03-01,23263,QBTS,D WAVE QUANTUM INC,-0.004183897278943738
2025-03-01,21415,S,SENTINELONE INC,-0.013066544462544004
2025-03-01,14811,FWONK,LIBERTY MEDIA CORP 3RD NEW,-0.013806883126244654
2025-03-01,86211,MSTR,MICROSTRATEGY INC,-0.006268346306101169
2025-03-01,21619,OKLO,OKLO INC,-0.003813031494919199
2025-03-01,91907,SMCI,SUPER MICRO COMPUTER INC,-0.0034901903876899654
2025-03-01,24966,CTRI,CENTURI HOLDINGS INC,-0.008721370133116975
2025-03-01,13527,FIVE,FIVE BELOW INC,-0.011318896585990548
2025-03-01,89297,CCOI,COGENT COMMUNICATIONS HLDS INC,-0.011200906746180461
2025-03-01,25228,LIF,LIFE360 INC,-0.007870389458443426
2025-03-01,15058,SLNO,SOLENO THERAPEUTICS INC,-0.010840952761890761
2025-03-01,22313,LUNR,INTUITIVE MACHINES INC,-0.005168314480997044
2025-03-01,19076,ASTS,A S T SPACEMOBILE INC,-0.004316318986657313
2025-03-01,25239,WBTN,WEBTOON ENTERTAINMENT INC,-0.005811912244336812
2025-03-01,15014,PLAY,DAVE & BUSTERS ENTERTAINMENT INC,-0.009168279913738185
2025-03-01,23063,AZPN,ASPEN TECHNOLOGY INC NEW,-0.018531712888092855
2025-03-01,91832,MDGL,MADRIGAL PHARMACEUTICALS INC,-0.006558800344040011
2025-03-01,19489,PCT,PURECYCLE TECHNOLOGIES INC,-0.005432230928191852
2025-03-01,19484,PCVX,VAXCYTE INC,-0.013916610703590583
2025-03-01,14813,MARA,MARA HOLDINGS INC,-0.007266075015131042
2025-03-01,23681,NXT,NEXTRACKER INC,-0.01138810021276092
2025-03-01,22220,NN,NEXTNAV INC,-0.009299168317346491
2025-03-01,20930,SOC,SABLE OFFSHORE CORP,-0.004415059987859019
2025-03-01,18776,IMVT,IMMUNOVANT INC,-0.008114182340892048
2025-03-01,49373,HRB,BLOCK H & R INC,-0.018531712888092855
2025-03-01,24085,LLYVK,LIBERTY MEDIA CORP 3RD NEW,-0.014670378680814824
2025-03-01,19849,SMMT,SUMMIT THERAPEUTICS INC,-0.004918567034614661
2025-03-01,83509,FCN,F T I CONSULTING INC,-0.009225786420608199
2025-03-01,86228,RSG,REPUBLIC SERVICES INC,-0.018531712888092855
2025-03-01,90505,LVS,LAS VEGAS SANDS CORP,-0.016477935824597764
2025-03-01,19187,CLSK,CLEANSPARK INC,-0.006503891381254444
2025-03-01,20207,ACHR,ARCHER AVIATION INC,-0.00466070955095489
2025-03-01,23439,MBLY,MOBILEYE GLOBAL INC,-0.007207868168902319
2025-03-01,18735,GO,GROCERY OUTLET HOLDING CORP,-0.004113781175892789
2025-03-01,80191,ALB,ALBEMARLE CORP,-0.013102336341505157
2025-03-01,19794,U,UNITY SOFTWARE INC,-0.003988821882204444
2025-03-01,81481,DLTR,DOLLAR TREE INC,-0.015848385682876033
2025-03-01,89986,APLD,APPLIED DIGITAL CORP,-0.004510467820506712
2025-03-01,24655,HUT,HUT 8 CORP,-0.008880852476626608
2025-03-01,20876,SYM,SYMBOTIC INC,-0.0063414073907200955
2025-03-01,92213,RIOT,RIOT PLATFORMS INC,-0.006694683646213554
2025-03-01,90126,CYTK,CYTOKINETICS INC,-0.006436688044721729
2025-03-01,18772,AKRO,AKERO THERAPEUTICS INC,-0.010604668237440216
2025-03-01,91611,FSLR,FIRST SOLAR INC,-0.008992625781154845
2025-03-01,21747,NUVL,NUVALENT INC,-0.014254247420726356
2025-03-01,21331,AUR,AURORA INNOVATION INC,-0.0034901903876899654
2025-03-01,19084,BILL,B I L L HOLDINGS INC,-0.0036855073941865447
2025-03-01,19628,IRON,DISC MEDICINE INC,-0.018531712888092855
2025-03-01,20126,JOBY,JOBY AVIATION INC,-0.009933800153122223
2025-03-01,86288,CSGP,COSTAR GROUP INC,-0.015632527783691248
2025-03-01,18656,IDYA,IDEAYA BIOSCIENCES INC,-0.009965921380462883
2025-03-01,21342,VERA,VERA THERAPEUTICS INC,-0.005576103243723998
2025-03-01,18961,SWTX,SPRINGWORKS THERAPEUTICS INC,-0.0035026026541111117
2025-03-01,20325,SMR,NUSCALE POWER CORP,-0.005712993526117817
2025-03-01,17959,CRNX,CRINETICS PHARMACEUTICALS INC,-0.008196813119785372
2025-03-01,15221,RCKT,ROCKET PHARMACEUTICALS INC,-0.009788326367706612
2025-03-01,19986,PRAX,PRAXIS PRECISION MEDICINES INC,-0.0034901903876899654
2025-03-01,19070,ETNB,89BIO INC,-0.005604964089071937
2025-03-01,24698,CORZ,CORE SCIENTIFIC INC NEW,-0.007653913039009237
2025-03-01,91184,GYRE,GYRE THERAPEUTICS INC,-0.00655179027718847
2025-03-01,19825,DYN,DYNE THERAPEUTICS INC,-0.007157349808854954
2025-03-01,24064,APGE,APOGEE THERAPEUTICS INC,-0.008215426012989763
2025-03-01,14708,VRDN,VIRIDIAN THERAPEUTICS INC,-0.012930647412317147
2025-03-01,23942,FTRE,FORTREA HOLDINGS INC,-0.01068649830873931
2025-03-01,19201,RVMD,REVOLUTION MEDICINES INC,-0.013653193363627787
2025-03-01,17821,SRRK,SCHOLAR ROCK HOLDING CORP,-0.0098167076300755
2025-03-01,19313,ELVN,ENLIVEN THERAPEUTICS INC,-0.013591321846923523
2025-03-01,20452,ENVX,ENOVIX CORP,-0.007774793462009113
2025-03-01,20791,EWTX,EDGEWISE THERAPEUTICS INC,-0.00917196405773909
2025-03-01,15303,VKTX,VIKING THERAPEUTICS INC,-0.0055388056158852395
2025-03-01,19405,ZI,ZOOMINFO TECHNOLOGIES INC,-0.005377874121417088
2025-03-01,21262,DAWN,DAY ONE BIOPHARMACEUTICALS INC,-0.007185088084536563
2025-03-01,80069,ARWR,ARROWHEAD PHARMACEUTICALS INC,-0.008953855097972497
2025-03-01,19228,BEAM,BEAM THERAPEUTICS INC,-0.006168749506597221
2025-03-01,21053,BBAI,BIGBEAR AI HOLDINGS INC,-0.0034901903876899654
2025-03-01,25243,OS,ONESTREAM INC,-0.005782287771485015
2025-03-01,25244,LINE,LINEAGE INC,-0.01704108182273312
2025-03-01,38093,AJG,GALLAGHER ARTHUR J & CO,-0.018531712888092855
2025-03-01,17683,CLBK,COLUMBIA FINANCIAL INC,-0.015811440164624487
2025-03-01,23147,IE,IVANHOE ELECTRIC INC,-0.007605070682110642
2025-03-01,11990,KKR,K K R & CO INC,-0.012033348574022032
2025-03-01,25181,LB,LANDBRIDGE COMPANY LLC,-0.006130974505975209
2025-03-01,21029,RUM,RUMBLE INC,-0.008535113593319332
2025-03-01,12623,HII,HUNTINGTON INGALLS INDS INC,-0.006192322297295498
2025-03-01,89626,CME,C M E GROUP INC,-0.018531712888092855
2025-03-01,21007,RGTI,RIGETTI COMPUTING INC,-0.004879449987426161
2025-03-01,24971,LOAR,LOAR HOLDINGS INC,-0.012059102741769993
2025-03-01,79859,FLG,FLAGSTAR FINANCIAL INC,-0.010105692497665646
2025-03-01,59328,INTC,INTEL CORP,-0.005813719928918139
2025-03-01,24964,PACS,PACS GROUP INC,-0.016526543516462606
2025-03-01,47896,JPM,JPMORGAN CHASE & CO,-0.018531712888092855
2025-04-01,79499,INOD,INNODATA INC,0.004338564148008844
2025-04-01,13796,HROW,HARROW INC,0.004995868417617894
2025-04-01,80306,BCRX,BIOCRYST PHARMACEUTICALS INC,0.011748605132555913
2025-04-01,18135,GH,GUARDANT HEALTH INC,0.004717616713986342
2025-04-01,14440,TVTX,TRAVERE THERAPEUTICS INC,0.0067665339856963855
2025-04-01,14797,CDNA,CAREDX INC,0.0074716911859909465
2025-04-01,17000,RYTM,RHYTHM PHARMACEUTICALS INC,0.009217552456387624
2025-04-01,17929,UGI,U G I CORP NEW,0.021078753658535117
2025-04-01,14239,COMM,COMMSCOPE HOLDING CO INC,0.0059537855237992
2025-04-01,20178,RKLB,ROCKET LAB USA INC,0.005112896469678027
2025-04-01,19956,WGS,GENEDX HOLDINGS CORP,0.004875401782226688
2025-04-01,83969,WLFC,WILLIS LEASE FINANCE CORP,0.005169114071626547
2025-04-01,75070,WKC,WORLD KINECT CORP,0.019893557308401567
2025-04-01,18769,ADPT,ADAPTIVE BIOTECHNOLOGIES CORP,0.0053923199263356675
2025-04-01,16673,KNTK,KINETIK HOLDINGS INC,0.012313401157351456
2025-04-01,91095,LQDT,LIQUIDITY SERVICES INC,0.01090528526596008
2025-04-01,64785,AGX,ARGAN INC,0.004338564148008844
2025-04-01,22423,CRGY,CRESCENT ENERGY CO,0.00932833461067688
2025-04-01,88446,ILMN,ILLUMINA INC,0.01297621699904468
2025-04-01,86819,ATLC,ATLANTICUS HOLDINGS CORP,0.005433097765123647
2025-04-01,77175,AMSC,AMERICAN SUPERCONDUCTOR CORP,0.0051617544881490465
2025-04-01,79906,INCY,INCYTE CORP,0.011005874504214535
2025-04-01,16648,SNDR,SCHNEIDER NATIONAL INC,0.015920488240206233
2025-04-01,15332,CWEN,CLEARWAY ENERGY INC,0.021074263599289277
2025-04-01,78081,LGND,LIGAND PHARMACEUTICALS INC,0.009305760586845842
2025-04-01,89110,OMCL,OMNICELL INC,0.010487247012523558
2025-04-01,83774,OCFC,OCEANFIRST FINANCIAL CORP,0.018400530298966055
2025-04-01,89482,BANC,BANC OF CALIFORNIA INC,0.010394696187671804
2025-04-01,24459,PBI,PITNEY BOWES INC,0.011551169719204108
2025-04-01,21723,HOOD,ROBINHOOD MARKETS INC,0.004338564148008844
2025-04-01,15534,NTRA,NATERA INC,0.007956660707458913
2025-04-01,84275,UNFI,UNITED NATURAL FOODS INC,0.006887223965064883
2025-04-01,17684,AHCO,ADAPTHEALTH CORP,0.010173387054684064
2025-04-01,14325,TNDM,TANDEM DIABETES CARE INC,0.00844330966201649
2025-04-01,82702,AMRX,AMNEAL PHARMACEUTICALS INC,0.013451780718984433
2025-04-01,16499,PK,PARK HOTELS & RESORTS INC,0.010411041347389549
2025-04-01,16655,CVNA,CARVANA CO,0.004338564148008844
2025-04-01,90716,ATSG,AIR TRANSPORT SERVICES GROUP INC,0.021078753658535117
2025-04-01,90423,INVA,THERAVANCE INC,0.021078753658535117
2025-04-01,89031,AXON,AXON ENTERPRISE INC,0.00811715865340599
2025-04-01,20057,VTRS,VIATRIS INC,0.015320846249761091
2025-04-01,19081,SITM,SITIME CORP,0.004338564148008844
2025-04-01,80169,AGM,FEDERAL AGRICULTURAL MORT CORP,0.01725619366344077
2025-04-01,85059,FIX,COMFORT SYSTEMS USA INC,0.006940693609691265
2025-04-01,63773,TDS,TELEPHONE & DATA SYSTEMS INC,0.008920892339836364
2025-04-01,14229,OMF,ONEMAIN HOLDINGS INC,0.009198934111679751
2025-04-01,20598,CALM,CAL MAINE FOODS INC,0.007378586316036424
2025-04-01,12905,SXC,SUNCOKE ENERGY INC,0.014440927166182548
2025-04-01,14960,ENVA,ENOVA INTERNATIONAL INC,0.009225024278151295
2025-04-01,75320,USM,UNITED STATES CELLULAR CORP,0.01370882131146274
2025-04-01,22879,EMBC,EMBECTA CORP,0.007842974001769101
2025-04-01,91855,SFNC,SIMMONS 1ST NATIONAL CORP,0.017799215471796904
2025-04-01,12515,BKU,BANKUNITED INC,0.010406875377702955
2025-04-01,89653,PFS,PROVIDENT FINANCIAL SVCS INC,0.016790896294928966
2025-04-01,89574,PRAA,P R A GROUP INC,0.01192475341117491
2025-04-01,15302,VIRT,VIRTU FINANCIAL INC,0.012246871226145596
2025-04-01,89800,NTGR,NETGEAR INC,0.008775115853247122
2025-04-01,15454,GKOS,GLAUKOS CORP,0.006278928180699324
2025-04-01,90037,HTH,HILLTOP HOLDINGS INC,0.021078753658535117
2025-04-01,18940,PTON,PELOTON INTERACTIVE INC,0.00455914650196023
2025-04-01,10421,SKYW,SKYWEST INC,0.008585611182461494
2025-04-01,85621,MTD,METTLER TOLEDO INTERNATIONAL INC,0.017599812616259907
2025-04-01,81254,SNEX,STONEX GROUP INC,0.00952547022975289
2025-04-01,14169,PINC,PREMIER INC,0.018210688323080947
2025-04-01,21896,TOST,TOAST INC,0.007440671540862379
2025-04-01,19333,RSI,RUSH STREET INTERACTIVE INC,0.0060198792388086965
2025-04-01,86827,HSII,HEIDRICK & STRUGGLES INTL INC,0.007509162381098825
2025-04-01,24296,NATL,N C R ATLEOS CORP,0.011757297392291649
2025-04-01,90856,ATRC,ATRICURE INC,0.009089999796219892
2025-04-01,15831,AXSM,AXSOME THERAPEUTICS INC,0.012690159736736309
2025-04-01,18214,TWST,TWIST BIOSCIENCE CORP,0.006166227793831129
2025-04-01,18142,REZI,RESIDEO TECHNOLOGIES INC,0.009938171321676207
2025-04-01,72726,STT,STATE STREET CORP,0.013047041242463286
2025-04-01,87075,ZD,ZIFF DAVIS INC,0.00913107048033498
2025-04-01,42200,RVTY,REVVITY INC,0.014487046699715747
2025-04-01,14495,ATEN,A10 NETWORKS INC,0.006534169273890441
2025-04-01,92753,ERII,ENERGY RECOVERY INC,0.011775448396731237
2025-04-01,75694,TECH,BIO TECHNE CORP,0.010963617807972002
2025-04-01,54114,MLKN,MILLERKNOLL INC,0.008737777029642756
2025-04-01,21614,DUOL,DUOLINGO INC,0.005952532693997427
2025-04-01,15400,ENR,ENERGIZER HOLDINGS INC NEW,0.01790846468523448
2025-04-01,14487,KN,KNOWLES CORP,0.016160592826024615
2025-04-01,70519,C,CITIGROUP INC,0.01155779832241571
2025-04-01,81621,HLIT,HARMONIC INC,0.014408350553288863
2025-04-01,90162,GNW,GENWORTH FINANCIAL INC,0.01390548994789266
2025-04-01,92040,FOLD,AMICUS THERAPEUTICS INC,0.014194153895817834
2025-04-01,47941,TGNA,TEGNA INC,0.015740056962848678
2025-04-01,89964,NNI,NELNET INC,0.021078753658535117
2025-04-01,49015,LNC,LINCOLN NATIONAL CORP,0.010487922795178264
2025-04-01,17908,XERS,XERIS BIOPHARMA HOLDINGS INC,0.006819941899676753
2025-04-01,86233,LEU,CENTRUS ENERGY CORP,0.006617278794524337
2025-04-01,21123,PAY,PAYMENTUS HOLDINGS INC,0.004347173451225426
2025-04-01,20196,UPST,UPSTART HOLDINGS INC,0.005091592361453658
2025-04-01,28804,ALK,ALASKA AIRGROUP INC,0.008300808775381063
2025-04-01,21020,AAL,AMERICAN AIRLINES GROUP INC,0.0075037724918031136
2025-04-01,20661,ALHC,ALIGNMENT HEALTHCARE INC,0.014258598188867702
2025-04-01,20975,DAVE,DAVE INC,0.006334738382812056
2025-04-01,86820,CFFN,CAPITOL FEDERAL FINANCIAL INC,0.019050002277942908
2025-04-01,85860,BRKL,BROOKLINE BANCORP INC,0.017782740270252704
2025-04-01,85741,HOPE,HOPE BANCORP INC,0.020292172790451184
2025-04-01,16680,QXO,Q X O INC,-0.009967247265562114
2025-04-01,21927,DJT,TRUMP MEDIA & TECH GRP CORP,-0.007105020400857129
2025-04-01,25243,OS,ONESTREAM INC,-0.010569224989939069
2025-04-01,89301,GME,GAMESTOP CORP NEW,-0.005231740316687098
2025-04-01,23978,SVV,SAVERS VALUE VILLAGE INC,-0.010298375398460244
2025-04-01,91907,SMCI,SUPER MICRO COMPUTER INC,-0.0050234356580555715
2025-04-01,23054,SOUN,SOUNDHOUND AI INC,-0.005361899826312587
2025-04-01,19312,UWMC,U W M HOLDINGS CORP,-0.012934878568908988
2025-04-01,86211,MSTR,MICROSTRATEGY INC,-0.004414144299712682
2025-04-01,25244,LINE,LINEAGE INC,-0.017111604555749196
2025-04-01,23263,QBTS,D WAVE QUANTUM INC,-0.0035242454065998186
2025-04-01,16649,OKTA,OKTA INC,-0.005220835619253519
2025-04-01,14813,MARA,MARA HOLDINGS INC,-0.004567629674846795
2025-04-01,38093,AJG,GALLAGHER ARTHUR J & CO,-0.01833921170464316
2025-04-01,22204,FWRG,FIRST WATCH RESTAURANT GROUP INC,-0.010117657674841983
2025-04-01,21415,S,SENTINELONE INC,-0.010833298107507655
2025-04-01,24085,LLYVK,LIBERTY MEDIA CORP 3RD NEW,-0.01264105829667998
2025-04-01,14811,FWONK,LIBERTY MEDIA CORP 3RD NEW,-0.015507409194069175
2025-04-01,19076,ASTS,A S T SPACEMOBILE INC,-0.004243099917785388
2025-04-01,23147,IE,IVANHOE ELECTRIC INC,-0.006484918693396415
2025-04-01,19187,CLSK,CLEANSPARK INC,-0.004769509916649464
2025-04-01,21007,RGTI,RIGETTI COMPUTING INC,-0.0035275096582036915
2025-04-01,25181,LB,LANDBRIDGE COMPANY LLC,-0.006351386542148805
2025-04-01,25239,WBTN,WEBTOON ENTERTAINMENT INC,-0.010447947511026167
2025-04-01,17683,CLBK,COLUMBIA FINANCIAL INC,-0.01833921170464316
2025-04-01,21029,RUM,RUMBLE INC,-0.007336544617845855
2025-04-01,15058,SLNO,SOLENO THERAPEUTICS INC,-0.003800136778034387
2025-04-01,49373,HRB,BLOCK H & R INC,-0.01360148419901585
2025-04-01,12623,HII,HUNTINGTON INGALLS INDS INC,-0.0103624094990517
2025-04-01,91832,MDGL,MADRIGAL PHARMACEUTICALS INC,-0.008913151975845366
2025-04-01,89986,APLD,APPLIED DIGITAL CORP,-0.004123219117166349
2025-04-01,24966,CTRI,CENTURI HOLDINGS INC,-0.008985747429658703
2025-04-01,19484,PCVX,VAXCYTE INC,-0.0035242454065998186
2025-04-01,92213,RIOT,RIOT PLATFORMS INC,-0.00610880881145974
2025-04-01,91611,FSLR,FIRST SOLAR INC,-0.010870422630443825
2025-04-01,89626,CME,C M E GROUP INC,-0.01833921170464316
2025-04-01,89297,CCOI,COGENT COMMUNICATIONS HLDS INC,-0.016715271177978747
2025-04-01,11990,KKR,K K R & CO INC,-0.009135911937785759
2025-04-01,24655,HUT,HUT 8 CORP,-0.005491251953644831
2025-04-01,59328,INTC,INTEL CORP,-0.007046525041636763
2025-04-01,21331,AUR,AURORA INNOVATION INC,-0.005917325422023639
2025-04-01,18776,IMVT,IMMUNOVANT INC,-0.0078073565811815435
2025-04-01,19849,SMMT,SUMMIT THERAPEUTICS INC,-0.0077483805653522
2025-04-01,24971,LOAR,LOAR HOLDINGS INC,-0.010071223830707151
2025-04-01,18735,GO,GROCERY OUTLET HOLDING CORP,-0.00718772159103586
2025-04-01,23439,MBLY,MOBILEYE GLOBAL INC,-0.008155118268250853
2025-04-01,24964,PACS,PACS GROUP INC,-0.013650724906590039
2025-04-01,21342,VERA,VERA THERAPEUTICS INC,-0.010699254264104783
2025-04-01,19489,PCT,PURECYCLE TECHNOLOGIES INC,-0.006256378908405021
2025-04-01,90126,CYTK,CYTOKINETICS INC,-0.011039799221329886
2025-04-01,21747,NUVL,NUVALENT INC,-0.012764678670300615
2025-04-01,22313,LUNR,INTUITIVE MACHINES INC,-0.0035242454065998186
2025-04-01,24698,CORZ,CORE SCIENTIFIC INC NEW,-0.004791429988563021
2025-04-01,20930,SOC,SABLE OFFSHORE CORP,-0.008459071646751411
2025-04-01,20207,ACHR,ARCHER AVIATION INC,-0.005746950769312166
2025-04-01,86228,RSG,REPUBLIC SERVICES INC,-0.01833921170464316
2025-04-01,22220,NN,NEXTNAV INC,-0.005039262493334429
2025-04-01,23681,NXT,NEXTRACKER INC,-0.012253242830748788
2025-04-01,21262,DAWN,DAY ONE BIOPHARMACEUTICALS INC,-0.006197081051097169
2025-04-01,90505,LVS,LAS VEGAS SANDS CORP,-0.016629692193654757
2025-04-01,17959,CRNX,CRINETICS PHARMACEUTICALS INC,-0.014549698034243152
2025-04-01,19794,U,UNITY SOFTWARE INC,-0.007039899341804845
2025-04-01,24064,APGE,APOGEE THERAPEUTICS INC,-0.007688745069239763
2025-04-01,15303,VKTX,VIKING THERAPEUTICS INC,-0.0063051350393821416
2025-04-01,19084,BILL,B I L L HOLDINGS INC,-0.009281452950462073
2025-04-01,15221,RCKT,ROCKET PHARMACEUTICALS INC,-0.006990022528063262
2025-04-01,20876,SYM,SYMBOTIC INC,-0.007283790275886668
2025-04-01,18772,AKRO,AKERO THERAPEUTICS INC,-0.010533669201250538
2025-04-01,21619,OKLO,OKLO INC,-0.003967598056460974
2025-04-01,19825,DYN,DYNE THERAPEUTICS INC,-0.007590935503297772
2025-04-01,19070,ETNB,89BIO INC,-0.004960349203688282
2025-04-01,20325,SMR,NUSCALE POWER CORP,-0.004479086119843371
2025-04-01,91184,GYRE,GYRE THERAPEUTICS INC,-0.0035242454065998186
2025-04-01,80191,ALB,ALBEMARLE CORP,-0.00989616732212294
2025-04-01,18656,IDYA,IDEAYA BIOSCIENCES INC,-0.010890703618702278
2025-04-01,19628,IRON,DISC MEDICINE INC,-0.013995140488246217
2025-04-01,19986,PRAX,PRAXIS PRECISION MEDICINES INC,-0.00675259715211122
2025-04-01,19313,ELVN,ENLIVEN THERAPEUTICS INC,-0.00854844703225317
2025-04-01,20126,JOBY,JOBY AVIATION INC,-0.008335958617233631
2025-04-01,86288,CSGP,COSTAR GROUP INC,-0.01690939662687454
2025-04-01,83509,FCN,F T I CONSULTING INC,-0.01833921170464316
2025-04-01,17821,SRRK,SCHOLAR ROCK HOLDING CORP,-0.013073139246403784
2025-04-01,25228,LIF,LIFE360 INC,-0.008716736110074945
2025-04-01,14708,VRDN,VIRIDIAN THERAPEUTICS INC,-0.008764123705496334
2025-04-01,47896,JPM,JPMORGAN CHASE & CO,-0.01702566247152009
2025-04-01,20452,ENVX,ENOVIX CORP,-0.006515092990057
2025-04-01,20791,EWTX,EDGEWISE THERAPEUTICS INC,-0.008018404465216442
2025-04-01,81481,DLTR,DOLLAR TREE INC,-0.007451645896311322
2025-04-01,19228,BEAM,BEAM THERAPEUTICS INC,-0.006207618805494015
2025-04-01,18961,SWTX,SPRINGWORKS THERAPEUTICS INC,-0.010480256680697563
2025-04-01,23063,AZPN,ASPEN TECHNOLOGY INC NEW,-0.01833921170464316
2025-04-01,13527,FIVE,FIVE BELOW INC,-0.010841658986665904
2025-04-01,22265,RIVN,RIVIAN AUTOMOTIVE INC,-0.009451921277811753
2025-04-01,19201,RVMD,REVOLUTION MEDICINES INC,-0.010955699324100314
2025-04-01,23942,FTRE,FORTREA HOLDINGS INC,-0.005248725571978418
2025-04-01,23730,MLYS,MINERALYS THERAPEUTICS INC,-0.0035242454065998186
2025-04-01,18835,DKNG,DRAFTKINGS INC,-0.008515426682654018
2025-04-01,19826,ABL,ABACUS GLOBAL MANAGEMENT INC,-0.011510859175043759
2025-04-01,84389,SSB,SOUTHSTATE CORP,-0.01833921170464316
2025-04-01,84348,VSAT,VIASAT INC,-0.006553702236999342
2025-05-01,86233,LEU,CENTRUS ENERGY CORP,0.007052941778479601
2025-05-01,14440,TVTX,TRAVERE THERAPEUTICS INC,0.008348134342888364
2025-05-01,80306,BCRX,BIOCRYST PHARMACEUTICALS INC,0.010884823249634893
2025-05-01,20178,RKLB,ROCKET LAB USA INC,0.005987377835973097
2025-05-01,17000,RYTM,RHYTHM PHARMACEUTICALS INC,0.008183339634217756
2025-05-01,79499,INOD,INNODATA INC,0.005947308571956887
2025-05-01,20196,UPST,UPSTART HOLDINGS INC,0.005559561453667122
2025-05-01,20661,ALHC,ALIGNMENT HEALTHCARE INC,0.012161103754928206
2025-05-01,83969,WLFC,WILLIS LEASE FINANCE CORP,0.009948734544475143
2025-05-01,64785,AGX,ARGAN INC,0.008052113682147694
2025-05-01,91095,LQDT,LIQUIDITY SERVICES INC,0.015758188750280212
2025-05-01,21123,PAY,PAYMENTUS HOLDINGS INC,0.009323970788053913
2025-05-01,17929,UGI,U G I CORP NEW,0.018921405692543764
2025-05-01,19956,WGS,GENEDX HOLDINGS CORP,0.005559561453667122
2025-05-01,24459,PBI,PITNEY BOWES INC,0.011583237854758809
2025-05-01,15831,AXSM,AXSOME THERAPEUTICS INC,0.012693145776418634
2025-05-01,16673,KNTK,KINETIK HOLDINGS INC,0.009167209023636314
2025-05-01,22423,CRGY,CRESCENT ENERGY CO,0.005559561453667122
2025-05-01,17684,AHCO,ADAPTHEALTH CORP,0.009329489049786116
2025-05-01,75070,WKC,WORLD KINECT CORP,0.012985245964481595
2025-05-01,86819,ATLC,ATLANTICUS HOLDINGS CORP,0.008428995281310027
2025-05-01,84275,UNFI,UNITED NATURAL FOODS INC,0.01203193680528697
2025-05-01,88446,ILMN,ILLUMINA INC,0.010988222940703922
2025-05-01,89110,OMCL,OMNICELL INC,0.014574034725714237
2025-05-01,16648,SNDR,SCHNEIDER NATIONAL INC,0.011998656571939636
2025-05-01,21020,AAL,AMERICAN AIRLINES GROUP INC,0.005827766795266944
2025-05-01,79906,INCY,INCYTE CORP,0.0145965318019932
2025-05-01,16655,CVNA,CARVANA CO,0.005559561453667122
2025-05-01,89031,AXON,AXON ENTERPRISE INC,0.011064411333533537
2025-05-01,20975,DAVE,DAVE INC,0.007076184272513665
2025-05-01,28804,ALK,ALASKA AIRGROUP INC,0.005773876904447387
2025-05-01,21723,HOOD,ROBINHOOD MARKETS INC,0.005573199265105515
2025-05-01,15332,CWEN,CLEARWAY ENERGY INC,0.01295043879316411
2025-05-01,80169,AGM,FEDERAL AGRICULTURAL MORT CORP,0.01544658707598297
2025-05-01,83774,OCFC,OCEANFIRST FINANCIAL CORP,0.012988238369587162
2025-05-01,89482,BANC,BANC OF CALIFORNIA INC,0.01086653328802111
2025-05-01,90423,INVA,THERAVANCE INC,0.018921405692543764
2025-05-01,14797,CDNA,CAREDX INC,0.009294461446394939
2025-05-01,20598,CALM,CAL MAINE FOODS INC,0.018852124219183516
2025-05-01,82702,AMRX,AMNEAL PHARMACEUTICALS INC,0.013273272771073952
2025-05-01,90856,ATRC,ATRICURE INC,0.009370673661621896
2025-05-01,85621,MTD,METTLER TOLEDO INTERNATIONAL INC,0.009608190702973352
2025-05-01,63773,TDS,TELEPHONE & DATA SYSTEMS INC,0.014922583065513069
2025-05-01,14229,OMF,ONEMAIN HOLDINGS INC,0.008115219759321977
2025-05-01,89800,NTGR,NETGEAR INC,0.007321080267184508
2025-05-01,78081,LGND,LIGAND PHARMACEUTICALS INC,0.014451801803276267
2025-05-01,14960,ENVA,ENOVA INTERNATIONAL INC,0.008209227850208873
2025-05-01,85860,BRKL,BROOKLINE BANCORP INC,0.013941485646727165
2025-05-01,75320,USM,UNITED STATES CELLULAR CORP,0.016747870697725525
2025-05-01,12515,BKU,BANKUNITED INC,0.00976695061992136
2025-05-01,18940,PTON,PELOTON INTERACTIVE INC,0.006401091278019999
2025-05-01,20057,VTRS,VIATRIS INC,0.01227665390247314
2025-05-01,91855,SFNC,SIMMONS 1ST NATIONAL CORP,0.01380727591201119
2025-05-01,85741,HOPE,HOPE BANCORP INC,0.012948445248601368
2025-05-01,22879,EMBC,EMBECTA CORP,0.010949481193481537
2025-05-01,10421,SKYW,SKYWEST INC,0.009777978643254656
2025-05-01,89653,PFS,PROVIDENT FINANCIAL SVCS INC,0.011844201260299917
2025-05-01,21614,DUOL,DUOLINGO INC,0.0077402103322685035
2025-05-01,90716,ATSG,AIR TRANSPORT SERVICES GROUP INC,0.018921405692543764
2025-05-01,14495,ATEN,A10 NETWORKS INC,0.013090504513140009
2025-05-01,18769,ADPT,ADAPTIVE BIOTECHNOLOGIES CORP,0.008918205683286185
2025-05-01,16499,PK,PARK HOTELS & RESORTS INC,0.009075272506252594
2025-05-01,92753,ERII,ENERGY RECOVERY INC,0.015442339173263982
2025-05-01,87075,ZD,ZIFF DAVIS INC,0.009683956072810017
2025-05-01,12905,SXC,SUNCOKE ENERGY INC,0.013167277011746779
2025-05-01,54114,MLKN,MILLERKNOLL INC,0.010976150033048677
2025-05-01,13796,HROW,HARROW INC,0.00885419198493959
2025-05-01,15302,VIRT,VIRTU FINANCIAL INC,0.010934462515447295
2025-05-01,18135,GH,GUARDANT HEALTH INC,0.009628732805021115
2025-05-01,15534,NTRA,NATERA INC,0.009289962810456598
2025-05-01,72726,STT,STATE STREET CORP,0.011066247978273639
2025-05-01,75694,TECH,BIO TECHNE CORP,0.009272508561436103
2025-05-01,81254,SNEX,STONEX GROUP INC,0.01161859292413874
2025-05-01,90037,HTH,HILLTOP HOLDINGS INC,0.018921405692543764
2025-05-01,42200,RVTY,REVVITY INC,0.010226298856487341
2025-05-01,14169,PINC,PREMIER INC,0.018921405692543764
2025-05-01,49015,LNC,LINCOLN NATIONAL CORP,0.0076778378004068275
2025-05-01,24296,NATL,N C R ATLEOS CORP,0.008910117199175276
2025-05-01,70519,C,CITIGROUP INC,0.009451715743772949
2025-05-01,86827,HSII,HEIDRICK & STRUGGLES INTL INC,0.014894899699939861
2025-05-01,89574,PRAA,P R A GROUP INC,0.00810889622492965
2025-05-01,19081,SITM,SITIME CORP,0.005559561453667122
2025-05-01,86820,CFFN,CAPITOL FEDERAL FINANCIAL INC,0.014332026346769543
2025-05-01,21896,TOST,TOAST INC,0.00885681759176166
2025-05-01,47941,TGNA,TEGNA INC,0.011030451826394963
2025-05-01,15400,ENR,ENERGIZER HOLDINGS INC NEW,0.018784121858321293
2025-05-01,15454,GKOS,GLAUKOS CORP,0.00791765638739285
2025-05-01,18142,REZI,RESIDEO TECHNOLOGIES INC,0.009062378444004813
2025-05-01,90162,GNW,GENWORTH FINANCIAL INC,0.01122041904945717
2025-05-01,14325,TNDM,TANDEM DIABETES CARE INC,0.011392156422350209
2025-05-01,77175,AMSC,AMERICAN SUPERCONDUCTOR CORP,0.006757704830934108
2025-05-01,89964,NNI,NELNET INC,0.01733166803537109
2025-05-01,22977,EE,EXCELERATE ENERGY INC,0.013730288460791953
2025-05-01,17949,BE,BLOOM ENERGY CORP,0.007650494852279855
2025-05-01,87812,SLAB,SILICON LABORATORIES INC,0.006471749732966041
2025-05-01,91659,ALGT,ALLEGIANT TRAVEL CO,0.005933414291385337
2025-05-01,14855,RYI,RYERSON HOLDING CORP,0.010553277730694626
2025-05-01,15795,SGRY,SURGERY PARTNERS INC,0.013888646754878593
2025-05-01,19788,PLTR,PALANTIR TECHNOLOGIES INC,0.006614252632151278
2025-05-01,22976,WBD,WARNER BROS DISCOVERY INC,0.005682626448057621
2025-05-01,21927,DJT,TRUMP MEDIA & TECH GRP CORP,-0.006239501794014459
2025-05-01,19826,ABL,ABACUS GLOBAL MANAGEMENT INC,-0.010930983988155113
2025-05-01,16680,QXO,Q X O INC,-0.008890418947627637
2025-05-01,89301,GME,GAMESTOP CORP NEW,-0.010782357827115082
2025-05-01,25244,LINE,LINEAGE INC,-0.00890528544495065
2025-05-01,89626,CME,C M E GROUP INC,-0.018457691667335702
2025-05-01,25243,OS,ONESTREAM INC,-0.008182178022851093
2025-05-01,23978,SVV,SAVERS VALUE VILLAGE INC,-0.009859866832950658
2025-05-01,18835,DKNG,DRAFTKINGS INC,-0.011726032909326702
2025-05-01,91907,SMCI,SUPER MICRO COMPUTER INC,-0.00634311913860479
2025-05-01,38093,AJG,GALLAGHER ARTHUR J & CO,-0.017119878684029713
2025-05-01,14811,FWONK,LIBERTY MEDIA CORP 3RD NEW,-0.0164425700995959
2025-05-01,23730,MLYS,MINERALYS THERAPEUTICS INC,-0.008284194778965914
2025-05-01,23054,SOUN,SOUNDHOUND AI INC,-0.006005014236700738
2025-05-01,24085,LLYVK,LIBERTY MEDIA CORP 3RD NEW,-0.011360973484847776
2025-05-01,15058,SLNO,SOLENO THERAPEUTICS INC,-0.008565341368770647
2025-05-01,49373,HRB,BLOCK H & R INC,-0.018457691667335702
2025-05-01,17683,CLBK,COLUMBIA FINANCIAL INC,-0.01605777147960634
2025-05-01,86211,MSTR,MICROSTRATEGY INC,-0.005603923462943989
2025-05-01,91611,FSLR,FIRST SOLAR INC,-0.008655978585531075
2025-05-01,14813,MARA,MARA HOLDINGS INC,-0.00687948832624994
2025-05-01,21415,S,SENTINELONE INC,-0.009124494400388424
2025-05-01,25239,WBTN,WEBTOON ENTERTAINMENT INC,-0.009305773407407372
2025-05-01,19187,CLSK,CLEANSPARK INC,-0.006263143673202246
2025-05-01,23263,QBTS,D WAVE QUANTUM INC,-0.007088362345294199
2025-05-01,16649,OKTA,OKTA INC,-0.010431717956075913
2025-05-01,25181,LB,LANDBRIDGE COMPANY LLC,-0.008117592151967593
2025-05-01,22204,FWRG,FIRST WATCH RESTAURANT GROUP INC,-0.00889071703560978
2025-05-01,19076,ASTS,A S T SPACEMOBILE INC,-0.0069725229861732465
2025-05-01,21029,RUM,RUMBLE INC,-0.007518274060821657
2025-05-01,19484,PCVX,VAXCYTE INC,-0.006846477944219886
2025-05-01,18776,IMVT,IMMUNOVANT INC,-0.007828885613704884
2025-05-01,11990,KKR,K K R & CO INC,-0.006775507969426704
2025-05-01,89297,CCOI,COGENT COMMUNICATIONS HLDS INC,-0.013355219355788291
2025-05-01,21342,VERA,VERA THERAPEUTICS INC,-0.007844213975698898
2025-05-01,19849,SMMT,SUMMIT THERAPEUTICS INC,-0.005598522386297886
2025-05-01,92213,RIOT,RIOT PLATFORMS INC,-0.007056139987909353
2025-05-01,24971,LOAR,LOAR HOLDINGS INC,-0.009306810354301974
2025-05-01,24966,CTRI,CENTURI HOLDINGS INC,-0.008416507016053235
2025-05-01,15303,VKTX,VIKING THERAPEUTICS INC,-0.006944012375426459
2025-05-01,12623,HII,HUNTINGTON INGALLS INDS INC,-0.014606477246098365
2025-05-01,84348,VSAT,VIASAT INC,-0.00786834195766578
2025-05-01,90126,CYTK,CYTOKINETICS INC,-0.010424830142760367
2025-05-01,20930,SOC,SABLE OFFSHORE CORP,-0.005598522386297886
2025-05-01,21007,RGTI,RIGETTI COMPUTING INC,-0.006364420302989684
2025-05-01,21747,NUVL,NUVALENT INC,-0.010680151894685339
2025-05-01,19489,PCT,PURECYCLE TECHNOLOGIES INC,-0.0060896560144208444
2025-05-01,59328,INTC,INTEL CORP,-0.007112859844594898
2025-05-01,24964,PACS,PACS GROUP INC,-0.011844751451938595
2025-05-01,23147,IE,IVANHOE ELECTRIC INC,-0.005598522386297886
2025-05-01,24655,HUT,HUT 8 CORP,-0.0065497345412363584
2025-05-01,21262,DAWN,DAY ONE BIOPHARMACEUTICALS INC,-0.01003192510624312
2025-05-01,17959,CRNX,CRINETICS PHARMACEUTICALS INC,-0.009516743250693642
2025-05-01,91184,GYRE,GYRE THERAPEUTICS INC,-0.006239456424595936
2025-05-01,24698,CORZ,CORE SCIENTIFIC INC NEW,-0.006140880353335787
2025-05-01,18735,GO,GROCERY OUTLET HOLDING CORP,-0.018457691667335702
2025-05-01,24064,APGE,APOGEE THERAPEUTICS INC,-0.007874825546087429
2025-05-01,14708,VRDN,VIRIDIAN THERAPEUTICS INC,-0.009529443577202309
2025-05-01,18656,IDYA,IDEAYA BIOSCIENCES INC,-0.008613956019387001
2025-05-01,22220,NN,NEXTNAV INC,-0.009689518618164937
2025-05-01,83509,FCN,F T I CONSULTING INC,-0.018457691667335702
2025-05-01,19313,ELVN,ENLIVEN THERAPEUTICS INC,-0.007478064653883607
2025-05-01,21331,AUR,AURORA INNOVATION INC,-0.006842794500257989
2025-05-01,19070,ETNB,89BIO INC,-0.005761021823986798
2025-05-01,18772,AKRO,AKERO THERAPEUTICS INC,-0.00907244168509654
2025-05-01,84389,SSB,SOUTHSTATE CORP,-0.011496269283098066
2025-05-01,19986,PRAX,PRAXIS PRECISION MEDICINES INC,-0.007931369918180458
2025-05-01,15221,RCKT,ROCKET PHARMACEUTICALS INC,-0.005598522386297886
2025-05-01,19825,DYN,DYNE THERAPEUTICS INC,-0.0058008370286712985
2025-05-01,19628,IRON,DISC MEDICINE INC,-0.00693198387431677
2025-05-01,86228,RSG,REPUBLIC SERVICES INC,-0.018457691667335702
2025-05-01,20207,ACHR,ARCHER AVIATION INC,-0.0071957763764024995
2025-05-01,21619,OKLO,OKLO INC,-0.006392011162383289
2025-05-01,19084,BILL,B I L L HOLDINGS INC,-0.008285294948853685
2025-05-01,20126,JOBY,JOBY AVIATION INC,-0.008589322087965656
2025-05-01,17821,SRRK,SCHOLAR ROCK HOLDING CORP,-0.007474334093622825
2025-05-01,19201,RVMD,REVOLUTION MEDICINES INC,-0.010244838285200513
2025-05-01,90505,LVS,LAS VEGAS SANDS CORP,-0.010122497035998304
2025-05-01,20325,SMR,NUSCALE POWER CORP,-0.006627829048142662
2025-05-01,86288,CSGP,COSTAR GROUP INC,-0.011211488287681528
2025-05-01,20791,EWTX,EDGEWISE THERAPEUTICS INC,-0.005598522386297886
2025-05-01,19794,U,UNITY SOFTWARE INC,-0.006868196462817023
2025-05-01,19228,BEAM,BEAM THERAPEUTICS INC,-0.006699102310028166
2025-05-01,20876,SYM,SYMBOTIC INC,-0.0064599867846494114
2025-05-01,20452,ENVX,ENOVIX CORP,-0.006124791853975982
2025-05-01,22313,LUNR,INTUITIVE MACHINES INC,-0.007056634193051846
2025-05-01,24875,ALAB,ASTERA LABS INC,-0.0064453494287712255
2025-05-01,16171,KNSL,KINSALE CAPITAL GROUP INC,-0.009252500904091517
2025-05-01,19655,STEP,STEPSTONE GROUP INC,-0.0077791798773003415
2025-05-01,25147,FUN,SIX FLAGS ENTERTAINMENT CORP NEW,-0.007296951106054836
2025-05-01,15440,WING,WINGSTOP INC,-0.008945598485566999
2025-05-01,57904,AFL,AFLAC INC,-0.01661027540520471
2025-05-01,25434,AMTM,AMENTUM HOLDINGS INC,-0.009141837879975828
2025-05-01,21596,NABL,N ABLE INC,-0.011503537476504582
2025-05-01,24023,BATRK,ATLANTA BRAVES HOLDINGS INC,-0.018457691667335702
2025-05-01,76838,PRA,PROASSURANCE CORP,-0.018457691667335702
2025-05-01,19002,BWIN,BALDWIN INSURANCE GROUP INC,-0.01152742199184752
2025-05-01,22268,SG,SWEETGREEN INC,-0.007244690875297544
2025-05-01,27422,CLF,CLEVELAND CLIFFS INC NEW,-0.00661667583920309
2025-05-01,77366,MODG,TOPGOLF CALLAWAY BRANDS CORP,-0.008558000481453824
2025-06-01,17949,BE,BLOOM ENERGY CORP,0.006832485927758182
2025-06-01,19956,WGS,GENEDX HOLDINGS CORP,0.005503705569606836
2025-06-01,20178,RKLB,ROCKET LAB CORP,0.005212672470526116
2025-06-01,79499,INOD,INNODATA INC,0.004518992891874217
2025-06-01,80306,BCRX,BIOCRYST PHARMACEUTICALS INC,0.004578950122243387
2025-06-01,22977,EE,EXCELERATE ENERGY INC,0.009320755933861403
2025-06-01,20661,ALHC,ALIGNMENT HEALTHCARE INC,0.00727257561804514
2025-06-01,86233,LEU,CENTRUS ENERGY CORP,0.004367831667279099
2025-06-01,14440,TVTX,TRAVERE THERAPEUTICS INC,0.004801484259610388
2025-06-01,64785,AGX,ARGAN INC,0.017358494995471364
2025-06-01,75070,WKC,WORLD KINECT CORP,0.01800406184654348
2025-06-01,83969,WLFC,WILLIS LEASE FINANCE CORP,0.007157875197308836
2025-06-01,91659,ALGT,ALLEGIANT TRAVEL CO,0.006731186921829558
2025-06-01,24459,PBI,PITNEY BOWES INC,0.009506983712240862
2025-06-01,18769,ADPT,ADAPTIVE BIOTECHNOLOGIES CORP,0.004367831667279099
2025-06-01,84275,UNFI,UNITED NATURAL FOODS INC,0.010845067896050027
2025-06-01,16655,CVNA,CARVANA CO,0.007890211614957518
2025-06-01,17684,AHCO,ADAPTHEALTH CORP,0.00895667135091031
2025-06-01,15831,AXSM,AXSOME THERAPEUTICS INC,0.013062171450867046
2025-06-01,21020,AAL,AMERICAN AIRLINES GROUP INC,0.009588536468015071
2025-06-01,19788,PLTR,PALANTIR TECHNOLOGIES INC,0.005818611628465585
2025-06-01,21123,PAY,PAYMENTUS HOLDINGS INC,0.012600939552600518
2025-06-01,87812,SLAB,SILICON LABORATORIES INC,0.008947454512133312
2025-06-01,22976,WBD,WARNER BROS DISCOVERY INC,0.011027713072771516
2025-06-01,82702,AMRX,AMNEAL PHARMACEUTICALS INC,0.0115413465595167
2025-06-01,16673,KNTK,KINETIK HOLDINGS INC,0.010346440748265566
2025-06-01,21723,HOOD,ROBINHOOD MARKETS INC,0.007433005139770148
2025-06-01,16648,SNDR,SCHNEIDER NATIONAL INC,0.011297886831576068
2025-06-01,86819,ATLC,ATLANTICUS HOLDINGS CORP,0.009499569870513798
2025-06-01,20975,DAVE,DAVE INC,0.004367831667279099
2025-06-01,89031,AXON,AXON ENTERPRISE INC,0.007641156381958676
2025-06-01,28804,ALK,ALASKA AIRGROUP INC,0.009782181597921021
2025-06-01,20196,UPST,UPSTART HOLDINGS INC,0.00549585000841008
2025-06-01,15332,CWEN,CLEARWAY ENERGY INC,0.017395752184188037
2025-06-01,89800,NTGR,NETGEAR INC,0.006279589834364284
2025-06-01,91095,LQDT,LIQUIDITY SERVICES INC,0.007522554796626767
2025-06-01,79906,INCY,INCYTE CORP,0.016326362766404038
2025-06-01,17929,UGI,U G I CORP NEW,0.01800406184654348
2025-06-01,21614,DUOL,DUOLINGO INC,0.005478879370521067
2025-06-01,78081,LGND,LIGAND PHARMACEUTICALS INC,0.016675434085846624
2025-06-01,80169,AGM,FEDERAL AGRICULTURAL MORT CORP,0.014031015366345122
2025-06-01,83774,OCFC,OCEANFIRST FINANCIAL CORP,0.014930266971183952
2025-06-01,14960,ENVA,ENOVA INTERNATIONAL INC,0.013071133865252655
2025-06-01,14229,OMF,ONEMAIN HOLDINGS INC,0.01224966751811763
2025-06-01,89482,BANC,BANC OF CALIFORNIA INC,0.014032251262463652
2025-06-01,63773,TDS,TELEPHONE & DATA SYSTEMS INC,0.007712807589495516
2025-06-01,85860,BRKL,BROOKLINE BANCORP INC,0.015698363068431483
2025-06-01,10421,SKYW,SKYWEST INC,0.014600898596437362
2025-06-01,12515,BKU,BANKUNITED INC,0.013044634282830949
2025-06-01,14495,ATEN,A10 NETWORKS INC,0.017849553442577555
2025-06-01,20598,CALM,CAL MAINE FOODS INC,0.012697807803977636
2025-06-01,75320,USM,UNITED STATES CELLULAR CORP,0.00769498500946648
2025-06-01,86820,CFFN,CAPITOL FEDERAL FINANCIAL INC,0.015168906438507884
2025-06-01,18940,PTON,PELOTON INTERACTIVE INC,0.005776963569581724
2025-06-01,91855,SFNC,SIMMONS 1ST NATIONAL CORP,0.01575768510562685
2025-06-01,89653,PFS,PROVIDENT FINANCIAL SVCS INC,0.015270541392675415
2025-06-01,85741,HOPE,HOPE BANCORP INC,0.016165354148763335
2025-06-01,16499,PK,PARK HOTELS & RESORTS INC,0.010421436475269627
2025-06-01,49015,LNC,LINCOLN NATIONAL CORP,0.012027098949870174
2025-06-01,88446,ILMN,ILLUMINA INC,0.008007642472246576
2025-06-01,47941,TGNA,TEGNA INC,0.0166891145246343
2025-06-01,18135,GH,GUARDANT HEALTH INC,0.007668273890492247
2025-06-01,14169,PINC,PREMIER INC,0.00994629757418969
2025-06-01,15302,VIRT,VIRTU FINANCIAL INC,0.016966470489909312
2025-06-01,90856,ATRC,ATRICURE INC,0.011888388640774183
2025-06-01,81254,SNEX,STONEX GROUP INC,0.012271032470816534
2025-06-01,89964,NNI,NELNET INC,0.014620339409009019
2025-06-01,20057,VTRS,VIATRIS INC,0.009894264349676123
2025-06-01,12905,SXC,SUNCOKE ENERGY INC,0.016225209064694043
2025-06-01,24296,NATL,N C R ATLEOS CORP,0.010452470040288719
2025-06-01,15795,SGRY,SURGERY PARTNERS INC,0.012125121414781012
2025-06-01,72726,STT,STATE STREET CORP,0.01800406184654348
2025-06-01,15534,NTRA,NATERA INC,0.010851640001796697
2025-06-01,42200,RVTY,REVVITY INC,0.009301430417056488
2025-06-01,70519,C,CITIGROUP INC,0.01505912006546893
2025-06-01,86827,HSII,HEIDRICK & STRUGGLES INTL INC,0.01675775330404557
2025-06-01,90423,INVA,THERAVANCE INC,0.01800406184654348
2025-06-01,89110,OMCL,OMNICELL INC,0.005629569211908885
2025-06-01,21896,TOST,TOAST INC,0.00865800726604338
2025-06-01,85621,MTD,METTLER TOLEDO INTERNATIONAL INC,0.008567323894861445
2025-06-01,17000,RYTM,RHYTHM PHARMACEUTICALS INC,0.008264011979612147
2025-06-01,90162,GNW,GENWORTH FINANCIAL INC,0.014195534046456017
2025-06-01,23041,NUTX,NUTEX HEALTH INC,0.004367831667279099
2025-06-01,82670,TGTX,T G THERAPEUTICS INC,0.006823970299326811
2025-06-01,14239,COMM,COMMSCOPE HOLDING CO INC,0.004373453810089006
2025-06-01,60986,NWL,NEWELL BRANDS INC,0.005840332461963732
2025-06-01,89134,OVV,OVINTIV INC,0.010717787983964198
2025-06-01,12583,PCRX,PACIRA BIOSCIENCES INC,0.010801172797753736
2025-06-01,76128,VICR,VICOR CORP,0.01126325042406675
2025-06-01,16668,ZYME,ZYMEWORKS INC DE,0.008011634036224286
2025-06-01,90885,EVRI,EVERI HOLDINGS INC,0.01800406184654348
2025-06-01,11891,MGM,M G M RESORTS INTERNATIONAL,0.011693613737952161
2025-06-01,79879,VIAV,VIAVI SOLUTIONS INC,0.00898220431853818
2025-06-01,22027,JXN,JACKSON FINANCIAL INC,0.011728819423184175
2025-06-01,86822,EXTR,EXTREME NETWORKS INC,0.01106343757733541
2025-06-01,19433,MP,M P MATERIALS CORP,0.006745554431355222
2025-06-01,15119,WK,WORKIVA INC,0.009918912424153877
2025-06-01,92570,DAN,DANA INC,0.010776169499039456
2025-06-01,92469,SATS,ECHOSTAR CORP,0.004367831667279099
2025-06-01,91103,UAL,UNITED AIRLINES HOLDINGS INC,0.00810382578937173
2025-06-01,21927,DJT,TRUMP MEDIA & TECH GRP CORP,-0.007850128921348195
2025-06-01,19826,ABL,ABACUS GLOBAL MANAGEMENT INC,-0.015238117643634214
2025-06-01,23978,SVV,SAVERS VALUE VILLAGE INC,-0.0052794690189012705
2025-06-01,25244,LINE,LINEAGE INC,-0.013289582315531626
2025-06-01,16680,QXO,Q X O INC,-0.007763052573982533
2025-06-01,89626,CME,C M E GROUP INC,-0.018776129133758035
2025-06-01,89301,GME,GAMESTOP CORP NEW,-0.006813567742977564
2025-06-01,91611,FSLR,FIRST SOLAR INC,-0.004756712756433385
2025-06-01,15058,SLNO,SOLENO THERAPEUTICS INC,-0.015690442082744595
2025-06-01,19655,STEP,STEPSTONE GROUP INC,-0.011086452568929536
2025-06-01,16171,KNSL,KINSALE CAPITAL GROUP INC,-0.013840856626877477
2025-06-01,23730,MLYS,MINERALYS THERAPEUTICS INC,-0.00881885635396883
2025-06-01,25243,OS,ONESTREAM INC,-0.010624221614871962
2025-06-01,17683,CLBK,COLUMBIA FINANCIAL INC,-0.011722863021272132
2025-06-01,25147,FUN,SIX FLAGS ENTERTAINMENT CORP NEW,-0.010213026629344577
2025-06-01,14811,FWONK,LIBERTY MEDIA CORP 3RD NEW,-0.018776129133758035
2025-06-01,19849,SMMT,SUMMIT THERAPEUTICS INC,-0.003929077593063705
2025-06-01,25239,WBTN,WEBTOON ENTERTAINMENT INC,-0.005557845696307368
2025-06-01,21596,NABL,N ABLE INC,-0.013172228083061026
2025-06-01,57904,AFL,AFLAC INC,-0.018776129133758035
2025-06-01,24085,LLYVK,LIBERTY MEDIA CORP 3RD NEW,-0.018776129133758035
2025-06-01,19002,BWIN,BALDWIN INSURANCE GROUP INC,-0.014484322481087539
2025-06-01,76838,PRA,PROASSURANCE CORP,-0.018776129133758035
2025-06-01,38093,AJG,GALLAGHER ARTHUR J & CO,-0.018776129133758035
2025-06-01,24875,ALAB,ASTERA LABS INC,-0.007227728530344766
2025-06-01,19484,PCVX,VAXCYTE INC,-0.005162886501275364
2025-06-01,20930,SOC,SABLE OFFSHORE CORP,-0.004649859522562237
2025-06-01,18835,DKNG,DRAFTKINGS INC,-0.013547245466799833
2025-06-01,18776,IMVT,IMMUNOVANT INC,-0.009080982072469861
2025-06-01,21342,VERA,VERA THERAPEUTICS INC,-0.006932014153320665
2025-06-01,21415,S,SENTINELONE INC,-0.009422384138458669
2025-06-01,91907,SMCI,SUPER MICRO COMPUTER INC,-0.005244591073018987
2025-06-01,90126,CYTK,CYTOKINETICS INC,-0.0074456645017920205
2025-06-01,21619,OKLO,OKLO INC,-0.003952638162082313
2025-06-01,16649,OKTA,OKTA INC,-0.007404681641216576
2025-06-01,21747,NUVL,NUVALENT INC,-0.008201392291827314
2025-06-01,24023,BATRK,ATLANTA BRAVES HOLDINGS INC,-0.018776129133758035
2025-06-01,14708,VRDN,VIRIDIAN THERAPEUTICS INC,-0.008110274166465507
2025-06-01,15303,VKTX,VIKING THERAPEUTICS INC,-0.008613051861663959
2025-06-01,22268,SG,SWEETGREEN INC,-0.005237654932308259
2025-06-01,14813,MARA,MARA HOLDINGS INC,-0.005437399863146878
2025-06-01,19076,ASTS,A S T SPACEMOBILE INC,-0.006375204320388532
2025-06-01,23054,SOUN,SOUNDHOUND AI INC,-0.004046519965926349
2025-06-01,89297,CCOI,COGENT COMMUNICATIONS HLDS INC,-0.008993667689283504
2025-06-01,19187,CLSK,CLEANSPARK INC,-0.006338237502946522
2025-06-01,15440,WING,WINGSTOP INC,-0.010380423433062624
2025-06-01,23263,QBTS,D WAVE QUANTUM INC,-0.003929077593063705
2025-06-01,24964,PACS,PACS GROUP INC,-0.009359446705588964
2025-06-01,24966,CTRI,CENTURI HOLDINGS INC,-0.007262209939428172
2025-06-01,86211,MSTR,MICROSTRATEGY INC,-0.009712440473381288
2025-06-01,27422,CLF,CLEVELAND CLIFFS INC NEW,-0.006247160508517285
2025-06-01,90505,LVS,LAS VEGAS SANDS CORP,-0.013305609921614411
2025-06-01,17959,CRNX,CRINETICS PHARMACEUTICALS INC,-0.007597389507303315
2025-06-01,91184,GYRE,GYRE THERAPEUTICS INC,-0.003929077593063705
2025-06-01,19986,PRAX,PRAXIS PRECISION MEDICINES INC,-0.007362898153665996
2025-06-01,19313,ELVN,ENLIVEN THERAPEUTICS INC,-0.0065130422975493985
2025-06-01,18656,IDYA,IDEAYA BIOSCIENCES INC,-0.006787279405890306
2025-06-01,19489,PCT,PURECYCLE TECHNOLOGIES INC,-0.004725143549521849
2025-06-01,25181,LB,LANDBRIDGE COMPANY LLC,-0.007162805522252195
2025-06-01,18772,AKRO,AKERO THERAPEUTICS INC,-0.004504370750191257
2025-06-01,21029,RUM,RUMBLE INC,-0.005492728577927942
2025-06-01,77366,MODG,TOPGOLF CALLAWAY BRANDS CORP,-0.00563024992002125
2025-06-01,92213,RIOT,RIOT PLATFORMS INC,-0.006554262827134779
2025-06-01,24064,APGE,APOGEE THERAPEUTICS INC,-0.008030855997078933
2025-06-01,84348,VSAT,VIASAT INC,-0.007463712300165998
2025-06-01,19628,IRON,DISC MEDICINE INC,-0.00825818022987468
2025-06-01,19070,ETNB,89BIO INC,-0.005209043044656846
2025-06-01,22220,NN,NEXTNAV INC,-0.009011423287635373
2025-06-01,83509,FCN,F T I CONSULTING INC,-0.018776129133758035
2025-06-01,19201,RVMD,REVOLUTION MEDICINES INC,-0.007533917705071851
2025-06-01,24655,HUT,HUT 8 CORP,-0.005122922552380609
2025-06-01,19825,DYN,DYNE THERAPEUTICS INC,-0.004444922568375097
2025-06-01,23147,IE,IVANHOE ELECTRIC INC,-0.012744711712892919
2025-06-01,86228,RSG,REPUBLIC SERVICES INC,-0.018776129133758035
2025-06-01,18735,GO,GROCERY OUTLET HOLDING CORP,-0.011846701359263958
2025-06-01,24971,LOAR,LOAR HOLDINGS INC,-0.009643964502123962
2025-06-01,24698,CORZ,CORE SCIENTIFIC INC NEW,-0.01041536543583639
2025-06-01,21007,RGTI,RIGETTI COMPUTING INC,-0.003929077593063705
2025-06-01,11990,KKR,K K R & CO INC,-0.012832752133048192
2025-06-01,22204,FWRG,FIRST WATCH RESTAURANT GROUP INC,-0.006224472277637543
2025-06-01,17821,SRRK,SCHOLAR ROCK HOLDING CORP,-0.008351080409612037
2025-06-01,19084,BILL,B I L L HOLDINGS INC,-0.011657496045436257
2025-06-01,12623,HII,HUNTINGTON INGALLS INDS INC,-0.018776129133758035
2025-06-01,25773,PRMB,PRIMO BRANDS CORP,-0.018776129133758035
2025-06-01,84819,SBET,SHARPLINK GAMING INC,-0.003929077593063705
2025-06-01,20464,EVEX,EVE HOLDING INC,-0.005611161549840114
2025-06-01,21207,NEM,NEWMONT CORP,-0.01325607346328689
2025-06-01,83976,ANF,ABERCROMBIE & FITCH CO,-0.005977853116862958
2025-06-01,16005,SYRE,SPYRE THERAPEUTICS INC,-0.006648490493007727
2025-06-01,22087,INFA,INFORMATICA INC,-0.007315896925431527
2025-06-01,86719,EWBC,EAST WEST BANCORP INC,-0.014039737657534619
2025-06-01,24967,IBTA,IBOTTA INC,-0.005719322488749114
2025-06-01,22618,TPG,T P G INC,-0.011659325151573996
2025-06-01,18770,BBIO,BRIDGEBIO PHARMA INC,-0.011731135900304342
2025-06-01,89986,APLD,APPLIED DIGITAL CORP,-0.004366715092858915
2025-06-01,71175,UNM,UNUM GROUP,-0.018776129133758035
2025-06-01,16318,ELF,E L F BEAUTY INC,-0.004888318916300407
2025-06-01,17104,APLS,APELLIS PHARMACEUTICALS INC,-0.008526590496634989
2025-06-01,15535,OLLI,OLLIES BARGAIN OUTLET HLD INC,-0.01134737502070763
2025-06-01,16182,PI,IMPINJ INC,-0.007744715301679961
2025-07-01,23041,NUTX,NUTEX HEALTH INC,0.0038554728916351507
2025-07-01,17949,BE,BLOOM ENERGY CORP,0.004790723365517939
2025-07-01,19956,WGS,GENEDX HOLDINGS CORP,0.0038554728916351507
2025-07-01,79499,INOD,INNODATA INC,0.0038554728916351507
2025-07-01,20178,RKLB,ROCKET LAB CORP,0.004072439613916427
2025-07-01,80306,BCRX,BIOCRYST PHARMACEUTICALS INC,0.010736893336845544
2025-07-01,22977,EE,EXCELERATE ENERGY INC,0.0100012675056813
2025-07-01,82670,TGTX,T G THERAPEUTICS INC,0.008516129116843893
2025-07-01,91659,ALGT,ALLEGIANT TRAVEL CO,0.005988608987549944
2025-07-01,14239,COMM,COMMSCOPE HOLDING CO INC,0.004331165901794272
2025-07-01,18769,ADPT,ADAPTIVE BIOTECHNOLOGIES CORP,0.006309327294884936
2025-07-01,20661,ALHC,ALIGNMENT HEALTHCARE INC,0.009446639101415072
2025-07-01,75070,WKC,WORLD KINECT CORP,0.018380607833027925
2025-07-01,20975,DAVE,DAVE INC,0.004355726174826994
2025-07-01,24459,PBI,PITNEY BOWES INC,0.013972966051443539
2025-07-01,16655,CVNA,CARVANA CO,0.006325542554312508
2025-07-01,22976,WBD,WARNER BROS DISCOVERY INC,0.007619699762097551
2025-07-01,84275,UNFI,UNITED NATURAL FOODS INC,0.0047660953137941345
2025-07-01,21723,HOOD,ROBINHOOD MARKETS INC,0.005273755472413362
2025-07-01,12583,PCRX,PACIRA BIOSCIENCES INC,0.013160325635453884
2025-07-01,87812,SLAB,SILICON LABORATORIES INC,0.009134667901585439
2025-07-01,19788,PLTR,PALANTIR TECHNOLOGIES INC,0.005570258429485484
2025-07-01,86819,ATLC,ATLANTICUS HOLDINGS CORP,0.008418644835888054
2025-07-01,92570,DAN,DANA INC,0.011363254085180702
2025-07-01,21020,AAL,AMERICAN AIRLINES GROUP INC,0.007085322022569947
2025-07-01,15831,AXSM,AXSOME THERAPEUTICS INC,0.012142834201963815
2025-07-01,16673,KNTK,KINETIK HOLDINGS INC,0.009830300983796683
2025-07-01,89800,NTGR,NETGEAR INC,0.008914101338149885
2025-07-01,20196,UPST,UPSTART HOLDINGS INC,0.0046087428878947585
2025-07-01,16648,SNDR,SCHNEIDER NATIONAL INC,0.015726257211339512
2025-07-01,60986,NWL,NEWELL BRANDS INC,0.005272959911526163
2025-07-01,89134,OVV,OVINTIV INC,0.008644927853477136
2025-07-01,17684,AHCO,ADAPTHEALTH CORP,0.009817788342615884
2025-07-01,21614,DUOL,DUOLINGO INC,0.008406449260025012
2025-07-01,14229,OMF,ONEMAIN HOLDINGS INC,0.01545245746444636
2025-07-01,11891,MGM,M G M RESORTS INTERNATIONAL,0.007994640572001109
2025-07-01,89482,BANC,BANC OF CALIFORNIA INC,0.014857343668001437
2025-07-01,90885,EVRI,EVERI HOLDINGS INC,0.018380607833027925
2025-07-01,86233,LEU,CENTRUS ENERGY CORP,0.004977772943905923
2025-07-01,76128,VICR,VICOR CORP,0.010175537585969691
2025-07-01,80169,AGM,FEDERAL AGRICULTURAL MORT CORP,0.011339698490472212
2025-07-01,85860,BRKL,BROOKLINE BANCORP INC,0.013133475330157938
2025-07-01,83774,OCFC,OCEANFIRST FINANCIAL CORP,0.013781929765165313
2025-07-01,22027,JXN,JACKSON FINANCIAL INC,0.0137243072832881
2025-07-01,16499,PK,PARK HOTELS & RESORTS INC,0.010019196097911649
2025-07-01,63773,TDS,TELEPHONE & DATA SYSTEMS INC,0.00916117462270575
2025-07-01,12515,BKU,BANKUNITED INC,0.0141119826962796
2025-07-01,28804,ALK,ALASKA AIRGROUP INC,0.008812110479310718
2025-07-01,86822,EXTR,EXTREME NETWORKS INC,0.011356952920088826
2025-07-01,15332,CWEN,CLEARWAY ENERGY INC,0.014969331947734062
2025-07-01,15119,WK,WORKIVA INC,0.011650608599113817
2025-07-01,14169,PINC,PREMIER INC,0.018380607833027925
2025-07-01,86820,CFFN,CAPITOL FEDERAL FINANCIAL INC,0.015718895688225473
2025-07-01,14960,ENVA,ENOVA INTERNATIONAL INC,0.011856248148997937
2025-07-01,79879,VIAV,VIAVI SOLUTIONS INC,0.017497511135128693
2025-07-01,91103,UAL,UNITED AIRLINES HOLDINGS INC,0.006501124264521509
2025-07-01,89031,AXON,AXON ENTERPRISE INC,0.015515312458923694
2025-07-01,78081,LGND,LIGAND PHARMACEUTICALS INC,0.011857804522449536
2025-07-01,75320,USM,UNITED STATES CELLULAR CORP,0.012669937999112943
2025-07-01,91855,SFNC,SIMMONS 1ST NATIONAL CORP,0.016254450834526136
2025-07-01,10421,SKYW,SKYWEST INC,0.010822323789760415
2025-07-01,18940,PTON,PELOTON INTERACTIVE INC,0.003871969703512877
2025-07-01,49015,LNC,LINCOLN NATIONAL CORP,0.013978537164147436
2025-07-01,20598,CALM,CAL MAINE FOODS INC,0.011315751129975762
2025-07-01,89653,PFS,PROVIDENT FINANCIAL SVCS INC,0.010165302498785247
2025-07-01,82702,AMRX,AMNEAL PHARMACEUTICALS INC,0.008744459714704268
2025-07-01,14495,ATEN,A10 NETWORKS INC,0.014190886637403522
2025-07-01,85741,HOPE,HOPE BANCORP INC,0.011992985213154726
2025-07-01,79906,INCY,INCYTE CORP,0.008638240025720764
2025-07-01,47941,TGNA,TEGNA INC,0.012839386119687456
2025-07-01,89964,NNI,NELNET INC,0.01835192601224039
2025-07-01,17929,UGI,U G I CORP NEW,0.018380607833027925
2025-07-01,19433,MP,M P MATERIALS CORP,0.0038554728916351507
2025-07-01,20057,VTRS,VIATRIS INC,0.01326189651340417
2025-07-01,88446,ILMN,ILLUMINA INC,0.014192226810839294
2025-07-01,91095,LQDT,LIQUIDITY SERVICES INC,0.011224642946080448
2025-07-01,15302,VIRT,VIRTU FINANCIAL INC,0.014707292924214138
2025-07-01,81254,SNEX,STONEX GROUP INC,0.01631644598647688
2025-07-01,14440,TVTX,TRAVERE THERAPEUTICS INC,0.007508788801155779
2025-07-01,42200,RVTY,REVVITY INC,0.012399100887197893
2025-07-01,85621,MTD,METTLER TOLEDO INTERNATIONAL INC,0.013595386010001417
2025-07-01,90856,ATRC,ATRICURE INC,0.011448565702281945
2025-07-01,15534,NTRA,NATERA INC,0.011512806151566512
2025-07-01,12905,SXC,SUNCOKE ENERGY INC,0.010043071649726577
2025-07-01,72726,STT,STATE STREET CORP,0.017103720579757703
2025-07-01,70519,C,CITIGROUP INC,0.017621872653186425
2025-07-01,16829,RDFN,REDFIN CORP,0.007929089774620684
2025-07-01,20894,APP,APPLOVIN CORP,0.005689394080738719
2025-07-01,24972,RBRK,RUBRIK INC,0.006958358171918527
2025-07-01,19200,SDGR,SCHRODINGER INC,0.004898885415286156
2025-07-01,21026,AVAH,AVEANNA HEALTHCARE HOLDINGS INC,0.008469262569314025
2025-07-01,13967,PTCT,P T C THERAPEUTICS INC,0.014756314788684912
2025-07-01,18938,HIMS,HIMS & HERS HEALTH INC,0.0038554728916351507
2025-07-01,23439,MBLY,MOBILEYE GLOBAL INC,0.0049321005361725795
2025-07-01,79866,RDUS,RADIUS RECYCLING INC,0.018380607833027925
2025-07-01,23944,PHIN,PHINIA INC,0.012473796765877022
2025-07-01,83779,PEGA,PEGASYSTEMS INC,0.012401528353452372
2025-07-01,75905,GIII,G III APPAREL GROUP INC,0.0045504859468989646
2025-07-01,11644,CRK,COMSTOCK RESOURCES INC,0.00598883754533101
2025-07-01,89455,RUSHA,RUSH ENTERPRISES INC,0.01363560651298788
2025-07-01,21927,DJT,TRUMP MEDIA & TECH GRP CORP,-0.008199893968048556
2025-07-01,91611,FSLR,FIRST SOLAR INC,-0.0043826737358037176
2025-07-01,25773,PRMB,PRIMO BRANDS CORP,-0.012323419545851871
2025-07-01,25244,LINE,LINEAGE INC,-0.01258013191805399
2025-07-01,16680,QXO,Q X O INC,-0.004673604410712748
2025-07-01,21619,OKLO,OKLO INC,-0.0029338823875142577
2025-07-01,15058,SLNO,SOLENO THERAPEUTICS INC,-0.012904897411796401
2025-07-01,23978,SVV,SAVERS VALUE VILLAGE INC,-0.007712284953643084
2025-07-01,20464,EVEX,EVE HOLDING INC,-0.003997024511299001
2025-07-01,19849,SMMT,SUMMIT THERAPEUTICS INC,-0.004540352248839515
2025-07-01,23730,MLYS,MINERALYS THERAPEUTICS INC,-0.008728256214557431
2025-07-01,22220,NN,NEXTNAV INC,-0.006533208610747025
2025-07-01,19655,STEP,STEPSTONE GROUP INC,-0.014021651882934357
2025-07-01,16171,KNSL,KINSALE CAPITAL GROUP INC,-0.014249099448147394
2025-07-01,25243,OS,ONESTREAM INC,-0.010660056570393893
2025-07-01,14811,FWONK,LIBERTY MEDIA CORP 3RD NEW,-0.019045894606353826
2025-07-01,89626,CME,C M E GROUP INC,-0.019045894606353826
2025-07-01,17683,CLBK,COLUMBIA FINANCIAL INC,-0.01555404709286154
2025-07-01,25147,FUN,SIX FLAGS ENTERTAINMENT CORP NEW,-0.010675816361382047
2025-07-01,90505,LVS,LAS VEGAS SANDS CORP,-0.010066093071169626
2025-07-01,21596,NABL,N ABLE INC,-0.010608906330327223
2025-07-01,83509,FCN,F T I CONSULTING INC,-0.019045894606353826
2025-07-01,21415,S,SENTINELONE INC,-0.012049939894032267
2025-07-01,83976,ANF,ABERCROMBIE & FITCH CO,-0.009435783874040957
2025-07-01,21207,NEM,NEWMONT CORP,-0.0092602275448903
2025-07-01,86719,EWBC,EAST WEST BANCORP INC,-0.014718391406980046
2025-07-01,18776,IMVT,IMMUNOVANT INC,-0.008682554475317796
2025-07-01,16005,SYRE,SPYRE THERAPEUTICS INC,-0.005494292111318662
2025-07-01,19484,PCVX,VAXCYTE INC,-0.007872779598739192
2025-07-01,19002,BWIN,BALDWIN INSURANCE GROUP INC,-0.007604073012129189
2025-07-01,90126,CYTK,CYTOKINETICS INC,-0.010416051041533926
2025-07-01,21747,NUVL,NUVALENT INC,-0.010599054762588116
2025-07-01,21342,VERA,VERA THERAPEUTICS INC,-0.0029338823875142577
2025-07-01,18835,DKNG,DRAFTKINGS INC,-0.008177845014244421
2025-07-01,18770,BBIO,BRIDGEBIO PHARMA INC,-0.009267910813897523
2025-07-01,14708,VRDN,VIRIDIAN THERAPEUTICS INC,-0.008953275068709425
2025-07-01,25239,WBTN,WEBTOON ENTERTAINMENT INC,-0.007669882180585945
2025-07-01,57904,AFL,AFLAC INC,-0.019045894606353826
2025-07-01,38093,AJG,GALLAGHER ARTHUR J & CO,-0.016172618955321114
2025-07-01,20930,SOC,SABLE OFFSHORE CORP,-0.004969958292772005
2025-07-01,71175,UNM,UNUM GROUP,-0.018771150844945853
2025-07-01,17104,APLS,APELLIS PHARMACEUTICALS INC,-0.006216184306390835
2025-07-01,18772,AKRO,AKERO THERAPEUTICS INC,-0.011598521758872438
2025-07-01,24085,LLYVK,LIBERTY MEDIA CORP 3RD NEW,-0.014215699647638953
2025-07-01,15303,VKTX,VIKING THERAPEUTICS INC,-0.00603585630262691
2025-07-01,24964,PACS,PACS GROUP INC,-0.004398323047959114
2025-07-01,24023,BATRK,ATLANTA BRAVES HOLDINGS INC,-0.013995172330889578
2025-07-01,91907,SMCI,SUPER MICRO COMPUTER INC,-0.005161186432099805
2025-07-01,16182,PI,IMPINJ INC,-0.010291101295073542
2025-07-01,89297,CCOI,COGENT COMMUNICATIONS HLDS INC,-0.015780238685603642
2025-07-01,22268,SG,SWEETGREEN INC,-0.005505937908084771
2025-07-01,18656,IDYA,IDEAYA BIOSCIENCES INC,-0.009179363745768592
2025-07-01,19628,IRON,DISC MEDICINE INC,-0.008234448031712157
2025-07-01,19201,RVMD,REVOLUTION MEDICINES INC,-0.011967380808102428
2025-07-01,14813,MARA,MARA HOLDINGS INC,-0.006765706334830004
2025-07-01,19986,PRAX,PRAXIS PRECISION MEDICINES INC,-0.009094222789130867
2025-07-01,19313,ELVN,ENLIVEN THERAPEUTICS INC,-0.003934186623849353
2025-07-01,17959,CRNX,CRINETICS PHARMACEUTICALS INC,-0.011316573704355593
2025-07-01,86211,MSTR,MICROSTRATEGY INC,-0.009944665478523872
2025-07-01,19187,CLSK,CLEANSPARK INC,-0.004702841841924844
2025-07-01,23054,SOUN,SOUNDHOUND AI INC,-0.005855613652718291
2025-07-01,22618,TPG,T P G INC,-0.013878460559425982
2025-07-01,19076,ASTS,A S T SPACEMOBILE INC,-0.00419165468636192
2025-07-01,24966,CTRI,CENTURI HOLDINGS INC,-0.008142773283621138
2025-07-01,24875,ALAB,ASTERA LABS INC,-0.005039060414347168
2025-07-01,89301,GME,GAMESTOP CORP NEW,-0.004188247716456623
2025-07-01,19489,PCT,PURECYCLE TECHNOLOGIES INC,-0.004433592632804741
2025-07-01,27422,CLF,CLEVELAND CLIFFS INC NEW,-0.0035962905381297285
2025-07-01,23263,QBTS,D WAVE QUANTUM INC,-0.004829759009374821
2025-07-01,89986,APLD,APPLIED DIGITAL CORP,-0.0029338823875142577
2025-07-01,15535,OLLI,OLLIES BARGAIN OUTLET HLD INC,-0.00866654287218994
2025-07-01,86228,RSG,REPUBLIC SERVICES INC,-0.019045894606353826
2025-07-01,92213,RIOT,RIOT PLATFORMS INC,-0.004991711665907259
2025-07-01,16318,ELF,E L F BEAUTY INC,-0.010964818653489403
2025-07-01,77366,MODG,TOPGOLF CALLAWAY BRANDS CORP,-0.005130787514487797
2025-07-01,16649,OKTA,OKTA INC,-0.016670872736414735
2025-07-01,19070,ETNB,89BIO INC,-0.00840555800138307
2025-07-01,24698,CORZ,CORE SCIENTIFIC INC NEW,-0.0029397756739030934
2025-07-01,24064,APGE,APOGEE THERAPEUTICS INC,-0.007058500835072087
2025-07-01,21029,RUM,RUMBLE INC,-0.0071544733160629585
2025-07-01,24655,HUT,HUT 8 CORP,-0.00428657191051895
2025-07-01,76838,PRA,PROASSURANCE CORP,-0.019045894606353826
2025-07-01,22087,INFA,INFORMATICA INC,-0.019045894606353826
2025-07-01,24967,IBTA,IBOTTA INC,-0.009779875368805743
2025-07-01,19825,DYN,DYNE THERAPEUTICS INC,-0.004008168992556426
2025-07-01,25181,LB,LANDBRIDGE COMPANY LLC,-0.011114866499614113
2025-07-01,23147,IE,IVANHOE ELECTRIC INC,-0.0054821857262117345
2025-07-01,18735,GO,GROCERY OUTLET HOLDING CORP,-0.009345535282584982
2025-07-01,84348,VSAT,VIASAT INC,-0.005070410747573061
2025-07-01,21007,RGTI,RIGETTI COMPUTING INC,-0.004820589227713243
2025-07-01,21053,BBAI,BIGBEAR AI HOLDINGS INC,-0.0029338823875142577
2025-07-01,19599,QS,QUANTUMSCAPE CORP,-0.0029338823875142577
2025-07-01,92108,BX,BLACKSTONE INC,-0.013629082579179415
2025-07-01,79747,AUB,ATLANTIC UNION BANKSHARES CORP,-0.014139711114542227
2025-07-01,77526,RNST,RENASANT CORP,-0.01568509063907517
2025-07-01,20750,CWT,CALIFORNIA WATER SERVICE GROUP,-0.019045894606353826
2025-07-01,21928,IDA,IDACORP INC,-0.019045894606353826
2025-07-01,16653,HCC,WARRIOR MET COAL INC,-0.007838381506072908
2025-07-01,76661,IONS,IONIS PHARMACEUTICALS INC,-0.013180463845968904
2025-07-01,18575,PSN,PARSONS CORP,-0.010828021468314504
2025-08-01,91659,ALGT,ALLEGIANT TRAVEL CO,0.0056333700067116846
2025-08-01,19200,SDGR,SCHRODINGER INC,0.008462012919759435
2025-08-01,18769,ADPT,ADAPTIVE BIOTECHNOLOGIES CORP,0.010873432898117381
2025-08-01,19956,WGS,GENEDX HOLDINGS CORP,0.005025070008424126
2025-08-01,79499,INOD,INNODATA INC,0.005460640025116805
2025-08-01,22977,EE,EXCELERATE ENERGY INC,0.011138916193619657
2025-08-01,80306,BCRX,BIOCRYST PHARMACEUTICALS INC,0.01438121363203443
2025-08-01,18938,HIMS,HIMS & HERS HEALTH INC,0.004726237879543863
2025-08-01,13967,PTCT,P T C THERAPEUTICS INC,0.007608263250681291
2025-08-01,82670,TGTX,T G THERAPEUTICS INC,0.009189912651408413
2025-08-01,75070,WKC,WORLD KINECT CORP,0.018643481400351616
2025-08-01,12583,PCRX,PACIRA BIOSCIENCES INC,0.012023206033728685
2025-08-01,20975,DAVE,DAVE INC,0.004693619790824413
2025-08-01,20894,APP,APPLOVIN CORP,0.0081814497454981
2025-08-01,20661,ALHC,ALIGNMENT HEALTHCARE INC,0.00641596680798087
2025-08-01,20178,RKLB,ROCKET LAB CORP,0.004970137604714238
2025-08-01,84275,UNFI,UNITED NATURAL FOODS INC,0.007246202121673206
2025-08-01,14239,COMM,COMMSCOPE HOLDING CO INC,0.0065491243877328215
2025-08-01,22976,WBD,WARNER BROS DISCOVERY INC,0.01078531854833454
2025-08-01,16673,KNTK,KINETIK HOLDINGS INC,0.011397867634273556
2025-08-01,21723,HOOD,ROBINHOOD MARKETS INC,0.007853145319646178
2025-08-01,11644,CRK,COMSTOCK RESOURCES INC,0.005408530475713538
2025-08-01,24972,RBRK,RUBRIK INC,0.0076115332210968485
2025-08-01,23439,MBLY,MOBILEYE GLOBAL INC,0.007722202407494157
2025-08-01,24459,PBI,PITNEY BOWES INC,0.007651053765239007
2025-08-01,16499,PK,PARK HOTELS & RESORTS INC,0.011304535756916425
2025-08-01,92570,DAN,DANA INC,0.017902739043407615
2025-08-01,89134,OVV,OVINTIV INC,0.010349460258303881
2025-08-01,86819,ATLC,ATLANTICUS HOLDINGS CORP,0.010596065326691424
2025-08-01,87812,SLAB,SILICON LABORATORIES INC,0.008884576658255896
2025-08-01,16648,SNDR,SCHNEIDER NATIONAL INC,0.011957674944866345
2025-08-01,11891,MGM,M G M RESORTS INTERNATIONAL,0.009722370091290117
2025-08-01,17684,AHCO,ADAPTHEALTH CORP,0.010817777971244875
2025-08-01,15831,AXSM,AXSOME THERAPEUTICS INC,0.009934587863263747
2025-08-01,21020,AAL,AMERICAN AIRLINES GROUP INC,0.006160471364142169
2025-08-01,14229,OMF,ONEMAIN HOLDINGS INC,0.018621392165702143
2025-08-01,14169,PINC,PREMIER INC,0.018643481400351616
2025-08-01,89482,BANC,BANC OF CALIFORNIA INC,0.012069820694281563
2025-08-01,80169,AGM,FEDERAL AGRICULTURAL MORT CORP,0.009631647610149357
2025-08-01,16655,CVNA,CARVANA CO,0.005897254132943067
2025-08-01,63773,TDS,TELEPHONE & DATA SYSTEMS INC,0.00891114339018775
2025-08-01,85860,BRKL,BROOKLINE BANCORP INC,0.015001112062900765
2025-08-01,83774,OCFC,OCEANFIRST FINANCIAL CORP,0.012777137922219274
2025-08-01,60986,NWL,NEWELL BRANDS INC,0.0070863159248837895
2025-08-01,12515,BKU,BANKUNITED INC,0.01283931351300297
2025-08-01,22027,JXN,JACKSON FINANCIAL INC,0.013114887805844775
2025-08-01,20196,UPST,UPSTART HOLDINGS INC,0.007735042539081131
2025-08-01,86820,CFFN,CAPITOL FEDERAL FINANCIAL INC,0.01726953628409254
2025-08-01,17949,BE,BLOOM ENERGY CORP,0.004693619790824413
2025-08-01,21614,DUOL,DUOLINGO INC,0.010272029659488794
2025-08-01,91855,SFNC,SIMMONS 1ST NATIONAL CORP,0.013747710784773881
2025-08-01,19788,PLTR,PALANTIR TECHNOLOGIES INC,0.011501947263033177
2025-08-01,79866,RDUS,RADIUS RECYCLING INC,0.018643481400351616
2025-08-01,86822,EXTR,EXTREME NETWORKS INC,0.016849997860790056
2025-08-01,15332,CWEN,CLEARWAY ENERGY INC,0.016728003236049255
2025-08-01,28804,ALK,ALASKA AIRGROUP INC,0.008322226340087661
2025-08-01,89964,NNI,NELNET INC,0.018643481400351616
2025-08-01,14960,ENVA,ENOVA INTERNATIONAL INC,0.01174509443453985
2025-08-01,79906,INCY,INCYTE CORP,0.008614347545909663
2025-08-01,15119,WK,WORKIVA INC,0.011822615077143332
2025-08-01,85741,HOPE,HOPE BANCORP INC,0.011949900847277945
2025-08-01,89653,PFS,PROVIDENT FINANCIAL SVCS INC,0.013278372145212351
2025-08-01,79879,VIAV,VIAVI SOLUTIONS INC,0.018643481400351616
2025-08-01,89455,RUSHA,RUSH ENTERPRISES INC,0.010403207809770344
2025-08-01,82702,AMRX,AMNEAL PHARMACEUTICALS INC,0.016524968150168934
2025-08-01,17929,UGI,U G I CORP NEW,0.018385011515418614
2025-08-01,47941,TGNA,TEGNA INC,0.014622948856651363
2025-08-01,75320,USM,UNITED STATES CELLULAR CORP,0.011196712427734783
2025-08-01,86233,LEU,CENTRUS ENERGY CORP,0.004693619790824413
2025-08-01,15534,NTRA,NATERA INC,0.009914807714065003
2025-08-01,78081,LGND,LIGAND PHARMACEUTICALS INC,0.007595758537331084
2025-08-01,76128,VICR,VICOR CORP,0.005108264148409442
2025-08-01,89031,AXON,AXON ENTERPRISE INC,0.007919189765437347
2025-08-01,10421,SKYW,SKYWEST INC,0.01171364158593131
2025-08-01,49015,LNC,LINCOLN NATIONAL CORP,0.008199754437811912
2025-08-01,18940,PTON,PELOTON INTERACTIVE INC,0.004693619790824413
2025-08-01,14495,ATEN,A10 NETWORKS INC,0.014302352525505917
2025-08-01,15302,VIRT,VIRTU FINANCIAL INC,0.01241216133614283
2025-08-01,81254,SNEX,STONEX GROUP INC,0.01396460914395807
2025-08-01,75905,GIII,G III APPAREL GROUP INC,0.01323821352111533
2025-08-01,20057,VTRS,VIATRIS INC,0.012312947769115054
2025-08-01,23944,PHIN,PHINIA INC,0.010652851963022214
2025-08-01,85621,MTD,METTLER TOLEDO INTERNATIONAL INC,0.012658755801732266
2025-08-01,20598,CALM,CAL MAINE FOODS INC,0.005774705771775634
2025-08-01,90856,ATRC,ATRICURE INC,0.0067877276628248925
2025-08-01,16007,NAGE,NIAGEN BIOSCIENCE INC,0.006083363766449326
2025-08-01,89952,CMP,COMPASS MINERALS INTL INC,0.010259471388139908
2025-08-01,17908,XERS,XERIS BIOPHARMA HOLDINGS INC,0.007162699403685889
2025-08-01,19851,ARRY,ARRAY TECHNOLOGIES INC,0.0047870319246462265
2025-08-01,20663,TDUP,THREDUP INC,0.004697076616093253
2025-08-01,13939,PSIX,POWER SOLUTIONS INTL INC,0.004693619790824413
2025-08-01,82779,NVAX,NOVAVAX INC,0.00725836757675932
2025-08-01,25487,CAR,AVIS BUDGET GROUP INC,0.00573578688408767
2025-08-01,92220,MASI,MASIMO CORP,0.012815134436166472
2025-08-01,34673,NPKI,N P K INTERNATIONAL INC,0.015915742475111384
2025-08-01,16432,GT,GOODYEAR TIRE & RUBBER CO,0.008651447864974305
2025-08-01,16816,BHF,BRIGHTHOUSE FINANCIAL INC,0.008771647347738122
2025-08-01,93035,SEM,SELECT MEDICAL HOLDINGS CORP,0.01420214167546298
2025-08-01,19838,EVLV,EVOLV TECHNOLOGIES HOLDINGS INC,0.007919359952873975
2025-08-01,10382,ASTE,ASTEC INDUSTRIES INC,0.015739774215997995
2025-08-01,91611,FSLR,FIRST SOLAR INC,-0.00719112425422151
2025-08-01,21927,DJT,TRUMP MEDIA & TECH GRP CORP,-0.009499964696372893
2025-08-01,21619,OKLO,OKLO INC,-0.004499253348842818
2025-08-01,21053,BBAI,BIGBEAR AI HOLDINGS INC,-0.003953544484395656
2025-08-01,19599,QS,QUANTUMSCAPE CORP,-0.0033950791343750953
2025-08-01,16680,QXO,Q X O INC,-0.014178640790264386
2025-08-01,25773,PRMB,PRIMO BRANDS CORP,-0.01410033028777774
2025-08-01,21415,S,SENTINELONE INC,-0.008617734730224862
2025-08-01,19849,SMMT,SUMMIT THERAPEUTICS INC,-0.004558488713889694
2025-08-01,15058,SLNO,SOLENO THERAPEUTICS INC,-0.009164057476574285
2025-08-01,20464,EVEX,EVE HOLDING INC,-0.005315783784884931
2025-08-01,25147,FUN,SIX FLAGS ENTERTAINMENT CORP NEW,-0.008005083528339781
2025-08-01,22220,NN,NEXTNAV INC,-0.011409146578604057
2025-08-01,90505,LVS,LAS VEGAS SANDS CORP,-0.01095131012558606
2025-08-01,83976,ANF,ABERCROMBIE & FITCH CO,-0.009131534343696898
2025-08-01,19655,STEP,STEPSTONE GROUP INC,-0.013327288008594963
2025-08-01,23730,MLYS,MINERALYS THERAPEUTICS INC,-0.007286703146141728
2025-08-01,89626,CME,C M E GROUP INC,-0.01919789884030981
2025-08-01,21928,IDA,IDACORP INC,-0.01919789884030981
2025-08-01,25243,OS,ONESTREAM INC,-0.01301816780072135
2025-08-01,16653,HCC,WARRIOR MET COAL INC,-0.005202998928186074
2025-08-01,14811,FWONK,LIBERTY MEDIA CORP 3RD NEW,-0.01884485451962609
2025-08-01,25244,LINE,LINEAGE INC,-0.014580102790482418
2025-08-01,22268,SG,SWEETGREEN INC,-0.0049104119440153745
2025-08-01,21596,NABL,N ABLE INC,-0.014147068173375691
2025-08-01,16182,PI,IMPINJ INC,-0.004118701994066068
2025-08-01,86211,MSTR,MICROSTRATEGY INC,-0.0072699398515337745
2025-08-01,83509,FCN,F T I CONSULTING INC,-0.017019212760986686
2025-08-01,18776,IMVT,IMMUNOVANT INC,-0.008310712282375982
2025-08-01,16005,SYRE,SPYRE THERAPEUTICS INC,-0.00657197485875258
2025-08-01,19484,PCVX,VAXCYTE INC,-0.009182821926563747
2025-08-01,92108,BX,BLACKSTONE INC,-0.0127545575388516
2025-08-01,18770,BBIO,BRIDGEBIO PHARMA INC,-0.012831090327847997
2025-08-01,18772,AKRO,AKERO THERAPEUTICS INC,-0.011646339879600705
2025-08-01,14813,MARA,MARA HOLDINGS INC,-0.005144369596622087
2025-08-01,21747,NUVL,NUVALENT INC,-0.01115282756732369
2025-08-01,90126,CYTK,CYTOKINETICS INC,-0.009571797243320744
2025-08-01,14708,VRDN,VIRIDIAN THERAPEUTICS INC,-0.007988620776454259
2025-08-01,18575,PSN,PARSONS CORP,-0.01919789884030981
2025-08-01,19076,ASTS,A S T SPACEMOBILE INC,-0.006026381259644803
2025-08-01,19187,CLSK,CLEANSPARK INC,-0.005752136445822343
2025-08-01,17104,APLS,APELLIS PHARMACEUTICALS INC,-0.00544418507108556
2025-08-01,19002,BWIN,BALDWIN INSURANCE GROUP INC,-0.01138471984615653
2025-08-01,23054,SOUN,SOUNDHOUND AI INC,-0.004936478540905223
2025-08-01,24964,PACS,PACS GROUP INC,-0.01048912039589522
2025-08-01,19628,IRON,DISC MEDICINE INC,-0.010664475604596583
2025-08-01,17683,CLBK,COLUMBIA FINANCIAL INC,-0.013216382429093992
2025-08-01,57904,AFL,AFLAC INC,-0.01919789884030981
2025-08-01,15303,VKTX,VIKING THERAPEUTICS INC,-0.008414837358009884
2025-08-01,21342,VERA,VERA THERAPEUTICS INC,-0.010349276527831302
2025-08-01,38093,AJG,GALLAGHER ARTHUR J & CO,-0.014051945861364198
2025-08-01,24085,LLYVK,LIBERTY MEDIA CORP 3RD NEW,-0.014880584731669415
2025-08-01,25239,WBTN,WEBTOON ENTERTAINMENT INC,-0.009790535224601708
2025-08-01,89297,CCOI,COGENT COMMUNICATIONS HLDS INC,-0.00948866989501299
2025-08-01,91907,SMCI,SUPER MICRO COMPUTER INC,-0.007008941439366582
2025-08-01,19986,PRAX,PRAXIS PRECISION MEDICINES INC,-0.007492666624381126
2025-08-01,20750,CWT,CALIFORNIA WATER SERVICE GROUP,-0.01919789884030981
2025-08-01,19201,RVMD,REVOLUTION MEDICINES INC,-0.013462128396580111
2025-08-01,19313,ELVN,ENLIVEN THERAPEUTICS INC,-0.005968934065520845
2025-08-01,16171,KNSL,KINSALE CAPITAL GROUP INC,-0.015408870728382146
2025-08-01,20930,SOC,SABLE OFFSHORE CORP,-0.003412929347485676
2025-08-01,18656,IDYA,IDEAYA BIOSCIENCES INC,-0.007603047037674232
2025-08-01,17959,CRNX,CRINETICS PHARMACEUTICALS INC,-0.0075559303432951586
2025-08-01,24655,HUT,HUT 8 CORP,-0.0062093281978376465
2025-08-01,23263,QBTS,D WAVE QUANTUM INC,-0.0041788622586046015
2025-08-01,19489,PCT,PURECYCLE TECHNOLOGIES INC,-0.006919366429999867
2025-08-01,86228,RSG,REPUBLIC SERVICES INC,-0.015473332806464662
2025-08-01,24023,BATRK,ATLANTA BRAVES HOLDINGS INC,-0.01919789884030981
2025-08-01,24875,ALAB,ASTERA LABS INC,-0.004513419444156674
2025-08-01,92213,RIOT,RIOT PLATFORMS INC,-0.007198143379045502
2025-08-01,18835,DKNG,DRAFTKINGS INC,-0.011197761526918426
2025-08-01,21207,NEM,NEWMONT CORP,-0.009361466058970615
2025-08-01,24698,CORZ,CORE SCIENTIFIC INC NEW,-0.005119249269523491
2025-08-01,22618,TPG,T P G INC,-0.014354944589533023
2025-08-01,71175,UNM,UNUM GROUP,-0.00849441854567831
2025-08-01,16649,OKTA,OKTA INC,-0.012133707580961866
2025-08-01,24064,APGE,APOGEE THERAPEUTICS INC,-0.005068634652624483
2025-08-01,19070,ETNB,89BIO INC,-0.009089175479940037
2025-08-01,21007,RGTI,RIGETTI COMPUTING INC,-0.0033950791343750953
2025-08-01,89986,APLD,APPLIED DIGITAL CORP,-0.0033950791343750953
2025-08-01,27422,CLF,CLEVELAND CLIFFS INC NEW,-0.0051472782542885485
2025-08-01,23978,SVV,SAVERS VALUE VILLAGE INC,-0.008753396961558968
2025-08-01,23147,IE,IVANHOE ELECTRIC INC,-0.004742923347800368
2025-08-01,19825,DYN,DYNE THERAPEUTICS INC,-0.004732856640335929
2025-08-01,21029,RUM,RUMBLE INC,-0.00747307487023738
2025-08-01,18735,GO,GROCERY OUTLET HOLDING CORP,-0.012125417191025828
2025-08-01,24966,CTRI,CENTURI HOLDINGS INC,-0.016684402446634217
2025-08-01,76661,IONS,IONIS PHARMACEUTICALS INC,-0.009310270448198595
2025-08-01,22087,INFA,INFORMATICA INC,-0.01919789884030981
2025-08-01,21090,RCAT,RED CAT HOLDINGS INC,-0.0033950791343750953
2025-08-01,84819,SBET,SHARPLINK GAMING INC,-0.0033950791343750953
2025-08-01,20295,CIFR,CIPHER MINING INC,-0.004451189294996185
2025-08-01,87759,WULF,TERAWULF INC,-0.005035975193258032
2025-08-01,76712,AES,A E S CORP,-0.005144238217510828
2025-08-01,79698,IT,GARTNER INC,-0.018480067569836806
2025-08-01,17372,COGT,COGENT BIOSCIENCES INC,-0.004732843709849489
2025-08-01,16968,MDB,MONGODB INC,-0.010772730263266557
2025-08-01,54148,PHM,PULTE GROUP INC,-0.007742108095342348
2025-08-01,12366,BAH,BOOZ ALLEN HAMILTON HOLDING CORP,-0.011873467551281136
2025-08-01,77415,NBTB,N B T BANCORP INC,-0.013760467952271128
2025-09-01,16007,NAGE,NIAGEN BIOSCIENCE INC,0.008856806108280069
2025-09-01,18769,ADPT,ADAPTIVE BIOTECHNOLOGIES CORP,0.008786803524735834
2025-09-01,19200,SDGR,SCHRODINGER INC,0.010699762484229122
2025-09-01,17908,XERS,XERIS BIOPHARMA HOLDINGS INC,0.005527992805689112
2025-09-01,80306,BCRX,BIOCRYST PHARMACEUTICALS INC,0.009165348217430539
2025-09-01,79499,INOD,INNODATA INC,0.005453260480341181
2025-09-01,18938,HIMS,HIMS & HERS HEALTH INC,0.006525384726309617
2025-09-01,19956,WGS,GENEDX HOLDINGS CORP,0.008001892846108355
2025-09-01,19851,ARRY,ARRAY TECHNOLOGIES INC,0.0046238342861667815
2025-09-01,22977,EE,EXCELERATE ENERGY INC,0.016180397241494674
2025-09-01,89952,CMP,COMPASS MINERALS INTL INC,0.009366304743275034
2025-09-01,20663,TDUP,THREDUP INC,0.006523243143053821
2025-09-01,84275,UNFI,UNITED NATURAL FOODS INC,0.01009281169175822
2025-09-01,82670,TGTX,T G THERAPEUTICS INC,0.006081656512782361
2025-09-01,16499,PK,PARK HOTELS & RESORTS INC,0.011346672495386121
2025-09-01,13939,PSIX,POWER SOLUTIONS INTL INC,0.0046238342861667815
2025-09-01,75070,WKC,WORLD KINECT CORP,0.012280269417083278
2025-09-01,20975,DAVE,DAVE INC,0.004851566180388021
2025-09-01,34673,NPKI,N P K INTERNATIONAL INC,0.014358989163822916
2025-09-01,20661,ALHC,ALIGNMENT HEALTHCARE INC,0.010330534355854125
2025-09-01,91659,ALGT,ALLEGIANT TRAVEL CO,0.005501987908235547
2025-09-01,25487,CAR,AVIS BUDGET GROUP INC,0.011358349309217074
2025-09-01,11644,CRK,COMSTOCK RESOURCES INC,0.009966043971148886
2025-09-01,89134,OVV,OVINTIV INC,0.013988706151112144
2025-09-01,16432,GT,GOODYEAR TIRE & RUBBER CO,0.005909856065453833
2025-09-01,20178,RKLB,ROCKET LAB CORP,0.007625198589072243
2025-09-01,14169,PINC,PREMIER INC,0.012105644643501707
2025-09-01,16816,BHF,BRIGHTHOUSE FINANCIAL INC,0.015373765714069914
2025-09-01,93035,SEM,SELECT MEDICAL HOLDINGS CORP,0.006947117478281556
2025-09-01,20894,APP,APPLOVIN CORP,0.006449786864940288
2025-09-01,21723,HOOD,ROBINHOOD MARKETS INC,0.008117672745405665
2025-09-01,16648,SNDR,SCHNEIDER NATIONAL INC,0.013251278746172773
2025-09-01,24459,PBI,PITNEY BOWES INC,0.011523026422760775
2025-09-01,22976,WBD,WARNER BROS DISCOVERY INC,0.007649221987746054
2025-09-01,20196,UPST,UPSTART HOLDINGS INC,0.004632844159173182
2025-09-01,92570,DAN,DANA INC,0.009347725171259208
2025-09-01,24972,RBRK,RUBRIK INC,0.007086455708193024
2025-09-01,86819,ATLC,ATLANTICUS HOLDINGS CORP,0.0073204219553529406
2025-09-01,23439,MBLY,MOBILEYE GLOBAL INC,0.015519408696795873
2025-09-01,11891,MGM,M G M RESORTS INTERNATIONAL,0.014490353182714003
2025-09-01,13967,PTCT,P T C THERAPEUTICS INC,0.008109916356627375
2025-09-01,89482,BANC,BANC OF CALIFORNIA INC,0.014853082739550345
2025-09-01,17684,AHCO,ADAPTHEALTH CORP,0.007715605371655698
2025-09-01,14229,OMF,ONEMAIN HOLDINGS INC,0.01664614583568809
2025-09-01,85860,BRKL,BROOKLINE BANCORP INC,0.01408518110157845
2025-09-01,92220,MASI,MASIMO CORP,0.007810827472155779
2025-09-01,80169,AGM,FEDERAL AGRICULTURAL MORT CORP,0.01805951495262574
2025-09-01,86820,CFFN,CAPITOL FEDERAL FINANCIAL INC,0.013416732181722782
2025-09-01,63773,TDS,TELEPHONE & DATA SYSTEMS INC,0.01805951495262574
2025-09-01,17929,UGI,U G I CORP NEW,0.01805951495262574
2025-09-01,12515,BKU,BANKUNITED INC,0.0149685787408246
2025-09-01,15332,CWEN,CLEARWAY ENERGY INC,0.016871229924356645
2025-09-01,87812,SLAB,SILICON LABORATORIES INC,0.009375536534165558
2025-09-01,16673,KNTK,KINETIK HOLDINGS INC,0.0168902993493928
2025-09-01,18940,PTON,PELOTON INTERACTIVE INC,0.006146084489597891
2025-09-01,79906,INCY,INCYTE CORP,0.01570669476466504
2025-09-01,15831,AXSM,AXSOME THERAPEUTICS INC,0.0135157628064203
2025-09-01,85621,MTD,METTLER TOLEDO INTERNATIONAL INC,0.014482104499682591
2025-09-01,60986,NWL,NEWELL BRANDS INC,0.0057006739437096155
2025-09-01,21614,DUOL,DUOLINGO INC,0.004634401900263731
2025-09-01,16655,CVNA,CARVANA CO,0.009912406605448313
2025-09-01,89964,NNI,NELNET INC,0.01805951495262574
2025-09-01,21020,AAL,AMERICAN AIRLINES GROUP INC,0.0071942642521266725
2025-09-01,83774,OCFC,OCEANFIRST FINANCIAL CORP,0.013054497968526892
2025-09-01,86822,EXTR,EXTREME NETWORKS INC,0.007113179219366346
2025-09-01,75320,AD,ARRAY DIGITAL INFRASTRUCTURE INC,0.016337065280708572
2025-09-01,10382,ASTE,ASTEC INDUSTRIES INC,0.008165955285077147
2025-09-01,90856,ATRC,ATRICURE INC,0.011288744441990484
2025-09-01,79879,VIAV,VIAVI SOLUTIONS INC,0.012294468623829217
2025-09-01,19788,PLTR,PALANTIR TECHNOLOGIES INC,0.00772298911540076
2025-09-01,22027,JXN,JACKSON FINANCIAL INC,0.010757473693841587
2025-09-01,85741,HOPE,HOPE BANCORP INC,0.014387462897846447
2025-09-01,17949,BE,BLOOM ENERGY CORP,0.006209305628469019
2025-09-01,12583,PCRX,PACIRA BIOSCIENCES INC,0.011087839596991524
2025-09-01,49015,LNC,LINCOLN NATIONAL CORP,0.014506602468760003
2025-09-01,89653,PFS,PROVIDENT FINANCIAL SVCS INC,0.016207782652593754
2025-09-01,20057,VTRS,VIATRIS INC,0.012887169133495056
2025-09-01,14960,ENVA,ENOVA INTERNATIONAL INC,0.012288611782250533
2025-09-01,14495,ATEN,A10 NETWORKS INC,0.010493873023066598
2025-09-01,10421,SKYW,SKYWEST INC,0.010395243702214407
2025-09-01,82779,NVAX,NOVAVAX INC,0.0046238342861667815
2025-09-01,82702,AMRX,AMNEAL PHARMACEUTICALS INC,0.014626058411026247
2025-09-01,20598,CALM,CAL MAINE FOODS INC,0.015725104204224054
2025-09-01,89031,AXON,AXON ENTERPRISE INC,0.005952897764364158
2025-09-01,15302,VIRT,VIRTU FINANCIAL INC,0.01805951495262574
2025-09-01,19838,EVLV,EVOLV TECHNOLOGIES HOLDINGS INC,0.0099798204682505
2025-09-01,47941,TGNA,TEGNA INC,0.0046238342861667815
2025-09-01,89455,RUSHA,RUSH ENTERPRISES INC,0.012873454767396274
2025-09-01,91855,SFNC,SIMMONS 1ST NATIONAL CORP,0.018043525233714476
2025-09-01,76128,VICR,VICOR CORP,0.00901914481258732
2025-09-01,19224,AEVA,AEVA TECHNOLOGIES INC,0.0046238342861667815
2025-09-01,77175,AMSC,AMERICAN SUPERCONDUCTOR CORP,0.006329815944309072
2025-09-01,18135,GH,GUARDANT HEALTH INC,0.0069889464258358815
2025-09-01,15456,FL,FOOT LOCKER INC,0.013902126623541405
2025-09-01,21345,MQ,MARQETA INC,0.005352172613704164
2025-09-01,90029,DVAX,DYNAVAX TECHNOLOGIES CORP,0.010847541089279206
2025-09-01,78840,IAC,IAC INC,0.007899455312328038
2025-09-01,13956,GOGO,GOGO INC,0.004726133115268202
2025-09-01,79864,VSEC,V S E CORP,0.008831260797782332
2025-09-01,16044,NGVT,INGEVITY CORP,0.005387552503175649
2025-09-01,91611,FSLR,FIRST SOLAR INC,-0.0062668763036418116
2025-09-01,21927,DJT,TRUMP MEDIA & TECH GRP CORP,-0.008785735214208666
2025-09-01,16680,QXO,Q X O INC,-0.00857374296180808
2025-09-01,21415,S,SENTINELONE INC,-0.007931057483315214
2025-09-01,21053,BBAI,BIGBEAR AI HOLDINGS INC,-0.005036825993182707
2025-09-01,22220,NN,NEXTNAV INC,-0.0069602557282374125
2025-09-01,21090,RCAT,RED CAT HOLDINGS INC,-0.004898008880389995
2025-09-01,19849,SMMT,SUMMIT THERAPEUTICS INC,-0.00700196845065801
2025-09-01,84819,SBET,SHARPLINK GAMING INC,-0.00346177168248737
2025-09-01,21619,OKLO,OKLO INC,-0.005191390778937823
2025-09-01,54148,PHM,PULTE GROUP INC,-0.01271718253035975
2025-09-01,25147,FUN,SIX FLAGS ENTERTAINMENT CORP NEW,-0.005025794153154188
2025-09-01,19076,ASTS,A S T SPACEMOBILE INC,-0.007101687984627897
2025-09-01,25243,OS,ONESTREAM INC,-0.007039594288227544
2025-09-01,19599,QS,QUANTUMSCAPE CORP,-0.005948149242580006
2025-09-01,23054,SOUN,SOUNDHOUND AI INC,-0.0033341879972156206
2025-09-01,19655,STEP,STEPSTONE GROUP INC,-0.012055371712634067
2025-09-01,83976,ANF,ABERCROMBIE & FITCH CO,-0.007893618415224915
2025-09-01,89297,CCOI,COGENT COMMUNICATIONS HLDS INC,-0.004469588412441601
2025-09-01,16968,MDB,MONGODB INC,-0.0029129309986999034
2025-09-01,15058,SLNO,SOLENO THERAPEUTICS INC,-0.00829619835287346
2025-09-01,25773,PRMB,PRIMO BRANDS CORP,-0.011571113376000723
2025-09-01,24085,LLYVK,LIBERTY MEDIA CORP 3RD NEW,-0.017458071421993647
2025-09-01,16182,PI,IMPINJ INC,-0.008943069059550413
2025-09-01,79698,IT,GARTNER INC,-0.00415221765400648
2025-09-01,87759,WULF,TERAWULF INC,-0.0029088858831127487
2025-09-01,86211,MSTR,STRATEGY INC,-0.006880699124140216
2025-09-01,19002,BWIN,BALDWIN INSURANCE GROUP INC,-0.006138405150268326
2025-09-01,22268,SG,SWEETGREEN INC,-0.004726274106794828
2025-09-01,89626,CME,C M E GROUP INC,-0.0191653977745398
2025-09-01,21928,IDA,IDACORP INC,-0.0191653977745398
2025-09-01,16653,HCC,WARRIOR MET COAL INC,-0.009133972145935598
2025-09-01,21207,NEM,NEWMONT CORP,-0.01866801371801639
2025-09-01,18770,BBIO,BRIDGEBIO PHARMA INC,-0.008187167544890782
2025-09-01,90505,LVS,LAS VEGAS SANDS CORP,-0.0191653977745398
2025-09-01,14813,MARA,MARA HOLDINGS INC,-0.00952650644107832
2025-09-01,24655,HUT,HUT 8 CORP,-0.005066141497734881
2025-09-01,25239,WBTN,WEBTOON ENTERTAINMENT INC,-0.0029088858831127487
2025-09-01,23263,QBTS,D WAVE QUANTUM INC,-0.006474707461930714
2025-09-01,20930,SOC,SABLE OFFSHORE CORP,-0.008634476089483758
2025-09-01,19484,PCVX,VAXCYTE INC,-0.008808408825568907
2025-09-01,20295,CIFR,CIPHER MINING INC,-0.0044437011282597375
2025-09-01,18776,IMVT,IMMUNOVANT INC,-0.010622516590033848
2025-09-01,21007,RGTI,RIGETTI COMPUTING INC,-0.005337011774430528
2025-09-01,23730,MLYS,MINERALYS THERAPEUTICS INC,-0.007637013859047236
2025-09-01,24698,CORZ,CORE SCIENTIFIC INC NEW,-0.00781880913161331
2025-09-01,77415,NBTB,N B T BANCORP INC,-0.014751910327648603
2025-09-01,89986,APLD,APPLIED DIGITAL CORP,-0.005013696442732889
2025-09-01,17104,APLS,APELLIS PHARMACEUTICALS INC,-0.008377717095079588
2025-09-01,19187,CLSK,CLEANSPARK INC,-0.008679999562600169
2025-09-01,15303,VKTX,VIKING THERAPEUTICS INC,-0.0029088858831127487
2025-09-01,25244,LINE,LINEAGE INC,-0.010898232783507125
2025-09-01,18772,AKRO,AKERO THERAPEUTICS INC,-0.010006837563841848
2025-09-01,91907,SMCI,SUPER MICRO COMPUTER INC,-0.005833259047982268
2025-09-01,92108,BX,BLACKSTONE INC,-0.017568545726643035
2025-09-01,12366,BAH,BOOZ ALLEN HAMILTON HOLDING CORP,-0.0191653977745398
2025-09-01,21747,NUVL,NUVALENT INC,-0.01216006507616492
2025-09-01,86228,RSG,REPUBLIC SERVICES INC,-0.0191653977745398
2025-09-01,17372,COGT,COGENT BIOSCIENCES INC,-0.008968102698034434
2025-09-01,17683,CLBK,COLUMBIA FINANCIAL INC,-0.013810397346056217
2025-09-01,16005,SYRE,SPYRE THERAPEUTICS INC,-0.007096127985855531
2025-09-01,18735,GO,GROCERY OUTLET HOLDING CORP,-0.0029088858831127487
2025-09-01,21596,NABL,N ABLE INC,-0.00866345979726348
2025-09-01,38093,AJG,GALLAGHER ARTHUR J & CO,-0.0191653977745398
2025-09-01,24964,PACS,PACS GROUP INC,-0.011805189890037706
2025-09-01,14708,VRDN,VIRIDIAN THERAPEUTICS INC,-0.008837930428889753
2025-09-01,18575,PSN,PARSONS CORP,-0.019165397774531214
2025-09-01,19986,PRAX,PRAXIS PRECISION MEDICINES INC,-0.007904783730757464
2025-09-01,21342,VERA,VERA THERAPEUTICS INC,-0.008602025775427477
2025-09-01,19201,RVMD,REVOLUTION MEDICINES INC,-0.011489619737961728
2025-09-01,92213,RIOT,RIOT PLATFORMS INC,-0.004698096572865057
2025-09-01,24875,ALAB,ASTERA LABS INC,-0.003740866774507576
2025-09-01,19489,PCT,PURECYCLE TECHNOLOGIES INC,-0.006671458039109007
2025-09-01,19628,IRON,DISC MEDICINE INC,-0.01586844962876434
2025-09-01,19313,ELVN,ENLIVEN THERAPEUTICS INC,-0.009584802963007852
2025-09-01,20750,CWT,CALIFORNIA WATER SERVICE GROUP,-0.0191653977745398
2025-09-01,83509,FCN,F T I CONSULTING INC,-0.0191653977745398
2025-09-01,24064,APGE,APOGEE THERAPEUTICS INC,-0.009677421057676959
2025-09-01,90126,CYTK,CYTOKINETICS INC,-0.008699318277375516
2025-09-01,22618,TPG,T P G INC,-0.013476510170272162
2025-09-01,18656,IDYA,IDEAYA BIOSCIENCES INC,-0.011505358033470907
2025-09-01,23147,IE,IVANHOE ELECTRIC INC,-0.012242690669819338
2025-09-01,24023,BATRK,ATLANTA BRAVES HOLDINGS INC,-0.0191653977745398
2025-09-01,19070,ETNB,89BIO INC,-0.009343836837689063
2025-09-01,21029,RUM,RUMBLE INC,-0.009896518576043735
2025-09-01,16649,OKTA,OKTA INC,-0.012538335684096642
2025-09-01,19825,DYN,DYNE THERAPEUTICS INC,-0.008960406788748165
2025-09-01,18568,VERB,VERB TECHNOLOGY COMPANY INC,-0.0029088858831127487
2025-09-01,19312,UWMC,U W M HOLDINGS CORP,-0.006251731758644424
2025-09-01,77661,DHI,D R HORTON INC,-0.01251004231305305
2025-09-01,26178,SAIL,SAILPOINT INC,-0.007945004646502411
2025-09-01,34833,OXY,OCCIDENTAL PETROLEUM CORP,-0.0191653977745398
2025-09-01,21898,CWAN,CLEARWATER ANALYTICS HLDGS INC,-0.0082110320601249
2025-09-01,52708,LEN,LENNAR CORP,-0.012974447240446465
2025-09-01,21017,ALKT,ALKAMI TECHNOLOGY INC,-0.006764833970328141
2025-09-01,42585,SJM,SMUCKER J M CO,-0.017363249296772396
2025-09-01,75342,MTH,MERITAGE HOMES CORP,-0.010347051787524264
2025-09-01,14479,IBP,INSTALLED BUILDING PRODUCTS INC,-0.005515844986823892
2025-09-01,14716,CCS,CENTURY COMMUNITIES INC,-0.010074372375158666
2025-09-01,14317,LGIH,L G I HOMES INC,-0.006446268600073853
2025-10-01,18769,ADPT,ADAPTIVE BIOTECHNOLOGIES CORP,0.004382207363678077
2025-10-01,19200,SDGR,SCHRODINGER INC,0.008083230580838307
2025-10-01,17908,XERS,XERIS BIOPHARMA HOLDINGS INC,0.006835197717100172
2025-10-01,80306,BCRX,BIOCRYST PHARMACEUTICALS INC,0.013067147475693158
2025-10-01,18135,GH,GUARDANT HEALTH INC,0.00759806510841579
2025-10-01,19851,ARRY,ARRAY TECHNOLOGIES INC,0.005396819898227909
2025-10-01,79499,INOD,INNODATA INC,0.004294733120265684
2025-10-01,20663,TDUP,THREDUP INC,0.00532036786562418
2025-10-01,22977,EE,EXCELERATE ENERGY INC,0.011388349147709706
2025-10-01,18938,HIMS,HIMS & HERS HEALTH INC,0.00401705036136564
2025-10-01,19956,WGS,GENEDX HOLDINGS CORP,0.0065680594640525
2025-10-01,16499,PK,PARK HOTELS & RESORTS INC,0.013750435772163531
2025-10-01,20661,ALHC,ALIGNMENT HEALTHCARE INC,0.012968539177813638
2025-10-01,77175,AMSC,AMERICAN SUPERCONDUCTOR CORP,0.005603741162810409
2025-10-01,75070,WKC,WORLD KINECT CORP,0.013413575555122877
2025-10-01,20975,DAVE,DAVE INC,0.004934838020270754
2025-10-01,16432,GT,GOODYEAR TIRE & RUBBER CO,0.014942392408646747
2025-10-01,34673,NPKI,N P K INTERNATIONAL INC,0.01494365075948674
2025-10-01,89952,CMP,COMPASS MINERALS INTL INC,0.011496390889937492
2025-10-01,13939,PSIX,POWER SOLUTIONS INTL INC,0.004862437427555615
2025-10-01,89134,OVV,OVINTIV INC,0.00821245922937911
2025-10-01,25487,CAR,AVIS BUDGET GROUP INC,0.01505110226641681
2025-10-01,82670,TGTX,T G THERAPEUTICS INC,0.0077574537105750095
2025-10-01,17929,UGI,U G I CORP NEW,0.01901322199019235
2025-10-01,14169,PINC,PREMIER INC,0.007667680055665963
2025-10-01,79906,INCY,INCYTE CORP,0.01323776574149024
2025-10-01,16648,SNDR,SCHNEIDER NATIONAL INC,0.013901135252521873
2025-10-01,17684,AHCO,ADAPTHEALTH CORP,0.008183774531160608
2025-10-01,24459,PBI,PITNEY BOWES INC,0.008469926166200712
2025-10-01,92570,DAN,DANA INC,0.014649681810772286
2025-10-01,91659,ALGT,ALLEGIANT TRAVEL CO,0.007452660446303591
2025-10-01,11891,MGM,M G M RESORTS INTERNATIONAL,0.009422319023724698
2025-10-01,20894,APP,APPLOVIN CORP,0.00680244526685664
2025-10-01,15332,CWEN,CLEARWAY ENERGY INC,0.01901322199019235
2025-10-01,90029,DVAX,DYNAVAX TECHNOLOGIES CORP,0.009196690817220654
2025-10-01,84275,UNFI,UNITED NATURAL FOODS INC,0.0042878901571823365
2025-10-01,21345,MQ,MARQETA INC,0.015043150919380693
2025-10-01,20196,UPST,UPSTART HOLDINGS INC,0.005007469051751398
2025-10-01,21723,HOOD,ROBINHOOD MARKETS INC,0.0043659878743952454
2025-10-01,78840,IAC,IAC INC,0.010674772722418483
2025-10-01,24972,RBRK,RUBRIK INC,0.004051144784921827
2025-10-01,19224,AEVA,AEVA TECHNOLOGIES INC,0.004016899416496256
2025-10-01,86819,ATLC,ATLANTICUS HOLDINGS CORP,0.007144189317931321
2025-10-01,15831,AXSM,AXSOME THERAPEUTICS INC,0.00986413697432159
2025-10-01,20178,RKLB,ROCKET LAB CORP,0.004016899416496256
2025-10-01,90856,ATRC,ATRICURE INC,0.006320367580248853
2025-10-01,89482,BANC,BANC OF CALIFORNIA INC,0.016847578013958663
2025-10-01,13956,GOGO,GOGO INC,0.007155584902633139
2025-10-01,60986,NWL,NEWELL BRANDS INC,0.007286923945471809
2025-10-01,63773,TDS,TELEPHONE & DATA SYSTEMS INC,0.01214084112479539
2025-10-01,14229,OMF,ONEMAIN HOLDINGS INC,0.015824655217397468
2025-10-01,93035,SEM,SELECT MEDICAL HOLDINGS CORP,0.010038895053875266
2025-10-01,79864,VSEC,V S E CORP,0.007589446984203107
2025-10-01,21020,AAL,AMERICAN AIRLINES GROUP INC,0.012226903370424145
2025-10-01,80169,AGM,FEDERAL AGRICULTURAL MORT CORP,0.01901322199019235
2025-10-01,86820,CFFN,CAPITOL FEDERAL FINANCIAL INC,0.015379049482452462
2025-10-01,16044,NGVT,INGEVITY CORP,0.010232330292710982
2025-10-01,12515,BKU,BANKUNITED INC,0.014423490919035949
2025-10-01,85621,MTD,METTLER TOLEDO INTERNATIONAL INC,0.012424942975853255
2025-10-01,87812,SLAB,SILICON LABORATORIES INC,0.010578347596197723
2025-10-01,82702,AMRX,AMNEAL PHARMACEUTICALS INC,0.014464949875533241
2025-10-01,18940,PTON,PELOTON INTERACTIVE INC,0.006137854488443132
2025-10-01,20057,VTRS,VIATRIS INC,0.01208430178533016
2025-10-01,75320,AD,ARRAY DIGITAL INFRASTRUCTURE INC,0.015510515467235024
2025-10-01,89964,NNI,NELNET INC,0.017999178219132713
2025-10-01,86822,EXTR,EXTREME NETWORKS INC,0.010829583859263983
2025-10-01,16655,CVNA,CARVANA CO,0.008018001628711583
2025-10-01,21614,DUOL,DUOLINGO INC,0.005452853399905863
2025-10-01,92220,MASI,MASIMO CORP,0.011396244224577176
2025-10-01,85741,HOPE,HOPE BANCORP INC,0.01418160879789645
2025-10-01,83774,OCFC,OCEANFIRST FINANCIAL CORP,0.014151093218113218
2025-10-01,11644,CRK,COMSTOCK RESOURCES INC,0.008054596021562378
2025-10-01,19788,PLTR,PALANTIR TECHNOLOGIES INC,0.009286377191648128
2025-10-01,22976,WBD,WARNER BROS DISCOVERY INC,0.004016899416496256
2025-10-01,22027,JXN,JACKSON FINANCIAL INC,0.011851824883214224
2025-10-01,10421,SKYW,SKYWEST INC,0.010115120363780492
2025-10-01,89653,PFS,PROVIDENT FINANCIAL SVCS INC,0.01898869848090506
2025-10-01,17949,BE,BLOOM ENERGY CORP,0.004016899416496256
2025-10-01,12583,PCRX,PACIRA BIOSCIENCES INC,0.015065736252952997
2025-10-01,49015,LNC,LINCOLN NATIONAL CORP,0.0121374366045038
2025-10-01,20598,CALM,CAL MAINE FOODS INC,0.009567122652536064
2025-10-01,47941,TGNA,TEGNA INC,0.01901322199019235
2025-10-01,79879,VIAV,VIAVI SOLUTIONS INC,0.0159842975988605
2025-10-01,15302,VIRT,VIRTU FINANCIAL INC,0.01304292044719331
2025-10-01,14603,PAHC,PHIBRO ANIMAL HEALTH CORP,0.008222821062195077
2025-10-01,24100,SEZL,SEZZLE INC,0.007127399559253219
2025-10-01,61743,DLX,DELUXE CORP,0.013278849575512248
2025-10-01,17691,LASR,NLIGHT INC,0.007601593259730617
2025-10-01,93289,MXL,MAXLINEAR INC,0.0077728292772710405
2025-10-01,60599,LUMN,LUMEN TECHOLOGIES INC,0.004016899416496256
2025-10-01,88568,SPTN,SPARTANNASH CO,0.01901322199019235
2025-10-01,19938,ALGM,ALLEGRO MICROSYSTEMS INC,0.01180106015384837
2025-10-01,21123,PAY,PAYMENTUS HOLDINGS INC,0.007683143433821256
2025-10-01,71176,SON,SONOCO PRODUCTS CO,0.015887981714352545
2025-10-01,13921,CUBI,CUSTOMERS BANCORP INC,0.011943990412442401
2025-10-01,19184,ARQT,ARCUTIS BIOTHERAPEUTICS INC,0.007211113669462578
2025-10-01,15720,EIX,EDISON INTERNATIONAL,0.014692026290782373
2025-10-01,85627,SAH,SONIC AUTOMOTIVE INC,0.011467515152244371
2025-10-01,13249,PRLB,PROTO LABS INC,0.01256005307639352
2025-10-01,13318,YELP,YELP INC,0.018675063096240112
2025-10-01,21927,DJT,TRUMP MEDIA & TECH GRP CORP,-0.014630843451330528
2025-10-01,16680,QXO,Q X O INC,-0.009954712488441132
2025-10-01,21090,RCAT,RED CAT HOLDINGS INC,-0.003129603672424828
2025-10-01,21053,BBAI,BIGBEAR AI HOLDINGS INC,-0.0043171306014489754
2025-10-01,22220,NN,NEXTNAV INC,-0.008562607840627007
2025-10-01,19849,SMMT,SUMMIT THERAPEUTICS INC,-0.0036548857590157652
2025-10-01,19076,ASTS,A S T SPACEMOBILE INC,-0.004399374359695249
2025-10-01,19655,STEP,STEPSTONE GROUP INC,-0.009149767501125016
2025-10-01,26178,SAIL,SAILPOINT INC,-0.0077960654968788345
2025-10-01,23054,SOUN,SOUNDHOUND AI INC,-0.005687596601134206
2025-10-01,25243,OS,ONESTREAM INC,-0.011752618754742386
2025-10-01,89297,CCOI,COGENT COMMUNICATIONS HLDS INC,-0.008616559767580101
2025-10-01,25147,FUN,SIX FLAGS ENTERTAINMENT CORP NEW,-0.006225789029239093
2025-10-01,84819,SBET,SHARPLINK GAMING INC,-0.005367989685978912
2025-10-01,21898,CWAN,CLEARWATER ANALYTICS HLDGS INC,-0.01467080513005515
2025-10-01,91611,FSLR,FIRST SOLAR INC,-0.016363653814053743
2025-10-01,24085,LLYVK,LIBERTY MEDIA CORP 3RD NEW,-0.01903646429830388
2025-10-01,79698,IT,GARTNER INC,-0.011173100119716993
2025-10-01,19002,BWIN,BALDWIN INSURANCE GROUP INC,-0.01026985869681823
2025-10-01,23263,QBTS,D WAVE QUANTUM INC,-0.00428792707517557
2025-10-01,21415,S,SENTINELONE INC,-0.01031657153939101
2025-10-01,21619,OKLO,OKLO INC,-0.002932156723969588
2025-10-01,21007,RGTI,RIGETTI COMPUTING INC,-0.003991558630755601
2025-10-01,20295,CIFR,CIPHER MINING INC,-0.003061320390732123
2025-10-01,19599,QS,QUANTUMSCAPE CORP,-0.003268981807414312
2025-10-01,15058,SLNO,SOLENO THERAPEUTICS INC,-0.004189695715700186
2025-10-01,24655,HUT,HUT 8 CORP,-0.004489374053484263
2025-10-01,86211,MSTR,STRATEGY INC,-0.008383170090803745
2025-10-01,25773,PRMB,PRIMO BRANDS CORP,-0.013722366392463966
2025-10-01,89626,CME,C M E GROUP INC,-0.01903646429830388
2025-10-01,21017,ALKT,ALKAMI TECHNOLOGY INC,-0.013305342255421395
2025-10-01,22268,SG,SWEETGREEN INC,-0.007840427516810975
2025-10-01,16182,PI,IMPINJ INC,-0.008221136768876678
2025-10-01,25239,WBTN,WEBTOON ENTERTAINMENT INC,-0.002827058671804762
2025-10-01,20930,SOC,SABLE OFFSHORE CORP,-0.0032700045391015403
2025-10-01,77661,DHI,D R HORTON INC,-0.013595296754461406
2025-10-01,14813,MARA,MARA HOLDINGS INC,-0.004974636031739574
2025-10-01,24698,CORZ,CORE SCIENTIFIC INC NEW,-0.008392153621795833
2025-10-01,21207,NEM,NEWMONT CORP,-0.016454270921796996
2025-10-01,14317,LGIH,L G I HOMES INC,-0.009214838405956216
2025-10-01,21928,IDA,IDACORP INC,-0.01903646429830388
2025-10-01,89986,APLD,APPLIED DIGITAL CORP,-0.004059179603152788
2025-10-01,23730,MLYS,MINERALYS THERAPEUTICS INC,-0.0028206772385104832
2025-10-01,86228,RSG,REPUBLIC SERVICES INC,-0.01903646429830388
2025-10-01,17683,CLBK,COLUMBIA FINANCIAL INC,-0.01903646429830388
2025-10-01,16653,HCC,WARRIOR MET COAL INC,-0.007037398764063929
2025-10-01,19484,PCVX,VAXCYTE INC,-0.008558714639823651
2025-10-01,19187,CLSK,CLEANSPARK INC,-0.0043335916407064206
2025-10-01,18776,IMVT,IMMUNOVANT INC,-0.006079467133360936
2025-10-01,18770,BBIO,BRIDGEBIO PHARMA INC,-0.010966076595359883
2025-10-01,83976,ANF,ABERCROMBIE & FITCH CO,-0.010129671896209388
2025-10-01,25244,LINE,LINEAGE INC,-0.011810054214471262
2025-10-01,14716,CCS,CENTURY COMMUNITIES INC,-0.01162077133057084
2025-10-01,38093,AJG,GALLAGHER ARTHUR J & CO,-0.01903646429830388
2025-10-01,91907,SMCI,SUPER MICRO COMPUTER INC,-0.01170294218730379
2025-10-01,42585,SJM,SMUCKER J M CO,-0.013349422718114269
2025-10-01,18772,AKRO,AKERO THERAPEUTICS INC,-0.008095372304271266
2025-10-01,21747,NUVL,NUVALENT INC,-0.009121514886783734
2025-10-01,92108,BX,BLACKSTONE INC,-0.013815140527175912
2025-10-01,77415,NBTB,N B T BANCORP INC,-0.01903646429830388
2025-10-01,15303,VKTX,VIKING THERAPEUTICS INC,-0.005811378213724191
2025-10-01,22618,TPG,T P G INC,-0.012449938981894136
2025-10-01,52708,LEN,LENNAR CORP,-0.011469999006527546
2025-10-01,19201,RVMD,REVOLUTION MEDICINES INC,-0.00634599381235667
2025-10-01,21596,NABL,N ABLE INC,-0.011140368732667294
2025-10-01,75342,MTH,MERITAGE HOMES CORP,-0.01109524059870845
2025-10-01,24964,PACS,PACS GROUP INC,-0.0028206772385104832
2025-10-01,16005,SYRE,SPYRE THERAPEUTICS INC,-0.007395084838633107
2025-10-01,17372,COGT,COGENT BIOSCIENCES INC,-0.007678233510923839
2025-10-01,19986,PRAX,PRAXIS PRECISION MEDICINES INC,-0.004584584223666421
2025-10-01,21342,VERA,VERA THERAPEUTICS INC,-0.007119705793058517
2025-10-01,18575,PSN,PARSONS CORP,-0.008653847565901466
2025-10-01,17104,APLS,APELLIS PHARMACEUTICALS INC,-0.012667021605481306
2025-10-01,16649,OKTA,OKTA INC,-0.012280623992487128
2025-10-01,92213,RIOT,RIOT PLATFORMS INC,-0.004759766400143087
2025-10-01,24064,APGE,APOGEE THERAPEUTICS INC,-0.010624371474177876
2025-10-01,90505,LVS,LAS VEGAS SANDS CORP,-0.015741759285954567
2025-10-01,21029,RUM,RUMBLE INC,-0.010388407926547777
2025-10-01,54148,PHM,PULTE GROUP INC,-0.015080449310614273
2025-10-01,19489,PCT,PURECYCLE TECHNOLOGIES INC,-0.011782844739990818
2025-10-01,90126,CYTK,CYTOKINETICS INC,-0.0028206772385104832
2025-10-01,19628,IRON,DISC MEDICINE INC,-0.013591254783451492
2025-10-01,14708,VRDN,VIRIDIAN THERAPEUTICS INC,-0.007303820318314336
2025-10-01,19313,ELVN,ENLIVEN THERAPEUTICS INC,-0.006745075338819736
2025-10-01,83509,FCN,F T I CONSULTING INC,-0.01903646429830159
2025-10-01,23147,IE,IVANHOE ELECTRIC INC,-0.007698175063373119
2025-10-01,18735,GO,GROCERY OUTLET HOLDING CORP,-0.010422640773277671
2025-10-01,14479,IBP,INSTALLED BUILDING PRODUCTS INC,-0.013247626176087208
2025-10-01,20750,CWT,CALIFORNIA WATER SERVICE GROUP,-0.01903646429830388
2025-10-01,19070,ETNB,89BIO INC,-0.0028206772385104832
2025-10-01,18656,IDYA,IDEAYA BIOSCIENCES INC,-0.006021729171852519
2025-10-01,37381,FORD,FORWARD INDUSTRIES INC NY,-0.0028206772385104832
2025-10-01,19577,RKT,ROCKET COMPANIES INC,-0.00830863748931198
2025-10-01,26181,SNDK,SANDISK CORP,-0.0039531367149123085
2025-10-01,81593,COOP,MR COOPER GROUP INC,-0.00945168062771699
2025-10-01,19751,LCID,LUCID GROUP INC,-0.005161459658895968
2025-10-01,21331,AUR,AURORA INNOVATION INC,-0.00919920313028619
2025-10-01,86896,CBU,COMMUNITY FINANCIAL SYSTEM INC,-0.01634756662604326
2025-10-01,87267,BLK,BLACKROCK INC NEW,-0.01903646429830388
2025-10-01,15084,TFIN,TRIUMPH FINANCIAL INC,-0.009692990734359561
2025-11-01,18769,ADPT,ADAPTIVE BIOTECHNOLOGIES CORP,0.006286612498489952
2025-11-01,17908,XERS,XERIS BIOPHARMA HOLDINGS INC,0.007559224757018066
2025-11-01,14603,PAHC,PHIBRO ANIMAL HEALTH CORP,0.011714613452636503
2025-11-01,18135,GH,GUARDANT HEALTH INC,0.004053001605396871
2025-11-01,80306,BCRX,BIOCRYST PHARMACEUTICALS INC,0.008572804029184379
2025-11-01,18938,HIMS,HIMS & HERS HEALTH INC,0.004179595377571452
2025-11-01,19851,ARRY,ARRAY TECHNOLOGIES INC,0.004469171959021371
2025-11-01,79499,INOD,INNODATA INC,0.005078693254500256
2025-11-01,24100,SEZL,SEZZLE INC,0.007991569992298945
2025-11-01,20663,TDUP,THREDUP INC,0.008062111162210294
2025-11-01,19956,WGS,GENEDX HOLDINGS CORP,0.008538150426455391
2025-11-01,20661,ALHC,ALIGNMENT HEALTHCARE INC,0.010610594156030504
2025-11-01,17929,UGI,U G I CORP NEW,0.020760260781965405
2025-11-01,61743,DLX,DELUXE CORP,0.01553763594991049
2025-11-01,16432,GT,GOODYEAR TIRE & RUBBER CO,0.014364647228850601
2025-11-01,71176,SON,SONOCO PRODUCTS CO,0.014791506535500968
2025-11-01,16499,PK,PARK HOTELS & RESORTS INC,0.014641095386409599
2025-11-01,13939,PSIX,POWER SOLUTIONS INTL INC,0.005105399632105156
2025-11-01,77175,AMSC,AMERICAN SUPERCONDUCTOR CORP,0.005009263835102902
2025-11-01,89134,OVV,OVINTIV INC,0.012147729264317576
2025-11-01,34673,NPKI,N P K INTERNATIONAL INC,0.008772887654111012
2025-11-01,22977,EE,EXCELERATE ENERGY INC,0.010082225098067641
2025-11-01,20975,DAVE,DAVE INC,0.00578924839041432
2025-11-01,25487,CAR,AVIS BUDGET GROUP INC,0.010723193484283529
2025-11-01,75070,WKC,WORLD KINECT CORP,0.02017556528286119
2025-11-01,24459,PBI,PITNEY BOWES INC,0.008644325521358178
2025-11-01,17691,LASR,NLIGHT INC,0.006335654168851053
2025-11-01,93289,MXL,MAXLINEAR INC,0.005196521504656775
2025-11-01,82670,TGTX,T G THERAPEUTICS INC,0.01486661557976344
2025-11-01,17949,BE,BLOOM ENERGY CORP,0.004046942092051271
2025-11-01,14169,PINC,PREMIER INC,0.020760260781965405
2025-11-01,15720,EIX,EDISON INTERNATIONAL,0.014936376150329889
2025-11-01,60599,LUMN,LUMEN TECHOLOGIES INC,0.00470749796209015
2025-11-01,20894,APP,APPLOVIN CORP,0.005688279820616515
2025-11-01,17684,AHCO,ADAPTHEALTH CORP,0.01179985034070026
2025-11-01,19184,ARQT,ARCUTIS BIOTHERAPEUTICS INC,0.004046942092051271
2025-11-01,90029,DVAX,DYNAVAX TECHNOLOGIES CORP,0.01628395064867967
2025-11-01,19200,SDGR,SCHRODINGER INC,0.0052950168022117584
2025-11-01,79906,INCY,INCYTE CORP,0.01752562081649519
2025-11-01,21123,PAY,PAYMENTUS HOLDINGS INC,0.009975587279379371
2025-11-01,78840,IAC,IAC INC,0.016070805819780258
2025-11-01,11891,MGM,M G M RESORTS INTERNATIONAL,0.012836311572767427
2025-11-01,84275,UNFI,UNITED NATURAL FOODS INC,0.013510355954085014
2025-11-01,90856,ATRC,ATRICURE INC,0.012163390261815631
2025-11-01,85627,SAH,SONIC AUTOMOTIVE INC,0.006690108482095869
2025-11-01,92570,DAN,DANA INC,0.010575277570459592
2025-11-01,20057,VTRS,VIATRIS INC,0.020760260781965405
2025-11-01,21723,HOOD,ROBINHOOD MARKETS INC,0.006595248799926356
2025-11-01,19938,ALGM,ALLEGRO MICROSYSTEMS INC,0.00942962055903823
2025-11-01,86819,ATLC,ATLANTICUS HOLDINGS CORP,0.007578038935266256
2025-11-01,75320,AD,ARRAY DIGITAL INFRASTRUCTURE INC,0.020760260781965405
2025-11-01,63773,TDS,TELEPHONE & DATA SYSTEMS INC,0.020760260781965405
2025-11-01,24972,RBRK,RUBRIK INC,0.008318785271687446
2025-11-01,15831,AXSM,AXSOME THERAPEUTICS INC,0.012273981299119392
2025-11-01,14229,OMF,ONEMAIN HOLDINGS INC,0.010176731734345077
2025-11-01,13921,CUBI,CUSTOMERS BANCORP INC,0.00879201090394091
2025-11-01,86820,CFFN,CAPITOL FEDERAL FINANCIAL INC,0.011814540547152504
2025-11-01,16044,NGVT,INGEVITY CORP,0.01342188732489222
2025-11-01,80169,AGM,FEDERAL AGRICULTURAL MORT CORP,0.01453429185407265
2025-11-01,18940,PTON,PELOTON INTERACTIVE INC,0.0066973099603082654
2025-11-01,19788,PLTR,PALANTIR TECHNOLOGIES INC,0.009048445267326954
2025-11-01,85621,MTD,METTLER TOLEDO INTERNATIONAL INC,0.012182247309994341
2025-11-01,20178,RKLB,ROCKET LAB CORP,0.005862909199163242
2025-11-01,86822,EXTR,EXTREME NETWORKS INC,0.0063265653847089575
2025-11-01,12515,BKU,BANKUNITED INC,0.009099858840625896
2025-11-01,13249,PRLB,PROTO LABS INC,0.008553744112433453
2025-11-01,87812,SLAB,SILICON LABORATORIES INC,0.00889871477564143
2025-11-01,49015,LNC,LINCOLN NATIONAL CORP,0.013662825979307711
2025-11-01,82702,AMRX,AMNEAL PHARMACEUTICALS INC,0.009982069846837416
2025-11-01,89964,NNI,NELNET INC,0.019295509245342932
2025-11-01,92220,MASI,MASIMO CORP,0.01517890011699353
2025-11-01,16655,CVNA,CARVANA CO,0.005488957356882672
2025-11-01,13318,YELP,YELP INC,0.00833499270088597
2025-11-01,79864,VSEC,V S E CORP,0.012672967009070087
2025-11-01,85741,HOPE,HOPE BANCORP INC,0.01084520407445358
2025-11-01,91659,ALGT,ALLEGIANT TRAVEL CO,0.008925516908342914
2025-11-01,21614,DUOL,DUOLINGO INC,0.007192898978401075
2025-11-01,89482,BANC,BANC OF CALIFORNIA INC,0.008606240699145591
2025-11-01,13956,GOGO,GOGO INC,0.00769624220710415
2025-11-01,22027,JXN,JACKSON FINANCIAL INC,0.01285908265593346
2025-11-01,12583,PCRX,PACIRA BIOSCIENCES INC,0.01312910286013882
2025-11-01,47941,TGNA,TEGNA INC,0.020760260781965405
2025-11-01,89653,PFS,PROVIDENT FINANCIAL SVCS INC,0.01153512295337848
2025-11-01,15332,CWEN,CLEARWAY ENERGY INC,0.010193486275866187
2025-11-01,23041,NUTX,NUTEX HEALTH INC,0.004684966621655801
2025-11-01,17000,RYTM,RHYTHM PHARMACEUTICALS INC,0.01264328816828433
2025-11-01,16668,ZYME,ZYMEWORKS INC DE,0.01176263665375295
2025-11-01,77606,KSS,KOHLS CORP,0.006732286289453954
2025-11-01,76712,AES,A E S CORP,0.006115871323396088
2025-11-01,16064,NTLA,INTELLIA THERAPEUTICS INC,0.004046942092051271
2025-11-01,83233,GEF,GREIF INC,0.019046089456726714
2025-11-01,18846,MIRM,MIRUM PHARMACEUTICALS INC,0.012931938137843067
2025-11-01,89875,ANIP,A N I PHARMACEUTICALS INC,0.018489925987137168
2025-11-01,19166,FMC,F M C CORP,0.004046942092051271
2025-11-01,90386,MOS,MOSAIC CO NEW,0.009981591685353928
2025-11-01,19534,MEG,MONTROSE ENVIRONMENTAL GROUP INC,0.008949086569931758
2025-11-01,20919,PL,PLANET LABS P B C,0.00563309648940807
2025-11-01,77366,MODG,TOPGOLF CALLAWAY BRANDS CORP,0.007993857067361002
2025-11-01,15286,CDTX,CIDARA THERAPEUTICS INC,0.005689990879303328
2025-11-01,19433,MP,M P MATERIALS CORP,0.004046942092051271
2025-11-01,37381,FORD,FORWARD INDUSTRIES INC NY,-0.0037676454790831824
2025-11-01,16680,QXO,Q X O INC,-0.009827028512278518
2025-11-01,21927,DJT,TRUMP MEDIA & TECH GRP CORP,-0.01221589979270723
2025-11-01,22220,NN,NEXTNAV INC,-0.009631137066178515
2025-11-01,21053,BBAI,BIGBEAR AI HOLDINGS INC,-0.004690640298715552
2025-11-01,21090,RCAT,RED CAT HOLDINGS INC,-0.003732075900086396
2025-11-01,19076,ASTS,A S T SPACEMOBILE INC,-0.004297819254719435
2025-11-01,25243,OS,ONESTREAM INC,-0.009509272078872904
2025-11-01,19655,STEP,STEPSTONE GROUP INC,-0.011506724444300754
2025-11-01,21898,CWAN,CLEARWATER ANALYTICS HLDGS INC,-0.015155759768121892
2025-11-01,89297,CCOI,COGENT COMMUNICATIONS HLDS INC,-0.01136605149561393
2025-11-01,19849,SMMT,SUMMIT THERAPEUTICS INC,-0.008010157185401635
2025-11-01,19002,BWIN,BALDWIN INSURANCE GROUP INC,-0.008170620840441624
2025-11-01,23054,SOUN,SOUNDHOUND AI INC,-0.005875416033863389
2025-11-01,86896,CBU,COMMUNITY FINANCIAL SYSTEM INC,-0.017096483545686075
2025-11-01,25147,FUN,SIX FLAGS ENTERTAINMENT CORP NEW,-0.005494565941742834
2025-11-01,23263,QBTS,D WAVE QUANTUM INC,-0.0036388001646737262
2025-11-01,19751,LCID,LUCID GROUP INC,-0.009886680882677738
2025-11-01,84819,SBET,SHARPLINK GAMING INC,-0.0064309775619055725
2025-11-01,24085,LLYVK,LIBERTY MEDIA CORP 3RD NEW,-0.01757862897001509
2025-11-01,79698,IT,GARTNER INC,-0.011390804102719657
2025-11-01,17683,CLBK,COLUMBIA FINANCIAL INC,-0.010976209995039267
2025-11-01,25244,LINE,LINEAGE INC,-0.013251517499628423
2025-11-01,21331,AUR,AURORA INNOVATION INC,-0.009752198903398583
2025-11-01,15084,TFIN,TRIUMPH FINANCIAL INC,-0.008106605547425245
2025-11-01,21007,RGTI,RIGETTI COMPUTING INC,-0.0036388001646737262
2025-11-01,21017,ALKT,ALKAMI TECHNOLOGY INC,-0.011359403283322068
2025-11-01,25773,PRMB,PRIMO BRANDS CORP,-0.01790545327940568
2025-11-01,20295,CIFR,CIPHER MINING INC,-0.0036486947366380536
2025-11-01,86211,MSTR,STRATEGY INC,-0.007090473266388997
2025-11-01,24655,HUT,HUT 8 CORP,-0.004071119470865151
2025-11-01,87267,BLK,BLACKROCK INC NEW,-0.01838893822369746
2025-11-01,89626,CME,C M E GROUP INC,-0.019239739218034603
2025-11-01,15058,SLNO,SOLENO THERAPEUTICS INC,-0.007569067918248965
2025-11-01,86228,RSG,REPUBLIC SERVICES INC,-0.019239739218034603
2025-11-01,19577,RKT,ROCKET COMPANIES INC,-0.009907305040103204
2025-11-01,20930,SOC,SABLE OFFSHORE CORP,-0.0036388001646737262
2025-11-01,24698,CORZ,CORE SCIENTIFIC INC NEW,-0.00912040783720842
2025-11-01,21415,S,SENTINELONE INC,-0.011909077050885243
2025-11-01,19599,QS,QUANTUMSCAPE CORP,-0.0036388001646737262
2025-11-01,26181,SNDK,SANDISK CORP,-0.0039821872496286085
2025-11-01,14813,MARA,MARA HOLDINGS INC,-0.005738122703652489
2025-11-01,21207,NEM,NEWMONT CORP,-0.007565395124928061
2025-11-01,89986,APLD,APPLIED DIGITAL CORP,-0.005303646414433892
2025-11-01,25239,WBTN,WEBTOON ENTERTAINMENT INC,-0.009539315329033682
2025-11-01,19484,PCVX,VAXCYTE INC,-0.009905247645198971
2025-11-01,91907,SMCI,SUPER MICRO COMPUTER INC,-0.006456478832518272
2025-11-01,23730,MLYS,MINERALYS THERAPEUTICS INC,-0.01030360101138961
2025-11-01,14317,LGIH,L G I HOMES INC,-0.009342462443405992
2025-11-01,18776,IMVT,IMMUNOVANT INC,-0.006077101982244114
2025-11-01,21619,OKLO,OKLO INC,-0.00418456654690902
2025-11-01,19187,CLSK,CLEANSPARK INC,-0.004603616856535045
2025-11-01,18770,BBIO,BRIDGEBIO PHARMA INC,-0.007226243571219347
2025-11-01,16653,HCC,WARRIOR MET COAL INC,-0.01186903296223577
2025-11-01,21029,RUM,RUMBLE INC,-0.006046412614096556
2025-11-01,18772,AKRO,AKERO THERAPEUTICS INC,-0.00859851904029307
2025-11-01,92213,RIOT,RIOT PLATFORMS INC,-0.005047233062913697
2025-11-01,22618,TPG,T P G INC,-0.013729043970835322
2025-11-01,21747,NUVL,NUVALENT INC,-0.008803138269539879
2025-11-01,92108,BX,BLACKSTONE INC,-0.014982323295559532
2025-11-01,16182,PI,IMPINJ INC,-0.004762414433648133
2025-11-01,15303,VKTX,VIKING THERAPEUTICS INC,-0.0068534671018388674
2025-11-01,19201,RVMD,REVOLUTION MEDICINES INC,-0.011471019386945041
2025-11-01,24064,APGE,APOGEE THERAPEUTICS INC,-0.0056423585910502436
2025-11-01,90505,LVS,LAS VEGAS SANDS CORP,-0.007676032234294429
2025-11-01,16005,SYRE,SPYRE THERAPEUTICS INC,-0.004871833805206506
2025-11-01,19986,PRAX,PRAXIS PRECISION MEDICINES INC,-0.0036388001646737262
2025-11-01,21342,VERA,VERA THERAPEUTICS INC,-0.011843659323589354
2025-11-01,26178,SAIL,SAILPOINT INC,-0.00985021735973192
2025-11-01,42585,SJM,SMUCKER J M CO,-0.019239739218034603
2025-11-01,17372,COGT,COGENT BIOSCIENCES INC,-0.008538894507890872
2025-11-01,77661,DHI,D R HORTON INC,-0.013319834551199622
2025-11-01,19489,PCT,PURECYCLE TECHNOLOGIES INC,-0.005598382843662386
2025-11-01,24964,PACS,PACS GROUP INC,-0.014580083998588924
2025-11-01,21928,IDA,IDACORP INC,-0.019239739218034603
2025-11-01,23147,IE,IVANHOE ELECTRIC INC,-0.005543817270301892
2025-11-01,19628,IRON,DISC MEDICINE INC,-0.0058965781462104894
2025-11-01,77415,NBTB,N B T BANCORP INC,-0.013721552224588556
2025-11-01,17104,APLS,APELLIS PHARMACEUTICALS INC,-0.0038420282819479293
2025-11-01,38093,AJG,GALLAGHER ARTHUR J & CO,-0.01618463404350849
2025-11-01,83976,ANF,ABERCROMBIE & FITCH CO,-0.011225108144180871
2025-11-01,83509,FCN,F T I CONSULTING INC,-0.016029338649030923
2025-11-01,25819,BALY,BALLYS CORP,-0.004549897018091115
2025-11-01,26444,CRWV,COREWEAVE INC,-0.007355852999460305
2025-11-01,23379,LVWR,LIVEWIRE GROUP INC,-0.005829336222737706
2025-11-01,18457,MVST,MICROVAST HOLDINGS INC,-0.004174151623567129
2025-11-01,77679,COLB,COLUMBIA BANKING SYSTEM INC,-0.010503295581877268
2025-11-01,87356,TKO,T K O GROUP HOLDINGS INC,-0.019239739218034603
2025-11-01,90776,WAL,WESTERN ALLIANCE BANCORPORATION,-0.007995067081946597
2025-11-01,20415,JEF,JEFFERIES FINANCIAL GROUP INC,-0.0076078279967509745
2025-11-01,59176,AXP,AMERICAN EXPRESS CO,-0.015021230283615667
2025-11-01,16595,SNAP,SNAP INC,-0.010205940567708327
2025-11-01,13278,MCHB,MECHANICS BANCORP,-0.014535301879104071
2025-11-01,90038,AIZ,ASSURANT INC,-0.019239739218034603
2025-11-01,18191,BFC,BANK FIRST CORP,-0.010069166504991749
2025-11-01,27888,CFR,CULLEN FROST BANKERS INC,-0.01620528407685327
2025-11-01,19505,JAMF,JAMF HOLDING CORP,-0.007567440769757447
2025-11-01,25466,GRDN,GUARDIAN PHARMACY SERVICES INC,-0.011842932861448085
2025-11-01,19506,VERX,VERTEX INC,-0.012242229337540704
2025-11-01,91968,TFSL,TFS FINANCIAL CORP,-0.017203764933330194
2025-12-01,18769,ADPT,ADAPTIVE BIOTECHNOLOGIES CORP,0.004504296823111226
2025-12-01,17908,XERS,XERIS BIOPHARMA HOLDINGS INC,0.004931366889346208
2025-12-01,14603,PAHC,PHIBRO ANIMAL HEALTH CORP,0.00938771869880564
2025-12-01,18135,GH,GUARDANT HEALTH INC,0.009656911505385245
2025-12-01,80306,BCRX,BIOCRYST PHARMACEUTICALS INC,0.010031876375007269
2025-12-01,19851,ARRY,ARRAY TECHNOLOGIES INC,0.004678805669868594
2025-12-01,20919,PL,PLANET LABS P B C,0.007048036014054374
2025-12-01,17000,RYTM,RHYTHM PHARMACEUTICALS INC,0.008792584143684591
2025-12-01,20661,ALHC,ALIGNMENT HEALTHCARE INC,0.009637067003910253
2025-12-01,76712,AES,A E S CORP,0.014498427802929042
2025-12-01,20663,TDUP,THREDUP INC,0.008174545798386154
2025-12-01,61743,DLX,DELUXE CORP,0.007306068917530198
2025-12-01,19956,WGS,GENEDX HOLDINGS CORP,0.007163739455556919
2025-12-01,16668,ZYME,ZYMEWORKS INC DE,0.0037108529599889075
2025-12-01,13939,PSIX,POWER SOLUTIONS INTL INC,0.004468058999684323
2025-12-01,77606,KSS,KOHLS CORP,0.0037108529599889075
2025-12-01,71176,SON,SONOCO PRODUCTS CO,0.018175684240679266
2025-12-01,20057,VTRS,VIATRIS INC,0.008612752572983875
2025-12-01,17949,BE,BLOOM ENERGY CORP,0.0037108529599889075
2025-12-01,89875,ANIP,A N I PHARMACEUTICALS INC,0.014117911635547882
2025-12-01,24459,PBI,PITNEY BOWES INC,0.017210347013599095
2025-12-01,25487,CAR,AVIS BUDGET GROUP INC,0.009479402060276898
2025-12-01,90386,MOS,MOSAIC CO NEW,0.011776968843992722
2025-12-01,75070,WKC,WORLD KINECT CORP,0.01281261535496417
2025-12-01,34673,NPKI,N P K INTERNATIONAL INC,0.010466346306229887
2025-12-01,16064,NTLA,INTELLIA THERAPEUTICS INC,0.0037227496080088278
2025-12-01,19184,ARQT,ARCUTIS BIOTHERAPEUTICS INC,0.007242673462887649
2025-12-01,93289,MXL,MAXLINEAR INC,0.0062385190118369625
2025-12-01,20975,DAVE,DAVE INC,0.005672483119672659
2025-12-01,12583,PCRX,PACIRA BIOSCIENCES INC,0.009444983769746076
2025-12-01,22977,EE,EXCELERATE ENERGY INC,0.010987722678226144
2025-12-01,15831,AXSM,AXSOME THERAPEUTICS INC,0.014981993896702605
2025-12-01,16499,PK,PARK HOTELS & RESORTS INC,0.01091012572574252
2025-12-01,19200,SDGR,SCHRODINGER INC,0.01018276925744224
2025-12-01,85627,SAH,SONIC AUTOMOTIVE INC,0.012009267512507596
2025-12-01,92570,DAN,DANA INC,0.009702844066615002
2025-12-01,16044,NGVT,INGEVITY CORP,0.0060811716944482955
2025-12-01,21723,HOOD,ROBINHOOD MARKETS INC,0.0046820259721831025
2025-12-01,17691,LASR,NLIGHT INC,0.004702825088421946
2025-12-01,11891,MGM,M G M RESORTS INTERNATIONAL,0.012034515544775758
2025-12-01,15720,EIX,EDISON INTERNATIONAL,0.020993210209286843
2025-12-01,79906,INCY,INCYTE CORP,0.010708853202028159
2025-12-01,78840,IAC,IAC INC,0.01458596055872766
2025-12-01,60599,LUMN,LUMEN TECHOLOGIES INC,0.004570056981766508
2025-12-01,75320,AD,ARRAY DIGITAL INFRASTRUCTURE INC,0.01415721821691255
2025-12-01,84275,UNFI,UNITED NATURAL FOODS INC,0.009437499700348658
2025-12-01,23041,NUTX,NUTEX HEALTH INC,0.0037108529599889075
2025-12-01,19938,ALGM,ALLEGRO MICROSYSTEMS INC,0.008831976238708537
2025-12-01,63773,TDS,TELEPHONE & DATA SYSTEMS INC,0.016229129756656094
2025-12-01,24100,SEZL,SEZZLE INC,0.005630228402083961
2025-12-01,14229,OMF,ONEMAIN HOLDINGS INC,0.014361770353465968
2025-12-01,86819,ATLC,ATLANTICUS HOLDINGS CORP,0.008869189870993272
2025-12-01,24972,RBRK,RUBRIK INC,0.011271566115631218
2025-12-01,77366,MODG,TOPGOLF CALLAWAY BRANDS CORP,0.004660030501700548
2025-12-01,17929,UGI,U G I CORP NEW,0.01643106386023195
2025-12-01,92220,MASI,MASIMO CORP,0.011536842395561204
2025-12-01,85621,MTD,METTLER TOLEDO INTERNATIONAL INC,0.019322723070239634
2025-12-01,13921,CUBI,CUSTOMERS BANCORP INC,0.015801485662390802
2025-12-01,89134,OVV,OVINTIV INC,0.014165560081147268
2025-12-01,47941,TGNA,TEGNA INC,0.020993210209286843
2025-12-01,22027,JXN,JACKSON FINANCIAL INC,0.012319449836494618
2025-12-01,82702,AMRX,AMNEAL PHARMACEUTICALS INC,0.013719184281075882
2025-12-01,85741,HOPE,HOPE BANCORP INC,0.016097473138407124
2025-12-01,86822,EXTR,EXTREME NETWORKS INC,0.01167089942820661
2025-12-01,86820,CFFN,CAPITOL FEDERAL FINANCIAL INC,0.01610515112064632
2025-12-01,14169,PINC,PREMIER INC,0.020993210209286843
2025-12-01,49015,LNC,LINCOLN NATIONAL CORP,0.017203189055815086
2025-12-01,18846,MIRM,MIRUM PHARMACEUTICALS INC,0.013754243581698623
2025-12-01,19534,MEG,MONTROSE ENVIRONMENTAL GROUP INC,0.009522870469791422
2025-12-01,89964,NNI,NELNET INC,0.017951429361388424
2025-12-01,90856,ATRC,ATRICURE INC,0.007704897093309509
2025-12-01,13318,YELP,YELP INC,0.008902815580322299
2025-12-01,13249,PRLB,PROTO LABS INC,0.007956719182419263
2025-12-01,18938,HIMS,HIMS & HERS HEALTH INC,0.006683972090389796
2025-12-01,19788,PLTR,PALANTIR TECHNOLOGIES INC,0.006417620796444336
2025-12-01,89653,PFS,PROVIDENT FINANCIAL SVCS INC,0.014645375725940568
2025-12-01,20178,RKLB,ROCKET LAB CORP,0.005687882796233508
2025-12-01,83233,GEF,GREIF INC,0.020993210209286843
2025-12-01,20894,APP,APPLOVIN CORP,0.007167103552818429
2025-12-01,79499,INOD,INNODATA INC,0.005276337251678594
2025-12-01,16655,CVNA,CARVANA CO,0.006067750305353552
2025-12-01,17684,AHCO,ADAPTHEALTH CORP,0.0056134755024795265
2025-12-01,18940,PTON,PELOTON INTERACTIVE INC,0.006105461206200003
2025-12-01,89482,BANC,BANC OF CALIFORNIA INC,0.01261725111702818
2025-12-01,13622,HOUS,ANYWHERE REAL ESTATE INC,0.007405093611561658
2025-12-01,21026,AVAH,AVEANNA HEALTHCARE HOLDINGS INC,0.010049444586908488
2025-12-01,54114,MLKN,MILLERKNOLL INC,0.00924028592393426
2025-12-01,14239,COMM,COMMSCOPE HOLDING CO INC,0.007301031844590581
2025-12-01,90178,ALNY,ALNYLAM PHARMACEUTICALS INC,0.012659277995737192
2025-12-01,20065,CNXC,CONCENTRIX CORP,0.009379085283111675
2025-12-01,70033,HOG,HARLEY DAVIDSON INC,0.010795813402655313
2025-12-01,21564,LZ,LEGALZOOM COM INC,0.008887098181337453
2025-12-01,75573,ODP,O D P CORP,0.020993210209286843
2025-12-01,11499,CECO,C E C O ENVIRONMENTAL CORP,0.008830541946667901
2025-12-01,50876,LLY,LILLY ELI & CO,0.014609829663706695
2025-12-01,89952,CMP,COMPASS MINERALS INTL INC,0.011406435988052304
2025-12-01,16698,APPN,APPIAN CORP,0.0037108529599889075
2025-12-01,19172,VEL,VELOCITY FINANCIAL INC,0.020993210209286843
2025-12-01,21219,GPOR,GULFPORT ENERGY CORP,0.014426913403439089
2025-12-01,14440,TVTX,TRAVERE THERAPEUTICS INC,0.008866222599487036
2025-12-01,37381,FWDI,FORWARD INDUSTRIES INC NY,-0.003935387348724005
2025-12-01,16680,QXO,Q X O INC,-0.0076746153946951005
2025-12-01,22220,NN,NEXTNAV INC,-0.00618085833772647
2025-12-01,21927,DJT,TRUMP MEDIA & TECH GRP CORP,-0.008206741365473781
2025-12-01,26444,CRWV,COREWEAVE INC,-0.005900026260823378
2025-12-01,21053,BBAI,BIGBEAR AI HOLDINGS INC,-0.003518504557637335
2025-12-01,21090,RCAT,RED CAT HOLDINGS INC,-0.0046450264714179
2025-12-01,25243,OS,ONESTREAM INC,-0.005187147578099756
2025-12-01,21898,CWAN,CLEARWATER ANALYTICS HLDGS INC,-0.007018231499231059
2025-12-01,19655,STEP,STEPSTONE GROUP INC,-0.015678562374545586
2025-12-01,19002,BWIN,BALDWIN INSURANCE GROUP INC,-0.00984386361437862
2025-12-01,23263,QBTS,D WAVE QUANTUM INC,-0.004445202874334446
2025-12-01,19751,LCID,LUCID GROUP INC,-0.006391054081187615
2025-12-01,19076,ASTS,A S T SPACEMOBILE INC,-0.005600856292544883
2025-12-01,86211,MSTR,STRATEGY INC,-0.006803140028051859
2025-12-01,19849,SMMT,SUMMIT THERAPEUTICS INC,-0.008213295705088431
2025-12-01,16595,SNAP,SNAP INC,-0.00792079031416071
2025-12-01,23054,SOUN,SOUNDHOUND AI INC,-0.0063406463361614564
2025-12-01,79698,IT,GARTNER INC,-0.010596684204253616
2025-12-01,25147,FUN,SIX FLAGS ENTERTAINMENT CORP NEW,-0.006098925024375898
2025-12-01,17683,CLBK,COLUMBIA FINANCIAL INC,-0.017960500670493432
2025-12-01,89626,CME,C M E GROUP INC,-0.019006789790713362
2025-12-01,25773,PRMB,PRIMO BRANDS CORP,-0.004144282067089572
2025-12-01,21007,RGTI,RIGETTI COMPUTING INC,-0.004493492807473027
2025-12-01,24085,LLYVK,LIBERTY MEDIA CORP 3RD NEW,-0.010900360723123389
2025-12-01,25819,BALY,BALLYS CORP,-0.007032116362750921
2025-12-01,86896,CBU,COMMUNITY FINANCIAL SYSTEM INC,-0.0176696298161541
2025-12-01,84819,SBET,SHARPLINK GAMING INC,-0.00583061650184629
2025-12-01,13278,MCHB,MECHANICS BANCORP,-0.014946545345856203
2025-12-01,24655,HUT,HUT 8 CORP,-0.003925573998932141
2025-12-01,19506,VERX,VERTEX INC,-0.009348129085741856
2025-12-01,21017,ALKT,ALKAMI TECHNOLOGY INC,-0.014889410004295164
2025-12-01,25244,LINE,LINEAGE INC,-0.012278093081118517
2025-12-01,86228,RSG,REPUBLIC SERVICES INC,-0.019006789790713362
2025-12-01,14813,MARA,MARA HOLDINGS INC,-0.0054096064935811455
2025-12-01,20415,JEF,JEFFERIES FINANCIAL GROUP INC,-0.011079008666504454
2025-12-01,15084,TFIN,TRIUMPH FINANCIAL INC,-0.013909221530915625
2025-12-01,89297,CCOI,COGENT COMMUNICATIONS HLDS INC,-0.003077785410857779
2025-12-01,27888,CFR,CULLEN FROST BANKERS INC,-0.019006789790713362
2025-12-01,15058,SLNO,SOLENO THERAPEUTICS INC,-0.003888624619767043
2025-12-01,91907,SMCI,SUPER MICRO COMPUTER INC,-0.006872688635630857
2025-12-01,20295,CIFR,CIPHER MINING INC,-0.0031786797129177338
2025-12-01,19599,QS,QUANTUMSCAPE CORP,-0.005681684935798836
2025-12-01,91968,TFSL,TFS FINANCIAL CORP,-0.017542067059046745
2025-12-01,26181,SNDK,SANDISK CORP,-0.003225045545752333
2025-12-01,19187,CLSK,CLEANSPARK INC,-0.0037682576395280647
2025-12-01,21029,RUM,RUMBLE INC,-0.004697036798006479
2025-12-01,59176,AXP,AMERICAN EXPRESS CO,-0.01846346007803986
2025-12-01,23730,MLYS,MINERALYS THERAPEUTICS INC,-0.00513391127347992
2025-12-01,19484,PCVX,VAXCYTE INC,-0.009220240112020927
2025-12-01,14317,LGIH,L G I HOMES INC,-0.00608719016313089
2025-12-01,90776,WAL,WESTERN ALLIANCE BANCORPORATION,-0.015113209664906894
2025-12-01,77679,COLB,COLUMBIA BANKING SYSTEM INC,-0.016260682602835592
2025-12-01,92213,RIOT,RIOT PLATFORMS INC,-0.005470197706772687
2025-12-01,19577,RKT,ROCKET COMPANIES INC,-0.007415593269438951
2025-12-01,87356,TKO,T K O GROUP HOLDINGS INC,-0.013604499469311705
2025-12-01,18191,BFC,BANK FIRST CORP,-0.01880982515151062
2025-12-01,18776,IMVT,IMMUNOVANT INC,-0.012469076329776708
2025-12-01,38093,AJG,GALLAGHER ARTHUR J & CO,-0.017439406988017964
2025-12-01,21619,OKLO,OKLO INC,-0.0043834469644254215
2025-12-01,89986,APLD,APPLIED DIGITAL CORP,-0.004530104617656827
2025-12-01,21747,NUVL,NUVALENT INC,-0.007656327429637271
2025-12-01,24964,PACS,PACS GROUP INC,-0.003077785410857779
2025-12-01,24698,CORZ,CORE SCIENTIFIC INC NEW,-0.0062110462691706576
2025-12-01,19201,RVMD,REVOLUTION MEDICINES INC,-0.015029908808700027
2025-12-01,16005,SYRE,SPYRE THERAPEUTICS INC,-0.007308064695607307
2025-12-01,24064,APGE,APOGEE THERAPEUTICS INC,-0.008868248048500222
2025-12-01,21207,NEM,NEWMONT CORP,-0.009537139467103311
2025-12-01,19986,PRAX,PRAXIS PRECISION MEDICINES INC,-0.004599013601956144
2025-12-01,25239,WBTN,WEBTOON ENTERTAINMENT INC,-0.004298637821224093
2025-12-01,17372,COGT,COGENT BIOSCIENCES INC,-0.003077785410857779
2025-12-01,92108,BX,BLACKSTONE INC,-0.018785075027906675
2025-12-01,18770,BBIO,BRIDGEBIO PHARMA INC,-0.01245087617423976
2025-12-01,21342,VERA,VERA THERAPEUTICS INC,-0.004668553853156096
2025-12-01,87267,BLK,BLACKROCK INC NEW,-0.019006789790713362
2025-12-01,16653,HCC,WARRIOR MET COAL INC,-0.004932225752040893
2025-12-01,23147,IE,IVANHOE ELECTRIC INC,-0.005503497770412949
2025-12-01,19628,IRON,DISC MEDICINE INC,-0.015953053450688398
2025-12-01,18772,AKRO,AKERO THERAPEUTICS INC,-0.019006789790713362
2025-12-01,83976,ANF,ABERCROMBIE & FITCH CO,-0.003240537338906354
2025-12-01,90038,AIZ,ASSURANT INC,-0.019006789790713362
2025-12-01,19489,PCT,PURECYCLE TECHNOLOGIES INC,-0.006026668801756439
2025-12-01,90505,LVS,LAS VEGAS SANDS CORP,-0.01772092741709932
2025-12-01,42585,SJM,SMUCKER J M CO,-0.018220342908500733
2025-12-01,77415,NBTB,N B T BANCORP INC,-0.01783126723388963
2025-12-01,26180,RHLD,RESOLUTE HOLDINGS MANAGEMENT INC,-0.003077785410857779
2025-12-01,26126,MTSR,METSERA INC,-0.003077785410857779
2025-12-01,20193,AI,C3 AI INC,-0.0074497202955212975
2025-12-01,16338,VVV,VALVOLINE INC,-0.014296492399748674
2025-12-01,20357,IONQ,IONQ INC,-0.004553638570936206
2025-12-01,82486,ERIE,ERIE INDEMNITY CO,-0.018662747786533724
2025-12-01,92203,LULU,LULULEMON ATHLETICA INC,-0.012474286867278729
2025-12-01,23876,KVUE,KENVUE INC,-0.009701846143165481
2025-12-01,79026,CHDN,CHURCHILL DOWNS INC,-0.018919200501869068
2025-12-01,91068,CMG,CHIPOTLE MEXICAN GRILL INC,-0.010556306143086747
2025-12-01,91612,GSAT,GLOBALSTAR INC,-0.005101752363773851
2025-12-01,16086,HTZ,HERTZ GLOBAL HOLDINGS INC NEW,-0.003081103946053011
2025-12-01,25320,CPB,CAMPBELLS CO,-0.01900678979071316
2025-12-01,13323,ENPH,ENPHASE ENERGY INC,-0.006499813473283014
2025-12-01,19862,ROOT,ROOT INC,-0.0044936374280688425
2026-01-01,18769,ADPT,ADAPTIVE BIOTECHNOLOGIES CORP,0.004342698269131175
2026-01-01,17908,XERS,XERIS BIOPHARMA HOLDINGS INC,0.005673025059533165
2026-01-01,18135,GH,GUARDANT HEALTH INC,0.009072451692280173
2026-01-01,80306,BCRX,BIOCRYST PHARMACEUTICALS INC,0.0070615641422287784
2026-01-01,14440,TVTX,TRAVERE THERAPEUTICS INC,0.0048668348571189205
2026-01-01,76712,AES,A E S CORP,0.014982572721876074
2026-01-01,20661,ALHC,ALIGNMENT HEALTHCARE INC,0.0107449378845518
2026-01-01,19851,ARRY,ARRAY TECHNOLOGIES INC,0.004816919078713807
2026-01-01,19956,WGS,GENEDX HOLDINGS CORP,0.00929924838551919
2026-01-01,61743,DLX,DELUXE CORP,0.013100529619048782
2026-01-01,90178,ALNY,ALNYLAM PHARMACEUTICALS INC,0.008986857115783464
2026-01-01,71176,SON,SONOCO PRODUCTS CO,0.018014757912659125
2026-01-01,13622,HOUS,ANYWHERE REAL ESTATE INC,0.007980275334717173
2026-01-01,20919,PL,PLANET LABS P B C,0.004323800987164456
2026-01-01,34673,NPKI,N P K INTERNATIONAL INC,0.014124318480515477
2026-01-01,92220,MASI,MASIMO CORP,0.012496228312547871
2026-01-01,17949,BE,BLOOM ENERGY CORP,0.004323800987164456
2026-01-01,75070,WKC,WORLD KINECT CORP,0.015686160032012793
2026-01-01,15831,AXSM,AXSOME THERAPEUTICS INC,0.004323800987164456
2026-01-01,21026,AVAH,AVEANNA HEALTHCARE HOLDINGS INC,0.012370917369791205
2026-01-01,16044,NGVT,INGEVITY CORP,0.009809409000188918
2026-01-01,50876,LLY,LILLY ELI & CO,0.014143163820941645
2026-01-01,19184,ARQT,ARCUTIS BIOTHERAPEUTICS INC,0.007818740665817657
2026-01-01,89875,ANIP,A N I PHARMACEUTICALS INC,0.014736581221363879
2026-01-01,75573,ODP,O D P CORP,0.018272991641657372
2026-01-01,20975,DAVE,DAVE INC,0.006158814805492251
2026-01-01,24459,PBI,PITNEY BOWES INC,0.01210192810837973
2026-01-01,22977,EE,EXCELERATE ENERGY INC,0.010631185274357175
2026-01-01,19200,SDGR,SCHRODINGER INC,0.006240509735256528
2026-01-01,20057,VTRS,VIATRIS INC,0.016321062345804344
2026-01-01,16668,ZYME,ZYMEWORKS INC DE,0.008647867049683358
2026-01-01,70033,HOG,HARLEY DAVIDSON INC,0.012995746296061076
2026-01-01,12583,PCRX,PACIRA BIOSCIENCES INC,0.012990024763344332
2026-01-01,90386,MOS,MOSAIC CO NEW,0.0074303907643776
2026-01-01,77606,KSS,KOHLS CORP,0.006585989839795224
2026-01-01,93289,MXL,MAXLINEAR INC,0.0062230371330897075
2026-01-01,15720,EIX,EDISON INTERNATIONAL,0.014647651930422256
2026-01-01,85627,SAH,SONIC AUTOMOTIVE INC,0.01342081715421493
2026-01-01,25487,CAR,AVIS BUDGET GROUP INC,0.010020499403486403
2026-01-01,21564,LZ,LEGALZOOM COM INC,0.014519980970740452
2026-01-01,84275,UNFI,UNITED NATURAL FOODS INC,0.005441236780065299
2026-01-01,54114,MLKN,MILLERKNOLL INC,0.007788362263744563
2026-01-01,14229,OMF,ONEMAIN HOLDINGS INC,0.012452165034227145
2026-01-01,16499,PK,PARK HOTELS & RESORTS INC,0.012213867685802337
2026-01-01,14239,COMM,COMMSCOPE HOLDING CO INC,0.009188273462875688
2026-01-01,60599,LUMN,LUMEN TECHOLOGIES INC,0.00448899400129331
2026-01-01,22027,JXN,JACKSON FINANCIAL INC,0.017745659844219344
2026-01-01,75320,AD,ARRAY DIGITAL INFRASTRUCTURE INC,0.015995816658886653
2026-01-01,79906,INCY,INCYTE CORP,0.008919936353257043
2026-01-01,17000,RYTM,RHYTHM PHARMACEUTICALS INC,0.0052920424588221715
2026-01-01,11891,MGM,M G M RESORTS INTERNATIONAL,0.013280921893761484
2026-01-01,89964,NNI,NELNET INC,0.018233307496029454
2026-01-01,13921,CUBI,CUSTOMERS BANCORP INC,0.010759154298546935
2026-01-01,20065,CNXC,CONCENTRIX CORP,0.012263010996164003
2026-01-01,86819,ATLC,ATLANTICUS HOLDINGS CORP,0.007640823806823448
2026-01-01,85621,MTD,METTLER TOLEDO INTERNATIONAL INC,0.016176067141535463
2026-01-01,78840,IAC,IAC INC,0.016525711462010786
2026-01-01,86820,CFFN,CAPITOL FEDERAL FINANCIAL INC,0.014774889027600512
2026-01-01,16698,APPN,APPIAN CORP,0.007114146497652703
2026-01-01,82702,AMRX,AMNEAL PHARMACEUTICALS INC,0.011485488365271475
2026-01-01,85741,HOPE,HOPE BANCORP INC,0.013141265024281272
2026-01-01,21723,HOOD,ROBINHOOD MARKETS INC,0.005637956420165686
2026-01-01,49015,LNC,LINCOLN NATIONAL CORP,0.012915139487856919
2026-01-01,17691,LASR,NLIGHT INC,0.006226594179933251
2026-01-01,86822,EXTR,EXTREME NETWORKS INC,0.011680218403077454
2026-01-01,19938,ALGM,ALLEGRO MICROSYSTEMS INC,0.006635730224277561
2026-01-01,13939,PSIX,POWER SOLUTIONS INTL INC,0.004682608973303939
2026-01-01,77366,MODG,TOPGOLF CALLAWAY BRANDS CORP,0.009509880562788002
2026-01-01,21219,GPOR,GULFPORT ENERGY CORP,0.010177982519783234
2026-01-01,47941,TGNA,TEGNA INC,0.018272991641657372
2026-01-01,16064,NTLA,INTELLIA THERAPEUTICS INC,0.004507637816494275
2026-01-01,13318,YELP,YELP INC,0.015041870944942325
2026-01-01,16655,CVNA,CARVANA CO,0.005671587740618708
2026-01-01,90856,ATRC,ATRICURE INC,0.007519589328301764
2026-01-01,17684,AHCO,ADAPTHEALTH CORP,0.007944328887526199
2026-01-01,19788,PLTR,PALANTIR TECHNOLOGIES INC,0.007656872400203247
2026-01-01,89653,PFS,PROVIDENT FINANCIAL SVCS INC,0.016870065652430315
2026-01-01,18940,PTON,PELOTON INTERACTIVE INC,0.007923134830089223
2026-01-01,89952,CMP,COMPASS MINERALS INTL INC,0.004654975014724622
2026-01-01,24972,RBRK,RUBRIK INC,0.004323800987164456
2026-01-01,17929,UGI,U G I CORP NEW,0.018272991641657372
2026-01-01,13249,PRLB,PROTO LABS INC,0.014766006135152067
2026-01-01,24100,SEZL,SEZZLE INC,0.0045256004744785305
2026-01-01,20894,APP,APPLOVIN CORP,0.00615788238975405
2026-01-01,19534,MEG,MONTROSE ENVIRONMENTAL GROUP INC,0.00844235729302245
2026-01-01,15847,KURA,KURA ONCOLOGY INC,0.004323800987164456
2026-01-01,14855,RYI,RYERSON HOLDING CORP,0.007337478027796877
2026-01-01,92143,PRO,P R O S HOLDINGS INC,0.018272991641657372
2026-01-01,14231,VEEV,VEEVA SYSTEMS INC,0.01635780206337447
2026-01-01,88863,EXAS,EXACT SCIENCES CORP,0.018272991641657372
2026-01-01,85059,FIX,COMFORT SYSTEMS USA INC,0.006198264881137941
2026-01-01,13878,MDXG,MIMEDX GROUP INC,0.008770449016436985
2026-01-01,16260,MEDP,MEDPACE HOLDINGS INC,0.012249472788303937
2026-01-01,75182,PII,POLARIS INC,0.011918743964502961
2026-01-01,91348,ATEC,ALPHATEC HOLDINGS INC,0.010303823434420559
2026-01-01,92716,DCOM,DIME COMMUNITY BANCSHRS INC NEW,0.01576152765934673
2026-01-01,50550,TPC,TUTOR PERINI CORP,0.008239521734850132
2026-01-01,17093,MCB,METROPOLITAN BANK HOLDING CORP,0.014265203931122086
2026-01-01,36281,SEB,SEABOARD CORP,0.010387491739079638
2026-01-01,18452,LYFT,LYFT INC,0.007034382821227568
2026-01-01,26444,CRWV,COREWEAVE INC,-0.00330472300397711
2026-01-01,22220,NN,NEXTNAV INC,-0.008858634364048424
2026-01-01,21090,RCAT,RED CAT HOLDINGS INC,-0.0034095544506765425
2026-01-01,23263,QBTS,D WAVE QUANTUM INC,-0.0030199658477469316
2026-01-01,21927,DJT,TRUMP MEDIA & TECH GRP CORP,-0.0030199658477469316
2026-01-01,86211,MSTR,STRATEGY INC,-0.006696197748658644
2026-01-01,16680,QXO,Q X O INC,-0.007362873060426106
2026-01-01,21898,CWAN,CLEARWATER ANALYTICS HLDGS INC,-0.009430961606885923
2026-01-01,19751,LCID,LUCID GROUP INC,-0.005841595553970464
2026-01-01,20357,IONQ,IONQ INC,-0.003963993323856721
2026-01-01,24655,HUT,HUT 8 CORP,-0.0030199658477469316
2026-01-01,21053,BBAI,BIGBEAR AI HOLDINGS INC,-0.004093219555224686
2026-01-01,14813,MARA,MARA HOLDINGS INC,-0.006770087103394465
2026-01-01,19076,ASTS,A S T SPACEMOBILE INC,-0.0030199658477469316
2026-01-01,25147,FUN,SIX FLAGS ENTERTAINMENT CORP NEW,-0.009067184823433225
2026-01-01,23054,SOUN,SOUNDHOUND AI INC,-0.006776667548817705
2026-01-01,84819,SBET,SHARPLINK GAMING INC,-0.004405709143235179
2026-01-01,19002,BWIN,BALDWIN INSURANCE GROUP INC,-0.0062482801877101635
2026-01-01,21017,ALKT,ALKAMI TECHNOLOGY INC,-0.012395535299966821
2026-01-01,16338,VVV,VALVOLINE INC,-0.01199497935994467
2026-01-01,26180,RHLD,RESOLUTE HOLDINGS MANAGEMENT INC,-0.00900930914126063
2026-01-01,20193,AI,C3 AI INC,-0.008391559947284025
2026-01-01,19849,SMMT,SUMMIT THERAPEUTICS INC,-0.00705465290448235
2026-01-01,25773,PRMB,PRIMO BRANDS CORP,-0.013413588429451742
2026-01-01,79698,IT,GARTNER INC,-0.016823129967692068
2026-01-01,21029,RUM,RUMBLE INC,-0.005658814485894459
2026-01-01,91907,SMCI,SUPER MICRO COMPUTER INC,-0.00913450062465569
2026-01-01,26181,SNDK,SANDISK CORP,-0.0041508807789375594
2026-01-01,15084,TFIN,TRIUMPH FINANCIAL INC,-0.008594349409039444
2026-01-01,86896,CBU,COMMUNITY FINANCIAL SYSTEM INC,-0.01918118036023299
2026-01-01,86228,RSG,REPUBLIC SERVICES INC,-0.01918118036023299
2026-01-01,79026,CHDN,CHURCHILL DOWNS INC,-0.01918118036023299
2026-01-01,89297,CCOI,COGENT COMMUNICATIONS HLDS INC,-0.005884474386879206
2026-01-01,19506,VERX,VERTEX INC,-0.011716253931919699
2026-01-01,89986,APLD,APPLIED DIGITAL CORP,-0.003167213582124045
2026-01-01,92203,LULU,LULULEMON ATHLETICA INC,-0.008507999386764921
2026-01-01,25819,BALY,BALLYS CORP,-0.005508031021146204
2026-01-01,15058,SLNO,SOLENO THERAPEUTICS INC,-0.0087902787002683
2026-01-01,17683,CLBK,COLUMBIA FINANCIAL INC,-0.015585545085242646
2026-01-01,91068,CMG,CHIPOTLE MEXICAN GRILL INC,-0.015726660008297456
2026-01-01,89626,CME,C M E GROUP INC,-0.01918118036023299
2026-01-01,91612,GSAT,GLOBALSTAR INC,-0.004883608654665904
2026-01-01,19187,CLSK,CLEANSPARK INC,-0.004391359329658344
2026-01-01,13323,ENPH,ENPHASE ENERGY INC,-0.010243537274680073
2026-01-01,19484,PCVX,VAXCYTE INC,-0.006999335803902212
2026-01-01,25320,CPB,CAMPBELLS CO,-0.014122300108694284
2026-01-01,25244,LINE,LINEAGE INC,-0.009812767355927931
2026-01-01,13278,MCHB,MECHANICS BANCORP,-0.01122734553506275
2026-01-01,20415,JEF,JEFFERIES FINANCIAL GROUP INC,-0.01553519146164135
2026-01-01,82486,ERIE,ERIE INDEMNITY CO,-0.014298062802564366
2026-01-01,21007,RGTI,RIGETTI COMPUTING INC,-0.0033773352977638543
2026-01-01,27888,CFR,CULLEN FROST BANKERS INC,-0.01918118036023299
2026-01-01,24698,CORZ,CORE SCIENTIFIC INC NEW,-0.005608521028189723
2026-01-01,23876,KVUE,KENVUE INC,-0.01918118036023299
2026-01-01,91968,TFSL,TFS FINANCIAL CORP,-0.018901171521755366
2026-01-01,24064,APGE,APOGEE THERAPEUTICS INC,-0.009834464140553558
2026-01-01,19862,ROOT,ROOT INC,-0.009201542805956869
2026-01-01,19986,PRAX,PRAXIS PRECISION MEDICINES INC,-0.0030199658477469316
2026-01-01,18776,IMVT,IMMUNOVANT INC,-0.007463041002181029
2026-01-01,16005,SYRE,SPYRE THERAPEUTICS INC,-0.006257167292189229
2026-01-01,38093,AJG,GALLAGHER ARTHUR J & CO,-0.01773559515708364
2026-01-01,17372,COGT,COGENT BIOSCIENCES INC,-0.008063562831983206
2026-01-01,14317,LGIH,L G I HOMES INC,-0.009480172883210326
2026-01-01,25243,OS,ONESTREAM INC,-0.007228989782753311
2026-01-01,90776,WAL,WESTERN ALLIANCE BANCORPORATION,-0.01406918153425202
2026-01-01,16595,SNAP,SNAP INC,-0.011471266693790347
2026-01-01,21342,VERA,VERA THERAPEUTICS INC,-0.004910971809211983
2026-01-01,23147,IE,IVANHOE ELECTRIC INC,-0.004640215133952257
2026-01-01,18770,BBIO,BRIDGEBIO PHARMA INC,-0.013752296837822335
2026-01-01,18772,AKRO,AKERO THERAPEUTICS INC,-0.01918118036023299
2026-01-01,92213,RIOT,RIOT PLATFORMS INC,-0.0059135364756886365
2026-01-01,19489,PCT,PURECYCLE TECHNOLOGIES INC,-0.003842966874562008
2026-01-01,77679,COLB,COLUMBIA BANKING SYSTEM INC,-0.01918118036023299
2026-01-01,19577,RKT,ROCKET COMPANIES INC,-0.011503502251503301
2026-01-01,21207,NEM,NEWMONT CORP,-0.009098044426140999
2026-01-01,87356,TKO,T K O GROUP HOLDINGS INC,-0.014877689885334883
2026-01-01,25239,WBTN,WEBTOON ENTERTAINMENT INC,-0.012618449163417275
2026-01-01,16653,HCC,WARRIOR MET COAL INC,-0.010998522292438305
2026-01-01,18191,BFC,BANK FIRST CORP,-0.01570773429159574
2026-01-01,90505,LVS,LAS VEGAS SANDS CORP,-0.01918118036023299
2026-01-01,92108,BX,BLACKSTONE INC,-0.01683297806198284
2026-01-01,26720,BMNR,BITMINE IMMERSION TECHNOLOGIES I,-0.003371061186956292
2026-01-01,26713,CRCL,CIRCLE INTERNET GROUP INC,-0.004540802904727939
2026-01-01,19826,ABX,ABACUS GLOBAL MANAGEMENT INC,-0.007750278222718694
2026-01-01,14276,KODK,EASTMAN KODAK CO,-0.0064158736399990215
2026-01-01,61146,PAR,PAR TECHNOLOGY CORP,-0.009280129897654608
2026-01-01,26744,VOYG,VOYAGER TECHNOLOGIES INC,-0.00469272261492321
2026-01-01,21692,TE,T1 ENERGY INC,-0.0030230763695788198
2026-01-01,21754,QUBT,QUANTUM COMPUTING INC,-0.0035744182702654465
2026-01-01,11565,HBNC,HORIZON BANCORP INC,-0.01918118036023299
2026-01-01,23941,CAVA,CAVA GROUP INC,-0.009705008751379017
2026-01-01,26747,ASIC,ATEGRITY SPECIALTY INS CO HLDGS,-0.01101344608806832
2026-01-01,87759,WULF,TERAWULF INC,-0.004380973289481012
2026-01-01,25181,LB,LANDBRIDGE COMPANY LLC,-0.007329211098777089
2026-01-01,91594,SPR,SPIRIT AEROSYSTEMS HOLDINGS INC,-0.006850625164943512
2026-01-01,21359,MCW,MISTER CAR WASH INC,-0.013088456190443108
2026-01-01,20406,GRND,GRINDR INC,-0.014197539561546757
2026-01-01,20381,NVTS,NAVITAS SEMICONDUCTOR CORP,-0.005765594959629424
2026-01-01,22079,LTH,LIFE TIME GROUP HOLDINGS INC,-0.01730621355819124
2026-01-01,15293,NEXT,NEXTDECADE CORP,-0.007222087673623759
2026-02-01,19200,SDGR,SCHRODINGER INC,0.009358097448351577
2026-02-01,18769,ADPT,Adaptive Biotechnologies Corp,0.005794443954556264
2026-02-01,17908,XERS,"Xeris Biopharma Holdings, Inc.",0.006884128424397069
2026-02-01,80306,BCRX,BIOCRYST PHARMACEUTICALS INC,0.008551564871797111
2026-02-01,14440,TVTX,"Travere Therapeutics, Inc.",0.006171388829705202
2026-02-01,18135,GH,"Guardant Health, Inc.",0.009008468113501004
2026-02-01,76712,AES,AES CORP,0.01211640899360131
2026-02-01,20661,ALHC,"Alignment Healthcare, Inc.",0.007536726513126247
2026-02-01,15831,AXSM,"Axsome Therapeutics, Inc.",0.012471327859280618
2026-02-01,71176,SON,SONOCO PRODUCTS CO,0.0173841724348013
2026-02-01,90178,ALNY,"ALNYLAM PHARMACEUTICALS, INC.",0.010357591736888544
2026-02-01,19851,ARRY,ARRAY TECHNOLOGIES INC,0.005588307715840456
2026-02-01,61743,DLX,DELUXE CORP,0.007397825346340242
2026-02-01,17949,BE,BLOOM ENERGY CORP,0.005235592820343843
2026-02-01,22977,EE,EXCELERATE ENERGY INC,0.014922999230128166
2026-02-01,14855,RYI,RYERSON HOLDING CORP,0.011663570465012723
2026-02-01,34673,NPKI,N P K INTERNATIONAL INC,0.010098979968906019
2026-02-01,75070,WKC,WORLD KINECT CORP,0.010702126212412469
2026-02-01,91348,ATEC,"Alphatec Holdings, Inc.",0.005235592820343843
2026-02-01,13921,CUBI,"Customers Bancorp, Inc.",0.008835016785753888
2026-02-01,50876,LLY,LILLY ELI & CO,0.012454947553624229
2026-02-01,50550,TPC,TUTOR PERINI CORP,0.014644040487488255
2026-02-01,24459,PBI,PITNEY BOWES INC,0.014258470496014966
2026-02-01,89875,ANIP,ANI PHARMACEUTICALS INC,0.008171410794358859
2026-02-01,20975,DAVE,Dave Inc./DE,0.006271839552523329
2026-02-01,16044,NGVT,Ingevity Corp,0.014938247591207725
2026-02-01,14231,VEEV,VEEVA SYSTEMS INC,0.009867033151113055
2026-02-01,16260,MEDP,MEDPACE HOLDINGS INC,0.013780495276467781
2026-02-01,89964,NNI,NELNET INC,0.014170791112871301
2026-02-01,12583,PCRX,"Pacira BioSciences, Inc.",0.00646617923679549
2026-02-01,92716,DCOM,"Dime Community Bancshares, Inc. /NY/",0.010591968520468982
2026-02-01,14229,OMF,ONEMAIN HOLDINGS INC,0.013402687425995138
2026-02-01,88863,EXAS,EXACT SCIENCES CORP,0.017386036765316724
2026-02-01,21026,AVAH,"Aveanna Healthcare Holdings, Inc.",0.006869208586928363
2026-02-01,92220,MASI,MASIMO CORP,0.010404570121654688
2026-02-01,18452,LYFT,"Lyft, Inc.",0.011641082982742705
2026-02-01,16499,PK,PARK HOTELS & RESORTS INC,0.012276229037769466
2026-02-01,70033,HOG,HARLEY DAVIDSON INC,0.01525264533711619
2026-02-01,85059,FIX,COMFORT SYSTEMS USA INC,0.009158920805861585
2026-02-01,19956,WGS,GeneDx Holdings Corp.,0.005889183979794447
2026-02-01,90386,MOS,MOSAIC CO,0.010826188432735069
2026-02-01,16668,ZYME,ZYMEWORKS INC DE,0.009299467536104108
2026-02-01,60599,LUMN,"Lumen Technologies, Inc.",0.00627646095074133
2026-02-01,20919,PL,Planet Labs PBC,0.005578567949864337
2026-02-01,19184,ARQT,ARCUTIS BIOTHERAPEUTICS INC,0.010319633720913324
2026-02-01,22027,JXN,Jackson Financial Inc.,0.014769509028342547
2026-02-01,75320,AD,"ARRAY DIGITAL INFRASTRUCTURE, INC.",0.009884342395564448
2026-02-01,93289,MXL,"MAXLINEAR, INC",0.006354617292936917
2026-02-01,84275,UNFI,UNITED NATURAL FOODS INC,0.010061122429122321
2026-02-01,85627,SAH,SONIC AUTOMOTIVE INC,0.016456594576624947
2026-02-01,21564,LZ,LEGALZOOM COM INC,0.008147034528980216
2026-02-01,20057,VTRS,VIATRIS INC,0.01539894455997411
2026-02-01,77606,KSS,KOHLS Corp,0.007554382806254913
2026-02-01,79906,INCY,INCYTE CORP,0.011170270981372757
2026-02-01,85741,HOPE,HOPE BANCORP INC,0.011072947599303948
2026-02-01,86820,CFFN,"Capitol Federal Financial, Inc.",0.013923390538285136
2026-02-01,75182,PII,Polaris Inc.,0.009710149924132765
2026-02-01,13318,YELP,YELP INC,0.015063598995135707
2026-02-01,14239,VISN,COMMSCOPE HOLDING CO INC,0.011531925987192208
2026-02-01,11891,MGM,MGM Resorts International,0.013282109722466967
2026-02-01,15720,EIX,EDISON INTERNATIONAL,0.017386036765316724
2026-02-01,16698,APPN,APPIAN CORP,0.009441297901592604
2026-02-01,78840,IAC,IAC INC,0.016520905104064277
2026-02-01,86822,EXTR,EXTREME NETWORKS INC,0.011283918178871352
2026-02-01,49015,LNC,LINCOLN NATIONAL CORP,0.013439643528608157
2026-02-01,21723,HOOD,"Robinhood Markets, Inc.",0.00927353257860429
2026-02-01,36281,SEB,SEABOARD CORP,0.013439080639809066
2026-02-01,85621,MTD,METTLER TOLEDO INTERNATIONAL INC/,0.015041051599125436
2026-02-01,54114,MLKN,"MILLERKNOLL, INC.",0.013596292506183333
2026-02-01,17684,AHCO,ADAPTHEALTH CORP,0.011829220369067795
2026-02-01,90856,ATRC,"AtriCure, Inc.",0.006647747543558028
2026-02-01,47941,TGNA,TEGNA INC,0.017386036765316724
2026-02-01,19938,ALGM,"ALLEGRO MICROSYSTEMS, INC.",0.006600478828262631
2026-02-01,17000,RYTM,"RHYTHM PHARMACEUTICALS, INC.",0.007887771027941196
2026-02-01,16655,CVNA,CARVANA CO,0.005587472539428026
2026-02-01,21219,GPOR,GULFPORT ENERGY CORP,0.009053016179275933
2026-02-01,18940,PTON,PELOTON INTERACTIVE INC,0.007538353888397216
2026-02-01,19788,PLTR,PALANTIR TECHNOLOGIES INC,0.0104631267836969
2026-02-01,89952,CMP,COMPASS MINERALS INTL INC,0.008390343703889058
2026-02-01,32651,HL,HECLA MINING CO/DE/,0.005235592820343843
2026-02-01,13796,HROW,HARROW INC,0.0076515645485283855
2026-02-01,32707,HP,HELMERICH & PAYNE INC,0.012489510524052515
2026-02-01,83774,OCFC,OCEANFIRST FINANCIAL CORP,0.01256928074654521
2026-02-01,16617,PUMP,ProPetro Holding Corp.,0.008252784376927554
2026-02-01,89002,BFH,"BREAD FINANCIAL HOLDINGS, INC.",0.006941285619196587
2026-02-01,24441,CDE,"Coeur Mining, Inc.",0.005235592820343843
2026-02-01,41188,ALNT,ALLIENT INC,0.011237266279416135
2026-02-01,19635,HRMY,"Harmony Biosciences Holdings, Inc.",0.01377338248397423
2026-02-01,90162,GNW,GENWORTH FINANCIAL INC,0.01685378965948723
2026-02-01,83642,CNOB,"ConnectOne Bancorp, Inc.",0.012258247852813464
2026-02-01,19497,LMND,"Lemonade, Inc.",0.0052380419083711835
2026-02-01,15371,COLL,"COLLEGIUM PHARMACEUTICAL, INC",0.009441833233367704
2026-02-01,26800,SLDE,SLIDE INSURANCE HOLDINGS INC,0.01143252729986791
2026-02-01,83124,CSGS,C S G SYSTEMS INTERNATIONAL INC,0.017386036765316724
2026-02-01,15272,SEDG,SOLAREDGE TECHNOLOGIES INC,0.005986918680542419
2026-02-01,76128,VICR,VICOR CORP,0.0053983516835642035
2026-02-01,15850,MTCH,MATCH GROUP INC NEW,0.017386036765316724
2026-02-01,47723,HNRG,HALLADOR ENERGY CO,0.007341620677530858
2026-02-01,21020,AAL,American Airlines Group Inc.,0.010429581861570919
2026-02-01,20648,RBLX,ROBLOX CORP,0.005235592820343843
2026-02-01,26444,CRWV,"CoreWeave, Inc.",-0.0054721360575681315
2026-02-01,22220,NN,NEXTNAV INC,-0.0055142133730853625
2026-02-01,86211,MSTR,Strategy Inc,-0.006951210374364067
2026-02-01,26720,BMNR,"BITMINE IMMERSION TECHNOLOGIES, INC.",-0.0051893116701658875
2026-02-01,23263,QBTS,D-Wave Quantum Inc.,-0.005911070621544088
2026-02-01,20357,IONQ,"IonQ, Inc.",-0.006713463954135244
2026-02-01,24655,HUT,HUT 8 CORP,-0.005259284327662731
2026-02-01,14813,MARA,MARA HOLDINGS INC,-0.00640450598235011
2026-02-01,21090,RCAT,"Red Cat Holdings, Inc.",-0.003598876156709762
2026-02-01,21927,DJT,Trump Media & Technology Group Corp.,-0.010203053371707923
2026-02-01,21754,QUBT,Quantum Computing Inc.,-0.0059275222106614355
2026-02-01,19751,LCID,"Lucid Group, Inc.",-0.005849723241220515
2026-02-01,87759,WULF,TERAWULF INC,-0.005744719445413708
2026-02-01,16680,QXO,"QXO, Inc.",-0.006591829965861409
2026-02-01,23054,SOUN,SOUNDHOUND AI INC,-0.0076307138527052796
2026-02-01,16338,VVV,VALVOLINE INC,-0.017797361967036303
2026-02-01,61146,PAR,PAR TECHNOLOGY CORP,-0.007499115849644352
2026-02-01,25147,FUN,Six Flags Entertainment Corporation/NEW,-0.00849830620987816
2026-02-01,84819,SBET,SHARPLINK GAMING INC,-0.006772167966063372
2026-02-01,21053,BBAI,"BigBear.ai Holdings, Inc.",-0.006226766775867233
2026-02-01,20381,NVTS,NAVITAS SEMICONDUCTOR CORP,-0.0036301487793202985
2026-02-01,19076,ASTS,"AST SpaceMobile, Inc.",-0.0038489595846936345
2026-02-01,91907,SMCI,"Super Micro Computer, Inc.",-0.008259406641009069
2026-02-01,21017,ALKT,ALKAMI TECHNOLOGY INC,-0.008660036488423138
2026-02-01,21898,CWAN,CLEARWATER ANALYTICS HLDGS INC,-0.01903056509649097
2026-02-01,21029,RUM,RUMBLE INC,-0.00971817315337581
2026-02-01,22079,LTH,"Life Time Group Holdings, Inc.",-0.014189344871874282
2026-02-01,23941,CAVA,"CAVA GROUP, INC.",-0.010266943410902677
2026-02-01,19002,BWIN,"Baldwin Insurance Group, Inc.",-0.009515394803425682
2026-02-01,19849,SMMT,Summit Therapeutics Inc.,-0.006616964149365979
2026-02-01,25181,LB,LANDBRIDGE COMPANY LLC,-0.007764649575433215
2026-02-01,26180,RHLD,"Resolute Holdings Management, Inc.",-0.00538421760765348
2026-02-01,19187,CLSK,CLEANSPARK INC,-0.0054885627355422935
2026-02-01,21692,TE,T1 ENERGY INC,-0.004349288251858804
2026-02-01,91612,GSAT,GLOBALSTAR INC,-0.006563634835921561
2026-02-01,20193,AI,C3 AI INC,-0.008459456915452643
2026-02-01,89986,APLD,Applied Digital Corp.,-0.004040097653490703
2026-02-01,25773,PRMB,PRIMO BRANDS CORP,-0.015074398685090777
2026-02-01,26744,VOYG,VOYAGER TECHNOLOGIES INC,-0.005282410656424821
2026-02-01,15293,NEXT,NEXTDECADE CORP,-0.007533011961867236
2026-02-01,86228,RSG,REPUBLIC SERVICES INC,-0.01903056509649097
2026-02-01,89297,CCOI,"COGENT COMMUNICATIONS HOLDINGS, INC.",-0.009435376361218826
2026-02-01,26747,ASIC,ATEGRITY SPECIALTY INS CO HLDGS,-0.016916006337290165
2026-02-01,14317,LGIH,L G I HOMES INC,-0.007857999598227439
2026-02-01,19484,PCVX,VAXCYTE INC,-0.010017896996612928
2026-02-01,15084,TFIN,"Triumph Financial, Inc.",-0.010141644602379611
2026-02-01,79698,IT,GARTNER INC,-0.010999832282578502
2026-02-01,15058,SLNO,SOLENO THERAPEUTICS INC,-0.011313987880924877
2026-02-01,91068,CMG,CHIPOTLE MEXICAN GRILL INC,-0.017009775052351617
2026-02-01,24698,CORZ,CORE SCIENTIFIC INC NEW,-0.008809611564174511
2026-02-01,19986,PRAX,"Praxis Precision Medicines, Inc.",-0.00790699045780491
2026-02-01,13323,ENPH,"Enphase Energy, Inc.",-0.008161589763158375
2026-02-01,86896,CBU,"COMMUNITY FINANCIAL SYSTEM, INC.",-0.016651010400840802
2026-02-01,21007,RGTI,"Rigetti Computing, Inc.",-0.006190944879933962
2026-02-01,21359,MCW,MISTER CAR WASH INC,-0.011776545825093554
2026-02-01,25320,CPB,CAMPBELLS CO,-0.01633171974786575
2026-02-01,20406,GRND,GRINDR INC,-0.01903056509649097
2026-02-01,18776,IMVT,IMMUNOVANT INC,-0.012799898120808742
2026-02-01,21342,VERA,VERA THERAPEUTICS INC,-0.009254399420836449
2026-02-01,79026,CHDN,CHURCHILL DOWNS INC,-0.01903056509648642
2026-02-01,23147,IE,IVANHOE ELECTRIC INC,-0.006566838043697704
2026-02-01,24064,APGE,"Apogee Therapeutics, Inc.",-0.008633824303597016
2026-02-01,19577,RKT,ROCKET COMPANIES INC,-0.006899330897918333
2026-02-01,17683,CLBK,COLUMBIA FINANCIAL INC,-0.01639005741627932
2026-02-01,17372,COGT,COGENT BIOSCIENCES INC,-0.009627282740406534
2026-02-01,19489,PCT,PURECYCLE TECHNOLOGIES INC,-0.0056291355701119945
2026-02-01,90505,LVS,LAS VEGAS SANDS CORP,-0.008856807728058268
2026-02-01,25243,OS,ONESTREAM INC,-0.004832580081494809
2026-02-01,21207,NEM,NEWMONT CORP,-0.008739437320436007
2026-02-01,82486,ERIE,ERIE INDEMNITY CO,-0.01675727344708971
2026-02-01,91968,TFSL,TFS Financial CORP,-0.016210204961452694
2026-02-01,27888,CFR,"CULLEN/FROST BANKERS, INC.",-0.016671150296408106
2026-02-01,89626,CME,C M E GROUP INC,-0.01903056509649097
2026-02-01,18191,BFC,Bank First Corp,-0.01647218095724651
2026-02-01,77338,ROP,ROPER TECHNOLOGIES INC,-0.012789645059430173
2026-02-01,20138,CMPO,"CompoSecure, Inc.",-0.0074879997244265304
2026-02-01,92469,SATS,ECHOSTAR CORP,-0.0069079419376938634
2026-02-01,64282,BBWI,BATH & BODY WORKS INC,-0.008687314571373502
2026-02-01,19416,EOSE,EOS ENERGY ENTERPRISES INC,-0.005188488177641023
2026-02-01,10892,WSFS,WSFS FINANCIAL CORP,-0.013326695644005182
2026-02-01,25205,ALMS,ALUMIS INC.,-0.0035681006155801305
2026-02-01,83443,BRKB,BERKSHIRE HATHAWAY INC DEL,-0.01903056509649097
2026-02-01,26798,CAI,"Caris Life Sciences, Inc.",-0.00784303030595616
2026-02-01,20930,SOC,SABLE OFFSHORE CORP,-0.0035681006155801305
2026-02-01,92294,UEC,URANIUM ENERGY CORP,-0.0057318471826783195
2026-02-01,25051,NNE,NANO NUCLEAR ENERGY INC,-0.004867619103946994
2026-02-01,85464,CWST,CASELLA WASTE SYSTEMS INC,-0.01903056509648642
2026-02-01,26839,RAL,RALLIANT CORP,-0.018685163072986934
2026-02-01,35044,RF,REGIONS FINANCIAL CORP,-0.018069064177119103
2026-02-01,15533,IBRX,"ImmunityBio, Inc.",-0.0035681006155801305
2026-02-01,17821,SRRK,Scholar Rock Holding Corp,-0.008563494286186727
2026-02-01,15960,CRVS,"Corvus Pharmaceuticals, Inc.",-0.0035681006155801305
2026-02-01,20312,ONDS,Ondas Inc.,-0.004084918813402411
2026-02-01,78170,SM,SM Energy Co,-0.014404954447073407
2026-02-01,86288,CSGP,"COSTAR GROUP, INC.",-0.010185172503685438
2026-02-01,20399,RDW,REDWIRE CORP,-0.0035681006155801305
2026-02-01,10933,MKL,MARKEL GROUP INC,-0.01903056509649097
2026-02-01,24875,ALAB,"Astera Labs, Inc.",-0.006759413584655147
2026-02-01,26653,GLXY,Galaxy Digital Inc.,-0.0054599301497231965
2026-02-01,22313,LUNR,"Intuitive Machines, Inc.",-0.004138751041448198
2026-03-01,18769,ADPT,Adaptive Biotechnologies Corp,0.010452792391865601
2026-03-01,17908,XERS,"Xeris Biopharma Holdings, Inc.",0.01031192986874518
2026-03-01,18135,GH,"Guardant Health, Inc.",0.008182475001314058
2026-03-01,76712,AES,AES CORP,0.011021029822012673
2026-03-01,20661,ALHC,"Alignment Healthcare, Inc.",0.01095928464685703
2026-03-01,91348,ATEC,"Alphatec Holdings, Inc.",0.011030071007380526
2026-03-01,14440,TVTX,"Travere Therapeutics, Inc.",0.0076558719921682936
2026-03-01,16617,PUMP,ProPetro Holding Corp.,0.007705682930886023
2026-03-01,15831,AXSM,"Axsome Therapeutics, Inc.",0.017087782715873585
2026-03-01,61743,DLX,DELUXE CORP,0.012652071569053059
2026-03-01,19635,HRMY,"Harmony Biosciences Holdings, Inc.",0.006528182479716971
2026-03-01,17684,AHCO,AdaptHealth Corp.,0.00746366410311556
2026-03-01,32651,HL,HECLA MINING CO/DE/,0.005307109346630428
2026-03-01,32707,HP,"Helmerich & Payne, Inc.",0.010664618302904735
2026-03-01,90178,ALNY,"ALNYLAM PHARMACEUTICALS, INC.",0.011350444717727315
2026-03-01,80306,BCRX,BIOCRYST PHARMACEUTICALS INC,0.009005162327997538
2026-03-01,24441,CDE,"Coeur Mining, Inc.",0.0056014884667697435
2026-03-01,83774,OCFC,OCEANFIRST FINANCIAL CORP,0.016126445741270912
2026-03-01,92716,DCOM,"Dime Community Bancshares, Inc. /NY/",0.015510915455659554
2026-03-01,16499,PK,Park Hotels & Resorts Inc.,0.013037049377596832
2026-03-01,50550,TPC,TUTOR PERINI CORP,0.006652664761772992
2026-03-01,89002,BFH,"BREAD FINANCIAL HOLDINGS, INC.",0.007587896436620773
2026-03-01,83642,CNOB,"ConnectOne Bancorp, Inc.",0.01455112749764148
2026-03-01,13921,CUBI,"Customers Bancorp, Inc.",0.012970481701455693
2026-03-01,22977,EE,"Excelerate Energy, Inc.",0.01004985719599554
2026-03-01,16260,MEDP,"Medpace Holdings, Inc.",0.00712383465161253
2026-03-01,90162,GNW,GENWORTH FINANCIAL INC,0.013884653805947465
2026-03-01,24459,PBI,PITNEY BOWES INC /DE/,0.011072301123448406
2026-03-01,17949,BE,Bloom Energy Corp,0.004991009653316618
2026-03-01,14231,VEEV,VEEVA SYSTEMS INC,0.011039465367929546
2026-03-01,13796,HROW,"HARROW, INC.",0.010101739372885771
2026-03-01,89964,NNI,NELNET INC,0.01847135716817908
2026-03-01,19497,LMND,"Lemonade, Inc.",0.005114712614622604
2026-03-01,14855,RYI,Ryerson Holding Corp,0.005515563709164525
2026-03-01,85059,FIX,COMFORT SYSTEMS USA INC,0.00798788037657578
2026-03-01,92220,MASI,MASIMO CORP,0.004991009653316618
2026-03-01,50876,LLY,ELI LILLY & Co,0.008111651126198582
2026-03-01,26800,SLDE,"Slide Insurance Holdings, Inc.",0.009678627989672754
2026-03-01,34673,NPKI,NPK International Inc.,0.012487164879028392
2026-03-01,20975,DAVE,Dave Inc./DE,0.004992803185672005
2026-03-01,14229,OMF,"OneMain Holdings, Inc.",0.012856016195724476
2026-03-01,22027,JXN,Jackson Financial Inc.,0.010567752163888663
2026-03-01,21020,AAL,American Airlines Group Inc.,0.007971485469979599
2026-03-01,21564,LZ,"LEGALZOOM.COM, INC.",0.004991009653316618
2026-03-01,83124,CSGS,C S G SYSTEMS INTERNATIONAL INC,0.01847135716817908
2026-03-01,12583,PCRX,"Pacira BioSciences, Inc.",0.014213213371304587
2026-03-01,15850,MTCH,"Match Group, Inc.",0.009076267847079007
2026-03-01,20648,RBLX,Roblox Corp,0.00598129653384716
2026-03-01,41188,ALNT,ALLIENT INC,0.010998203598461901
2026-03-01,75070,WKC,WORLD KINECT CORP,0.015008424682168618
2026-03-01,60599,LUMN,"Lumen Technologies, Inc.",0.004991009653316618
2026-03-01,76128,VICR,VICOR CORP,0.0060057047503872
2026-03-01,84275,UNFI,UNITED NATURAL FOODS INC,0.013823028359232922
2026-03-01,70033,HOG,"HARLEY-DAVIDSON, INC.",0.012087761102190968
2026-03-01,85741,HOPE,HOPE BANCORP INC,0.014759602933586262
2026-03-01,79906,INCY,INCYTE CORP,0.01150121093261229
2026-03-01,86820,CFFN,"Capitol Federal Financial, Inc.",0.014804901273344708
2026-03-01,75320,AD,"ARRAY DIGITAL INFRASTRUCTURE, INC.",0.018196111220917334
2026-03-01,21026,AVAH,"Aveanna Healthcare Holdings, Inc.",0.012583917338622979
2026-03-01,88863,EXAS,EXACT SCIENCES CORP,0.01847135716817908
2026-03-01,15272,SEDG,"SOLAREDGE TECHNOLOGIES, INC.",0.004991009653316618
2026-03-01,85627,SAH,SONIC AUTOMOTIVE INC,0.009615737097140968
2026-03-01,93289,MXL,"MAXLINEAR, INC",0.00840632137580378
2026-03-01,77606,KSS,KOHLS Corp,0.008305850972508196
2026-03-01,19184,ARQT,"Arcutis Biotherapeutics, Inc.",0.00830441941544157
2026-03-01,15371,COLL,"COLLEGIUM PHARMACEUTICAL, INC",0.013746865656884669
2026-03-01,78840,IAC,IAC Inc.,0.011165482848400871
2026-03-01,18452,LYFT,"Lyft, Inc.",0.006108645696853323
2026-03-01,49015,LNC,LINCOLN NATIONAL CORP,0.008100095878448427
2026-03-01,90386,MOS,MOSAIC CO,0.010613489151064954
2026-03-01,16698,APPN,APPIAN CORP,0.0072791311713812906
2026-03-01,47723,HNRG,HALLADOR ENERGY CO,0.008425018581863753
2026-03-01,16044,NGVT,Ingevity Corp,0.01526813254609619
2026-03-01,90856,ATRC,"AtriCure, Inc.",0.008320304482967293
2026-03-01,86822,EXTR,EXTREME NETWORKS INC,0.016176687354050912
2026-03-01,36281,SEB,SEABOARD CORP,0.011181280195149232
2026-03-01,13318,YELP,YELP INC,0.007537010892278965
2026-03-01,14239,VISN,"Vistance Networks, Inc.",0.010742026922795
2026-03-01,75182,PII,Polaris Inc.,0.010242107200364477
2026-03-01,89875,ANIP,ANI PHARMACEUTICALS INC,0.01518969092779294
2026-03-01,85621,MTD,METTLER TOLEDO INTERNATIONAL INC/,0.01847135716817908
2026-03-01,71176,SON,SONOCO PRODUCTS CO,0.01121607344889221
2026-03-01,19788,PLTR,Palantir Technologies Inc.,0.00680430214758936
2026-03-01,20057,VTRS,Viatris Inc,0.011176063890966394
2026-03-01,54114,MLKN,"MILLERKNOLL, INC.",0.012873387958088582
2026-03-01,89952,CMP,COMPASS MINERALS INTERNATIONAL INC,0.006131396751890188
2026-03-01,20919,PL,Planet Labs PBC,0.005180478017191205
2026-03-01,11891,MGM,MGM Resorts International,0.007427975538326744
2026-03-01,15720,EIX,EDISON INTERNATIONAL,0.016041257452054924
2026-03-01,16668,ZYME,ZYMEWORKS INC DE,0.013641256159121382
2026-03-01,21219,GPOR,GULFPORT ENERGY CORP,0.01153527081773969
2026-03-01,19938,ALGM,"ALLEGRO MICROSYSTEMS, INC.",0.0078099434284829815
2026-03-01,18203,KOD,KODIAK SCIENCES INC,0.005646261339290428
2026-03-01,16816,BHF,"Brighthouse Financial, Inc.",0.01847135716817908
2026-03-01,23506,FG,"F&G Annuities & Life, Inc.",0.008544327364644815
2026-03-01,24876,RDDT,"Reddit, Inc.",0.0062365347762187336
2026-03-01,81254,SNEX,StoneX Group Inc.,0.011526166225038883
2026-03-01,15318,ASB,ASSOCIATED BANC-CORP,0.013107278486704519
2026-03-01,79210,RGA,REINSURANCE GROUP OF AMERICA INC,0.011364498263547499
2026-03-01,91413,EVR,Evercore Inc.,0.00836006868385522
2026-03-01,26444,CRWV,"CoreWeave, Inc.",-0.004667476583299826
2026-03-01,86211,MSTR,Strategy Inc,-0.004543994102002895
2026-03-01,22220,NN,NEXTNAV INC.,-0.009399948016779845
2026-03-01,23263,QBTS,D-Wave Quantum Inc.,-0.005345969308100306
2026-03-01,20357,IONQ,"IonQ, Inc.",-0.004614071134462482
2026-03-01,14813,MARA,"MARA Holdings, Inc.",-0.004649036092505705
2026-03-01,24655,HUT,Hut 8 Corp.,-0.0049803735862076984
2026-03-01,21754,QUBT,Quantum Computing Inc.,-0.005356469007174791
2026-03-01,26720,BMNR,"BITMINE IMMERSION TECHNOLOGIES, INC.",-0.005128723728925359
2026-03-01,19751,LCID,"Lucid Group, Inc.",-0.007291819317026564
2026-03-01,87759,WULF,TERAWULF INC.,-0.004545418945308157
2026-03-01,84819,SBET,SHARPLINK GAMING INC,-0.005243038902047316
2026-03-01,25147,FUN,Six Flags Entertainment Corporation/NEW,-0.007965264572533314
2026-03-01,21927,DJT,Trump Media & Technology Group Corp.,-0.008085301545849116
2026-03-01,16338,VVV,VALVOLINE INC,-0.01709735826096034
2026-03-01,77338,ROP,ROPER TECHNOLOGIES INC,-0.013632768696069686
2026-03-01,23054,SOUN,"SOUNDHOUND AI, INC.",-0.0067349349172911915
2026-03-01,20381,NVTS,Navitas Semiconductor Corp,-0.004961330936848429
2026-03-01,21090,RCAT,"Red Cat Holdings, Inc.",-0.005678977388806321
2026-03-01,91907,SMCI,"Super Micro Computer, Inc.",-0.006548297529076397
2026-03-01,16680,QXO,"QXO, Inc.",-0.007056524405394881
2026-03-01,20138,CMPO,"CompoSecure, Inc.",-0.012914695900635827
2026-03-01,19076,ASTS,"AST SpaceMobile, Inc.",-0.005609033318133207
2026-03-01,26839,RAL,Ralliant Corp,-0.00476849235861879
2026-03-01,19187,CLSK,"CLEANSPARK, INC.",-0.0047207117079426176
2026-03-01,23941,CAVA,"CAVA GROUP, INC.",-0.005395747060879884
2026-03-01,89986,APLD,Applied Digital Corp.,-0.004543994102002895
2026-03-01,21029,RUM,RUMBLE INC,-0.009487605177250991
2026-03-01,24698,CORZ,CORE SCIENTIFIC INC NEW,-0.006790237920259748
2026-03-01,19849,SMMT,Summit Therapeutics Inc.,-0.012114155364279466
2026-03-01,89297,CCOI,"COGENT COMMUNICATIONS HOLDINGS, INC.",-0.004944606002183196
2026-03-01,25205,ALMS,ALUMIS INC.,-0.011854424146577782
2026-03-01,26747,ASIC,ATEGRITY SPECIALTY INS CO HLDGS,-0.00594507797704145
2026-03-01,25181,LB,LandBridge Co LLC,-0.008003694511791141
2026-03-01,35044,RF,REGIONS FINANCIAL CORP,-0.01727818584982865
2026-03-01,19002,BWIN,"Baldwin Insurance Group, Inc.",-0.005064403337885398
2026-03-01,22079,LTH,"Life Time Group Holdings, Inc.",-0.015822185268208416
2026-03-01,86288,CSGP,"COSTAR GROUP, INC.",-0.007825409877935533
2026-03-01,20193,AI,"C3.ai, Inc.",-0.005838820576472626
2026-03-01,22313,LUNR,"Intuitive Machines, Inc.",-0.004543994102002895
2026-03-01,21017,ALKT,"ALKAMI TECHNOLOGY, INC.",-0.007895628597818725
2026-03-01,21359,MCW,MISTER CAR WASH INC,-0.009752739203449372
2026-03-01,24875,ALAB,"Astera Labs, Inc.",-0.00461489104532197
2026-03-01,25051,NNE,Nano Nuclear Energy Inc.,-0.007179671930298082
2026-03-01,86228,RSG,"REPUBLIC SERVICES, INC.",-0.019126518618809037
2026-03-01,64282,BBWI,"Bath & Body Works, Inc.",-0.01236590251369588
2026-03-01,26798,CAI,"Caris Life Sciences, Inc.",-0.009923432955536474
2026-03-01,21692,TE,T1 ENERGY INC,-0.004841412167738748
2026-03-01,20399,RDW,Redwire Corp,-0.005196836592040977
2026-03-01,17821,SRRK,Scholar Rock Holding Corp,-0.013156766424716715
2026-03-01,83443,BRKB,BERKSHIRE HATHAWAY INC DEL,-0.019126518618809037
2026-03-01,14317,LGIH,"LGI Homes, Inc.",-0.009902610312212732
2026-03-01,15058,SLNO,SOLENO THERAPEUTICS INC,-0.009148368967493777
2026-03-01,92469,SATS,ECHOSTAR CORP,-0.01276468522660964
2026-03-01,19484,PCVX,"Vaxcyte, Inc.",-0.012565187376391847
2026-03-01,25773,PRMB,PRIMO BRANDS CORP,-0.009883568979121439
2026-03-01,19986,PRAX,"Praxis Precision Medicines, Inc.",-0.017767759949043477
2026-03-01,15293,NEXT,NEXTDECADE CORP,-0.010607164138196313
2026-03-01,15960,CRVS,"Corvus Pharmaceuticals, Inc.",-0.00947517620762537
2026-03-01,20930,SOC,Sable Offshore Corp.,-0.005959419429892556
2026-03-01,10892,WSFS,WSFS FINANCIAL CORP,-0.019126518618809037
2026-03-01,26653,GLXY,Galaxy Digital Inc.,-0.004685827907793525
2026-03-01,86896,CBU,"COMMUNITY FINANCIAL SYSTEM, INC.",-0.019126518618809037
2026-03-01,26744,VOYG,VOYAGER TECHNOLOGIES INC,-0.0065515273432542155
2026-03-01,92294,UEC,URANIUM ENERGY CORP,-0.007820778555209228
2026-03-01,18191,BFC,Bank First Corp,-0.019126518618809037
2026-03-01,21007,RGTI,"Rigetti Computing, Inc.",-0.005485034752764526
2026-03-01,18776,IMVT,"Immunovant, Inc.",-0.011110233631178131
2026-03-01,78170,SM,SM Energy Co,-0.009201875861129468
2026-03-01,10933,MKL,MARKEL GROUP INC.,-0.019126518618809037
2026-03-01,21342,VERA,"Vera Therapeutics, Inc.",-0.012979654127748
2026-03-01,25320,CPB,CAMPBELLS CO,-0.01654346557195337
2026-03-01,90505,LVS,LAS VEGAS SANDS CORP,-0.019126518618809037
2026-03-01,19577,RKT,"Rocket Companies, Inc.",-0.009145946404489649
2026-03-01,24064,APGE,"Apogee Therapeutics, Inc.",-0.012615111631920303
2026-03-01,23147,IE,IVANHOE ELECTRIC INC,-0.00730406525949637
2026-03-01,13323,ENPH,"Enphase Energy, Inc.",-0.004543994102002895
2026-03-01,15533,IBRX,"ImmunityBio, Inc.",-0.004543994102002895
2026-03-01,85464,CWST,CASELLA WASTE SYSTEMS INC,-0.01625601914807036
2026-03-01,21898,CWAN,CLEARWATER ANALYTICS HLDGS INC,-0.019126518618809037
2026-03-01,19489,PCT,PURECYCLE TECHNOLOGIES INC,-0.005981927983189283
2026-03-01,91968,TFSL,TFS Financial CORP,-0.018919851565693396
2026-03-01,91612,GSAT,"Globalstar, Inc.",-0.009446531324298822
2026-03-01,21207,NEM,NEWMONT Corp /DE/,-0.010967188826722324
2026-03-01,15084,TFIN,"Triumph Financial, Inc.",-0.010127825147364489
2026-03-01,17683,CLBK,COLUMBIA FINANCIAL INC,-0.01414717572117371
2026-03-01,79698,IT,GARTNER INC,-0.006892574780928059
2026-03-01,27045,MH,"McGraw Hill, Inc.",-0.007109686579679267
2026-03-01,25886,TTAN,"ServiceTitan, Inc.",-0.007640059243533562
2026-03-01,84588,MTN,VAIL RESORTS INC,-0.015839441404121336
2026-03-01,27083,PSKY,Paramount Skydance Corp,-0.006487442320820435
2026-03-01,26178,SAIL,SAILPOINT INC,-0.008474585082043374
2026-03-01,17794,WH,"WYNDHAM HOTELS & RESORTS, INC.",-0.017417823734849774
2026-03-01,19826,ABX,"Abacus Global Management, Inc.",-0.008832697979673279
2026-03-01,78875,WOLF,"WOLFSPEED, INC.",-0.005807701426016311
2026-03-01,26277,TIC,"TIC Solutions, Inc.",-0.009648694907321342
2026-03-01,30681,OMC,OMNICOM GROUP INC.,-0.0076579859774841596
2026-03-01,63467,BRO,"BROWN & BROWN, INC.",-0.01696963014290397
2026-03-01,26146,MAZE,MAZE THERAPEUTICS INC,-0.010420620732231399
2026-03-01,26179,KRMN,Karman Holdings Inc.,-0.005743015157112916
2026-04-01,18769,ADPT,Adaptive Biotechnologies Corp,0.0052426620437236214
2026-04-01,16617,PUMP,ProPetro Holding Corp.,0.007988080316128222
2026-04-01,17908,XERS,"Xeris Biopharma Holdings, Inc.",0.007900048981757007
2026-04-01,91348,ATEC,"Alphatec Holdings, Inc.",0.009584534093950376
2026-04-01,20661,ALHC,"Alignment Healthcare, Inc.",0.009118030976911511
2026-04-01,61743,DLX,DELUXE CORP,0.014743141793980098
2026-04-01,19635,HRMY,"Harmony Biosciences Holdings, Inc.",0.014033584242914687
2026-04-01,18135,GH,"Guardant Health, Inc.",0.008941980573415635
2026-04-01,14440,TVTX,"Travere Therapeutics, Inc.",0.007895295411009005
2026-04-01,32707,HP,"Helmerich & Payne, Inc.",0.012048845244076652
2026-04-01,16499,PK,Park Hotels & Resorts Inc.,0.012820370800044906
2026-04-01,32651,HL,HECLA MINING CO/DE/,0.005464741677732043
2026-04-01,16816,BHF,"Brighthouse Financial, Inc.",0.02091825264260997
2026-04-01,24459,PBI,PITNEY BOWES INC /DE/,0.011162609779006996
2026-04-01,21020,AAL,American Airlines Group Inc.,0.008330598876685842
2026-04-01,21564,LZ,"LEGALZOOM.COM, INC.",0.010503273299579913
2026-04-01,50550,TPC,TUTOR PERINI CORP,0.007195849821321404
2026-04-01,24441,CDE,"Coeur Mining, Inc.",0.004525395452183178
2026-04-01,76712,AES,AES CORP,0.006531392055952424
2026-04-01,89002,BFH,"BREAD FINANCIAL HOLDINGS, INC.",0.011087552364276521
2026-04-01,16260,MEDP,"Medpace Holdings, Inc.",0.01069018655152793
2026-04-01,80306,BCRX,BIOCRYST PHARMACEUTICALS INC,0.006954180703103032
2026-04-01,13921,CUBI,"Customers Bancorp, Inc.",0.015383481271098334
2026-04-01,83642,CNOB,"ConnectOne Bancorp, Inc.",0.017409961264528734
2026-04-01,24876,RDDT,"Reddit, Inc.",0.006627724052383107
2026-04-01,85059,FIX,COMFORT SYSTEMS USA INC,0.005701111530924776
2026-04-01,90162,GNW,GENWORTH FINANCIAL INC,0.018038441666802824
2026-04-01,92716,DCOM,"Dime Community Bancshares, Inc. /NY/",0.020914037259490093
2026-04-01,15318,ASB,ASSOCIATED BANC-CORP,0.017491418488646774
2026-04-01,26800,SLDE,"Slide Insurance Holdings, Inc.",0.009073791465651548
2026-04-01,90178,ALNY,"ALNYLAM PHARMACEUTICALS, INC.",0.010636658840876287
2026-04-01,15831,AXSM,"Axsome Therapeutics, Inc.",0.01050394488461124
2026-04-01,20975,DAVE,Dave Inc./DE,0.006765254496641423
2026-04-01,18203,KOD,Kodiak Sciences Inc.,0.0034009270939381066
2026-04-01,76128,VICR,VICOR CORP,0.0034074001461933774
2026-04-01,19497,LMND,"Lemonade, Inc.",0.00511529991927028
2026-04-01,91413,EVR,Evercore Inc.,0.009239134480970223
2026-04-01,83774,OCFC,OCEANFIRST FINANCIAL CORP,0.01841282037214744
2026-04-01,14231,VEEV,VEEVA SYSTEMS INC,0.011986184999633009
2026-04-01,77606,KSS,KOHLS Corp,0.0066230277335568005
2026-04-01,92220,MASI,MASIMO CORP,0.02091825264260997
2026-04-01,22027,JXN,Jackson Financial Inc.,0.013061163021148728
2026-04-01,22977,EE,"Excelerate Energy, Inc.",0.008040903614343972
2026-04-01,81254,SNEX,StoneX Group Inc.,0.007709992985762761
2026-04-01,20648,RBLX,Roblox Corp,0.006967170183897493
2026-04-01,89964,NNI,NELNET INC,0.018821289597868072
2026-04-01,23506,FG,"F&G Annuities & Life, Inc.",0.00853254287028536
2026-04-01,79210,RGA,REINSURANCE GROUP OF AMERICA INC,0.019939828088795172
2026-04-01,85741,HOPE,HOPE BANCORP INC,0.02091825264260997
2026-04-01,15850,MTCH,"Match Group, Inc.",0.013510885034811751
2026-04-01,14855,RYI,Ryerson Holding Corp,0.008242156449323067
2026-04-01,12583,PCRX,"Pacira BioSciences, Inc.",0.010352858649627384
2026-04-01,19184,ARQT,"Arcutis Biotherapeutics, Inc.",0.006447197316526299
2026-04-01,54114,MLKN,"MILLERKNOLL, INC.",0.004689950131422078
2026-04-01,17949,BE,Bloom Energy Corp,0.0034009270939381066
2026-04-01,14229,OMF,"OneMain Holdings, Inc.",0.012559979324672933
2026-04-01,15272,SEDG,"SOLAREDGE TECHNOLOGIES, INC.",0.0034918265101445633
2026-04-01,93289,MXL,"MAXLINEAR, INC",0.006693376587890448
2026-04-01,84275,UNFI,UNITED NATURAL FOODS INC,0.0074679189113729
2026-04-01,17684,AHCO,AdaptHealth Corp.,0.006803267817006282
2026-04-01,78840,IAC,IAC Inc.,0.014485593621541004
2026-04-01,16698,APPN,APPIAN CORP,0.011219882235781312
2026-04-01,83124,CSGS,C S G SYSTEMS INTERNATIONAL INC,0.02091825264260997
2026-04-01,50876,LLY,ELI LILLY & Co,0.012423103698645745
2026-04-01,85627,SAH,SONIC AUTOMOTIVE INC,0.012924311703291488
2026-04-01,75320,AD,"ARRAY DIGITAL INFRASTRUCTURE, INC.",0.01723435886507772
2026-04-01,60599,LUMN,"Lumen Technologies, Inc.",0.007477496697295133
2026-04-01,41188,ALNT,ALLIENT INC,0.006481503749147312
2026-04-01,89952,CMP,COMPASS MINERALS INTERNATIONAL INC,0.008735648001201177
2026-04-01,20919,PL,Planet Labs PBC,0.0034009270939381066
2026-04-01,79906,INCY,INCYTE CORP,0.014806673573982437
2026-04-01,13318,YELP,YELP INC,0.014668744636731127
2026-04-01,86822,EXTR,EXTREME NETWORKS INC,0.01440498136569055
2026-04-01,86820,CFFN,"Capitol Federal Financial, Inc.",0.02091825264260997
2026-04-01,34673,NPKI,NPK International Inc.,0.009489289102879937
2026-04-01,70033,HOG,"HARLEY-DAVIDSON, INC.",0.009325738578259433
2026-04-01,16044,NGVT,Ingevity Corp,0.009922730413549278
2026-04-01,20057,VTRS,Viatris Inc,0.010917239123685356
2026-04-01,75070,WKC,WORLD KINECT CORP,0.019936133415888322
2026-04-01,14239,VISN,"Vistance Networks, Inc.",0.01364500633462052
2026-04-01,49015,LNC,LINCOLN NATIONAL CORP,0.01130405515887121
2026-04-01,19788,PLTR,Palantir Technologies Inc.,0.007309278496043792
2026-04-01,18452,LYFT,"Lyft, Inc.",0.008482781707315947
2026-04-01,75182,PII,Polaris Inc.,0.009134933823768768
2026-04-01,21219,GPOR,GULFPORT ENERGY CORP,0.011732092294655407
2026-04-01,15371,COLL,"COLLEGIUM PHARMACEUTICAL, INC",0.0099695158710194
2026-04-01,90856,ATRC,"AtriCure, Inc.",0.013774545686166793
2026-04-01,13796,HROW,"HARROW, INC.",0.0036803205135207766
2026-04-01,19938,ALGM,"ALLEGRO MICROSYSTEMS, INC.",0.005792935482618097
2026-04-01,11891,MGM,MGM Resorts International,0.009530148511595667
2026-04-01,21026,AVAH,"Aveanna Healthcare Holdings, Inc.",0.009461245638367276
2026-04-01,15396,BW,"Babcock & Wilcox Enterprises, Inc.",0.0034009270939381066
2026-04-01,24258,CART,Maplebear Inc.,0.01056944751825768
2026-04-01,21122,FLYW,Flywire Corp,0.00946402370727825
2026-04-01,78451,OPY,OPPENHEIMER HOLDINGS INC,0.012614737235407828
2026-04-01,76709,IDXX,IDEXX LABORATORIES INC /DE,0.013214467586164392
2026-04-01,23340,CRBG,"Corebridge Financial, Inc.",0.0074668379387358135
2026-04-01,16064,NTLA,"Intellia Therapeutics, Inc.",0.004697152729110315
2026-04-01,87075,ZD,"ZIFF DAVIS, INC.",0.0034009270939381066
2026-04-01,14776,SYF,Synchrony Financial,0.01680021069227803
2026-04-01,26444,CRWV,"CoreWeave, Inc.",-0.00555125397503919
2026-04-01,86211,MSTR,Strategy Inc,-0.007230456340680619
2026-04-01,22220,NN,NEXTNAV INC.,-0.006634376426135177
2026-04-01,23263,QBTS,D-Wave Quantum Inc.,-0.007094051708051825
2026-04-01,20138,GPGI,"GPGI, Inc.",-0.006220357861887997
2026-04-01,14813,MARA,"MARA Holdings, Inc.",-0.00560421532886864
2026-04-01,87759,WULF,TERAWULF INC.,-0.00541526023454841
2026-04-01,20357,IONQ,"IonQ, Inc.",-0.008793222908033707
2026-04-01,19751,LCID,"Lucid Group, Inc.",-0.007973419900277497
2026-04-01,24655,HUT,Hut 8 Corp.,-0.004475040359902289
2026-04-01,26720,BMNR,"BITMINE IMMERSION TECHNOLOGIES, INC.",-0.005214545066430631
2026-04-01,21927,DJT,Trump Media & Technology Group Corp.,-0.00800627714060234
2026-04-01,77338,ROP,ROPER TECHNOLOGIES INC,-0.018917651611624196
2026-04-01,84819,SBET,SHARPLINK GAMING INC,-0.005449571703419264
2026-04-01,21754,QUBT,Quantum Computing Inc.,-0.0072867960041697825
2026-04-01,19187,CLSK,"CLEANSPARK, INC.",-0.006297794877717684
2026-04-01,25147,FUN,Six Flags Entertainment Corporation/NEW,-0.007976070109079284
2026-04-01,23054,SOUN,"SOUNDHOUND AI, INC.",-0.00622768143863029
2026-04-01,16680,QXO,"QXO, Inc.",-0.006967466925651253
2026-04-01,26839,RAL,Ralliant Corp,-0.011030804444079549
2026-04-01,19076,ASTS,"AST SpaceMobile, Inc.",-0.004337697080101565
2026-04-01,19849,SMMT,Summit Therapeutics Inc.,-0.006089466914957982
2026-04-01,25205,ALMS,ALUMIS INC.,-0.005132426561010242
2026-04-01,21029,RUM,Rumble Inc.,-0.006746492070556369
2026-04-01,20381,NVTS,Navitas Semiconductor Corp,-0.0039024930084415326
2026-04-01,91907,SMCI,"Super Micro Computer, Inc.",-0.0038006242574430862
2026-04-01,63467,BRO,"BROWN & BROWN, INC.",-0.01797196669716759
2026-04-01,89297,CCOI,"COGENT COMMUNICATIONS HOLDINGS, INC.",-0.00512100955176201
2026-04-01,83443,BRK.B,BERKSHIRE HATHAWAY INC,-0.018917651611624196
2026-04-01,21090,RCAT,"Red Cat Holdings, Inc.",-0.0038006242574430862
2026-04-01,89986,APLD,Applied Digital Corp.,-0.004470044905783995
2026-04-01,18191,BFC,Bank First Corp,-0.018917651611624196
2026-04-01,17821,SRRK,Scholar Rock Holding Corp,-0.005700608194998054
2026-04-01,26178,SAIL,"SailPoint, Inc.",-0.006572231171624579
2026-04-01,22079,LTH,"Life Time Group Holdings, Inc.",-0.013173838608813614
2026-04-01,19002,BWIN,"Baldwin Insurance Group, Inc.",-0.011337476034028064
2026-04-01,22313,LUNR,"Intuitive Machines, Inc.",-0.004139669225924665
2026-04-01,26146,MAZE,MAZE THERAPEUTICS INC,-0.0038006242574430862
2026-04-01,15058,SLNO,SOLENO THERAPEUTICS INC,-0.00805767145968279
2026-04-01,17794,WH,"WYNDHAM HOTELS & RESORTS, INC.",-0.01635980930598344
2026-04-01,20193,AI,"C3.ai, Inc.",-0.008042672957463212
2026-04-01,26179,KRMN,Karman Holdings Inc.,-0.00551701985045119
2026-04-01,86288,CSGP,"COSTAR GROUP, INC.",-0.013559223831882702
2026-04-01,23941,CAVA,"CAVA GROUP, INC.",-0.009191025806688777
2026-04-01,86896,CBU,"COMMUNITY FINANCIAL SYSTEM, INC.",-0.018917651611624196
2026-04-01,24875,ALAB,"Astera Labs, Inc.",-0.005739405740018895
2026-04-01,19986,PRAX,"Praxis Precision Medicines, Inc.",-0.006452344266852028
2026-04-01,25181,LB,LandBridge Co LLC,-0.008871563335978513
2026-04-01,15960,CRVS,"Corvus Pharmaceuticals, Inc.",-0.006368185821387891
2026-04-01,25051,NNE,Nano Nuclear Energy Inc.,-0.00798390840157746
2026-04-01,26277,TIC,"TIC Solutions, Inc.",-0.008510465488808178
2026-04-01,84588,MTN,VAIL RESORTS INC,-0.009980887616616016
2026-04-01,26653,GLXY,Galaxy Digital Inc.,-0.004609273894488872
2026-04-01,20399,RDW,Redwire Corp,-0.005659723661925305
2026-04-01,21007,RGTI,"Rigetti Computing, Inc.",-0.007587015720154809
2026-04-01,86228,RSG,"REPUBLIC SERVICES, INC.",-0.018917651611624196
2026-04-01,25773,PRMB,PRIMO BRANDS CORP,-0.013026946934026543
2026-04-01,19484,PCVX,"Vaxcyte, Inc.",-0.012610037251794378
2026-04-01,10892,WSFS,WSFS FINANCIAL CORP,-0.018917651611624196
2026-04-01,91968,TFSL,TFS Financial CORP,-0.018917651611624196
2026-04-01,14317,LGIH,"LGI Homes, Inc.",-0.00852610610781949
2026-04-01,26798,CAI,"Caris Life Sciences, Inc.",-0.008447551844907178
2026-04-01,24064,APGE,"Apogee Therapeutics, Inc.",-0.005485075120001586
2026-04-01,25320,CPB,CAMPBELL'S Co,-0.011948226138020802
2026-04-01,15293,NEXT,NEXTDECADE CORP,-0.006202066514729489
2026-04-01,26744,VOYG,"Voyager Technologies, Inc./DE",-0.005834728287945345
2026-04-01,20930,SOC,Sable Offshore Corp.,-0.0038006242574430862
2026-04-01,16338,VVV,VALVOLINE INC,-0.01731945261741166
2026-04-01,19577,RKT,"Rocket Companies, Inc.",-0.008163277043383491
2026-04-01,21359,MCW,MISTER CAR WASH INC,-0.018917651611624196
2026-04-01,92294,UEC,URANIUM ENERGY CORP,-0.006295980548792274
2026-04-01,30681,OMC,OMNICOM GROUP INC.,-0.018917651611624196
2026-04-01,17683,CLBK,COLUMBIA FINANCIAL INC,-0.018917651611624196
2026-04-01,91612,GSAT,"Globalstar, Inc.",-0.006504639794727064
2026-04-01,64282,BBWI,"Bath & Body Works, Inc.",-0.007060337410353518
2026-04-01,15533,IBRX,"ImmunityBio, Inc.",-0.00380444583270094
2026-04-01,85464,CWST,CASELLA WASTE SYSTEMS INC,-0.00999338303760843
2026-04-01,23147,IE,IVANHOE ELECTRIC INC,-0.006712595911484065
2026-04-01,90505,LVS,LAS VEGAS SANDS CORP,-0.017804703558429755
2026-04-01,19489,PCT,PURECYCLE TECHNOLOGIES INC,-0.006533777930034083
2026-04-01,10933,MKL,MARKEL GROUP INC.,-0.018917651611624196
2026-04-01,78170,SM,SM Energy Co,-0.009979664372470934
2026-04-01,24698,CORZ,CORE SCIENTIFIC INC NEW,-0.006751204620413543
2026-04-01,35044,RF,REGIONS FINANCIAL CORP,-0.018917651611624196
2026-04-01,18776,IMVT,"Immunovant, Inc.",-0.009812820062030284
2026-04-01,25886,TTAN,"ServiceTitan, Inc.",-0.010313246046926116
2026-04-01,21207,NEM,NEWMONT Corp /DE/,-0.009698585312450114
2026-04-01,21342,VERA,"Vera Therapeutics, Inc.",-0.010276619306587449
2026-04-01,27302,VIA,"Via Transportation, Inc.",-0.005989656991427435
2026-04-01,14988,LBRDK,Liberty Broadband Corp,-0.013762521765828716
2026-04-01,21605,RYAN,"RYAN SPECIALTY HOLDINGS, INC.",-0.014945649705503165
2026-04-01,23993,KDK,"Kodiak AI, Inc.",-0.0074829024274508694
2026-04-01,27356,PTRN,Pattern Group Inc.,-0.005896107929337818
2026-04-01,20682,CPNG,"Coupang, Inc.",-0.009092562311903347
2026-04-01,16649,OKTA,"Okta, Inc.",-0.008173055747248211
2026-04-01,15948,NIC,NICOLET BANKSHARES INC,-0.01758996992528801
2026-04-01,51625,SCI,SERVICE CORP INTERNATIONAL,-0.01802432100128214
2026-04-01,85272,AEHR,AEHR TEST SYSTEMS,-0.0038006242574430862
2026-04-01,89217,AAP,ADVANCE AUTO PARTS INC,-0.010646484373920611
2026-04-01,90126,CYTK,CYTOKINETICS INC,-0.012524656231929375
2026-05-01,18769,ADPT,Adaptive Biotechnologies Corp,0.005089345444227471
2026-05-01,17908,XERS,"Xeris Biopharma Holdings, Inc.",0.009616726955493838
2026-05-01,32707,HP,"Helmerich & Payne, Inc.",0.00857292389069883
2026-05-01,19635,HRMY,"Harmony Biosciences Holdings, Inc.",0.009804577052757855
2026-05-01,16499,PK,Park Hotels & Resorts Inc.,0.01221301226797781
2026-05-01,21020,AAL,American Airlines Group Inc.,0.007150637507893328
2026-05-01,19497,LMND,"Lemonade, Inc.",0.004720262258201736
2026-05-01,54114,MLKN,"MILLERKNOLL, INC.",0.008374889159051319
2026-05-01,21564,LZ,"LEGALZOOM.COM, INC.",0.008970064306458959
2026-05-01,20661,ALHC,"Alignment Healthcare, Inc.",0.005733498458121879
2026-05-01,85059,FIX,COMFORT SYSTEMS USA INC,0.00823490040781486
2026-05-01,61743,DLX,DELUXE CORP,0.01419823619159025
2026-05-01,24258,CART,Maplebear Inc.,0.008539098022796315
2026-05-01,16816,BHF,"Brighthouse Financial, Inc.",0.020070447609812508
2026-05-01,87075,ZD,"ZIFF DAVIS, INC.",0.013421375578516807
2026-05-01,50550,TPC,TUTOR PERINI CORP,0.01033667044943327
2026-05-01,77606,KSS,KOHLS Corp,0.0068143686807190795
2026-05-01,24876,RDDT,"Reddit, Inc.",0.00622474411032792
2026-05-01,18135,GH,"Guardant Health, Inc.",0.005809270421939492
2026-05-01,21122,FLYW,Flywire Corp,0.009926517202102615
2026-05-01,15396,BW,"Babcock & Wilcox Enterprises, Inc.",0.005142729797194409
2026-05-01,92220,MASI,MASIMO CORP,0.020070447609812508
2026-05-01,32651,HL,HECLA MINING CO/DE/,0.008779874683346057
2026-05-01,91348,ATEC,"Alphatec Holdings, Inc.",0.0049580479200557375
2026-05-01,26800,SLDE,"Slide Insurance Holdings, Inc.",0.012267413700701136
2026-05-01,24459,PBI,PITNEY BOWES INC /DE/,0.008558084880202753
2026-05-01,14231,VEEV,VEEVA SYSTEMS INC,0.008646106772528089
2026-05-01,13921,CUBI,"Customers Bancorp, Inc.",0.012068672799134384
2026-05-01,20919,PL,Planet Labs PBC,0.004247818082752661
2026-05-01,89002,BFH,"BREAD FINANCIAL HOLDINGS, INC.",0.00819227505882201
2026-05-01,90162,GNW,GENWORTH FINANCIAL INC,0.01980128123796729
2026-05-01,20975,DAVE,Dave Inc./DE,0.005348614733619148
2026-05-01,22027,JXN,Jackson Financial Inc.,0.011886665780457575
2026-05-01,23340,CRBG,"Corebridge Financial, Inc.",0.013361678135393521
2026-05-01,16260,MEDP,"Medpace Holdings, Inc.",0.004251249086905213
2026-05-01,80306,BCRX,BIOCRYST PHARMACEUTICALS INC,0.007944538498008148
2026-05-01,76712,AES,AES CORP,0.020070447609812508
2026-05-01,81254,SNEX,StoneX Group Inc.,0.010711717424260638
2026-05-01,17949,BE,Bloom Energy Corp,0.004247818082752661
2026-05-01,85741,HOPE,HOPE BANCORP INC,0.012820495159994708
2026-05-01,76128,VICR,VICOR CORP,0.005198970561137509
2026-05-01,91413,EVR,Evercore Inc.,0.010333720821354319
2026-05-01,19184,ARQT,"Arcutis Biotherapeutics, Inc.",0.008807756909390072
2026-05-01,23506,FG,"F&G Annuities & Life, Inc.",0.009407292219568547
2026-05-01,15318,ASB,ASSOCIATED BANC-CORP,0.01666315389796224
2026-05-01,22977,EE,"Excelerate Energy, Inc.",0.01160139230523878
2026-05-01,83774,OCFC,OCEANFIRST FINANCIAL CORP,0.017562376247420707
2026-05-01,14776,SYF,Synchrony Financial,0.01342767260566443
2026-05-01,20648,RBLX,Roblox Corp,0.008205305452079509
2026-05-01,83642,CNOB,"ConnectOne Bancorp, Inc.",0.01299106697349594
2026-05-01,15831,AXSM,"Axsome Therapeutics, Inc.",0.007223040822933935
2026-05-01,79210,RGA,REINSURANCE GROUP OF AMERICA INC,0.020070447609812508
2026-05-01,78840,IAC,IAC Inc.,0.01944004184931629
2026-05-01,76709,IDXX,IDEXX LABORATORIES INC /DE,0.011636281823034925
2026-05-01,90178,ALNY,"ALNYLAM PHARMACEUTICALS, INC.",0.01009130858224781
2026-05-01,15272,SEDG,"SOLAREDGE TECHNOLOGIES, INC.",0.004443964660220604
2026-05-01,15850,MTCH,"Match Group, Inc.",0.013638287737556378
2026-05-01,24441,CDE,"Coeur Mining, Inc.",0.006359853358652534
2026-05-01,89964,NNI,NELNET INC,0.020070447609812508
2026-05-01,13318,YELP,YELP INC,0.01294948160882275
2026-05-01,85627,SAH,SONIC AUTOMOTIVE INC,0.008473435663492228
2026-05-01,83124,CSGS,C S G SYSTEMS INTERNATIONAL INC,0.020070447609812508
2026-05-01,49015,LNC,LINCOLN NATIONAL CORP,0.01610220625749962
2026-05-01,86820,CFFN,"Capitol Federal Financial, Inc.",0.014752269648259127
2026-05-01,14229,OMF,"OneMain Holdings, Inc.",0.015306450478929189
2026-05-01,75320,AD,"ARRAY DIGITAL INFRASTRUCTURE, INC.",0.012646413619979398
2026-05-01,16064,NTLA,"Intellia Therapeutics, Inc.",0.004492038111847811
2026-05-01,84275,UNFI,UNITED NATURAL FOODS INC,0.010761775655375689
2026-05-01,12583,PCRX,"Pacira BioSciences, Inc.",0.012113482441024665
2026-05-01,21219,GPOR,GULFPORT ENERGY CORP,0.014960652295007312
2026-05-01,19938,ALGM,"ALLEGRO MICROSYSTEMS, INC.",0.006496695785848099
2026-05-01,19788,PLTR,Palantir Technologies Inc.,0.006941087100666436
2026-05-01,50876,LLY,ELI LILLY & Co,0.008093988799591818
2026-05-01,78451,OPY,OPPENHEIMER HOLDINGS INC,0.0075013165456302286
2026-05-01,17684,AHCO,AdaptHealth Corp.,0.012260305356540846
2026-05-01,14855,RYI,Ryerson Holding Corp,0.009927080106855772
2026-05-01,16044,NGVT,Ingevity Corp,0.01241394735266627
2026-05-01,86822,EXTR,EXTREME NETWORKS INC,0.004247818082752661
2026-05-01,16617,PUMP,ProPetro Holding Corp.,0.005566506657395048
2026-05-01,20057,VTRS,Viatris Inc,0.014083009433039237
2026-05-01,79906,INCY,INCYTE CORP,0.013999264996903977
2026-05-01,92716,DCOM,"Dime Community Bancshares, Inc. /NY/",0.010742206014597237
2026-05-01,70033,HOG,"HARLEY-DAVIDSON, INC.",0.009985749633336476
2026-05-01,89952,CMP,COMPASS MINERALS INTERNATIONAL INC,0.006689454412958638
2026-05-01,41188,ALNT,ALLIENT INC,0.006638317052499699
2026-05-01,18452,LYFT,"Lyft, Inc.",0.009788481871231295
2026-05-01,18203,KOD,Kodiak Sciences Inc.,0.004553937834871779
2026-05-01,11891,MGM,MGM Resorts International,0.014182356441039221
2026-05-01,75182,PII,Polaris Inc.,0.004247818082752661
2026-05-01,22088,FLNC,"Fluence Energy, Inc.",0.005354318098362205
2026-05-01,14797,CDNA,"CareDx, Inc.",0.004247818082752661
2026-05-01,91659,ALGT,Allegiant Travel CO,0.006133166229593118
2026-05-01,18134,UPWK,"UPWORK, INC",0.008154954472571906
2026-05-01,19032,VIR,"Vir Biotechnology, Inc.",0.007769680830648546
2026-05-01,19813,TNGX,"Tango Therapeutics, Inc.",0.004365849179738303
2026-05-01,22177,AIP,"Arteris, Inc.",0.007260296124220372
2026-05-01,76927,STRL,"STERLING INFRASTRUCTURE, INC.",0.005521077225660986
2026-05-01,80069,ARWR,"ARROWHEAD PHARMACEUTICALS, INC.",0.007667226951079026
2026-05-01,90436,HALO,"HALOZYME THERAPEUTICS, INC.",0.01286276608729056
2026-05-01,88446,ILMN,"ILLUMINA, INC.",0.008827307180923163
2026-05-01,27302,VIA,"Via Transportation, Inc.",-0.007353359267229054
2026-05-01,26444,CRWV,"CoreWeave, Inc.",-0.006378186785682698
2026-05-01,86211,MSTR,Strategy Inc,-0.006794678020531189
2026-05-01,23263,QBTS,D-Wave Quantum Inc.,-0.0042351064580956905
2026-05-01,77338,ROP,ROPER TECHNOLOGIES INC,-0.019929552390187493
2026-05-01,26839,RAL,Ralliant Corp,-0.013985810379819177
2026-05-01,14813,MARA,"MARA Holdings, Inc.",-0.0065726217939254495
2026-05-01,20138,GPGI,"GPGI, Inc.",-0.00921255175747993
2026-05-01,19751,LCID,"Lucid Group, Inc.",-0.005855358423537935
2026-05-01,87759,WULF,TERAWULF INC.,-0.006583962239429612
2026-05-01,20357,IONQ,"IonQ, Inc.",-0.004286407762530903
2026-05-01,21927,DJT,Trump Media & Technology Group Corp.,-0.008722731982749135
2026-05-01,26720,BMNR,"BITMINE IMMERSION TECHNOLOGIES, INC.",-0.008654472550573706
2026-05-01,22220,NN,NEXTNAV INC.,-0.0042351064580956905
2026-05-01,19849,SMMT,Summit Therapeutics Inc.,-0.006111894149469542
2026-05-01,16680,QXO,"QXO, Inc.",-0.0072232695492288595
2026-05-01,26178,SAIL,"SailPoint, Inc.",-0.007505873186831355
2026-05-01,21754,QUBT,Quantum Computing Inc.,-0.005341133289157132
2026-05-01,19187,CLSK,"CLEANSPARK, INC.",-0.007170785579053296
2026-05-01,25205,ALMS,ALUMIS INC.,-0.008934451522305842
2026-05-01,24875,ALAB,"Astera Labs, Inc.",-0.005280085764797615
2026-05-01,24655,HUT,Hut 8 Corp.,-0.006350144582435833
2026-05-01,84819,SBET,SHARPLINK GAMING INC,-0.009331951384909018
2026-05-01,23054,SOUN,"SOUNDHOUND AI, INC.",-0.006910762234502431
2026-05-01,19076,ASTS,"AST SpaceMobile, Inc.",-0.005690999699579258
2026-05-01,85272,AEHR,AEHR TEST SYSTEMS,-0.0042351064580956905
2026-05-01,14988,LBRDK,Liberty Broadband Corp,-0.004686334650196853
2026-05-01,25147,FUN,Six Flags Entertainment Corporation/NEW,-0.008686894025256058
2026-05-01,89986,APLD,Applied Digital Corp.,-0.005459874798196922
2026-05-01,15058,SLNO,SOLENO THERAPEUTICS INC,-0.0042351064580956905
2026-05-01,83443,BRK.B,BERKSHIRE HATHAWAY INC,-0.019929552390187493
2026-05-01,17821,SRRK,Scholar Rock Holding Corp,-0.019643265521019207
2026-05-01,23993,KDK,"Kodiak AI, Inc.",-0.00591684525284028
2026-05-01,21029,RUM,Rumble Inc.,-0.005207474397746331
2026-05-01,21605,RYAN,"RYAN SPECIALTY HOLDINGS, INC.",-0.013889923825320411
2026-05-01,90126,CYTK,CYTOKINETICS INC,-0.012363761616976096
2026-05-01,22313,LUNR,"Intuitive Machines, Inc.",-0.00444356125018798
2026-05-01,89297,CCOI,"COGENT COMMUNICATIONS HOLDINGS, INC.",-0.009865967456883631
2026-05-01,86896,CBU,"COMMUNITY FINANCIAL SYSTEM, INC.",-0.019929552390187493
2026-05-01,26146,MAZE,MAZE THERAPEUTICS INC,-0.011388463983082719
2026-05-01,63467,BRO,"BROWN & BROWN, INC.",-0.014554107741134505
2026-05-01,89217,AAP,ADVANCE AUTO PARTS INC,-0.011218451344509281
2026-05-01,20682,CPNG,"Coupang, Inc.",-0.01657193156410456
2026-05-01,21090,RCAT,"Red Cat Holdings, Inc.",-0.005504380147470887
2026-05-01,19986,PRAX,"Praxis Precision Medicines, Inc.",-0.008842520820477484
2026-05-01,91907,SMCI,"Super Micro Computer, Inc.",-0.007121309264526299
2026-05-01,19002,BWIN,"Baldwin Insurance Group, Inc.",-0.009619917532284784
2026-05-01,26179,KRMN,Karman Holdings Inc.,-0.006891305831216146
2026-05-01,21007,RGTI,"Rigetti Computing, Inc.",-0.00561215176964659
2026-05-01,51625,SCI,SERVICE CORP INTERNATIONAL,-0.015165002420270716
2026-05-01,15960,CRVS,"Corvus Pharmaceuticals, Inc.",-0.0057209960733039895
2026-05-01,26653,GLXY,Galaxy Digital Inc.,-0.006584234041377385
2026-05-01,25181,LB,LandBridge Co LLC,-0.009292472420301002
2026-05-01,25773,PRMB,PRIMO BRANDS CORP,-0.010987211413801181
2026-05-01,16649,OKTA,"Okta, Inc.",-0.007393706939288698
2026-05-01,18191,BFC,Bank First Corp,-0.019929552390187493
2026-05-01,17683,CLBK,COLUMBIA FINANCIAL INC,-0.019929552390187493
2026-05-01,17794,WH,"WYNDHAM HOTELS & RESORTS, INC.",-0.016627062515713782
2026-05-01,91968,TFSL,TFS Financial CORP,-0.019929552390187493
2026-05-01,26798,CAI,"Caris Life Sciences, Inc.",-0.007291143074134133
2026-05-01,26277,TIC,"TIC Solutions, Inc.",-0.009714458457055016
2026-05-01,22079,LTH,"Life Time Group Holdings, Inc.",-0.014784205822759897
2026-05-01,19484,PCVX,"Vaxcyte, Inc.",-0.016998720584710764
2026-05-01,20399,RDW,Redwire Corp,-0.004255979830369277
2026-05-01,25320,CPB,CAMPBELL'S Co,-0.018524127628322756
2026-05-01,25051,NNE,Nano Nuclear Energy Inc.,-0.0046883593513162665
2026-05-01,20193,AI,"C3.ai, Inc.",-0.007676646324956427
2026-05-01,26744,VOYG,"Voyager Technologies, Inc./DE",-0.006644186492418322
2026-05-01,15293,NEXT,NextDecade Corp,-0.006141331484243042
2026-05-01,21359,MCW,MISTER CAR WASH INC,-0.019929552390187493
2026-05-01,15948,NIC,NICOLET BANKSHARES INC,-0.013045604956552383
2026-05-01,23147,IE,IVANHOE ELECTRIC INC,-0.006123712982981792
2026-05-01,14317,LGIH,"LGI Homes, Inc.",-0.00709135420579311
2026-05-01,20930,SOC,Sable Offshore Corp.,-0.005660307742653115
2026-05-01,24064,APGE,"Apogee Therapeutics, Inc.",-0.01683399176102424
2026-05-01,86228,RSG,"REPUBLIC SERVICES, INC.",-0.019929552390187493
2026-05-01,10892,WSFS,WSFS FINANCIAL CORP,-0.019929552390187493
2026-05-01,10933,MKL,MARKEL GROUP INC.,-0.015305004399975135
2026-05-01,19489,PCT,PURECYCLE TECHNOLOGIES INC,-0.00849046348038032
2026-05-01,24698,CORZ,CORE SCIENTIFIC INC NEW,-0.012180579589186624
2026-05-01,85464,CWST,CASELLA WASTE SYSTEMS INC,-0.011065785866224108
2026-05-01,64282,BBWI,"Bath & Body Works, Inc.",-0.008335501115716149
2026-05-01,84588,MTN,VAIL RESORTS INC,-0.012296517399326981
2026-05-01,92294,UEC,URANIUM ENERGY CORP,-0.006220471984007069
2026-05-01,23941,CAVA,"CAVA GROUP, INC.",-0.012670566676551883
2026-05-01,19577,RKT,"Rocket Companies, Inc.",-0.00932834468916183
2026-05-01,26713,CRCL,"Circle Internet Group, Inc.",-0.005675063566714173
2026-05-01,20295,CIFR,Cipher Digital Inc.,-0.005901747113766867
2026-05-01,27608,MPLT,"MapLight Therapeutics, Inc.",-0.004240090822468953
2026-05-01,22758,ACLX,ARCELLX INC,-0.019929552390187493
2026-05-01,92213,RIOT,"Riot Platforms, Inc.",-0.005900710615319798
2026-05-01,21331,AUR,"Aurora Innovation, Inc.",-0.005740783971805445
2026-05-01,78875,WOLF,"WOLFSPEED, INC.",-0.0042351064580956905
2026-05-01,19224,AEVA,"Aeva Technologies, Inc.",-0.007959958820288573
2026-05-01,46674,GPC,GENUINE PARTS CO,-0.015901899150812592
2026-05-01,84042,PAG,"PENSKE AUTOMOTIVE GROUP, INC.",-0.01728002016714465
2026-05-01,27348,NTSK,Netskope Inc,-0.00781194764838499
2026-05-01,27336,STUB,"StubHub Holdings, Inc.",-0.009422695413769106
2026-05-01,10032,PLXS,PLEXUS CORP,-0.015041494806715423
2026-05-01,76582,DORM,"Dorman Products, Inc.",-0.014252164797117283
2026-06-01,14797,CDNA,"CareDx, Inc.",0.012584068449352743
2026-06-01,54114,MLKN,"MILLERKNOLL, INC.",0.009290149509873353
2026-06-01,19635,HRMY,"Harmony Biosciences Holdings, Inc.",0.012779457397539284
2026-06-01,21020,AAL,American Airlines Group Inc.,0.008287816437258648
2026-06-01,20919,PL,Planet Labs PBC,0.0052029077710101556
2026-06-01,20661,ALHC,"Alignment Healthcare, Inc.",0.006605653800882083
2026-06-01,61743,DLX,DELUXE CORP,0.0062858890950302036
2026-06-01,77606,KSS,KOHLS Corp,0.004390708174396092
2026-06-01,17949,BE,Bloom Energy Corp,0.005129790806637729
2026-06-01,76927,STRL,"STERLING INFRASTRUCTURE, INC.",0.0040340323243522585
2026-06-01,85059,FIX,COMFORT SYSTEMS USA INC,0.010332628920939026
2026-06-01,21564,LZ,"LEGALZOOM.COM, INC.",0.008030101243047302
2026-06-01,17908,XERS,"Xeris Biopharma Holdings, Inc.",0.009292563363244168
2026-06-01,22177,AIP,"Arteris, Inc.",0.005937962579333268
2026-06-01,16499,PK,Park Hotels & Resorts Inc.,0.013523100680517623
2026-06-01,16816,BHF,"Brighthouse Financial, Inc.",0.020762518207167725
2026-06-01,22977,EE,"Excelerate Energy, Inc.",0.01042521924806076
2026-06-01,15396,BW,"Babcock & Wilcox Enterprises, Inc.",0.0040340323243522585
2026-06-01,90436,HALO,"HALOZYME THERAPEUTICS, INC.",0.011999557294169311
2026-06-01,88446,ILMN,"ILLUMINA, INC.",0.011167010724351221
2026-06-01,18134,UPWK,"UPWORK, INC",0.00536986413588487
2026-06-01,24459,PBI,PITNEY BOWES INC /DE/,0.010322626754086097
2026-06-01,87075,ZD,"ZIFF DAVIS, INC.",0.011105620600722269
2026-06-01,76128,VICR,VICOR CORP,0.0040340323243522585
2026-06-01,21122,FLYW,Flywire Corp,0.005167249791340213
2026-06-01,32651,HL,HECLA MINING CO/DE/,0.005493974943561721
2026-06-01,50550,TPC,TUTOR PERINI CORP,0.006306641836804953
2026-06-01,24258,CART,Maplebear Inc.,0.007893646348211075
2026-06-01,26800,SLDE,"Slide Insurance Holdings, Inc.",0.019353239774974797
2026-06-01,13921,CUBI,"Customers Bancorp, Inc.",0.016095576601855857
2026-06-01,90162,GNW,GENWORTH FINANCIAL INC,0.018346596387823825
2026-06-01,89002,BFH,"BREAD FINANCIAL HOLDINGS, INC.",0.012657123978686633
2026-06-01,80069,ARWR,"ARROWHEAD PHARMACEUTICALS, INC.",0.007514841731871303
2026-06-01,19497,LMND,"Lemonade, Inc.",0.007913028977280297
2026-06-01,91659,ALGT,Allegiant Travel CO,0.005360041022409485
2026-06-01,14231,VEEV,VEEVA SYSTEMS INC,0.008024922850137168
2026-06-01,92220,MASI,MASIMO CORP,0.020762518207167725
2026-06-01,22027,JXN,Jackson Financial Inc.,0.010555141301763398
2026-06-01,15831,AXSM,"Axsome Therapeutics, Inc.",0.010763006065428862
2026-06-01,23506,FG,"F&G Annuities & Life, Inc.",0.010305862315338076
2026-06-01,15272,SEDG,"SOLAREDGE TECHNOLOGIES, INC.",0.0040340323243522585
2026-06-01,85741,HOPE,HOPE BANCORP INC,0.020762518207167725
2026-06-01,16044,NGVT,Ingevity Corp,0.010378845174739667
2026-06-01,81254,SNEX,StoneX Group Inc.,0.007339351477815729
2026-06-01,83774,OCFC,OCEANFIRST FINANCIAL CORP,0.016806470074065435
2026-06-01,91413,EVR,Evercore Inc.,0.01365777692614534
2026-06-01,12583,PCRX,"Pacira BioSciences, Inc.",0.011374502536225073
2026-06-01,13318,YELP,YELP INC,0.006919258526254483
2026-06-01,23340,CRBG,"Corebridge Financial, Inc.",0.011522057336824822
2026-06-01,14776,SYF,Synchrony Financial,0.01578575785597588
2026-06-01,78840,IAC,IAC Inc.,0.009112312366643617
2026-06-01,85627,SAH,SONIC AUTOMOTIVE INC,0.009742986132076335
2026-06-01,15318,ASB,ASSOCIATED BANC-CORP,0.018834331560152216
2026-06-01,79210,RGA,REINSURANCE GROUP OF AMERICA INC,0.019982121353768922
2026-06-01,15850,MTCH,"Match Group, Inc.",0.012551173337265886
2026-06-01,20648,RBLX,Roblox Corp,0.004482964462094139
2026-06-01,24876,RDDT,"Reddit, Inc.",0.005488792335867918
2026-06-01,89964,NNI,NELNET INC,0.008346102008588294
2026-06-01,18135,GH,"Guardant Health, Inc.",0.0060841845816941255
2026-06-01,90178,ALNY,"ALNYLAM PHARMACEUTICALS, INC.",0.013541872436241166
2026-06-01,83642,CNOB,"ConnectOne Bancorp, Inc.",0.020762518207167725
2026-06-01,14855,RYZ,Ryerson Holding Corp,0.006252353751877884
2026-06-01,16260,MEDP,"Medpace Holdings, Inc.",0.017230922359807048
2026-06-01,76709,IDXX,IDEXX LABORATORIES INC /DE,0.013935818786242608
2026-06-01,83124,CSGS,C S G SYSTEMS INTERNATIONAL INC,0.020762518207167725
2026-06-01,49015,LNC,LINCOLN NATIONAL CORP,0.01457321114220417
2026-06-01,17684,AHCO,AdaptHealth Corp.,0.010008609757444964
2026-06-01,32707,HP,"Helmerich & Payne, Inc.",0.008880973869854739
2026-06-01,18452,LYFT,"Lyft, Inc.",0.012682550559638182
2026-06-01,18203,KOD,Kodiak Sciences Inc.,0.007243864605788043
2026-06-01,19938,ALGM,"ALLEGRO MICROSYSTEMS, INC.",0.00608217890928041
2026-06-01,76712,AES,AES CORP,0.020762518207167725
2026-06-01,86820,CFFN,"Capitol Federal Financial, Inc.",0.020762518207167725
2026-06-01,20975,DAVE,Dave Inc./DE,0.006808612141492409
2026-06-01,22088,FLNC,"Fluence Energy, Inc.",0.0040340323243522585
2026-06-01,20057,VTRS,Viatris Inc,0.009727725966995721
2026-06-01,14229,OMF,"OneMain Holdings, Inc.",0.015094413304160234
2026-06-01,19788,PLTR,Palantir Technologies Inc.,0.007242376616134251
2026-06-01,19184,ARQT,"Arcutis Biotherapeutics, Inc.",0.00628884342325249
2026-06-01,18769,ADPT,Adaptive Biotechnologies Corp,0.006916913008073562
2026-06-01,80306,BCRX,BIOCRYST PHARMACEUTICALS INC,0.007554762087469458
2026-06-01,11891,MGM,MGM Resorts International,0.009941820569228805
2026-06-01,86822,EXTR,EXTREME NETWORKS INC,0.007748065188091666
2026-06-01,84275,UNFI,UNITED NATURAL FOODS INC,0.01243808545063654
2026-06-01,75320,AD,"ARRAY DIGITAL INFRASTRUCTURE, INC.",0.007754403980930084
2026-06-01,78451,OPY,OPPENHEIMER HOLDINGS INC,0.010284800116601817
2026-06-01,79906,INCY,INCYTE CORP,0.020762518207167725
2026-06-01,19813,TNGX,"Tango Therapeutics, Inc.",0.004419055224918277
2026-06-01,13688,PCG,PG&E Corp,0.015133964478243243
2026-06-01,89269,CNC,CENTENE CORP,0.012965059432476424
2026-06-01,86819,ATLC,Atlanticus Holdings Corp,0.0069395478544194995
2026-06-01,15454,GKOS,GLAUKOS Corp,0.007266903629430475
2026-06-01,18908,TXG,"10x Genomics, Inc.",0.007023093770882659
2026-06-01,14325,TNDM,TANDEM DIABETES CARE INC,0.0040992568055306265
2026-06-01,19413,ACI,"Albertsons Companies, Inc.",0.013559467831619055
2026-06-01,27125,HTFL,"Heartflow, Inc.",0.005267043456869016
2026-06-01,16967,CARG,"CarGurus, Inc.",0.007797417691266596
2026-06-01,16432,GT,GOODYEAR TIRE & RUBBER CO /OH/,0.008047487852387573
2026-06-01,77300,SMG,SCOTTS MIRACLE-GRO CO,0.01098950392392144
2026-06-01,85168,HLX,HELIX ENERGY SOLUTIONS GROUP INC,0.011892044135850193
2026-06-01,26444,CRWV,"CoreWeave, Inc.",-0.006975189206487548
2026-06-01,27302,VIA,"Via Transportation, Inc.",-0.006146122296335277
2026-06-01,86211,MSTR,Strategy Inc,-0.008835202438339835
2026-06-01,23263,QBTS,D-Wave Quantum Inc.,-0.0036740372075188886
2026-06-01,26713,CRCL,"Circle Internet Group, Inc.",-0.004733885901827329
2026-06-01,77338,ROP,ROPER TECHNOLOGIES INC,-0.01923748179283228
2026-06-01,20138,GPGI,"GPGI, Inc.",-0.00517873743875021
2026-06-01,21927,DJT,Trump Media & Technology Group Corp.,-0.01341900011005719
2026-06-01,26839,RAL,Ralliant Corp,-0.007719821810363944
2026-06-01,16680,QXO,"QXO, Inc.",-0.009836664556924245
2026-06-01,26720,BMNR,"BITMINE IMMERSION TECHNOLOGIES, INC.",-0.009269891645534337
2026-06-01,20357,IONQ,"IonQ, Inc.",-0.00538385414169714
2026-06-01,19751,LCID,"Lucid Group, Inc.",-0.009843351043497539
2026-06-01,19849,SMMT,Summit Therapeutics Inc.,-0.004871041726124988
2026-06-01,14813,MARA,"MARA Holdings, Inc.",-0.009755367046524946
2026-06-01,19076,ASTS,"AST SpaceMobile, Inc.",-0.004214490587763134
2026-06-01,23054,SOUN,"SOUNDHOUND AI, INC.",-0.0062078051261636605
2026-06-01,20295,CIFR,Cipher Digital Inc.,-0.004870642505771245
2026-06-01,24875,ALAB,"Astera Labs, Inc.",-0.005749796879331395
2026-06-01,21754,QUBT,Quantum Computing Inc.,-0.004450588614281252
2026-06-01,22220,NN,NEXTNAV INC.,-0.007756030802013703
2026-06-01,87759,WULF,TERAWULF INC.,-0.006969256888923889
2026-06-01,19187,CLSK,"CLEANSPARK, INC.",-0.00807171387679659
2026-06-01,26178,SAIL,"SailPoint, Inc.",-0.0074082643645487015
2026-06-01,21331,AUR,"Aurora Innovation, Inc.",-0.0065024205421779875
2026-06-01,24655,HUT,Hut 8 Corp.,-0.004023588453034552
2026-06-01,92213,RIOT,"Riot Platforms, Inc.",-0.007174123602062268
2026-06-01,15058,SLNO,SOLENO THERAPEUTICS INC,-0.019237481818265
2026-06-01,85272,AEHR,AEHR TEST SYSTEMS,-0.0044863917855898945
2026-06-01,78875,WOLF,"WOLFSPEED, INC.",-0.0036698058765934
2026-06-01,83443,BRK.B,BERKSHIRE HATHAWAY INC,-0.019237481818265
2026-06-01,76582,DORM,"Dorman Products, Inc.",-0.012889293176336872
2026-06-01,25147,FUN,Six Flags Entertainment Corporation/NEW,-0.006323558640182507
2026-06-01,27336,STUB,"StubHub Holdings, Inc.",-0.00926471395316952
2026-06-01,89986,APLD,Applied Digital Corp.,-0.004478851051275828
2026-06-01,25205,ALMS,ALUMIS INC.,-0.010046278829787973
2026-06-01,84819,SBET,SHARPLINK GAMING INC,-0.008836680131920975
2026-06-01,27608,MPLT,"MapLight Therapeutics, Inc.",-0.00821364836403538
2026-06-01,21029,RUM,Rumble Inc.,-0.005453305076006365
2026-06-01,27348,NTSK,Netskope Inc,-0.009118406540561988
2026-06-01,84042,PAG,"PENSKE AUTOMOTIVE GROUP, INC.",-0.018842094605837863
2026-06-01,21605,RYAN,"RYAN SPECIALTY HOLDINGS, INC.",-0.00873997833683413
2026-06-01,14988,LBRDK,Liberty Broadband Corp,-0.012242522651434723
2026-06-01,23993,KDK,"Kodiak AI, Inc.",-0.006232760779020987
2026-06-01,17821,SRRK,Scholar Rock Holding Corp,-0.013892728322953631
2026-06-01,86896,CBU,"COMMUNITY FINANCIAL SYSTEM, INC.",-0.019237481818265
2026-06-01,17683,CLBK,COLUMBIA FINANCIAL INC,-0.019237481818265
2026-06-01,89217,AAP,ADVANCE AUTO PARTS INC,-0.0069786014399711915
2026-06-01,22313,LUNR,"Intuitive Machines, Inc.",-0.004211708065251495
2026-06-01,63467,BRO,"BROWN & BROWN, INC.",-0.017363308334655717
2026-06-01,90126,CYTK,CYTOKINETICS INC,-0.008204023684355789
2026-06-01,21090,RCAT,"Red Cat Holdings, Inc.",-0.0038665847570981664
2026-06-01,26146,MAZE,MAZE THERAPEUTICS INC,-0.014964342991327961
2026-06-01,22079,LTH,"Life Time Group Holdings, Inc.",-0.007883204005273191
2026-06-01,10032,PLXS,PLEXUS CORP,-0.015520430818221409
2026-06-01,46674,GPC,GENUINE PARTS CO,-0.01923748179283228
2026-06-01,19986,PRAX,"Praxis Precision Medicines, Inc.",-0.013398891394600366
2026-06-01,91907,SMCI,"Super Micro Computer, Inc.",-0.005058013714889769
2026-06-01,26653,GLXY,Galaxy Digital Inc.,-0.009088610017460757
2026-06-01,20682,CPNG,"Coupang, Inc.",-0.008192026492491131
2026-06-01,25773,PRMB,PRIMO BRANDS CORP,-0.010784169656840353
2026-06-01,19002,BWIN,"Baldwin Insurance Group, Inc.",-0.01385106295531305
2026-06-01,21007,RGTI,"Rigetti Computing, Inc.",-0.0036698058765934
2026-06-01,26179,KRMN,Karman Holdings Inc.,-0.0073106340782575436
2026-06-01,25181,LB,LandBridge Co LLC,-0.01073092506325975
2026-06-01,19224,AEVA,"Aeva Technologies, Inc.",-0.0036698058765934
2026-06-01,91968,TFSL,TFS Financial CORP,-0.019237481818265
2026-06-01,16649,OKTA,"Okta, Inc.",-0.005019399368217341
2026-06-01,25320,CPB,CAMPBELL'S Co,-0.019237481818265
2026-06-01,26798,CAI,"Caris Life Sciences, Inc.",-0.005818740342691572
2026-06-01,51625,SCI,SERVICE CORP INTERNATIONAL,-0.019237481818265
2026-06-01,15960,CRVS,"Corvus Pharmaceuticals, Inc.",-0.00673022425636018
2026-06-01,10933,MKL,MARKEL GROUP INC.,-0.019237481818265
2026-06-01,26744,VOYG,"Voyager Technologies, Inc./DE",-0.005369778689792756
2026-06-01,20930,SOC,Sable Offshore Corp.,-0.00695442214656762
2026-06-01,15293,NEXT,NextDecade Corp,-0.008523437402797105
2026-06-01,85464,CWST,CASELLA WASTE SYSTEMS INC,-0.012814552714312729
2026-06-01,20399,RDW,Redwire Corp,-0.0037152062525763574
2026-06-01,24064,APGE,"Apogee Therapeutics, Inc.",-0.012402895851649684
2026-06-01,17794,WH,"WYNDHAM HOTELS & RESORTS, INC.",-0.01743372046879737
2026-06-01,23147,IE,IVANHOE ELECTRIC INC,-0.007087369837234244
2026-06-01,25051,NNE,Nano Nuclear Energy Inc.,-0.004328467713900909
2026-06-01,18191,BFC,Bank First Corp,-0.019237481818265
2026-06-01,19489,PCT,PURECYCLE TECHNOLOGIES INC,-0.005071992221700114
2026-06-01,20193,AI,"C3.ai, Inc.",-0.01019809067998627
2026-06-01,92294,UEC,URANIUM ENERGY CORP,-0.007226325252160785
2026-06-01,86228,RSG,"REPUBLIC SERVICES, INC.",-0.019237481818265
2026-06-01,20312,ONDS,Ondas Inc.,-0.003857886232541465
2026-06-01,21053,BBAI,"BigBear.ai Holdings, Inc.",-0.007891298541170455
2026-06-01,27070,AMBQ,"Ambiq Micro, Inc.",-0.0036698058765934
2026-06-01,88360,MRVL,MARVELL TECHNOLOGY INC,-0.008501117775020826
2026-06-01,24815,UMAC,UNUSUAL MACHINES INC NEW,-0.0036698058765934
2026-06-01,14145,AAOI,"APPLIED OPTOELECTRONICS, INC.",-0.0038155792213757597
2026-06-01,85517,CHH,CHOICE HOTELS INTERNATIONAL INC /DE,-0.015192223693945251
2026-06-01,17144,GIS,GENERAL MILLS INC,-0.019237481818265
2026-06-01,23439,MBLY,Mobileye Global Inc.,-0.008707162107494792
2026-06-01,27598,Q,"Qnity Electronics, Inc.",-0.008985458256430278
2026-06-01,27118,FLY,Firefly Aerospace Inc.,-0.0038088455326109405
2026-06-01,13278,MCHB,Mechanics Bancorp,-0.01923748179283228
2026-06-01,87445,TDY,TELEDYNE TECHNOLOGIES INC,-0.01923748179283228
2026-07-01,13688,PCG,PG&E Corp,0.01665346360262744
2026-07-01,14797,CDNA,"CareDx, Inc.",0.006679800905784004
2026-07-01,17949,BE,Bloom Energy Corp,0.004558234994071271
2026-07-01,19635,HRMY,"Harmony Biosciences Holdings, Inc.",0.011484650623486945
2026-07-01,61743,DLX,DELUXE CORP,0.01165242028867807
2026-07-01,21020,AAL,American Airlines Group Inc.,0.008009920019281948
2026-07-01,54114,MLKN,"MILLERKNOLL, INC.",0.006533933106094709
2026-07-01,20919,PL,Planet Labs PBC,0.004558234994071271
2026-07-01,27125,HTFL,"Heartflow, Inc.",0.005926985514787243
2026-07-01,17684,AHCO,AdaptHealth Corp.,0.012253047980035759
2026-07-01,76927,STRL,"STERLING INFRASTRUCTURE, INC.",0.004793493685025856
2026-07-01,77606,KSS,KOHLS Corp,0.006602453365351954
2026-07-01,86819,ATLC,Atlanticus Holdings Corp,0.007527558156631826
2026-07-01,22977,EE,"Excelerate Energy, Inc.",0.014705308018309523
2026-07-01,15831,AXSM,"Axsome Therapeutics, Inc.",0.012785112101090802
2026-07-01,16499,PK,Park Hotels & Resorts Inc.,0.013061471510604081
2026-07-01,85059,FIX,COMFORT SYSTEMS USA INC,0.006261998705651097
2026-07-01,89269,CNC,CENTENE CORP,0.010052610955973361
2026-07-01,88446,ILMN,"ILLUMINA, INC.",0.009664635561941071
2026-07-01,18134,UPWK,"UPWORK, INC",0.008599291392046085
2026-07-01,16816,BHF,"Brighthouse Financial, Inc.",0.020954129059468744
2026-07-01,90436,HALO,"HALOZYME THERAPEUTICS, INC.",0.012850425302604667
2026-07-01,22177,AIP,"Arteris, Inc.",0.005046839663655064
2026-07-01,20661,ALHC,"Alignment Healthcare, Inc.",0.004558234994071271
2026-07-01,19413,ACI,"Albertsons Companies, Inc.",0.011116808487089753
2026-07-01,15396,BW,"Babcock & Wilcox Enterprises, Inc.",0.0048677298768101535
2026-07-01,21122,FLYW,Flywire Corp,0.007777427031322554
2026-07-01,24459,PBI,PITNEY BOWES INC /DE/,0.015066041697629826
2026-07-01,85168,HLX,HELIX ENERGY SOLUTIONS GROUP INC,0.010458307219382115
2026-07-01,13921,CUBI,"Customers Bancorp, Inc.",0.015231811898302944
2026-07-01,16432,GT,GOODYEAR TIRE & RUBBER CO /OH/,0.008271526928566461
2026-07-01,23506,FG,"F&G Annuities & Life, Inc.",0.010205697506086572
2026-07-01,12583,PCRX,"Pacira BioSciences, Inc.",0.016175180994918586
2026-07-01,14325,TNDM,TANDEM DIABETES CARE INC,0.00531099499715862
2026-07-01,14231,VEEV,VEEVA SYSTEMS INC,0.007692460972474516
2026-07-01,15454,GKOS,GLAUKOS Corp,0.009627041068192593
2026-07-01,87075,ZD,"ZIFF DAVIS, INC.",0.009397892876391572
2026-07-01,15272,SEDG,"SOLAREDGE TECHNOLOGIES, INC.",0.004589408427977904
2026-07-01,85741,HOPE,HOPE BANCORP INC,0.01843043912154507
2026-07-01,22027,JXN,Jackson Financial Inc.,0.01738390189308426
2026-07-01,90162,GNW,GENWORTH FINANCIAL INC,0.020954129059468744
2026-07-01,21564,LZ,"LEGALZOOM.COM, INC.",0.007458223934120323
2026-07-01,16967,CARG,"CarGurus, Inc.",0.009584127471398128
2026-07-01,17908,XERS,"Xeris Biopharma Holdings, Inc.",0.012754290960126924
2026-07-01,49015,LNC,LINCOLN NATIONAL CORP,0.013067769132834943
2026-07-01,26800,SLDE,"Slide Insurance Holdings, Inc.",0.009080278941583909
2026-07-01,24258,CART,Maplebear Inc.,0.009995673409593791
2026-07-01,76128,VICR,VICOR CORP,0.0046484721695456395
2026-07-01,84275,UNFI,UNITED NATURAL FOODS INC,0.006591031466684233
2026-07-01,91413,EVR,Evercore Inc.,0.010730591931818625
2026-07-01,85627,SAH,SONIC AUTOMOTIVE INC,0.01260943333617153
2026-07-01,18135,GH,"Guardant Health, Inc.",0.009468584489178835
2026-07-01,89964,NNI,NELNET INC,0.020920735201572064
2026-07-01,77300,SMG,SCOTTS MIRACLE-GRO CO,0.010107734658184
2026-07-01,80069,ARWR,"ARROWHEAD PHARMACEUTICALS, INC.",0.009141099999304788
2026-07-01,78840,PPLI,People Inc,0.010786575805043963
2026-07-01,13318,YELP,YELP INC,0.008415992253939353
2026-07-01,14855,RYZ,Ryerson Holding Corp,0.009067520399864616
2026-07-01,79210,RGA,REINSURANCE GROUP OF AMERICA INC,0.01783934180374241
2026-07-01,16044,NGVT,Ingevity Corp,0.013106942107873248
2026-07-01,14776,SYF,Synchrony Financial,0.012945987279209354
2026-07-01,32651,HL,HECLA MINING CO/DE/,0.005874176840672163
2026-07-01,81254,SNEX,StoneX Group Inc.,0.006202041366859834
2026-07-01,50550,TPC,TUTOR PERINI CORP,0.010076155485971964
2026-07-01,18908,TXG,"10x Genomics, Inc.",0.005343658909945301
2026-07-01,76712,AES,AES CORP,0.020954129059468744
2026-07-01,92220,MASI,MASIMO CORP,0.020954129059468744
2026-07-01,19497,LMND,"Lemonade, Inc.",0.007172916455656505
2026-07-01,89002,BFH,"BREAD FINANCIAL HOLDINGS, INC.",0.014941883355872407
2026-07-01,15850,MTCH,"Match Group, Inc.",0.01106882670291847
2026-07-01,90178,ALNY,"ALNYLAM PHARMACEUTICALS, INC.",0.012565994691839099
2026-07-01,76709,IDXX,IDEXX LABORATORIES INC /DE,0.012538663983370153
2026-07-01,20057,VTRS,Viatris Inc,0.014982810117577187
2026-07-01,19788,PLTR,Palantir Technologies Inc.,0.00777798438730111
2026-07-01,15318,ASB,ASSOCIATED BANC-CORP,0.01836490781761198
2026-07-01,16260,MEDP,"Medpace Holdings, Inc.",0.012073851220678406
2026-07-01,19938,ALGM,"ALLEGRO MICROSYSTEMS, INC.",0.004558234994071271
2026-07-01,86822,EXTR,EXTREME NETWORKS INC,0.008077661945581193
2026-07-01,75320,AD,"ARRAY DIGITAL INFRASTRUCTURE, INC.",0.012702263957278814
2026-07-01,86820,CFFN,"Capitol Federal Financial, Inc.",0.019819542233119866
2026-07-01,19813,TNGX,"Tango Therapeutics, Inc.",0.004558234994071271
2026-07-01,32707,HP,"Helmerich & Payne, Inc.",0.00819575483861752
2026-07-01,11891,MGM,MGM Resorts International,0.006619990033044621
2026-07-01,18452,LYFT,"Lyft, Inc.",0.008176227173613097
2026-07-01,23340,CRBG,"Corebridge Financial, Inc.",0.014230896114662005
2026-07-01,21776,EXC,EXELON CORP,0.020954129059468744
2026-07-01,20065,CNXC,Concentrix Corp,0.005656846973446795
2026-07-01,22199,COCO,"Vita Coco Company, Inc.",0.007628880428283376
2026-07-01,17133,ASTH,"Astrana Health, Inc.",0.014332722284821652
2026-07-01,91403,KALU,KAISER ALUMINUM CORP,0.008686186751717027
2026-07-01,72304,STAA,STAAR SURGICAL CO,0.009156748473749974
2026-07-01,11701,IMKTA,INGLES MARKETS INC,0.014988835490367652
2026-07-01,80719,GBX,GREENBRIER COMPANIES INC,0.020368391208789704
2026-07-01,18770,BBIO,"BridgeBio Pharma, Inc.",0.015090477741915298
2026-07-01,26662,HNGE,"Hinge Health, Inc.",0.008326543515415306
2026-07-01,15720,EIX,EDISON INTERNATIONAL,0.018853613296247424
2026-07-01,19333,RSI,"Rush Street Interactive, Inc.",0.009426267074748482
2026-07-01,89353,JBLU,JETBLUE AIRWAYS CORP,0.00576154606992365
2026-07-01,21357,DOCS,"Doximity, Inc.",0.01017849232270442
2026-07-01,25252,ARDT,"Ardent Health, Inc.",0.00565050085080457
2026-07-01,26444,CRWV,"CoreWeave, Inc.",-0.006250358696682776
2026-07-01,23263,QBTS,D-Wave Quantum Inc.,-0.0053150099449258085
2026-07-01,26713,CRCL,"Circle Internet Group, Inc.",-0.0056447027498174734
2026-07-01,21927,DJT,Trump Media & Technology Group Corp.,-0.007907313578942365
2026-07-01,27302,VIA,"Via Transportation, Inc.",-0.006623108167630991
2026-07-01,20138,GPGI,"GPGI, Inc.",-0.009006226786443508
2026-07-01,86211,MSTR,Strategy Inc,-0.005758589554462074
2026-07-01,19076,ASTS,"AST SpaceMobile, Inc.",-0.0038511028067404894
2026-07-01,21331,AUR,"Aurora Innovation, Inc.",-0.008914731805550078
2026-07-01,26720,BMNR,"BITMINE IMMERSION TECHNOLOGIES, INC.",-0.007152737308855522
2026-07-01,77338,ROP,ROPER TECHNOLOGIES INC,-0.018409148428176772
2026-07-01,20357,IONQ,"IonQ, Inc.",-0.005734113277374909
2026-07-01,21754,QUBT,Quantum Computing Inc.,-0.005411192436215289
2026-07-01,26839,RAL,Ralliant Corp,-0.014775800765776675
2026-07-01,24875,ALAB,"Astera Labs, Inc.",-0.004661604099496587
2026-07-01,16680,QXO,"QXO, Inc.",-0.007732465135436239
2026-07-01,27336,STUB,"StubHub Holdings, Inc.",-0.009253024783626012
2026-07-01,19751,LCID,"Lucid Group, Inc.",-0.005505235892624629
2026-07-01,20295,CIFR,Cipher Digital Inc.,-0.0056111144876460125
2026-07-01,14813,MARA,"MARA Holdings, Inc.",-0.006774781029896527
2026-07-01,23054,SOUN,"SOUNDHOUND AI, INC.",-0.008693484258216958
2026-07-01,20312,ONDS,Ondas Inc.,-0.006457489697867412
2026-07-01,87759,WULF,TERAWULF INC.,-0.007186218635178535
2026-07-01,19187,CLSK,"CLEANSPARK, INC.",-0.00762387072483413
2026-07-01,24655,HUT,Hut 8 Corp.,-0.006895436252548348
2026-07-01,19849,SMMT,Summit Therapeutics Inc.,-0.008780289515166571
2026-07-01,78875,WOLF,"WOLFSPEED, INC.",-0.003776947061084844
2026-07-01,27348,NTSK,Netskope Inc,-0.006005767250536096
2026-07-01,14145,AAOI,"APPLIED OPTOELECTRONICS, INC.",-0.003776947061084844
2026-07-01,24815,UMAC,UNUSUAL MACHINES INC NEW,-0.003778945770927473
2026-07-01,89986,APLD,Applied Digital Corp.,-0.007426546442803417
2026-07-01,25147,FUN,Six Flags Entertainment Corporation/NEW,-0.008872006449728886
2026-07-01,85272,AEHR,AEHR TEST SYSTEMS,-0.0044042946135476576
2026-07-01,22220,NN,NEXTNAV INC.,-0.006738107280993427
2026-07-01,83443,BRK.B,BERKSHIRE HATHAWAY INC,-0.018409148428176772
2026-07-01,23439,MBLY,Mobileye Global Inc.,-0.006246485770255817
2026-07-01,92213,RIOT,"Riot Platforms, Inc.",-0.008786127136361576
2026-07-01,14988,LBRDK,Liberty Broadband Corp,-0.008745779204745356
2026-07-01,23993,KDK,"Kodiak AI, Inc.",-0.00919714435717734
2026-07-01,27070,AMBQ,"Ambiq Micro, Inc.",-0.005470978611117766
2026-07-01,27598,Q,"Qnity Electronics, Inc.",-0.007362538112291476
2026-07-01,17683,CLBK,COLUMBIA FINANCIAL INC,-0.018409148428176772
2026-07-01,26178,SAIL,"SailPoint, Inc.",-0.007799034356595904
2026-07-01,76582,DORM,"Dorman Products, Inc.",-0.018409148428176772
2026-07-01,21605,RYAN,"RYAN SPECIALTY HOLDINGS, INC.",-0.010189910130639575
2026-07-01,84042,PAG,"PENSKE AUTOMOTIVE GROUP, INC.",-0.01758939017361577
2026-07-01,17144,GIS,GENERAL MILLS INC,-0.018086545518467344
2026-07-01,25205,ALMS,ALUMIS INC.,-0.007273072724605863
2026-07-01,85517,CHH,CHOICE HOTELS INTERNATIONAL INC /DE,-0.013607186481107399
2026-07-01,17821,SRRK,Scholar Rock Holding Corp,-0.012450907072480323
2026-07-01,27608,MPLT,"MapLight Therapeutics, Inc.",-0.006547397421147193
2026-07-01,22079,LTH,"Life Time Group Holdings, Inc.",-0.013525679644006744
2026-07-01,87445,TDY,TELEDYNE TECHNOLOGIES INC,-0.018264704076245877
2026-07-01,89217,AAP,ADVANCE AUTO PARTS INC,-0.011173531032587844
2026-07-01,26653,GLXY,Galaxy Digital Inc.,-0.004836629665489229
2026-07-01,27118,FLY,Firefly Aerospace Inc.,-0.004199105407374789
2026-07-01,88360,MRVL,MARVELL TECHNOLOGY INC,-0.003776947061084844
2026-07-01,10933,MKL,MARKEL GROUP INC.,-0.018409148428176772
2026-07-01,21090,RCAT,"Red Cat Holdings, Inc.",-0.004973410361730182
2026-07-01,15293,NEXT,NextDecade Corp,-0.008284034614233162
2026-07-01,86896,CBU,"COMMUNITY FINANCIAL SYSTEM, INC.",-0.018409148428176772
2026-07-01,90126,CYTK,CYTOKINETICS INC,-0.0118753993619022
2026-07-01,91907,SMCI,"Super Micro Computer, Inc.",-0.0037864270570470483
2026-07-01,19986,PRAX,"Praxis Precision Medicines, Inc.",-0.005023595452303186
2026-07-01,10032,PLXS,PLEXUS CORP,-0.012753502409265309
2026-07-01,46674,GPC,GENUINE PARTS CO,-0.01836686750782334
2026-07-01,13278,MCHB,Mechanics Bancorp,-0.01840914842817574
2026-07-01,63467,BRO,"BROWN & BROWN, INC.",-0.016312860184011502
2026-07-01,20682,CPNG,"Coupang, Inc.",-0.007404274528830197
2026-07-01,22313,LUNR,"Intuitive Machines, Inc.",-0.004619319475745262
2026-07-01,26798,CAI,"Caris Life Sciences, Inc.",-0.00845450795832898
2026-07-01,19002,BWIN,"Baldwin Insurance Group, Inc.",-0.005636113123731139
2026-07-01,26146,MAZE,MAZE THERAPEUTICS INC,-0.012349400795376752
2026-07-01,92294,UEC,URANIUM ENERGY CORP,-0.004815317234687426
2026-07-01,25773,PRMB,PRIMO BRANDS CORP,-0.016321885831272864
2026-07-01,25181,LB,LandBridge Co LLC,-0.0075785816019034455
2026-07-01,85464,CWST,CASELLA WASTE SYSTEMS INC,-0.01463849157548053
2026-07-01,26744,VOYG,"Voyager Technologies, Inc./TX",-0.00469386184214175
2026-07-01,19489,PCT,PURECYCLE TECHNOLOGIES INC,-0.006750317195259946
2026-07-01,23147,IE,IVANHOE ELECTRIC INC,-0.0068691677722194835
2026-07-01,25320,CPB,CAMPBELL'S Co,-0.014495531896459685
2026-07-01,26179,KRMN,Karman Holdings Inc.,-0.00736660820981483
2026-07-01,91968,TFSL,TFS Financial CORP,-0.018409148428176772
2026-07-01,86228,RSG,"REPUBLIC SERVICES, INC.",-0.018409148428176772
2026-07-01,21029,RUM,Rumble Inc.,-0.006940918481065869
2026-07-01,24064,APGE,"Apogee Therapeutics, Inc.",-0.003776947061084844
2026-07-01,20399,RDW,Redwire Corp,-0.003879194152567952
2026-07-01,15960,CRVS,"Corvus Pharmaceuticals, Inc.",-0.011867913353646406
2026-07-01,25051,NNE,Nano Nuclear Energy Inc.,-0.00468625096363988
2026-07-01,21007,RGTI,"Rigetti Computing, Inc.",-0.005513023259856665
2026-07-01,20193,AI,"C3.ai, Inc.",-0.009226376179589692
2026-07-01,17794,WH,"WYNDHAM HOTELS & RESORTS, INC.",-0.013729687119234
2026-07-01,27856,LLYVK,LIBERTY LIVE HOLDINGS INC,-0.01537736776165968
2026-07-01,59328,INTC,INTEL CORP,-0.005749262831501084
2026-07-01,80286,TSCO,TRACTOR SUPPLY CO /DE/,-0.017506939550581302
2026-07-01,21692,TE,T1 ENERGY INC,-0.004194502698170646
2026-07-01,90427,TXRH,"Texas Roadhouse, Inc.",-0.014231702110800852
2026-07-01,16252,EKSO,EKSO BIONICS HOLDINGS INC,-0.003776947061084844
2026-07-01,21723,HOOD,"Robinhood Markets, Inc.",-0.007478875845276489
2026-07-01,17366,HYMC,HYCROFT MINING HOLDING CORP,-0.006041042855808209
2026-08-01,72304,STAA,STAAR SURGICAL CO,0.007630283295139809
2026-08-01,17133,ASTH,"Astrana Health, Inc.",0.008715386562358615
2026-08-01,14797,CDNA,"CareDx, Inc.",0.004065625572666325
2026-08-01,25252,ARDT,"Ardent Health, Inc.",0.009719124910344882
2026-08-01,17684,AHCO,AdaptHealth Corp.,0.011855747311316852
2026-08-01,15396,BW,"Babcock & Wilcox Enterprises, Inc.",0.004065625572666325
2026-08-01,19635,HRMY,"Harmony Biosciences Holdings, Inc.",0.008794310141022948
2026-08-01,15831,AXSM,"Axsome Therapeutics, Inc.",0.008889295356734358
2026-08-01,89269,CNC,CENTENE CORP,0.010882036124742794
2026-08-01,26662,HNGE,"Hinge Health, Inc.",0.011083777320314653
2026-08-01,22977,EE,"Excelerate Energy, Inc.",0.016701605940576895
2026-08-01,20661,ALHC,"Alignment Healthcare, Inc.",0.004586719508067921
2026-08-01,21357,DOCS,"Doximity, Inc.",0.011547562177085205
2026-08-01,61743,DLX,DELUXE CORP,0.012850301137840706
2026-08-01,90436,HALO,"HALOZYME THERAPEUTICS, INC.",0.015556485105396138
2026-08-01,21020,AAL,American Airlines Group Inc.,0.008207819102051924
2026-08-01,76927,STRL,"STERLING INFRASTRUCTURE, INC.",0.0040674751788464525
2026-08-01,88446,ILMN,"ILLUMINA, INC.",0.011561366941292688
2026-08-01,12583,PCRX,"Pacira BioSciences, Inc.",0.02115029508513007
2026-08-01,17949,BE,Bloom Energy Corp,0.004065625572666325
2026-08-01,27125,HTFL,"Heartflow, Inc.",0.0068222479508002224
2026-08-01,24459,PBI,PITNEY BOWES INC /DE/,0.013938887006236068
2026-08-01,21122,FLYW,Flywire Corp,0.00940772126637469
2026-08-01,77606,KSS,KOHLS Corp,0.008136222846569252
2026-08-01,19413,ACI,"Albertsons Companies, Inc.",0.005491635689836881
2026-08-01,91403,KALU,KAISER ALUMINUM CORP,0.006746126714326289
2026-08-01,22199,COCO,"Vita Coco Company, Inc.",0.008895729253677253
2026-08-01,15454,GKOS,GLAUKOS Corp,0.011007468182662091
2026-08-01,14325,TNDM,TANDEM DIABETES CARE INC,0.00864529587993532
2026-08-01,16816,BHF,"Brighthouse Financial, Inc.",0.02119923569505233
2026-08-01,89353,JBLU,JETBLUE AIRWAYS CORP,0.006448166418919487
2026-08-01,22177,AIP,"Arteris, Inc.",0.004065625572666325
2026-08-01,11701,IMKTA,INGLES MARKETS INC,0.016152736790662453
2026-08-01,23506,FG,"F&G Annuities & Life, Inc.",0.011596984827269154
2026-08-01,85059,FIX,COMFORT SYSTEMS USA INC,0.006103127981800636
2026-08-01,86819,ATLC,Atlanticus Holdings Corp,0.00950104118873246
2026-08-01,16499,PK,Park Hotels & Resorts Inc.,0.018402082470865874
2026-08-01,20919,PL,Planet Labs PBC,0.007462931077491026
2026-08-01,16432,GT,GOODYEAR TIRE & RUBBER CO /OH/,0.008815015055262913
2026-08-01,21776,EXC,EXELON CORP,0.018030083645038726
2026-08-01,14855,RYZ,Ryerson Holding Corp,0.007962512463629957
2026-08-01,13688,PCG,PG&E Corp,0.017407447712061163
2026-08-01,76128,VICR,VICOR CORP,0.004065625572666325
2026-08-01,85741,HOPE,HOPE BANCORP INC,0.018303138776637695
2026-08-01,85168,HLX,HELIX ENERGY SOLUTIONS GROUP INC,0.012226113460754197
2026-08-01,26800,SLDE,"Slide Insurance Holdings, Inc.",0.008137079766990376
2026-08-01,89964,NNI,NELNET INC,0.02119923569505233
2026-08-01,20065,CNXC,Concentrix Corp,0.005023613225013334
2026-08-01,18770,BBIO,"BridgeBio Pharma, Inc.",0.007339243745444185
2026-08-01,90162,GNW,GENWORTH FINANCIAL INC,0.018531689258650678
2026-08-01,24258,CART,Maplebear Inc.,0.01121388063122181
2026-08-01,16044,NGVT,Ingevity Corp,0.013965679399096993
2026-08-01,84275,UNFI,UNITED NATURAL FOODS INC,0.015053593039802193
2026-08-01,15720,EIX,EDISON INTERNATIONAL,0.01382369945437908
2026-08-01,54114,MLKN,"MILLERKNOLL, INC.",0.011425913663547563
2026-08-01,14231,VEEV,VEEVA SYSTEMS INC,0.01053093895189962
2026-08-01,19333,RSI,"Rush Street Interactive, Inc.",0.007168341913377759
2026-08-01,15272,SEDG,"SOLAREDGE TECHNOLOGIES, INC.",0.005546459546425414
2026-08-01,78840,PPLI,People Inc,0.02119923569505233
2026-08-01,13921,CUBI,"Customers Bancorp, Inc.",0.018700064842511098
2026-08-01,80719,GBX,GREENBRIER COMPANIES INC,0.010565448149905624
2026-08-01,77300,SMG,SCOTTS MIRACLE-GRO CO,0.008972485617261541
2026-08-01,87075,ZD,"ZIFF DAVIS, INC.",0.016254811427883986
2026-08-01,85627,SAH,SONIC AUTOMOTIVE INC,0.005908795346836864
2026-08-01,81254,SNEX,StoneX Group Inc.,0.00799834956540691
2026-08-01,14776,SYF,Synchrony Financial,0.00990929340776774
2026-08-01,16967,CARG,"CarGurus, Inc.",0.01101162404275872
2026-08-01,91413,EVR,Evercore Inc.,0.008906422622645915
2026-08-01,18134,UPWK,"UPWORK, INC",0.008130968644258147
2026-08-01,76712,AES,AES CORP,0.02119923569505233
2026-08-01,17908,XERS,"Xeris Biopharma Holdings, Inc.",0.00999370986494852
2026-08-01,15850,MTCH,"Match Group, Inc.",0.014493973075142759
2026-08-01,79210,RGA,REINSURANCE GROUP OF AMERICA INC,0.018633759910036945
2026-08-01,80069,ARWR,"ARROWHEAD PHARMACEUTICALS, INC.",0.005463191233351672
2026-08-01,89002,BFH,"BREAD FINANCIAL HOLDINGS, INC.",0.01135941298109111
2026-08-01,20057,VTRS,Viatris Inc,0.014876033666428222
2026-08-01,22027,JXN,Jackson Financial Inc.,0.011697824605790288
2026-08-01,15318,ASB,ASSOCIATED BANC-CORP,0.02070436352058427
2026-08-01,18135,GH,"Guardant Health, Inc.",0.006509405379896143
2026-08-01,13318,YELP,YELP INC,0.008524320003050182
2026-08-01,19938,ALGM,"ALLEGRO MICROSYSTEMS, INC.",0.005093836434504107
2026-08-01,50550,TPC,TUTOR PERINI CORP,0.00727461538323905
2026-08-01,76709,IDXX,IDEXX LABORATORIES INC /DE,0.013652364051693597
2026-08-01,21564,LZ,"LEGALZOOM.COM, INC.",0.0072220890048964965
2026-08-01,75320,AD,"ARRAY DIGITAL INFRASTRUCTURE, INC.",0.020955374679341988
2026-08-01,49015,LNC,LINCOLN NATIONAL CORP,0.009726462171277392
2026-08-01,86822,EXTR,EXTREME NETWORKS INC,0.008582065975390843
2026-08-01,32651,HL,HECLA MINING CO/DE/,0.007664505134724501
2026-08-01,18908,TXG,"10x Genomics, Inc.",0.005630798452177654
2026-08-01,11891,MGM,MGM Resorts International,0.02119923569505233
2026-08-01,89215,AMN,AMN HEALTHCARE SERVICES INC,0.008327843705596224
2026-08-01,26723,OMDA,"Omada Health, Inc.",0.013150476110866553
2026-08-01,13410,SUPN,"SUPERNUS PHARMACEUTICALS, INC.",0.013359916988447814
2026-08-01,20646,OSCR,"Oscar Health, Inc.",0.006687797569860417
2026-08-01,90988,BKD,Brookdale Senior Living Inc.,0.010451386732145029
2026-08-01,41187,HE,HAWAIIAN ELECTRIC INDUSTRIES INC,0.02111233475891012
2026-08-01,83534,NBIX,NEUROCRINE BIOSCIENCES INC,0.009641256946270221
2026-08-01,18312,MRNA,"Moderna, Inc.",0.005838258647036408
2026-08-01,79859,FLG,FLAGSTAR BANK NATL ASSOC,0.014766841337245606
2026-08-01,76868,AAON,"AAON, INC.",0.007088265248925968
2026-08-01,19076,ASTS,"AST SpaceMobile, Inc.",-0.005247494203196191
2026-08-01,27856,LLYVK,LIBERTY LIVE HOLDINGS INC,-0.015542092895933526
2026-08-01,26444,CRWV,"CoreWeave, Inc.",-0.004175480766167857
2026-08-01,23263,QBTS,D-Wave Quantum Inc.,-0.004640990923946447
2026-08-01,26713,CRCL,"Circle Internet Group, Inc.",-0.006352967390207759
2026-08-01,20138,GPGI,"GPGI, Inc.",-0.00895265066322477
2026-08-01,21927,DJT,Trump Media & Technology Group Corp.,-0.0070542318864276555
2026-08-01,26720,BMNR,"BITMINE IMMERSION TECHNOLOGIES, INC.",-0.005495775269374042
2026-08-01,86211,MSTR,Strategy Inc,-0.007361229351778432
2026-08-01,20357,IONQ,"IonQ, Inc.",-0.0062972461212706015
2026-08-01,24875,ALAB,"Astera Labs, Inc.",-0.004148532251246305
2026-08-01,21331,AUR,"Aurora Innovation, Inc.",-0.007803773482197413
2026-08-01,19751,LCID,"Lucid Group, Inc.",-0.0036071350020564505
2026-08-01,20295,CIFR,Cipher Digital Inc.,-0.0036071350020564505
2026-08-01,20312,ONDS,Ondas Inc.,-0.005221038476450417
2026-08-01,77338,ROP,ROPER TECHNOLOGIES INC,-0.010421327662234489
2026-08-01,21754,QUBT,Quantum Computing Inc.,-0.006531386918913032
2026-08-01,87759,WULF,TERAWULF INC.,-0.004314453648017582
2026-08-01,16680,QXO,"QXO, Inc.",-0.008622208353586909
2026-08-01,14813,MARA,"MARA Holdings, Inc.",-0.004635158055474429
2026-08-01,27302,VIA,"Via Transportation, Inc.",-0.008698614051660563
2026-08-01,23054,SOUN,"SOUNDHOUND AI, INC.",-0.008292487212672497
2026-08-01,19187,CLSK,"CLEANSPARK, INC.",-0.004110473007412645
2026-08-01,89986,APLD,Applied Digital Corp.,-0.004391656132206016
2026-08-01,27336,STUB,"StubHub Holdings, Inc.",-0.007543048315849704
2026-08-01,14988,LBRDK,Liberty Broadband Corp,-0.010860513408737041
2026-08-01,78875,WOLF,"WOLFSPEED, INC.",-0.004301053554154737
2026-08-01,24655,HUT,Hut 8 Corp.,-0.0037780887776394344
2026-08-01,26839,RAL,Ralliant Corp,-0.014804273388971837
2026-08-01,90427,TXRH,"Texas Roadhouse, Inc.",-0.015270565916960991
2026-08-01,27348,NTSK,Netskope Inc,-0.006707873953582567
2026-08-01,24815,UMAC,UNUSUAL MACHINES INC NEW,-0.0038878534535341284
2026-08-01,25147,FUN,Six Flags Entertainment Corporation/NEW,-0.009514556989121592
2026-08-01,92213,RIOT,"Riot Platforms, Inc.",-0.003965206892108527
2026-08-01,16252,EKSO,EKSO BIONICS HOLDINGS INC,-0.0036071350020564505
2026-08-01,22220,NN,NEXTNAV INC.,-0.008394758695811843
2026-08-01,80286,TSCO,TRACTOR SUPPLY CO /DE/,-0.014663074045953307
2026-08-01,21605,RYAN,"RYAN SPECIALTY HOLDINGS, INC.",-0.009867444173274608
2026-08-01,26653,GLXY,Galaxy Digital Inc.,-0.004708287978354639
2026-08-01,17366,HYMC,HYCROFT MINING HOLDING CORP,-0.00611694466164238
2026-08-01,26178,SAIL,"SailPoint, Inc.",-0.008137102119632327
2026-08-01,19849,SMMT,Summit Therapeutics Inc.,-0.00743727356386086
2026-08-01,17683,CLBK,COLUMBIA FINANCIAL INC,-0.017363833222600957
2026-08-01,17144,GIS,GENERAL MILLS INC,-0.010767855408221356
2026-08-01,83443,BRK.B,BERKSHIRE HATHAWAY INC,-0.017995450119353038
2026-08-01,21090,RCAT,"Red Cat Holdings, Inc.",-0.0058521280740156875
2026-08-01,20193,AI,"C3.ai, Inc.",-0.011104791872513991
2026-08-01,27118,FLY,Firefly Aerospace Inc.,-0.005951725762328054
2026-08-01,20682,CPNG,"Coupang, Inc.",-0.010992018273924216
2026-08-01,85272,AEHR,AEHR TEST SYSTEMS,-0.0036071350020564505
2026-08-01,91907,SMCI,"Super Micro Computer, Inc.",-0.005026966671314821
2026-08-01,27070,AMBQ,"Ambiq Micro, Inc.",-0.005379635526989792
2026-08-01,86228,RSG,"REPUBLIC SERVICES, INC.",-0.017995450119353038
2026-08-01,84042,PAG,"PENSKE AUTOMOTIVE GROUP, INC.",-0.011479219592274504
2026-08-01,21723,HOOD,"Robinhood Markets, Inc.",-0.0074702385828814
2026-08-01,87445,TDY,TELEDYNE TECHNOLOGIES INC,-0.017995450119353038
2026-08-01,15293,NEXT,NextDecade Corp,-0.007144564568738112
2026-08-01,27598,Q,"Qnity Electronics, Inc.",-0.010119074164873378
2026-08-01,92294,UEC,URANIUM ENERGY CORP,-0.008341583470436927
2026-08-01,26744,VOYG,"Voyager Technologies, Inc./TX",-0.005885639923723087
2026-08-01,13278,MCHB,Mechanics Bancorp,-0.016929473884354625
2026-08-01,46674,GPC,GENUINE PARTS CO,-0.009067479645881404
2026-08-01,76582,DORM,"Dorman Products, Inc.",-0.013010681922307728
2026-08-01,24064,APGE,"Apogee Therapeutics, Inc.",-0.017995450119353038
2026-08-01,89217,AAP,ADVANCE AUTO PARTS INC,-0.00852254321229255
2026-08-01,22079,LTH,"Life Time Group Holdings, Inc.",-0.017995450119352892
2026-08-01,26179,KRMN,Karman Holdings Inc.,-0.006429895457906178
2026-08-01,19489,PCT,PURECYCLE TECHNOLOGIES INC,-0.006437943888947675
2026-08-01,63467,BRO,"BROWN & BROWN, INC.",-0.011168375203761932
2026-08-01,20399,RDW,Redwire Corp,-0.005897071658892027
2026-08-01,91968,TFSL,TFS Financial CORP,-0.017995450119353038
2026-08-01,23147,IE,IVANHOE ELECTRIC INC,-0.00672915893163886
2026-08-01,85517,CHH,CHOICE HOTELS INTERNATIONAL INC /DE,-0.014634887888158043
2026-08-01,19986,PRAX,"Praxis Precision Medicines, Inc.",-0.00966910484428486
2026-08-01,25181,LB,LandBridge Co LLC,-0.01262721999168211
2026-08-01,25205,ALMS,ALUMIS INC.,-0.006929163467628862
2026-08-01,86896,CBU,"COMMUNITY FINANCIAL SYSTEM, INC.",-0.017995450119353038
2026-08-01,17821,SRRK,Scholar Rock Holding Corp,-0.011276265037753851
2026-08-01,90126,CYTK,CYTOKINETICS INC,-0.017995450119353038
2026-08-01,14145,AAOI,"APPLIED OPTOELECTRONICS, INC.",-0.0036071350020564505
2026-08-01,85464,CWST,CASELLA WASTE SYSTEMS INC,-0.015437650312087315
2026-08-01,25320,CPB,CAMPBELL'S Co,-0.0128500929935493
2026-08-01,19002,BWIN,"Baldwin Insurance Group, Inc.",-0.009021965275037486
2026-08-01,26798,CAI,"Caris Life Sciences, Inc.",-0.011016095152216845
2026-08-01,26146,MAZE,MAZE THERAPEUTICS INC,-0.009435525010459135
2026-08-01,25773,PRMB,PRIMO BRANDS CORP,-0.014759310228549448
2026-08-01,21029,RUM,Rumble Inc.,-0.00857992815379977
2026-08-01,59328,INTC,INTEL CORP,-0.005911840492682513
2026-08-01,10933,MKL,MARKEL GROUP INC.,-0.01715403931495479
2026-08-01,22313,LUNR,"Intuitive Machines, Inc.",-0.007194321622733826
2026-08-01,88360,MRVL,MARVELL TECHNOLOGY INC,-0.005290546725513913
2026-08-01,15960,CRVS,"Corvus Pharmaceuticals, Inc.",-0.010192340632806336
2026-08-01,19599,QS,QuantumScape Corp,-0.006712954961841478
2026-08-01,19928,OUST,"Ouster, Inc.",-0.0036131837797042416
2026-08-01,84819,SBET,SHARPLINK GAMING INC,-0.006368102231862872
2026-08-01,20381,NVTS,Navitas Semiconductor Corp,-0.00445936706720478
2026-08-01,84348,VSAT,VIASAT INC,-0.006838702580346995
2026-08-01,91733,AVAV,AeroVironment Inc,-0.006131368257806091
2026-08-01,10104,ORCL,ORACLE CORP,-0.008332716326910915
2026-08-01,27712,CBC,"Central Bancompany, Inc.",-0.017995450119353038
