date,permno,ticker,company_name,label_basis,label_from
2021-01-01,17799,INSP,INSPIRE MEDICAL SYSTEMS INC,same month,2021-01
2021-01-01,88319,VC,VISTEON CORP,same month,2021-01
2021-01-01,86822,EXTR,EXTREME NETWORKS INC,same month,2021-01
2021-01-01,87379,CLCT,COLLECTORS UNIVERSE INC,same month,2021-01
2021-01-01,78756,OFIX,ORTHOFIX MEDICAL INC,same month,2021-01
2021-01-01,91900,GLUU,GLU MOBILE INC,same month,2021-01
2021-01-01,14426,DRNA,DICERNA PHARMACEUTICALS INC,same month,2021-01
2021-01-01,18485,PINS,PINTEREST INC,same month,2021-01
2021-01-01,17880,EVER,EVERQUOTE INC,same month,2021-01
2021-01-01,13625,SSTK,SHUTTERSTOCK INC,same month,2021-01
2021-01-01,18011,SONO,SONOS INC,same month,2021-01
2021-01-01,64961,NXGN,NEXTGEN HEALTHCARE INC,same month,2021-01
2021-01-01,13316,VCRA,VOCERA COMMUNICATIONS INC,same month,2021-01
2021-01-01,14504,QUOT,QUOTIENT TECHNOLOGY INC,same month,2021-01
2021-01-01,18961,SWTX,SPRINGWORKS THERAPEUTICS INC,same month,2021-01
2021-01-01,14440,TVTX,TRAVERE THERAPEUTICS INC,same month,2021-01
2021-01-01,88167,HSTM,HEALTHSTREAM INC,same month,2021-01
2021-01-01,79248,THRM,GENTHERM INC,same month,2021-01
2021-01-01,15046,NVRO,NEVRO CORP,same month,2021-01
2021-01-01,91365,CSII,CARDIOVASCULAR SYSTEMS INC DEL,same month,2021-01
2021-01-01,90125,CORT,CORCEPT THERAPEUTICS INC,same month,2021-01
2021-01-01,41187,HE,HAWAIIAN ELECTRIC INDUSTRIES INC,same month,2021-01
2021-01-01,91733,AVAV,AEROVIRONMENT INC,same month,2021-01
2021-01-01,77785,WIRE,ENCORE WIRE CORP,same month,2021-01
2021-01-01,84010,USNA,USANA HEALTH SCIENCES INC,same month,2021-01
2021-01-01,72304,STAA,STAAR SURGICAL CO,same month,2021-01
2021-01-01,14521,TNET,TRINET GROUP INC,same month,2021-01
2021-01-01,90971,IRBT,IROBOT CORP,same month,2021-01
2021-01-01,92221,MELI,MERCADOLIBRE INC,same month,2021-01
2021-01-01,45306,IDCC,INTERDIGITAL INC,same month,2021-01
2021-01-01,18968,PGNY,PROGYNY INC,same month,2021-01
2021-01-01,12493,QADA,QAD INC,same month,2021-01
2021-01-01,63125,AGYS,AGILYSYS INC,same month,2021-01
2021-01-01,17334,GLIBA,G C I LIBERTY INC,carried forward from an earlier month,2020-12
2021-01-01,89031,AAXN,AXON ENTERPRISE INC,same month,2021-01
2021-01-01,79491,WINA,WINMARK CORP,same month,2021-01
2021-01-01,18566,SILK,SILK ROAD MEDICAL INC,same month,2021-01
2021-01-01,48144,KLIC,KULICKE & SOFFA INDS INC,same month,2021-01
2021-01-01,90177,ACAD,ACADIA PHARMACEUTICALS,same month,2021-01
2021-01-01,88352,ISRG,INTUITIVE SURGICAL INC,same month,2021-01
2021-01-01,87078,MDRX,ALLSCRIPTS HEALTHCARE SOLNS INC,same month,2021-01
2021-01-01,19081,SITM,SITIME CORP,same month,2021-01
2021-01-01,92143,PRO,P R O S HOLDINGS INC,same month,2021-01
2021-01-01,13816,MODN,MODEL N INC,same month,2021-01
2021-01-01,14694,GPRO,GOPRO INC,same month,2021-01
2021-01-01,18141,PLAN,ANAPLAN INC,same month,2021-01
2021-01-01,64785,AGX,ARGAN INC,same month,2021-01
2021-01-01,48347,LZB,LA Z BOY INC,same month,2021-01
2021-01-01,75233,VGR,VECTOR GROUP LTD,same month,2021-01
2021-01-01,91503,LMAT,LEMAITRE VASCULAR INC,same month,2021-01
2021-01-01,89036,NTUS,NATUS MEDICAL INC,same month,2021-01
2021-01-01,87789,LMNX,LUMINEX CORP,same month,2021-01
2021-01-01,88504,BRKR,BRUKER CORP,same month,2021-01
2021-01-01,84385,NSP,INSPERITY INC,same month,2021-01
2021-01-01,14231,VEEV,VEEVA SYSTEMS INC,same month,2021-01
2021-01-01,14688,AMPH,AMPHASTAR PHARMACEUTICALS INC,same month,2021-01
2021-01-01,14359,XNCR,XENCOR INC,same month,2021-01
2021-01-01,27043,VAR,VARIAN MEDICAL SYSTEMS INC,same month,2021-01
2021-01-01,18561,NGM,N G M BIOPHARMACEUTICALS INC,same month,2021-01
2021-01-01,85914,BBY,BEST BUY COMPANY INC,same month,2021-01
2021-01-01,84381,ROK,ROCKWELL AUTOMATION INC,same month,2021-01
2021-01-01,13577,HY,HYSTER YALE MATERIALS HANDLG INC,same month,2021-01
2021-01-01,78876,CRY,CRYOLIFE INC,same month,2021-01
2021-01-01,90868,OFLX,OMEGA FLEX INC,same month,2021-01
2021-01-01,18779,MORF,MORPHIC HOLDING INC,same month,2021-01
2021-01-01,13766,BCC,BOISE CASCADE CO,same month,2021-01
2021-01-01,10966,AXGN,AXOGEN INC,same month,2021-01
2021-01-01,14176,XLRN,ACCELERON PHARMA INC,same month,2021-01
2021-01-01,12583,PCRX,PACIRA BIOSCIENCES INC,same month,2021-01
2021-01-01,85992,MANH,MANHATTAN ASSOCIATES INC,same month,2021-01
2021-01-01,76868,AAON,AAON INC,same month,2021-01
2021-01-01,38659,GNTX,GENTEX CORP,same month,2021-01
2021-01-01,14054,MRTX,MIRATI THERAPEUTICS INC,same month,2021-01
2021-01-01,14325,TNDM,TANDEM DIABETES CARE INC,same month,2021-01
2021-01-01,76744,VRTX,VERTEX PHARMACEUTICALS INC,same month,2021-01
2021-01-01,84761,TTWO,TAKE TWO INTERACTIVE SOFTWR INC,same month,2021-01
2021-01-01,85002,SRPT,SAREPTA THERAPEUTICS INC,same month,2021-01
2021-01-01,92635,NX,QUANEX BUILDING PRODUCTS CORP,same month,2021-01
2021-01-01,91463,CVLT,COMMVAULT SYSTEMS INC,same month,2021-01
2021-01-01,48653,HUM,HUMANA INC,same month,2021-01
2021-01-01,13543,GMED,GLOBUS MEDICAL INC,same month,2021-01
2021-01-01,85372,FARO,FARO TECHNOLOGIES INC,same month,2021-01
2021-01-01,18908,TXG,10X GENOMICS INC,same month,2021-01
2021-01-01,78915,UEIC,UNIVERSAL ELECTRONICS INC,same month,2021-01
2021-01-01,85424,DRQ,DRIL QUIP INC,same month,2021-01
2021-01-01,15108,NEWR,NEW RELIC INC,same month,2021-01
2021-01-01,11884,IPAR,INTERMEDIATE PARFUMS INC,same month,2021-01
2021-01-01,90319,GOOGL,ALPHABET INC,same month,2021-01
2021-01-01,79906,INCY,INCYTE CORP,same month,2021-01
2021-01-01,76128,VICR,VICOR CORP,same month,2021-01
2021-01-01,80054,MED,MEDIFAST INC,same month,2021-01
2021-01-01,90664,DXCM,DEXCOM INC,same month,2021-01
2021-01-01,88949,SGEN,SEAGEN INC,same month,2021-01
2021-01-01,53074,MLAB,MESA LABORATORIES INC,same month,2021-01
2021-01-01,93079,ECHO,ECHO GLOBAL LOGISTICS INC,same month,2021-01
2021-01-01,83534,NBIX,NEUROCRINE BIOSCIENCES INC,same month,2021-01
2021-01-01,89946,AEL,AMERICAN EQUITY INVT LIFE HLDG C,same month,2021-01
2021-01-01,14547,PCTY,PAYLOCITY HOLDING CORP,same month,2021-01
2021-01-01,12914,DNKN,DUNKIN BRANDS GROUP INC,carried forward from an earlier month,2020-12
2021-01-01,43481,SXI,STANDEX INTERNATIONAL CORP,same month,2021-01
2021-01-01,17367,LPRO,OPEN LENDING CORP,same month,2021-01
2021-01-01,18162,VLDR,VELODYNE LIDAR INC,same month,2021-01
2021-01-01,18312,MRNA,MODERNA INC,same month,2021-01
2021-01-01,17036,CNNE,CANNAE HOLDINGS INC,same month,2021-01
2021-01-01,17907,NKLA,NIKOLA CORP,same month,2021-01
2021-01-01,92775,TREE,LENDINGTREE INC,same month,2021-01
2021-01-01,19032,VIR,VIR BIOTECHNOLOGY INC,same month,2021-01
2021-01-01,13908,PFSI,PENNYMAC FINANCIAL SVCS INC NEW,same month,2021-01
2021-01-01,91498,EHTH,EHEALTH INC,same month,2021-01
2021-01-01,18539,HYLN,HYLIION HOLDINGS CORP,same month,2021-01
2021-01-01,15092,LC,LENDINGCLUB CORP,same month,2021-01
2021-01-01,15302,VIRT,VIRTU FINANCIAL INC,same month,2021-01
2021-01-01,76856,FCFS,FIRSTCASH INC,same month,2021-01
2021-01-01,91437,FRHC,FREEDOM HOLDING CORP,same month,2021-01
2021-01-01,12477,WD,WALKER & DUNLOP INC,same month,2021-01
2021-01-01,10517,PRG,PROG HOLDINGS INC,same month,2021-01
2021-01-01,14414,SC,SANTANDER CONSUMER USA HLDGS INC,same month,2021-01
2021-01-01,91611,FSLR,FIRST SOLAR INC,same month,2021-01
2021-01-01,13919,AMBC,AMBAC FINANCIAL GROUP INC,same month,2021-01
2021-01-01,86544,BCOR,BLUCORA INC,same month,2021-01
2021-01-01,14159,FEYE,FIREEYE INC,same month,2021-01
2021-01-01,82779,NVAX,NOVAVAX INC,same month,2021-01
2021-01-01,14601,NAVI,NAVIENT CORP,same month,2021-01
2021-01-01,14969,GWB,GREAT WESTERN BANCORP INC,same month,2021-01
2021-01-01,18361,PAYA,PAYA HOLDINGS INC,same month,2021-01
2021-01-01,77660,CACC,CREDIT ACCEPTANCE CORP,same month,2021-01
2021-01-01,18915,CRNC,CERENCE INC,same month,2021-01
2021-01-01,12089,RP,REALPAGE INC,same month,2021-01
2021-01-01,15541,RPD,RAPID7 INC,same month,2021-01
2021-01-01,92213,RIOT,RIOT BLOCKCHAIN INC,same month,2021-01
2021-01-01,18552,RIDE,LORDSTOWN MOTORS CORP,same month,2021-01
2021-01-01,80169,AGM,FEDERAL AGRICULTURAL MORT CORP,same month,2021-01
2021-01-01,14813,MARA,MARATHON PATENT GROUP INC,same month,2021-01
2021-01-01,18184,FSR,FISKER INC,same month,2021-01
2021-01-01,19187,CLSK,CLEANSPARK INC,same month,2021-01
2021-01-01,85931,WDR,WADDELL & REED FINANCIAL INC,same month,2021-01
2021-01-01,18580,FSLY,FASTLY INC,same month,2021-01
2021-01-01,83885,MVIS,MICROVISION INC WA,same month,2021-01
2021-01-01,19331,MPLN,MULTIPLAN CORP,same month,2021-01
2021-01-01,77699,FCEL,FUELCELL ENERGY INC,same month,2021-01
2021-01-01,14828,SAGE,SAGE THERAPEUTICS INC,same month,2021-01
2021-01-01,16657,CLDR,CLOUDERA INC,same month,2021-01
2021-01-01,18247,VAPO,VAPOTHERM INC,same month,2021-01
2021-01-01,90978,SPWR,SUNPOWER CORP,same month,2021-01
2021-01-01,78840,IAC,IAC INTERACTIVECORP NEW,same month,2021-01
2021-01-01,15831,AXSM,AXSOME THERAPEUTICS INC,same month,2021-01
2021-01-01,84734,FBC,FLAGSTAR BANCORP INC,same month,2021-01
2021-01-01,16968,MDB,MONGODB INC,same month,2021-01
2021-01-01,40125,DXC,D X C TECHNOLOGY CO,same month,2021-01
2021-01-01,18480,TW,TRADEWEB MARKETS INC,same month,2021-01
2021-01-01,78875,CREE,CREE INC,same month,2021-01
2021-01-01,16068,RETA,REATA PHARMACEUTICALS INC,same month,2021-01
2021-01-01,82670,TGTX,T G THERAPEUTICS INC,same month,2021-01
2021-01-01,18835,DKNG,DRAFTKINGS INC,same month,2021-01
2021-01-01,19317,APG,A P I GROUP CORP,same month,2021-01
2021-01-01,19196,PRCH,PORCH GROUP INC,same month,2021-01
2021-01-01,11990,KKR,K K R & CO INC,same month,2021-01
2021-01-01,18659,SFT,SHIFT TECHNOLOGIES INC,same month,2021-01
2021-01-01,76591,QDEL,QUIDEL CORP,same month,2021-01
2021-01-01,85177,EGHT,8X8 INC NEW,same month,2021-01
2021-01-01,15914,WKHS,WORKHORSE GROUP INC,same month,2021-01
2021-01-01,14044,AGIO,AGIOS PHARMACEUTICALS INC,same month,2021-01
2021-01-01,13323,ENPH,ENPHASE ENERGY INC,same month,2021-01
2021-01-01,92095,INFN,INFINERA CORP,same month,2021-01
2021-01-01,16966,SWCH,SWITCH INC,same month,2021-01
2021-01-01,17987,VRT,VERTIV HOLDINGS CO,same month,2021-01
2021-01-01,87337,PLUG,PLUG POWER INC,same month,2021-01
2021-01-01,19058,SI,SILVERGATE CAPITAL CORP,same month,2021-01
2021-01-01,89964,NNI,NELNET INC,same month,2021-01
2021-01-01,88807,INSG,INSEEGO CORP,same month,2021-01
2021-01-01,91926,DAL,DELTA AIR LINES INC,same month,2021-01
2021-01-01,14960,ENVA,ENOVA INTERNATIONAL INC,same month,2021-01
2021-01-01,17672,EAF,GRAFTECH INTERNATIONAL LTD NEW,same month,2021-01
2021-01-01,21207,NEM,NEWMONT CORP,same month,2021-01
2021-01-01,17045,ACMR,A C M RESEARCH INC,same month,2021-01
2021-01-01,14432,ITCI,INTRA CELLULAR THERAPIES INC,same month,2021-01
2021-01-01,18484,ZM,ZOOM VIDEO COMMUNICATIONS INC,same month,2021-01
2021-01-01,13688,PCG,P G & E CORP,same month,2021-01
2021-01-01,16924,DCPH,DECIPHERA PHARMACEUTICALS INC,same month,2021-01
2021-01-01,17104,APLS,APELLIS PHARMACEUTICALS INC,same month,2021-01
2021-01-01,13379,SPLK,SPLUNK INC,same month,2021-01
2021-01-01,88518,APPS,DIGITAL TURBINE INC,same month,2021-01
2021-01-01,17788,PS,PLURALSIGHT INC,same month,2021-01
2021-01-01,17948,ALLK,ALLAKOS INC,same month,2021-01
2021-01-01,15643,RUN,SUNRUN INC,same month,2021-01
2021-01-01,60186,OMI,OWENS & MINOR INC NEW,same month,2021-01
2021-01-01,78664,DDD,3 D SYSTEMS CORP DEL,same month,2021-01
2021-01-01,21020,AAL,AMERICAN AIRLINES GROUP INC,same month,2021-01
2021-01-01,18192,GDYN,GRID DYNAMICS HOLDINGS INC,same month,2021-01
2021-01-01,81593,COOP,MR COOPER GROUP INC,same month,2021-01
2021-01-01,17478,SPGI,S & P GLOBAL INC,same month,2021-01
2021-01-01,88174,LPSN,LIVEPERSON INC,same month,2021-01
2021-01-01,18114,TTCF,TATTOOED CHEF INC,same month,2021-01
2021-01-01,15540,RILY,B RILEY FINANCIAL INC,same month,2021-01
2021-01-01,89002,ADS,ALLIANCE DATA SYSTEMS CORP,same month,2021-01
2021-01-01,86004,UMPQ,UMPQUA HOLDINGS CORP,same month,2021-01
2021-01-01,17341,ZS,ZSCALER INC,same month,2021-01
2021-01-01,18452,LYFT,LYFT INC,same month,2021-01
2021-01-01,13377,PFPT,PROOFPOINT INC,same month,2021-01
2021-01-01,86211,MSTR,MICROSTRATEGY INC,same month,2021-01
2021-02-01,88319,VC,VISTEON CORP,same month,2021-02
2021-02-01,78756,OFIX,ORTHOFIX MEDICAL INC,same month,2021-02
2021-02-01,86822,EXTR,EXTREME NETWORKS INC,same month,2021-02
2021-02-01,18011,SONO,SONOS INC,same month,2021-02
2021-02-01,14504,QUOT,QUOTIENT TECHNOLOGY INC,same month,2021-02
2021-02-01,13316,VCRA,VOCERA COMMUNICATIONS INC,same month,2021-02
2021-02-01,13625,SSTK,SHUTTERSTOCK INC,same month,2021-02
2021-02-01,79248,THRM,GENTHERM INC,same month,2021-02
2021-02-01,91365,CSII,CARDIOVASCULAR SYSTEMS INC DEL,same month,2021-02
2021-02-01,88167,HSTM,HEALTHSTREAM INC,same month,2021-02
2021-02-01,18485,PINS,PINTEREST INC,same month,2021-02
2021-02-01,15046,NVRO,NEVRO CORP,same month,2021-02
2021-02-01,87379,CLCT,COLLECTORS UNIVERSE INC,same month,2021-02
2021-02-01,14440,TVTX,TRAVERE THERAPEUTICS INC,same month,2021-02
2021-02-01,90125,CORT,CORCEPT THERAPEUTICS INC,same month,2021-02
2021-02-01,18779,MORF,MORPHIC HOLDING INC,same month,2021-02
2021-02-01,14521,TNET,TRINET GROUP INC,same month,2021-02
2021-02-01,14359,XNCR,XENCOR INC,same month,2021-02
2021-02-01,77785,WIRE,ENCORE WIRE CORP,same month,2021-02
2021-02-01,38659,GNTX,GENTEX CORP,same month,2021-02
2021-02-01,41187,HE,HAWAIIAN ELECTRIC INDUSTRIES INC,same month,2021-02
2021-02-01,14688,AMPH,AMPHASTAR PHARMACEUTICALS INC,same month,2021-02
2021-02-01,84010,USNA,USANA HEALTH SCIENCES INC,same month,2021-02
2021-02-01,18566,SILK,SILK ROAD MEDICAL INC,same month,2021-02
2021-02-01,48347,LZB,LA Z BOY INC,same month,2021-02
2021-02-01,90177,ACAD,ACADIA PHARMACEUTICALS,same month,2021-02
2021-02-01,88352,ISRG,INTUITIVE SURGICAL INC,same month,2021-02
2021-02-01,45306,IDCC,INTERDIGITAL INC,same month,2021-02
2021-02-01,64785,AGX,ARGAN INC,same month,2021-02
2021-02-01,12493,QADA,QAD INC,same month,2021-02
2021-02-01,64961,NXGN,NEXTGEN HEALTHCARE INC,same month,2021-02
2021-02-01,92143,PRO,P R O S HOLDINGS INC,same month,2021-02
2021-02-01,87078,MDRX,ALLSCRIPTS HEALTHCARE SOLNS INC,same month,2021-02
2021-02-01,88504,BRKR,BRUKER CORP,same month,2021-02
2021-02-01,13816,MODN,MODEL N INC,same month,2021-02
2021-02-01,48144,KLIC,KULICKE & SOFFA INDS INC,same month,2021-02
2021-02-01,14231,VEEV,VEEVA SYSTEMS INC,same month,2021-02
2021-02-01,18561,NGM,N G M BIOPHARMACEUTICALS INC,same month,2021-02
2021-02-01,84385,NSP,INSPERITY INC,same month,2021-02
2021-02-01,14325,TNDM,TANDEM DIABETES CARE INC,same month,2021-02
2021-02-01,14176,XLRN,ACCELERON PHARMA INC,same month,2021-02
2021-02-01,85914,BBY,BEST BUY COMPANY INC,same month,2021-02
2021-02-01,78876,CRY,CRYOLIFE INC,same month,2021-02
2021-02-01,76128,VICR,VICOR CORP,same month,2021-02
2021-02-01,91503,LMAT,LEMAITRE VASCULAR INC,same month,2021-02
2021-02-01,10966,AXGN,AXOGEN INC,same month,2021-02
2021-02-01,84761,TTWO,TAKE TWO INTERACTIVE SOFTWR INC,same month,2021-02
2021-02-01,75233,VGR,VECTOR GROUP LTD,same month,2021-02
2021-02-01,14054,MRTX,MIRATI THERAPEUTICS INC,same month,2021-02
2021-02-01,87789,LMNX,LUMINEX CORP,same month,2021-02
2021-02-01,76744,VRTX,VERTEX PHARMACEUTICALS INC,same month,2021-02
2021-02-01,13543,GMED,GLOBUS MEDICAL INC,same month,2021-02
2021-02-01,76868,AAON,AAON INC,same month,2021-02
2021-02-01,90664,DXCM,DEXCOM INC,same month,2021-02
2021-02-01,78915,UEIC,UNIVERSAL ELECTRONICS INC,same month,2021-02
2021-02-01,48653,HUM,HUMANA INC,same month,2021-02
2021-02-01,27043,VAR,VARIAN MEDICAL SYSTEMS INC,same month,2021-02
2021-02-01,90319,GOOGL,ALPHABET INC,same month,2021-02
2021-02-01,85992,MANH,MANHATTAN ASSOCIATES INC,same month,2021-02
2021-02-01,85372,FARO,FARO TECHNOLOGIES INC,same month,2021-02
2021-02-01,53074,MLAB,MESA LABORATORIES INC,same month,2021-02
2021-02-01,88949,SGEN,SEAGEN INC,same month,2021-02
2021-02-01,91463,CVLT,COMMVAULT SYSTEMS INC,same month,2021-02
2021-02-01,90868,OFLX,OMEGA FLEX INC,same month,2021-02
2021-02-01,79906,INCY,INCYTE CORP,same month,2021-02
2021-02-01,13766,BCC,BOISE CASCADE CO,same month,2021-02
2021-02-01,19081,SITM,SITIME CORP,same month,2021-02
2021-02-01,11884,IPAR,INTERMEDIATE PARFUMS INC,same month,2021-02
2021-02-01,84381,ROK,ROCKWELL AUTOMATION INC,same month,2021-02
2021-02-01,17880,EVER,EVERQUOTE INC,same month,2021-02
2021-02-01,14547,PCTY,PAYLOCITY HOLDING CORP,same month,2021-02
2021-02-01,93079,ECHO,ECHO GLOBAL LOGISTICS INC,same month,2021-02
2021-02-01,18141,PLAN,ANAPLAN INC,same month,2021-02
2021-02-01,14426,DRNA,DICERNA PHARMACEUTICALS INC,same month,2021-02
2021-02-01,89946,AEL,AMERICAN EQUITY INVT LIFE HLDG C,same month,2021-02
2021-02-01,17799,INSP,INSPIRE MEDICAL SYSTEMS INC,same month,2021-02
2021-02-01,92221,MELI,MERCADOLIBRE INC,same month,2021-02
2021-02-01,13577,HY,HYSTER YALE MATERIALS HANDLG INC,same month,2021-02
2021-02-01,92635,NX,QUANEX BUILDING PRODUCTS CORP,same month,2021-02
2021-02-01,43481,SXI,STANDEX INTERNATIONAL CORP,same month,2021-02
2021-02-01,14694,GPRO,GOPRO INC,same month,2021-02
2021-02-01,18968,PGNY,PROGYNY INC,same month,2021-02
2021-02-01,83534,NBIX,NEUROCRINE BIOSCIENCES INC,same month,2021-02
2021-02-01,91900,GLUU,GLU MOBILE INC,same month,2021-02
2021-02-01,89031,AXON,AXON ENTERPRISE INC,same month,2021-02
2021-02-01,85424,DRQ,DRIL QUIP INC,same month,2021-02
2021-02-01,15390,FIT,FITBIT INC,carried forward from an earlier month,2021-01
2021-02-01,91186,VNDA,VANDA PHARMACEUTICALS INC,same month,2021-02
2021-02-01,85724,PRDO,PERDOCEO EDUCATION CORP,same month,2021-02
2021-02-01,62033,RAVN,RAVEN INDUSTRIES INC,same month,2021-02
2021-02-01,18808,PHR,PHREESIA INC,same month,2021-02
2021-02-01,85440,SRI,STONERIDGE INC,same month,2021-02
2021-02-01,17106,BAND,BANDWIDTH INC,same month,2021-02
2021-02-01,93264,IRWD,IRONWOOD PHARMACEUTICALS INC,same month,2021-02
2021-02-01,84656,ALV,AUTOLIV INC,same month,2021-02
2021-02-01,65365,MYE,MYERS INDUSTRIES INC,same month,2021-02
2021-02-01,30681,OMC,OMNICOM GROUP INC,same month,2021-02
2021-02-01,92753,ERII,ENERGY RECOVERY INC,same month,2021-02
2021-02-01,18013,ARLO,ARLO TECHNOLOGIES INC,same month,2021-02
2021-02-01,87432,A,AGILENT TECHNOLOGIES INC,same month,2021-02
2021-02-01,17367,LPRO,OPEN LENDING CORP,same month,2021-02
2021-02-01,18162,VLDR,VELODYNE LIDAR INC,same month,2021-02
2021-02-01,17036,CNNE,CANNAE HOLDINGS INC,same month,2021-02
2021-02-01,92775,TREE,LENDINGTREE INC,same month,2021-02
2021-02-01,17907,NKLA,NIKOLA CORP,same month,2021-02
2021-02-01,18312,MRNA,MODERNA INC,same month,2021-02
2021-02-01,15302,VIRT,VIRTU FINANCIAL INC,same month,2021-02
2021-02-01,91498,EHTH,EHEALTH INC,same month,2021-02
2021-02-01,19032,VIR,VIR BIOTECHNOLOGY INC,same month,2021-02
2021-02-01,15092,LC,LENDINGCLUB CORP,same month,2021-02
2021-02-01,18539,HYLN,HYLIION HOLDINGS CORP,same month,2021-02
2021-02-01,77660,CACC,CREDIT ACCEPTANCE CORP,same month,2021-02
2021-02-01,14601,NAVI,NAVIENT CORP,same month,2021-02
2021-02-01,86544,BCOR,BLUCORA INC,same month,2021-02
2021-02-01,91611,FSLR,FIRST SOLAR INC,same month,2021-02
2021-02-01,14414,SC,SANTANDER CONSUMER USA HLDGS INC,same month,2021-02
2021-02-01,18484,ZM,ZOOM VIDEO COMMUNICATIONS INC,same month,2021-02
2021-02-01,13908,PFSI,PENNYMAC FINANCIAL SVCS INC NEW,same month,2021-02
2021-02-01,12477,WD,WALKER & DUNLOP INC,same month,2021-02
2021-02-01,82779,NVAX,NOVAVAX INC,same month,2021-02
2021-02-01,14813,MARA,MARATHON PATENT GROUP INC,same month,2021-02
2021-02-01,92213,RIOT,RIOT BLOCKCHAIN INC,same month,2021-02
2021-02-01,14969,GWB,GREAT WESTERN BANCORP INC,same month,2021-02
2021-02-01,76856,FCFS,FIRSTCASH INC,same month,2021-02
2021-02-01,83885,MVIS,MICROVISION INC WA,same month,2021-02
2021-02-01,18915,CRNC,CERENCE INC,same month,2021-02
2021-02-01,90978,SPWR,SUNPOWER CORP,same month,2021-02
2021-02-01,77699,FCEL,FUELCELL ENERGY INC,same month,2021-02
2021-02-01,18552,RIDE,LORDSTOWN MOTORS CORP,same month,2021-02
2021-02-01,80169,AGM,FEDERAL AGRICULTURAL MORT CORP,same month,2021-02
2021-02-01,18247,VAPO,VAPOTHERM INC,same month,2021-02
2021-02-01,10517,PRG,PROG HOLDINGS INC,same month,2021-02
2021-02-01,18184,FSR,FISKER INC,same month,2021-02
2021-02-01,40125,DXC,D X C TECHNOLOGY CO,same month,2021-02
2021-02-01,78840,IAC,IAC INTERACTIVECORP NEW,same month,2021-02
2021-02-01,14828,SAGE,SAGE THERAPEUTICS INC,same month,2021-02
2021-02-01,87337,PLUG,PLUG POWER INC,same month,2021-02
2021-02-01,13323,ENPH,ENPHASE ENERGY INC,same month,2021-02
2021-02-01,82670,TGTX,T G THERAPEUTICS INC,same month,2021-02
2021-02-01,16068,RETA,REATA PHARMACEUTICALS INC,same month,2021-02
2021-02-01,16966,SWCH,SWITCH INC,same month,2021-02
2021-02-01,14960,ENVA,ENOVA INTERNATIONAL INC,same month,2021-02
2021-02-01,18480,TW,TRADEWEB MARKETS INC,same month,2021-02
2021-02-01,15914,WKHS,WORKHORSE GROUP INC,same month,2021-02
2021-02-01,15540,RILY,B RILEY FINANCIAL INC,same month,2021-02
2021-02-01,18835,DKNG,DRAFTKINGS INC,same month,2021-02
2021-02-01,19317,APG,A P I GROUP CORP,same month,2021-02
2021-02-01,19058,SI,SILVERGATE CAPITAL CORP,same month,2021-02
2021-02-01,17987,VRT,VERTIV HOLDINGS CO,same month,2021-02
2021-02-01,11990,KKR,K K R & CO INC,same month,2021-02
2021-02-01,17045,ACMR,A C M RESEARCH INC,same month,2021-02
2021-02-01,18361,PAYA,PAYA HOLDINGS INC,same month,2021-02
2021-02-01,19196,PRCH,PORCH GROUP INC,same month,2021-02
2021-02-01,15831,AXSM,AXSOME THERAPEUTICS INC,same month,2021-02
2021-02-01,76591,QDEL,QUIDEL CORP,same month,2021-02
2021-02-01,18659,SFT,SHIFT TECHNOLOGIES INC,same month,2021-02
2021-02-01,21207,NEM,NEWMONT CORP,same month,2021-02
2021-02-01,19331,MPLN,MULTIPLAN CORP,same month,2021-02
2021-02-01,91926,DAL,DELTA AIR LINES INC,same month,2021-02
2021-02-01,86211,MSTR,MICROSTRATEGY INC,same month,2021-02
2021-02-01,89964,NNI,NELNET INC,same month,2021-02
2021-02-01,13688,PCG,P G & E CORP,same month,2021-02
2021-02-01,15643,RUN,SUNRUN INC,same month,2021-02
2021-02-01,88518,APPS,DIGITAL TURBINE INC,same month,2021-02
2021-02-01,91437,FRHC,FREEDOM HOLDING CORP,same month,2021-02
2021-02-01,14044,AGIO,AGIOS PHARMACEUTICALS INC,same month,2021-02
2021-02-01,60186,OMI,OWENS & MINOR INC NEW,same month,2021-02
2021-02-01,18192,GDYN,GRID DYNAMICS HOLDINGS INC,same month,2021-02
2021-02-01,17788,PS,PLURALSIGHT INC,same month,2021-02
2021-02-01,17478,SPGI,S & P GLOBAL INC,same month,2021-02
2021-02-01,88807,INSG,INSEEGO CORP,same month,2021-02
2021-02-01,84734,FBC,FLAGSTAR BANCORP INC,same month,2021-02
2021-02-01,78664,DDD,3 D SYSTEMS CORP DEL,same month,2021-02
2021-02-01,21020,AAL,AMERICAN AIRLINES GROUP INC,same month,2021-02
2021-02-01,81593,COOP,MR COOPER GROUP INC,same month,2021-02
2021-02-01,16924,DCPH,DECIPHERA PHARMACEUTICALS INC,same month,2021-02
2021-02-01,92095,INFN,INFINERA CORP,same month,2021-02
2021-02-01,89002,ADS,ALLIANCE DATA SYSTEMS CORP,same month,2021-02
2021-02-01,18580,FSLY,FASTLY INC,same month,2021-02
2021-02-01,14432,ITCI,INTRA CELLULAR THERAPIES INC,same month,2021-02
2021-02-01,85177,EGHT,8X8 INC NEW,same month,2021-02
2021-02-01,18114,TTCF,TATTOOED CHEF INC,same month,2021-02
2021-02-01,18452,LYFT,LYFT INC,same month,2021-02
2021-02-01,17672,EAF,GRAFTECH INTERNATIONAL LTD NEW,same month,2021-02
2021-02-01,85931,WDR,WADDELL & REED FINANCIAL INC,same month,2021-02
2021-02-01,86004,UMPQ,UMPQUA HOLDINGS CORP,same month,2021-02
2021-02-01,12089,RP,REALPAGE INC,same month,2021-02
2021-02-01,19416,EOSE,EOS ENERGY ENTERPRISES INC,same month,2021-02
2021-02-01,18533,RMO,ROMEO POWER INC,same month,2021-02
2021-02-01,57913,VXRT,VAXART INC,same month,2021-02
2021-02-01,78693,UFCS,UNITED FIRE GROUP INC,same month,2021-02
2021-02-01,10696,FISV,FISERV INC,same month,2021-02
2021-02-01,14276,KODK,EASTMAN KODAK CO,same month,2021-02
2021-02-01,16816,BHF,BRIGHTHOUSE FINANCIAL INC,same month,2021-02
2021-02-01,77114,WRLD,WORLD ACCEPTANCE CORP,same month,2021-02
2021-02-01,18719,DM,DESKTOP METAL INC,same month,2021-02
2021-02-01,19388,DNMR,DANIMER SCIENTIFIC INC,same month,2021-02
2021-02-01,84348,VSAT,VIASAT INC,same month,2021-02
2021-02-01,16964,SPCE,VIRGIN GALACTIC HOLDINGS INC,same month,2021-02
2021-02-01,12307,AMRS,AMYRIS INC,same month,2021-02
2021-03-01,88319,VC,VISTEON CORP,same month,2021-03
2021-03-01,78756,OFIX,ORTHOFIX MEDICAL INC,same month,2021-03
2021-03-01,91365,CSII,CARDIOVASCULAR SYSTEMS INC DEL,same month,2021-03
2021-03-01,79248,THRM,GENTHERM INC,same month,2021-03
2021-03-01,88167,HSTM,HEALTHSTREAM INC,same month,2021-03
2021-03-01,15046,NVRO,NEVRO CORP,same month,2021-03
2021-03-01,90125,CORT,CORCEPT THERAPEUTICS INC,same month,2021-03
2021-03-01,38659,GNTX,GENTEX CORP,same month,2021-03
2021-03-01,87379,CLCT,COLLECTORS UNIVERSE INC,carried forward from an earlier month,2021-02
2021-03-01,64961,NXGN,NEXTGEN HEALTHCARE INC,same month,2021-03
2021-03-01,14688,AMPH,AMPHASTAR PHARMACEUTICALS INC,same month,2021-03
2021-03-01,18808,PHR,PHREESIA INC,same month,2021-03
2021-03-01,12493,QADA,QAD INC,same month,2021-03
2021-03-01,41187,HE,HAWAIIAN ELECTRIC INDUSTRIES INC,same month,2021-03
2021-03-01,45306,IDCC,INTERDIGITAL INC,same month,2021-03
2021-03-01,88352,ISRG,INTUITIVE SURGICAL INC,same month,2021-03
2021-03-01,14359,XNCR,XENCOR INC,same month,2021-03
2021-03-01,14521,TNET,TRINET GROUP INC,same month,2021-03
2021-03-01,90177,ACAD,ACADIA PHARMACEUTICALS,same month,2021-03
2021-03-01,48347,LZB,LA Z BOY INC,same month,2021-03
2021-03-01,64785,AGX,ARGAN INC,same month,2021-03
2021-03-01,85440,SRI,STONERIDGE INC,same month,2021-03
2021-03-01,87078,MDRX,ALLSCRIPTS HEALTHCARE SOLNS INC,same month,2021-03
2021-03-01,18011,SONO,SONOS INC,same month,2021-03
2021-03-01,14231,VEEV,VEEVA SYSTEMS INC,same month,2021-03
2021-03-01,93264,IRWD,IRONWOOD PHARMACEUTICALS INC,same month,2021-03
2021-03-01,92143,PRO,P R O S HOLDINGS INC,same month,2021-03
2021-03-01,62033,RAVN,RAVEN INDUSTRIES INC,same month,2021-03
2021-03-01,14325,TNDM,TANDEM DIABETES CARE INC,same month,2021-03
2021-03-01,78876,CRY,CRYOLIFE INC,same month,2021-03
2021-03-01,88504,BRKR,BRUKER CORP,same month,2021-03
2021-03-01,85914,BBY,BEST BUY COMPANY INC,same month,2021-03
2021-03-01,75233,VGR,VECTOR GROUP LTD,same month,2021-03
2021-03-01,78915,UEIC,UNIVERSAL ELECTRONICS INC,same month,2021-03
2021-03-01,90319,GOOGL,ALPHABET INC,same month,2021-03
2021-03-01,13625,SSTK,SHUTTERSTOCK INC,same month,2021-03
2021-03-01,17799,INSP,INSPIRE MEDICAL SYSTEMS INC,same month,2021-03
2021-03-01,18561,NGM,N G M BIOPHARMACEUTICALS INC,same month,2021-03
2021-03-01,84761,TTWO,TAKE TWO INTERACTIVE SOFTWR INC,same month,2021-03
2021-03-01,27043,VAR,VARIAN MEDICAL SYSTEMS INC,same month,2021-03
2021-03-01,84656,ALV,AUTOLIV INC,same month,2021-03
2021-03-01,76128,VICR,VICOR CORP,same month,2021-03
2021-03-01,85992,MANH,MANHATTAN ASSOCIATES INC,same month,2021-03
2021-03-01,91463,CVLT,COMMVAULT SYSTEMS INC,same month,2021-03
2021-03-01,65365,MYE,MYERS INDUSTRIES INC,same month,2021-03
2021-03-01,85724,PRDO,PERDOCEO EDUCATION CORP,same month,2021-03
2021-03-01,18779,MORF,MORPHIC HOLDING INC,same month,2021-03
2021-03-01,92221,MELI,MERCADOLIBRE INC,same month,2021-03
2021-03-01,79906,INCY,INCYTE CORP,same month,2021-03
2021-03-01,10966,AXGN,AXOGEN INC,same month,2021-03
2021-03-01,53074,MLAB,MESA LABORATORIES INC,same month,2021-03
2021-03-01,77785,WIRE,ENCORE WIRE CORP,same month,2021-03
2021-03-01,13316,VCRA,VOCERA COMMUNICATIONS INC,same month,2021-03
2021-03-01,18485,PINS,PINTEREST INC,same month,2021-03
2021-03-01,13543,GMED,GLOBUS MEDICAL INC,same month,2021-03
2021-03-01,84385,NSP,INSPERITY INC,same month,2021-03
2021-03-01,30681,OMC,OMNICOM GROUP INC,same month,2021-03
2021-03-01,14054,MRTX,MIRATI THERAPEUTICS INC,same month,2021-03
2021-03-01,93079,ECHO,ECHO GLOBAL LOGISTICS INC,same month,2021-03
2021-03-01,90664,DXCM,DEXCOM INC,same month,2021-03
2021-03-01,48653,HUM,HUMANA INC,same month,2021-03
2021-03-01,87432,A,AGILENT TECHNOLOGIES INC,same month,2021-03
2021-03-01,76868,AAON,AAON INC,same month,2021-03
2021-03-01,14440,TVTX,TRAVERE THERAPEUTICS INC,same month,2021-03
2021-03-01,18141,PLAN,ANAPLAN INC,same month,2021-03
2021-03-01,92753,ERII,ENERGY RECOVERY INC,same month,2021-03
2021-03-01,14547,PCTY,PAYLOCITY HOLDING CORP,same month,2021-03
2021-03-01,76744,VRTX,VERTEX PHARMACEUTICALS INC,same month,2021-03
2021-03-01,14504,QUOT,QUOTIENT TECHNOLOGY INC,same month,2021-03
2021-03-01,86822,EXTR,EXTREME NETWORKS INC,same month,2021-03
2021-03-01,91503,LMAT,LEMAITRE VASCULAR INC,same month,2021-03
2021-03-01,17106,BAND,BANDWIDTH INC,same month,2021-03
2021-03-01,91186,VNDA,VANDA PHARMACEUTICALS INC,same month,2021-03
2021-03-01,13577,HY,HYSTER YALE MATERIALS HANDLG INC,same month,2021-03
2021-03-01,84010,USNA,USANA HEALTH SCIENCES INC,same month,2021-03
2021-03-01,18968,PGNY,PROGYNY INC,same month,2021-03
2021-03-01,92635,NX,QUANEX BUILDING PRODUCTS CORP,same month,2021-03
2021-03-01,43481,SXI,STANDEX INTERNATIONAL CORP,same month,2021-03
2021-03-01,84381,ROK,ROCKWELL AUTOMATION INC,same month,2021-03
2021-03-01,11884,IPAR,INTERMEDIATE PARFUMS INC,same month,2021-03
2021-03-01,48144,KLIC,KULICKE & SOFFA INDS INC,same month,2021-03
2021-03-01,13816,MODN,MODEL N INC,same month,2021-03
2021-03-01,83534,NBIX,NEUROCRINE BIOSCIENCES INC,same month,2021-03
2021-03-01,89946,AEL,AMERICAN EQUITY INVT LIFE HLDG C,same month,2021-03
2021-03-01,18566,SILK,SILK ROAD MEDICAL INC,same month,2021-03
2021-03-01,14213,MMI,MARCUS & MILLICHAP INC,same month,2021-03
2021-03-01,52708,LEN,LENNAR CORP,same month,2021-03
2021-03-01,11775,JOUT,JOHNSON OUTDOORS INC,same month,2021-03
2021-03-01,90436,HALO,HALOZYME THERAPEUTICS INC,same month,2021-03
2021-03-01,13407,FB,FACEBOOK INC,same month,2021-03
2021-03-01,28564,CTS,C T S CORP,same month,2021-03
2021-03-01,76392,MMSI,MERIT MEDICAL SYSTEMS INC,same month,2021-03
2021-03-01,23835,MDU,M D U RESOURCES GROUP INC,same month,2021-03
2021-03-01,16434,GOLF,ACUSHNET HOLDINGS CORP,same month,2021-03
2021-03-01,89179,ANTM,ANTHEM INC,same month,2021-03
2021-03-01,15729,PSTG,PURE STORAGE INC,same month,2021-03
2021-03-01,89781,MOH,MOLINA HEALTHCARE INC,same month,2021-03
2021-03-01,10909,CERN,CERNER CORP,same month,2021-03
2021-03-01,79678,ATVI,ACTIVISION BLIZZARD INC,same month,2021-03
2021-03-01,89828,UVSP,UNIVEST FINANCIAL CORP,same month,2021-03
2021-03-01,17367,LPRO,OPEN LENDING CORP,same month,2021-03
2021-03-01,18162,VLDR,VELODYNE LIDAR INC,same month,2021-03
2021-03-01,17036,CNNE,CANNAE HOLDINGS INC,same month,2021-03
2021-03-01,15302,VIRT,VIRTU FINANCIAL INC,same month,2021-03
2021-03-01,18312,MRNA,MODERNA INC,same month,2021-03
2021-03-01,17907,NKLA,NIKOLA CORP,same month,2021-03
2021-03-01,91498,EHTH,EHEALTH INC,same month,2021-03
2021-03-01,19032,VIR,VIR BIOTECHNOLOGY INC,same month,2021-03
2021-03-01,92775,TREE,LENDINGTREE INC,same month,2021-03
2021-03-01,15092,LC,LENDINGCLUB CORP,same month,2021-03
2021-03-01,19416,EOSE,EOS ENERGY ENTERPRISES INC,same month,2021-03
2021-03-01,86544,BCOR,BLUCORA INC,same month,2021-03
2021-03-01,14414,SC,SANTANDER CONSUMER USA HLDGS INC,same month,2021-03
2021-03-01,12477,WD,WALKER & DUNLOP INC,same month,2021-03
2021-03-01,13908,PFSI,PENNYMAC FINANCIAL SVCS INC NEW,same month,2021-03
2021-03-01,77660,CACC,CREDIT ACCEPTANCE CORP,same month,2021-03
2021-03-01,14601,NAVI,NAVIENT CORP,same month,2021-03
2021-03-01,82779,NVAX,NOVAVAX INC,same month,2021-03
2021-03-01,18533,RMO,ROMEO POWER INC,same month,2021-03
2021-03-01,18539,HYLN,HYLIION HOLDINGS CORP,same month,2021-03
2021-03-01,91611,FSLR,FIRST SOLAR INC,same month,2021-03
2021-03-01,57913,VXRT,VAXART INC,same month,2021-03
2021-03-01,14813,MARA,MARATHON PATENT GROUP INC,same month,2021-03
2021-03-01,83885,MVIS,MICROVISION INC WA,same month,2021-03
2021-03-01,18480,TW,TRADEWEB MARKETS INC,same month,2021-03
2021-03-01,92213,RIOT,RIOT BLOCKCHAIN INC,same month,2021-03
2021-03-01,19058,SI,SILVERGATE CAPITAL CORP,same month,2021-03
2021-03-01,76856,FCFS,FIRSTCASH INC,same month,2021-03
2021-03-01,90978,SPWR,SUNPOWER CORP,same month,2021-03
2021-03-01,77699,FCEL,FUELCELL ENERGY INC,same month,2021-03
2021-03-01,18484,ZM,ZOOM VIDEO COMMUNICATIONS INC,same month,2021-03
2021-03-01,18719,DM,DESKTOP METAL INC,same month,2021-03
2021-03-01,15540,RILY,B RILEY FINANCIAL INC,same month,2021-03
2021-03-01,18915,CRNC,CERENCE INC,same month,2021-03
2021-03-01,18552,RIDE,LORDSTOWN MOTORS CORP,same month,2021-03
2021-03-01,18184,FSR,FISKER INC,same month,2021-03
2021-03-01,87337,PLUG,PLUG POWER INC,same month,2021-03
2021-03-01,80169,AGM,FEDERAL AGRICULTURAL MORT CORP,same month,2021-03
2021-03-01,91437,FRHC,FREEDOM HOLDING CORP,same month,2021-03
2021-03-01,16068,RETA,REATA PHARMACEUTICALS INC,same month,2021-03
2021-03-01,40125,DXC,D X C TECHNOLOGY CO,same month,2021-03
2021-03-01,10696,FISV,FISERV INC,same month,2021-03
2021-03-01,14960,ENVA,ENOVA INTERNATIONAL INC,same month,2021-03
2021-03-01,82670,TGTX,T G THERAPEUTICS INC,same month,2021-03
2021-03-01,16966,SWCH,SWITCH INC,same month,2021-03
2021-03-01,10517,PRG,PROG HOLDINGS INC,same month,2021-03
2021-03-01,19317,APG,A P I GROUP CORP,same month,2021-03
2021-03-01,86211,MSTR,MICROSTRATEGY INC,same month,2021-03
2021-03-01,17045,ACMR,A C M RESEARCH INC,same month,2021-03
2021-03-01,16816,BHF,BRIGHTHOUSE FINANCIAL INC,same month,2021-03
2021-03-01,91926,DAL,DELTA AIR LINES INC,same month,2021-03
2021-03-01,77114,WRLD,WORLD ACCEPTANCE CORP,same month,2021-03
2021-03-01,15914,WKHS,WORKHORSE GROUP INC,same month,2021-03
2021-03-01,14969,GWB,GREAT WESTERN BANCORP INC,same month,2021-03
2021-03-01,18835,DKNG,DRAFTKINGS INC,same month,2021-03
2021-03-01,19196,PRCH,PORCH GROUP INC,same month,2021-03
2021-03-01,15643,RUN,SUNRUN INC,same month,2021-03
2021-03-01,15831,AXSM,AXSOME THERAPEUTICS INC,same month,2021-03
2021-03-01,18659,SFT,SHIFT TECHNOLOGIES INC,same month,2021-03
2021-03-01,88518,APPS,DIGITAL TURBINE INC,same month,2021-03
2021-03-01,17478,SPGI,S & P GLOBAL INC,same month,2021-03
2021-03-01,19388,DNMR,DANIMER SCIENTIFIC INC,same month,2021-03
2021-03-01,60186,OMI,OWENS & MINOR INC NEW,same month,2021-03
2021-03-01,12307,AMRS,AMYRIS INC,same month,2021-03
2021-03-01,18580,FSLY,FASTLY INC,same month,2021-03
2021-03-01,84348,VSAT,VIASAT INC,same month,2021-03
2021-03-01,81593,COOP,MR COOPER GROUP INC,same month,2021-03
2021-03-01,89964,NNI,NELNET INC,same month,2021-03
2021-03-01,13323,ENPH,ENPHASE ENERGY INC,same month,2021-03
2021-03-01,18192,GDYN,GRID DYNAMICS HOLDINGS INC,same month,2021-03
2021-03-01,14044,AGIO,AGIOS PHARMACEUTICALS INC,same month,2021-03
2021-03-01,16964,SPCE,VIRGIN GALACTIC HOLDINGS INC,same month,2021-03
2021-03-01,21020,AAL,AMERICAN AIRLINES GROUP INC,same month,2021-03
2021-03-01,16924,DCPH,DECIPHERA PHARMACEUTICALS INC,same month,2021-03
2021-03-01,18361,PAYA,PAYA HOLDINGS INC,same month,2021-03
2021-03-01,78664,DDD,3 D SYSTEMS CORP DEL,same month,2021-03
2021-03-01,14432,ITCI,INTRA CELLULAR THERAPIES INC,same month,2021-03
2021-03-01,76591,QDEL,QUIDEL CORP,same month,2021-03
2021-03-01,21207,NEM,NEWMONT CORP,same month,2021-03
2021-03-01,84734,FBC,FLAGSTAR BANCORP INC,same month,2021-03
2021-03-01,11990,KKR,K K R & CO INC,same month,2021-03
2021-03-01,89002,ADS,ALLIANCE DATA SYSTEMS CORP,same month,2021-03
2021-03-01,13688,PCG,P G & E CORP,same month,2021-03
2021-03-01,85177,EGHT,8X8 INC NEW,same month,2021-03
2021-03-01,19331,MPLN,MULTIPLAN CORP,same month,2021-03
2021-03-01,92095,INFN,INFINERA CORP,same month,2021-03
2021-03-01,17788,PS,PLURALSIGHT INC,same month,2021-03
2021-03-01,78840,IAC,IAC INTERACTIVECORP NEW,same month,2021-03
2021-03-01,17987,VRT,VERTIV HOLDINGS CO,same month,2021-03
2021-03-01,17672,EAF,GRAFTECH INTERNATIONAL LTD NEW,same month,2021-03
2021-03-01,19497,LMND,LEMONADE INC,same month,2021-03
2021-03-01,19567,PAND,PANDION THERAPEUTICS INC,same month,2021-03
2021-03-01,19500,GOCO,GOHEALTH INC,same month,2021-03
2021-03-01,13919,AMBC,AMBAC FINANCIAL GROUP INC,same month,2021-03
2021-03-01,19542,ALXO,ALX ONCOLOGY HOLDINGS INC,same month,2021-03
2021-03-01,16277,DFIN,DONNELLEY FINANCIAL SOL INC,same month,2021-03
2021-03-01,19312,UWMC,U W M HOLDINGS CORP,same month,2021-03
2021-03-01,89301,GME,GAMESTOP CORP NEW,same month,2021-03
2021-03-01,58683,LUV,SOUTHWEST AIRLINES CO,same month,2021-03
2021-03-01,16712,VERI,VERITONE INC,same month,2021-03
2021-04-01,88319,VC,VISTEON CORP,same month,2021-04
2021-04-01,78756,OFIX,ORTHOFIX MEDICAL INC,same month,2021-04
2021-04-01,91365,CSII,CARDIOVASCULAR SYSTEMS INC DEL,same month,2021-04
2021-04-01,38659,GNTX,GENTEX CORP,same month,2021-04
2021-04-01,90125,CORT,CORCEPT THERAPEUTICS INC,same month,2021-04
2021-04-01,15046,NVRO,NEVRO CORP,same month,2021-04
2021-04-01,41187,HE,HAWAIIAN ELECTRIC INDUSTRIES INC,same month,2021-04
2021-04-01,88167,HSTM,HEALTHSTREAM INC,same month,2021-04
2021-04-01,14359,XNCR,XENCOR INC,same month,2021-04
2021-04-01,85440,SRI,STONERIDGE INC,same month,2021-04
2021-04-01,79248,THRM,GENTHERM INC,same month,2021-04
2021-04-01,18808,PHR,PHREESIA INC,same month,2021-04
2021-04-01,64961,NXGN,NEXTGEN HEALTHCARE INC,same month,2021-04
2021-04-01,88352,ISRG,INTUITIVE SURGICAL INC,same month,2021-04
2021-04-01,78915,UEIC,UNIVERSAL ELECTRONICS INC,same month,2021-04
2021-04-01,90319,GOOGL,ALPHABET INC,same month,2021-04
2021-04-01,45306,IDCC,INTERDIGITAL INC,same month,2021-04
2021-04-01,14213,MMI,MARCUS & MILLICHAP INC,same month,2021-04
2021-04-01,48347,LZB,LA Z BOY INC,same month,2021-04
2021-04-01,14231,VEEV,VEEVA SYSTEMS INC,same month,2021-04
2021-04-01,78876,CRY,CRYOLIFE INC,same month,2021-04
2021-04-01,64785,AGX,ARGAN INC,same month,2021-04
2021-04-01,90436,HALO,HALOZYME THERAPEUTICS INC,same month,2021-04
2021-04-01,75233,VGR,VECTOR GROUP LTD,same month,2021-04
2021-04-01,87078,MDRX,ALLSCRIPTS HEALTHCARE SOLNS INC,same month,2021-04
2021-04-01,14688,AMPH,AMPHASTAR PHARMACEUTICALS INC,same month,2021-04
2021-04-01,18011,SONO,SONOS INC,same month,2021-04
2021-04-01,91186,VNDA,VANDA PHARMACEUTICALS INC,same month,2021-04
2021-04-01,85914,BBY,BEST BUY COMPANY INC,same month,2021-04
2021-04-01,14521,TNET,TRINET GROUP INC,same month,2021-04
2021-04-01,85724,PRDO,PERDOCEO EDUCATION CORP,same month,2021-04
2021-04-01,84656,ALV,AUTOLIV INC,same month,2021-04
2021-04-01,14325,TNDM,TANDEM DIABETES CARE INC,same month,2021-04
2021-04-01,11775,JOUT,JOHNSON OUTDOORS INC,same month,2021-04
2021-04-01,88504,BRKR,BRUKER CORP,same month,2021-04
2021-04-01,79906,INCY,INCYTE CORP,same month,2021-04
2021-04-01,13625,SSTK,SHUTTERSTOCK INC,same month,2021-04
2021-04-01,53074,MLAB,MESA LABORATORIES INC,same month,2021-04
2021-04-01,76128,VICR,VICOR CORP,same month,2021-04
2021-04-01,92143,PRO,P R O S HOLDINGS INC,same month,2021-04
2021-04-01,12493,QADA,QAD INC,same month,2021-04
2021-04-01,13407,FB,FACEBOOK INC,same month,2021-04
2021-04-01,84761,TTWO,TAKE TWO INTERACTIVE SOFTWR INC,same month,2021-04
2021-04-01,91463,CVLT,COMMVAULT SYSTEMS INC,same month,2021-04
2021-04-01,27043,VAR,VARIAN MEDICAL SYSTEMS INC,same month,2021-04
2021-04-01,92221,MELI,MERCADOLIBRE INC,same month,2021-04
2021-04-01,93264,IRWD,IRONWOOD PHARMACEUTICALS INC,same month,2021-04
2021-04-01,85992,MANH,MANHATTAN ASSOCIATES INC,same month,2021-04
2021-04-01,89781,MOH,MOLINA HEALTHCARE INC,same month,2021-04
2021-04-01,28564,CTS,C T S CORP,same month,2021-04
2021-04-01,30681,OMC,OMNICOM GROUP INC,same month,2021-04
2021-04-01,16434,GOLF,ACUSHNET HOLDINGS CORP,same month,2021-04
2021-04-01,87432,A,AGILENT TECHNOLOGIES INC,same month,2021-04
2021-04-01,14547,PCTY,PAYLOCITY HOLDING CORP,same month,2021-04
2021-04-01,89179,ANTM,ANTHEM INC,same month,2021-04
2021-04-01,13543,GMED,GLOBUS MEDICAL INC,same month,2021-04
2021-04-01,10966,AXGN,AXOGEN INC,same month,2021-04
2021-04-01,13316,VCRA,VOCERA COMMUNICATIONS INC,same month,2021-04
2021-04-01,76392,MMSI,MERIT MEDICAL SYSTEMS INC,same month,2021-04
2021-04-01,65365,MYE,MYERS INDUSTRIES INC,same month,2021-04
2021-04-01,91503,LMAT,LEMAITRE VASCULAR INC,same month,2021-04
2021-04-01,93079,ECHO,ECHO GLOBAL LOGISTICS INC,same month,2021-04
2021-04-01,90664,DXCM,DEXCOM INC,same month,2021-04
2021-04-01,52708,LEN,LENNAR CORP,same month,2021-04
2021-04-01,79678,ATVI,ACTIVISION BLIZZARD INC,same month,2021-04
2021-04-01,10909,CERN,CERNER CORP,same month,2021-04
2021-04-01,13577,HY,HYSTER YALE MATERIALS HANDLG INC,same month,2021-04
2021-04-01,11884,IPAR,INTERMEDIATE PARFUMS INC,same month,2021-04
2021-04-01,23835,MDU,M D U RESOURCES GROUP INC,same month,2021-04
2021-04-01,90177,ACAD,ACADIA PHARMACEUTICALS,same month,2021-04
2021-04-01,48653,HUM,HUMANA INC,same month,2021-04
2021-04-01,84385,NSP,INSPERITY INC,same month,2021-04
2021-04-01,84010,USNA,USANA HEALTH SCIENCES INC,same month,2021-04
2021-04-01,18968,PGNY,PROGYNY INC,same month,2021-04
2021-04-01,18141,PLAN,ANAPLAN INC,same month,2021-04
2021-04-01,43481,SXI,STANDEX INTERNATIONAL CORP,same month,2021-04
2021-04-01,76744,VRTX,VERTEX PHARMACEUTICALS INC,same month,2021-04
2021-04-01,76868,AAON,AAON INC,same month,2021-04
2021-04-01,92635,NX,QUANEX BUILDING PRODUCTS CORP,same month,2021-04
2021-04-01,18485,PINS,PINTEREST INC,same month,2021-04
2021-04-01,89828,UVSP,UNIVEST FINANCIAL CORP,same month,2021-04
2021-04-01,62033,RAVN,RAVEN INDUSTRIES INC,same month,2021-04
2021-04-01,48144,KLIC,KULICKE & SOFFA INDS INC,same month,2021-04
2021-04-01,15729,PSTG,PURE STORAGE INC,same month,2021-04
2021-04-01,77785,WIRE,ENCORE WIRE CORP,same month,2021-04
2021-04-01,84381,ROK,ROCKWELL AUTOMATION INC,same month,2021-04
2021-04-01,14054,MRTX,MIRATI THERAPEUTICS INC,same month,2021-04
2021-04-01,13410,SUPN,SUPERNUS PHARMACEUTICALS INC,same month,2021-04
2021-04-01,54148,PHM,PULTE GROUP INC,same month,2021-04
2021-04-01,16967,CARG,CARGURUS INC,same month,2021-04
2021-04-01,84413,CERS,CERUS CORP,same month,2021-04
2021-04-01,85889,SRDX,SURMODICS INC,same month,2021-04
2021-04-01,87006,UTHR,UNITED THERAPEUTICS CORP,same month,2021-04
2021-04-01,13169,ZNGA,ZYNGA INC,same month,2021-04
2021-04-01,75828,EA,ELECTRONIC ARTS INC,same month,2021-04
2021-04-01,81116,VECO,VEECO INSTRUMENTS INC DEL,same month,2021-04
2021-04-01,17315,CDLX,CARDLYTICS INC,same month,2021-04
2021-04-01,17944,TENB,TENABLE HOLDINGS INC,same month,2021-04
2021-04-01,17382,ZUO,ZUORA INC,same month,2021-04
2021-04-01,14495,ATEN,A10 NETWORKS INC,same month,2021-04
2021-04-01,17367,LPRO,OPEN LENDING CORP,same month,2021-04
2021-04-01,17036,CNNE,CANNAE HOLDINGS INC,same month,2021-04
2021-04-01,17907,NKLA,NIKOLA CORP,same month,2021-04
2021-04-01,15302,VIRT,VIRTU FINANCIAL INC,same month,2021-04
2021-04-01,19497,LMND,LEMONADE INC,same month,2021-04
2021-04-01,19500,GOCO,GOHEALTH INC,same month,2021-04
2021-04-01,86544,BCOR,BLUCORA INC,same month,2021-04
2021-04-01,91498,EHTH,EHEALTH INC,same month,2021-04
2021-04-01,18312,MRNA,MODERNA INC,same month,2021-04
2021-04-01,13908,PFSI,PENNYMAC FINANCIAL SVCS INC NEW,same month,2021-04
2021-04-01,15092,LC,LENDINGCLUB CORP,same month,2021-04
2021-04-01,19567,PAND,PANDION THERAPEUTICS INC,same month,2021-04
2021-04-01,14601,NAVI,NAVIENT CORP,same month,2021-04
2021-04-01,19416,EOSE,EOS ENERGY ENTERPRISES INC,same month,2021-04
2021-04-01,14414,SC,SANTANDER CONSUMER USA HLDGS INC,same month,2021-04
2021-04-01,77660,CACC,CREDIT ACCEPTANCE CORP,same month,2021-04
2021-04-01,18162,VLDR,VELODYNE LIDAR INC,same month,2021-04
2021-04-01,19312,UWMC,U W M HOLDINGS CORP,same month,2021-04
2021-04-01,18719,DM,DESKTOP METAL INC,same month,2021-04
2021-04-01,18484,ZM,ZOOM VIDEO COMMUNICATIONS INC,same month,2021-04
2021-04-01,13919,AMBC,AMBAC FINANCIAL GROUP INC,same month,2021-04
2021-04-01,12477,WD,WALKER & DUNLOP INC,same month,2021-04
2021-04-01,18533,RMO,ROMEO POWER INC,same month,2021-04
2021-04-01,19058,SI,SILVERGATE CAPITAL CORP,same month,2021-04
2021-04-01,82779,NVAX,NOVAVAX INC,same month,2021-04
2021-04-01,14813,MARA,MARATHON DIGITAL HOLDINGS INC,same month,2021-04
2021-04-01,18480,TW,TRADEWEB MARKETS INC,same month,2021-04
2021-04-01,91611,FSLR,FIRST SOLAR INC,same month,2021-04
2021-04-01,57913,VXRT,VAXART INC,same month,2021-04
2021-04-01,83885,MVIS,MICROVISION INC WA,same month,2021-04
2021-04-01,92775,TREE,LENDINGTREE INC,same month,2021-04
2021-04-01,92213,RIOT,RIOT BLOCKCHAIN INC,same month,2021-04
2021-04-01,18539,HYLN,HYLIION HOLDINGS CORP,same month,2021-04
2021-04-01,90978,SPWR,SUNPOWER CORP,same month,2021-04
2021-04-01,89301,GME,GAMESTOP CORP NEW,same month,2021-04
2021-04-01,19032,VIR,VIR BIOTECHNOLOGY INC,same month,2021-04
2021-04-01,15540,RILY,B RILEY FINANCIAL INC,same month,2021-04
2021-04-01,77114,WRLD,WORLD ACCEPTANCE CORP,same month,2021-04
2021-04-01,19542,ALXO,ALX ONCOLOGY HOLDINGS INC,same month,2021-04
2021-04-01,18915,CRNC,CERENCE INC,same month,2021-04
2021-04-01,86211,MSTR,MICROSTRATEGY INC,same month,2021-04
2021-04-01,16966,SWCH,SWITCH INC,same month,2021-04
2021-04-01,76856,FCFS,FIRSTCASH INC,same month,2021-04
2021-04-01,77699,FCEL,FUELCELL ENERGY INC,same month,2021-04
2021-04-01,14960,ENVA,ENOVA INTERNATIONAL INC,same month,2021-04
2021-04-01,18580,FSLY,FASTLY INC,same month,2021-04
2021-04-01,40125,DXC,D X C TECHNOLOGY CO,same month,2021-04
2021-04-01,87337,PLUG,PLUG POWER INC,same month,2021-04
2021-04-01,10696,FISV,FISERV INC,same month,2021-04
2021-04-01,17478,SPGI,S & P GLOBAL INC,same month,2021-04
2021-04-01,88518,APPS,DIGITAL TURBINE INC,same month,2021-04
2021-04-01,80169,AGM,FEDERAL AGRICULTURAL MORT CORP,same month,2021-04
2021-04-01,82670,TGTX,T G THERAPEUTICS INC,same month,2021-04
2021-04-01,19388,DNMR,DANIMER SCIENTIFIC INC,same month,2021-04
2021-04-01,17045,ACMR,A C M RESEARCH INC,same month,2021-04
2021-04-01,18835,DKNG,DRAFTKINGS INC,same month,2021-04
2021-04-01,18184,FSR,FISKER INC,same month,2021-04
2021-04-01,16712,VERI,VERITONE INC,same month,2021-04
2021-04-01,12307,AMRS,AMYRIS INC,same month,2021-04
2021-04-01,15643,RUN,SUNRUN INC,same month,2021-04
2021-04-01,91926,DAL,DELTA AIR LINES INC,same month,2021-04
2021-04-01,81593,COOP,MR COOPER GROUP INC,same month,2021-04
2021-04-01,19196,PRCH,PORCH GROUP INC,same month,2021-04
2021-04-01,60186,OMI,OWENS & MINOR INC NEW,same month,2021-04
2021-04-01,58683,LUV,SOUTHWEST AIRLINES CO,same month,2021-04
2021-04-01,16964,SPCE,VIRGIN GALACTIC HOLDINGS INC,same month,2021-04
2021-04-01,15914,WKHS,WORKHORSE GROUP INC,same month,2021-04
2021-04-01,15831,AXSM,AXSOME THERAPEUTICS INC,same month,2021-04
2021-04-01,16277,DFIN,DONNELLEY FINANCIAL SOL INC,same month,2021-04
2021-04-01,16816,BHF,BRIGHTHOUSE FINANCIAL INC,same month,2021-04
2021-04-01,18552,RIDE,LORDSTOWN MOTORS CORP,same month,2021-04
2021-04-01,16068,RETA,REATA PHARMACEUTICALS INC,same month,2021-04
2021-04-01,18659,SFT,SHIFT TECHNOLOGIES INC,same month,2021-04
2021-04-01,89964,NNI,NELNET INC,same month,2021-04
2021-04-01,18361,PAYA,PAYA HOLDINGS INC,same month,2021-04
2021-04-01,14432,ITCI,INTRA CELLULAR THERAPIES INC,same month,2021-04
2021-04-01,21020,AAL,AMERICAN AIRLINES GROUP INC,same month,2021-04
2021-04-01,16924,DCPH,DECIPHERA PHARMACEUTICALS INC,same month,2021-04
2021-04-01,13323,ENPH,ENPHASE ENERGY INC,same month,2021-04
2021-04-01,14044,AGIO,AGIOS PHARMACEUTICALS INC,same month,2021-04
2021-04-01,84348,VSAT,VIASAT INC,same month,2021-04
2021-04-01,84734,FBC,FLAGSTAR BANCORP INC,same month,2021-04
2021-04-01,14969,GWB,GREAT WESTERN BANCORP INC,same month,2021-04
2021-04-01,19317,APG,A P I GROUP CORP,same month,2021-04
2021-04-01,89002,ADS,ALLIANCE DATA SYSTEMS CORP,same month,2021-04
2021-04-01,10517,PRG,PROG HOLDINGS INC,same month,2021-04
2021-04-01,21207,NEM,NEWMONT CORP,same month,2021-04
2021-04-01,91437,FRHC,FREEDOM HOLDING CORP,same month,2021-04
2021-04-01,19331,MPLN,MULTIPLAN CORP,same month,2021-04
2021-04-01,76591,QDEL,QUIDEL CORP,same month,2021-04
2021-04-01,78664,DDD,3 D SYSTEMS CORP DEL,same month,2021-04
2021-04-01,11990,KKR,K K R & CO INC,same month,2021-04
2021-04-01,19599,QS,QUANTUMSCAPE CORP,same month,2021-04
2021-04-01,19577,RKT,ROCKET COMPANIES INC,same month,2021-04
2021-04-01,18852,BTRS,B T R S HOLDINGS INC,same month,2021-04
2021-04-01,19606,NUVB,NUVATION BIO INC,same month,2021-04
2021-04-01,19605,OSH,OAK STREET HEALTH INC,same month,2021-04
2021-04-01,13918,ARCT,ARCTURUS THERAPEUTICS HLDNGS INC,same month,2021-04
2021-04-01,18453,LAZR,LUMINAR TECHNOLOGIES INC,same month,2021-04
2021-04-01,19576,RXT,RACKSPACE TECHNOLOGY INC,same month,2021-04
2021-05-01,88319,VC,VISTEON CORP,same month,2021-05
2021-05-01,90125,CORT,CORCEPT THERAPEUTICS INC,same month,2021-05
2021-05-01,14213,MMI,MARCUS & MILLICHAP INC,same month,2021-05
2021-05-01,91365,CSII,CARDIOVASCULAR SYSTEMS INC DEL,same month,2021-05
2021-05-01,64961,NXGN,NEXTGEN HEALTHCARE INC,same month,2021-05
2021-05-01,41187,HE,HAWAIIAN ELECTRIC INDUSTRIES INC,same month,2021-05
2021-05-01,78756,OFIX,ORTHOFIX MEDICAL INC,same month,2021-05
2021-05-01,38659,GNTX,GENTEX CORP,same month,2021-05
2021-05-01,90436,HALO,HALOZYME THERAPEUTICS INC,same month,2021-05
2021-05-01,85440,SRI,STONERIDGE INC,same month,2021-05
2021-05-01,92221,MELI,MERCADOLIBRE INC,same month,2021-05
2021-05-01,15046,NVRO,NEVRO CORP,same month,2021-05
2021-05-01,79248,THRM,GENTHERM INC,same month,2021-05
2021-05-01,78915,UEIC,UNIVERSAL ELECTRONICS INC,same month,2021-05
2021-05-01,75233,VGR,VECTOR GROUP LTD,same month,2021-05
2021-05-01,54148,PHM,PULTE GROUP INC,same month,2021-05
2021-05-01,16967,CARG,CARGURUS INC,same month,2021-05
2021-05-01,85889,SRDX,SURMODICS INC,same month,2021-05
2021-05-01,14231,VEEV,VEEVA SYSTEMS INC,same month,2021-05
2021-05-01,91186,VNDA,VANDA PHARMACEUTICALS INC,same month,2021-05
2021-05-01,79906,INCY,INCYTE CORP,same month,2021-05
2021-05-01,18808,PHR,PHREESIA INC,same month,2021-05
2021-05-01,48347,LZB,LA Z BOY INC,same month,2021-05
2021-05-01,93264,IRWD,IRONWOOD PHARMACEUTICALS INC,same month,2021-05
2021-05-01,88352,ISRG,INTUITIVE SURGICAL INC,same month,2021-05
2021-05-01,90319,GOOGL,ALPHABET INC,same month,2021-05
2021-05-01,45306,IDCC,INTERDIGITAL INC,same month,2021-05
2021-05-01,75828,EA,ELECTRONIC ARTS INC,same month,2021-05
2021-05-01,64785,AGX,ARGAN INC,same month,2021-05
2021-05-01,85914,BBY,BEST BUY COMPANY INC,same month,2021-05
2021-05-01,53074,MLAB,MESA LABORATORIES INC,same month,2021-05
2021-05-01,14325,TNDM,TANDEM DIABETES CARE INC,same month,2021-05
2021-05-01,13169,ZNGA,ZYNGA INC,same month,2021-05
2021-05-01,89781,MOH,MOLINA HEALTHCARE INC,same month,2021-05
2021-05-01,85724,PRDO,PERDOCEO EDUCATION CORP,same month,2021-05
2021-05-01,87078,MDRX,ALLSCRIPTS HEALTHCARE SOLNS INC,same month,2021-05
2021-05-01,14495,ATEN,A10 NETWORKS INC,same month,2021-05
2021-05-01,84656,ALV,AUTOLIV INC,same month,2021-05
2021-05-01,88167,HSTM,HEALTHSTREAM INC,same month,2021-05
2021-05-01,27043,VAR,VARIAN MEDICAL SYSTEMS INC,carried forward from an earlier month,2021-04
2021-05-01,11775,JOUT,JOHNSON OUTDOORS INC,same month,2021-05
2021-05-01,14521,TNET,TRINET GROUP INC,same month,2021-05
2021-05-01,84413,CERS,CERUS CORP,same month,2021-05
2021-05-01,91463,CVLT,COMMVAULT SYSTEMS INC,same month,2021-05
2021-05-01,13577,HY,HYSTER YALE MATERIALS HANDLG INC,same month,2021-05
2021-05-01,89179,ANTM,ANTHEM INC,same month,2021-05
2021-05-01,88504,BRKR,BRUKER CORP,same month,2021-05
2021-05-01,30681,OMC,OMNICOM GROUP INC,same month,2021-05
2021-05-01,13407,FB,FACEBOOK INC,same month,2021-05
2021-05-01,14688,AMPH,AMPHASTAR PHARMACEUTICALS INC,same month,2021-05
2021-05-01,18011,SONO,SONOS INC,same month,2021-05
2021-05-01,92143,PRO,P R O S HOLDINGS INC,same month,2021-05
2021-05-01,13410,SUPN,SUPERNUS PHARMACEUTICALS INC,same month,2021-05
2021-05-01,14547,PCTY,PAYLOCITY HOLDING CORP,same month,2021-05
2021-05-01,16434,GOLF,ACUSHNET HOLDINGS CORP,same month,2021-05
2021-05-01,12493,QADA,QAD INC,same month,2021-05
2021-05-01,84761,TTWO,TAKE TWO INTERACTIVE SOFTWR INC,same month,2021-05
2021-05-01,13316,VCRA,VOCERA COMMUNICATIONS INC,same month,2021-05
2021-05-01,87432,A,AGILENT TECHNOLOGIES INC,same month,2021-05
2021-05-01,91503,LMAT,LEMAITRE VASCULAR INC,same month,2021-05
2021-05-01,76392,MMSI,MERIT MEDICAL SYSTEMS INC,same month,2021-05
2021-05-01,52708,LEN,LENNAR CORP,same month,2021-05
2021-05-01,93079,ECHO,ECHO GLOBAL LOGISTICS INC,same month,2021-05
2021-05-01,13543,GMED,GLOBUS MEDICAL INC,same month,2021-05
2021-05-01,13625,SSTK,SHUTTERSTOCK INC,same month,2021-05
2021-05-01,10909,CERN,CERNER CORP,same month,2021-05
2021-05-01,43481,SXI,STANDEX INTERNATIONAL CORP,same month,2021-05
2021-05-01,81116,VECO,VEECO INSTRUMENTS INC DEL,same month,2021-05
2021-05-01,79678,ATVI,ACTIVISION BLIZZARD INC,same month,2021-05
2021-05-01,14359,XNCR,XENCOR INC,same month,2021-05
2021-05-01,90664,DXCM,DEXCOM INC,same month,2021-05
2021-05-01,65365,MYE,MYERS INDUSTRIES INC,same month,2021-05
2021-05-01,87006,UTHR,UNITED THERAPEUTICS CORP,same month,2021-05
2021-05-01,18968,PGNY,PROGYNY INC,same month,2021-05
2021-05-01,11884,IPAR,INTERMEDIATE PARFUMS INC,same month,2021-05
2021-05-01,84010,USNA,USANA HEALTH SCIENCES INC,same month,2021-05
2021-05-01,76128,VICR,VICOR CORP,same month,2021-05
2021-05-01,89828,UVSP,UNIVEST FINANCIAL CORP,same month,2021-05
2021-05-01,76744,VRTX,VERTEX PHARMACEUTICALS INC,same month,2021-05
2021-05-01,17944,TENB,TENABLE HOLDINGS INC,same month,2021-05
2021-05-01,23835,MDU,M D U RESOURCES GROUP INC,same month,2021-05
2021-05-01,92635,NX,QUANEX BUILDING PRODUCTS CORP,same month,2021-05
2021-05-01,15729,PSTG,PURE STORAGE INC,same month,2021-05
2021-05-01,48653,HUM,HUMANA INC,same month,2021-05
2021-05-01,17315,CDLX,CARDLYTICS INC,same month,2021-05
2021-05-01,18141,PLAN,ANAPLAN INC,same month,2021-05
2021-05-01,78876,CRY,CRYOLIFE INC,same month,2021-05
2021-05-01,84385,NSP,INSPERITY INC,same month,2021-05
2021-05-01,28564,CTS,C T S CORP,same month,2021-05
2021-05-01,62033,RAVN,RAVEN INDUSTRIES INC,same month,2021-05
2021-05-01,76868,AAON,AAON INC,same month,2021-05
2021-05-01,24459,PBI,PITNEY BOWES INC,same month,2021-05
2021-05-01,88159,EXEL,EXELIXIS INC,same month,2021-05
2021-05-01,13318,YELP,YELP INC,same month,2021-05
2021-05-01,83738,CASS,CASS INFORMATION SYSTEMS INC,same month,2021-05
2021-05-01,79491,WINA,WINMARK CORP,same month,2021-05
2021-05-01,51625,SCI,SERVICE CORP INTERNATIONAL,same month,2021-05
2021-05-01,72304,STAA,STAAR SURGICAL CO,same month,2021-05
2021-05-01,12583,PCRX,PACIRA BIOSCIENCES INC,same month,2021-05
2021-05-01,85002,SRPT,SAREPTA THERAPEUTICS INC,same month,2021-05
2021-05-01,17367,LPRO,OPEN LENDING CORP,same month,2021-05
2021-05-01,19312,UWMC,U W M HOLDINGS CORP,same month,2021-05
2021-05-01,17036,CNNE,CANNAE HOLDINGS INC,same month,2021-05
2021-05-01,18852,BTRS,B T R S HOLDINGS INC,same month,2021-05
2021-05-01,17907,NKLA,NIKOLA CORP,same month,2021-05
2021-05-01,19599,QS,QUANTUMSCAPE CORP,same month,2021-05
2021-05-01,13908,PFSI,PENNYMAC FINANCIAL SVCS INC NEW,same month,2021-05
2021-05-01,19497,LMND,LEMONADE INC,same month,2021-05
2021-05-01,19577,RKT,ROCKET COMPANIES INC,same month,2021-05
2021-05-01,19500,GOCO,GOHEALTH INC,same month,2021-05
2021-05-01,18580,FSLY,FASTLY INC,same month,2021-05
2021-05-01,19058,SI,SILVERGATE CAPITAL CORP,same month,2021-05
2021-05-01,86544,BCOR,BLUCORA INC,same month,2021-05
2021-05-01,14414,SC,SANTANDER CONSUMER USA HLDGS INC,same month,2021-05
2021-05-01,15302,VIRT,VIRTU FINANCIAL INC,same month,2021-05
2021-05-01,18162,VLDR,VELODYNE LIDAR INC,same month,2021-05
2021-05-01,13919,AMBC,AMBAC FINANCIAL GROUP INC,same month,2021-05
2021-05-01,12477,WD,WALKER & DUNLOP INC,same month,2021-05
2021-05-01,18312,MRNA,MODERNA INC,same month,2021-05
2021-05-01,18533,RMO,ROMEO POWER INC,same month,2021-05
2021-05-01,91498,EHTH,EHEALTH INC,same month,2021-05
2021-05-01,18480,TW,TRADEWEB MARKETS INC,same month,2021-05
2021-05-01,18719,DM,DESKTOP METAL INC,same month,2021-05
2021-05-01,15092,LC,LENDINGCLUB CORP,same month,2021-05
2021-05-01,19416,EOSE,EOS ENERGY ENTERPRISES INC,same month,2021-05
2021-05-01,14813,MARA,MARATHON DIGITAL HOLDINGS INC,same month,2021-05
2021-05-01,82779,NVAX,NOVAVAX INC,same month,2021-05
2021-05-01,15540,RILY,B RILEY FINANCIAL INC,same month,2021-05
2021-05-01,14601,NAVI,NAVIENT CORP,same month,2021-05
2021-05-01,57913,VXRT,VAXART INC,same month,2021-05
2021-05-01,76856,FCFS,FIRSTCASH INC,same month,2021-05
2021-05-01,19606,NUVB,NUVATION BIO INC,same month,2021-05
2021-05-01,92213,RIOT,RIOT BLOCKCHAIN INC,same month,2021-05
2021-05-01,92775,TREE,LENDINGTREE INC,same month,2021-05
2021-05-01,83885,MVIS,MICROVISION INC WA,same month,2021-05
2021-05-01,86211,MSTR,MICROSTRATEGY INC,same month,2021-05
2021-05-01,89301,GME,GAMESTOP CORP NEW,same month,2021-05
2021-05-01,77660,CACC,CREDIT ACCEPTANCE CORP,same month,2021-05
2021-05-01,19605,OSH,OAK STREET HEALTH INC,same month,2021-05
2021-05-01,81593,COOP,MR COOPER GROUP INC,same month,2021-05
2021-05-01,18539,HYLN,HYLIION HOLDINGS CORP,same month,2021-05
2021-05-01,18453,LAZR,LUMINAR TECHNOLOGIES INC,same month,2021-05
2021-05-01,19542,ALXO,ALX ONCOLOGY HOLDINGS INC,same month,2021-05
2021-05-01,16966,SWCH,SWITCH INC,same month,2021-05
2021-05-01,88518,APPS,DIGITAL TURBINE INC,same month,2021-05
2021-05-01,40125,DXC,D X C TECHNOLOGY CO,same month,2021-05
2021-05-01,91611,FSLR,FIRST SOLAR INC,same month,2021-05
2021-05-01,90978,SPWR,SUNPOWER CORP,same month,2021-05
2021-05-01,18915,CRNC,CERENCE INC,same month,2021-05
2021-05-01,19388,DNMR,DANIMER SCIENTIFIC INC,same month,2021-05
2021-05-01,13918,ARCT,ARCTURUS THERAPEUTICS HLDNGS INC,same month,2021-05
2021-05-01,80169,AGM,FEDERAL AGRICULTURAL MORT CORP,same month,2021-05
2021-05-01,17478,SPGI,S & P GLOBAL INC,same month,2021-05
2021-05-01,16964,SPCE,VIRGIN GALACTIC HOLDINGS INC,same month,2021-05
2021-05-01,91437,FRHC,FREEDOM HOLDING CORP,same month,2021-05
2021-05-01,18835,DKNG,DRAFTKINGS INC,same month,2021-05
2021-05-01,91926,DAL,DELTA AIR LINES INC,same month,2021-05
2021-05-01,87337,PLUG,PLUG POWER INC,same month,2021-05
2021-05-01,77699,FCEL,FUELCELL ENERGY INC,same month,2021-05
2021-05-01,19576,RXT,RACKSPACE TECHNOLOGY INC,same month,2021-05
2021-05-01,58683,LUV,SOUTHWEST AIRLINES CO,same month,2021-05
2021-05-01,15643,RUN,SUNRUN INC,same month,2021-05
2021-05-01,14432,ITCI,INTRA CELLULAR THERAPIES INC,same month,2021-05
2021-05-01,16712,VERI,VERITONE INC,same month,2021-05
2021-05-01,82670,TGTX,T G THERAPEUTICS INC,same month,2021-05
2021-05-01,15831,AXSM,AXSOME THERAPEUTICS INC,same month,2021-05
2021-05-01,18361,PAYA,PAYA HOLDINGS INC,same month,2021-05
2021-05-01,17045,ACMR,A C M RESEARCH INC,same month,2021-05
2021-05-01,19032,VIR,VIR BIOTECHNOLOGY INC,same month,2021-05
2021-05-01,18184,FSR,FISKER INC,same month,2021-05
2021-05-01,19196,PRCH,PORCH GROUP INC,same month,2021-05
2021-05-01,77114,WRLD,WORLD ACCEPTANCE CORP,same month,2021-05
2021-05-01,60186,OMI,OWENS & MINOR INC NEW,same month,2021-05
2021-05-01,14960,ENVA,ENOVA INTERNATIONAL INC,same month,2021-05
2021-05-01,16277,DFIN,DONNELLEY FINANCIAL SOL INC,same month,2021-05
2021-05-01,16924,DCPH,DECIPHERA PHARMACEUTICALS INC,same month,2021-05
2021-05-01,21020,AAL,AMERICAN AIRLINES GROUP INC,same month,2021-05
2021-05-01,15914,WKHS,WORKHORSE GROUP INC,same month,2021-05
2021-05-01,89964,NNI,NELNET INC,same month,2021-05
2021-05-01,89002,ADS,ALLIANCE DATA SYSTEMS CORP,same month,2021-05
2021-05-01,10517,PRG,PROG HOLDINGS INC,same month,2021-05
2021-05-01,84734,FBC,FLAGSTAR BANCORP INC,same month,2021-05
2021-05-01,18659,SFT,SHIFT TECHNOLOGIES INC,same month,2021-05
2021-05-01,16068,RETA,REATA PHARMACEUTICALS INC,same month,2021-05
2021-05-01,19331,MPLN,MULTIPLAN CORP,same month,2021-05
2021-05-01,10696,FISV,FISERV INC,same month,2021-05
2021-05-01,18484,ZM,ZOOM VIDEO COMMUNICATIONS INC,same month,2021-05
2021-05-01,18552,RIDE,LORDSTOWN MOTORS CORP,same month,2021-05
2021-05-01,13323,ENPH,ENPHASE ENERGY INC,same month,2021-05
2021-05-01,16816,BHF,BRIGHTHOUSE FINANCIAL INC,same month,2021-05
2021-05-01,84348,VSAT,VIASAT INC,same month,2021-05
2021-05-01,21207,NEM,NEWMONT CORP,same month,2021-05
2021-05-01,19788,PLTR,PALANTIR TECHNOLOGIES INC,same month,2021-05
2021-05-01,17688,GSHD,GOOSEHEAD INSURANCE INC,same month,2021-05
2021-05-01,18937,CHPT,CHARGEPOINT HOLDINGS INC,same month,2021-05
2021-05-01,48506,MCO,MOODYS CORP,same month,2021-05
2021-05-01,18558,GOEV,CANOO INC,same month,2021-05
2021-05-01,19224,AEVA,AEVA TECHNOLOGIES INC,same month,2021-05
2021-05-01,19357,SLQT,SELECTQUOTE INC,same month,2021-05
2021-05-01,20415,JEF,JEFFERIES FINANCIAL GROUP INC,same month,2021-05
2021-06-01,91186,VNDA,VANDA PHARMACEUTICALS INC,same month,2021-06
2021-06-01,13316,VCRA,VOCERA COMMUNICATIONS INC,same month,2021-06
2021-06-01,88319,VC,VISTEON CORP,same month,2021-06
2021-06-01,90125,CORT,CORCEPT THERAPEUTICS INC,same month,2021-06
2021-06-01,41187,HE,HAWAIIAN ELECTRIC INDUSTRIES INC,same month,2021-06
2021-06-01,85889,SRDX,SURMODICS INC,same month,2021-06
2021-06-01,91365,CSII,CARDIOVASCULAR SYSTEMS INC DEL,same month,2021-06
2021-06-01,78756,OFIX,ORTHOFIX MEDICAL INC,same month,2021-06
2021-06-01,90436,HALO,HALOZYME THERAPEUTICS INC,same month,2021-06
2021-06-01,85724,PRDO,PERDOCEO EDUCATION CORP,same month,2021-06
2021-06-01,13625,SSTK,SHUTTERSTOCK INC,same month,2021-06
2021-06-01,15046,NVRO,NEVRO CORP,same month,2021-06
2021-06-01,92221,MELI,MERCADOLIBRE INC,same month,2021-06
2021-06-01,79248,THRM,GENTHERM INC,same month,2021-06
2021-06-01,13318,YELP,YELP INC,same month,2021-06
2021-06-01,14495,ATEN,A10 NETWORKS INC,same month,2021-06
2021-06-01,85440,SRI,STONERIDGE INC,same month,2021-06
2021-06-01,54148,PHM,PULTE GROUP INC,same month,2021-06
2021-06-01,79906,INCY,INCYTE CORP,same month,2021-06
2021-06-01,38659,GNTX,GENTEX CORP,same month,2021-06
2021-06-01,83738,CASS,CASS INFORMATION SYSTEMS INC,same month,2021-06
2021-06-01,12583,PCRX,PACIRA BIOSCIENCES INC,same month,2021-06
2021-06-01,79491,WINA,WINMARK CORP,same month,2021-06
2021-06-01,93264,IRWD,IRONWOOD PHARMACEUTICALS INC,same month,2021-06
2021-06-01,14213,MMI,MARCUS & MILLICHAP INC,same month,2021-06
2021-06-01,91503,LMAT,LEMAITRE VASCULAR INC,same month,2021-06
2021-06-01,88352,ISRG,INTUITIVE SURGICAL INC,same month,2021-06
2021-06-01,48347,LZB,LA Z BOY INC,same month,2021-06
2021-06-01,53074,MLAB,MESA LABORATORIES INC,same month,2021-06
2021-06-01,64961,NXGN,NEXTGEN HEALTHCARE INC,same month,2021-06
2021-06-01,89179,ANTM,ANTHEM INC,same month,2021-06
2021-06-01,89781,MOH,MOLINA HEALTHCARE INC,same month,2021-06
2021-06-01,85002,SRPT,SAREPTA THERAPEUTICS INC,same month,2021-06
2021-06-01,64785,AGX,ARGAN INC,same month,2021-06
2021-06-01,24459,PBI,PITNEY BOWES INC,same month,2021-06
2021-06-01,84010,USNA,USANA HEALTH SCIENCES INC,same month,2021-06
2021-06-01,14325,TNDM,TANDEM DIABETES CARE INC,same month,2021-06
2021-06-01,78915,UEIC,UNIVERSAL ELECTRONICS INC,same month,2021-06
2021-06-01,88504,BRKR,BRUKER CORP,same month,2021-06
2021-06-01,85914,BBY,BEST BUY COMPANY INC,same month,2021-06
2021-06-01,18808,PHR,PHREESIA INC,same month,2021-06
2021-06-01,45306,IDCC,INTERDIGITAL INC,same month,2021-06
2021-06-01,14521,TNET,TRINET GROUP INC,same month,2021-06
2021-06-01,88159,EXEL,EXELIXIS INC,same month,2021-06
2021-06-01,90319,GOOGL,ALPHABET INC,same month,2021-06
2021-06-01,88167,HSTM,HEALTHSTREAM INC,same month,2021-06
2021-06-01,30681,OMC,OMNICOM GROUP INC,same month,2021-06
2021-06-01,75828,EA,ELECTRONIC ARTS INC,same month,2021-06
2021-06-01,84761,TTWO,TAKE TWO INTERACTIVE SOFTWR INC,same month,2021-06
2021-06-01,84656,ALV,AUTOLIV INC,same month,2021-06
2021-06-01,13169,ZNGA,ZYNGA INC,same month,2021-06
2021-06-01,13407,FB,FACEBOOK INC,same month,2021-06
2021-06-01,11884,IPAR,INTERMEDIATE PARFUMS INC,same month,2021-06
2021-06-01,92143,PRO,P R O S HOLDINGS INC,same month,2021-06
2021-06-01,18011,SONO,SONOS INC,same month,2021-06
2021-06-01,14547,PCTY,PAYLOCITY HOLDING CORP,same month,2021-06
2021-06-01,76744,VRTX,VERTEX PHARMACEUTICALS INC,same month,2021-06
2021-06-01,13410,SUPN,SUPERNUS PHARMACEUTICALS INC,same month,2021-06
2021-06-01,13543,GMED,GLOBUS MEDICAL INC,same month,2021-06
2021-06-01,52708,LEN,LENNAR CORP,same month,2021-06
2021-06-01,14359,XNCR,XENCOR INC,same month,2021-06
2021-06-01,76392,MMSI,MERIT MEDICAL SYSTEMS INC,same month,2021-06
2021-06-01,75233,VGR,VECTOR GROUP LTD,same month,2021-06
2021-06-01,12493,QADA,QAD INC,same month,2021-06
2021-06-01,87078,MDRX,ALLSCRIPTS HEALTHCARE SOLNS INC,same month,2021-06
2021-06-01,87432,A,AGILENT TECHNOLOGIES INC,same month,2021-06
2021-06-01,51625,SCI,SERVICE CORP INTERNATIONAL,same month,2021-06
2021-06-01,91463,CVLT,COMMVAULT SYSTEMS INC,same month,2021-06
2021-06-01,90664,DXCM,DEXCOM INC,same month,2021-06
2021-06-01,11775,JOUT,JOHNSON OUTDOORS INC,same month,2021-06
2021-06-01,84385,NSP,INSPERITY INC,same month,2021-06
2021-06-01,81116,VECO,VEECO INSTRUMENTS INC DEL,same month,2021-06
2021-06-01,76128,VICR,VICOR CORP,same month,2021-06
2021-06-01,79678,ATVI,ACTIVISION BLIZZARD INC,same month,2021-06
2021-06-01,14688,AMPH,AMPHASTAR PHARMACEUTICALS INC,same month,2021-06
2021-06-01,65365,MYE,MYERS INDUSTRIES INC,same month,2021-06
2021-06-01,72304,STAA,STAAR SURGICAL CO,same month,2021-06
2021-06-01,10909,CERN,CERNER CORP,same month,2021-06
2021-06-01,15729,PSTG,PURE STORAGE INC,same month,2021-06
2021-06-01,89828,UVSP,UNIVEST FINANCIAL CORP,same month,2021-06
2021-06-01,48653,HUM,HUMANA INC,same month,2021-06
2021-06-01,84413,CERS,CERUS CORP,same month,2021-06
2021-06-01,43481,SXI,STANDEX INTERNATIONAL CORP,same month,2021-06
2021-06-01,14231,VEEV,VEEVA SYSTEMS INC,same month,2021-06
2021-06-01,92635,NX,QUANEX BUILDING PRODUCTS CORP,same month,2021-06
2021-06-01,17944,TENB,TENABLE HOLDINGS INC,same month,2021-06
2021-06-01,87006,UTHR,UNITED THERAPEUTICS CORP,same month,2021-06
2021-06-01,16967,CARG,CARGURUS INC,same month,2021-06
2021-06-01,79150,ANIK,ANIKA THERAPEUTICS INC,same month,2021-06
2021-06-01,63125,AGYS,AGILYSYS INC,same month,2021-06
2021-06-01,19200,SDGR,SCHRODINGER INC,same month,2021-06
2021-06-01,12266,CDMO,AVID BIOSERVICES INC,same month,2021-06
2021-06-01,88988,IDT,I D T CORP,same month,2021-06
2021-06-01,75107,ABMD,ABIOMED INC,same month,2021-06
2021-06-01,83799,STRA,STRATEGIC EDUCATION INC,same month,2021-06
2021-06-01,89792,CVCO,CAVCO INDUSTRIES INC DEL,same month,2021-06
2021-06-01,47466,NYT,NEW YORK TIMES CO,same month,2021-06
2021-06-01,15108,NEWR,NEW RELIC INC,same month,2021-06
2021-06-01,88860,ALGN,ALIGN TECHNOLOGY INC,same month,2021-06
2021-06-01,75285,MAN,MANPOWERGROUP,same month,2021-06
2021-06-01,19312,UWMC,U W M HOLDINGS CORP,same month,2021-06
2021-06-01,19788,PLTR,PALANTIR TECHNOLOGIES INC,same month,2021-06
2021-06-01,17036,CNNE,CANNAE HOLDINGS INC,same month,2021-06
2021-06-01,18852,BTRS,B T R S HOLDINGS INC,same month,2021-06
2021-06-01,17907,NKLA,NIKOLA CORP,same month,2021-06
2021-06-01,13908,PFSI,PENNYMAC FINANCIAL SVCS INC NEW,same month,2021-06
2021-06-01,18580,FSLY,FASTLY INC,same month,2021-06
2021-06-01,19599,QS,QUANTUMSCAPE CORP,same month,2021-06
2021-06-01,19500,GOCO,GOHEALTH INC,same month,2021-06
2021-06-01,19058,SI,SILVERGATE CAPITAL CORP,same month,2021-06
2021-06-01,19577,RKT,ROCKET COMPANIES INC,same month,2021-06
2021-06-01,14414,SC,SANTANDER CONSUMER USA HLDGS INC,same month,2021-06
2021-06-01,18937,CHPT,CHARGEPOINT HOLDINGS INC,same month,2021-06
2021-06-01,17688,GSHD,GOOSEHEAD INSURANCE INC,same month,2021-06
2021-06-01,17367,LPRO,OPEN LENDING CORP,same month,2021-06
2021-06-01,19497,LMND,LEMONADE INC,same month,2021-06
2021-06-01,18162,VLDR,VELODYNE LIDAR INC,same month,2021-06
2021-06-01,19224,AEVA,AEVA TECHNOLOGIES INC,same month,2021-06
2021-06-01,15302,VIRT,VIRTU FINANCIAL INC,same month,2021-06
2021-06-01,92775,TREE,LENDINGTREE INC,same month,2021-06
2021-06-01,15540,RILY,B RILEY FINANCIAL INC,same month,2021-06
2021-06-01,19416,EOSE,EOS ENERGY ENTERPRISES INC,same month,2021-06
2021-06-01,18533,RMO,ROMEO POWER INC,same month,2021-06
2021-06-01,13919,AMBC,AMBAC FINANCIAL GROUP INC,same month,2021-06
2021-06-01,12477,WD,WALKER & DUNLOP INC,same month,2021-06
2021-06-01,91498,EHTH,EHEALTH INC,same month,2021-06
2021-06-01,57913,VXRT,VAXART INC,same month,2021-06
2021-06-01,76856,FCFS,FIRSTCASH INC,same month,2021-06
2021-06-01,19606,NUVB,NUVATION BIO INC,same month,2021-06
2021-06-01,15092,LC,LENDINGCLUB CORP,same month,2021-06
2021-06-01,14601,NAVI,NAVIENT CORP,same month,2021-06
2021-06-01,18361,PAYA,PAYA HOLDINGS INC,same month,2021-06
2021-06-01,81593,COOP,MR COOPER GROUP INC,same month,2021-06
2021-06-01,14813,MARA,MARATHON DIGITAL HOLDINGS INC,same month,2021-06
2021-06-01,16964,SPCE,VIRGIN GALACTIC HOLDINGS INC,same month,2021-06
2021-06-01,19357,SLQT,SELECTQUOTE INC,same month,2021-06
2021-06-01,80169,AGM,FEDERAL AGRICULTURAL MORT CORP,same month,2021-06
2021-06-01,89301,GME,GAMESTOP CORP NEW,same month,2021-06
2021-06-01,48506,MCO,MOODYS CORP,same month,2021-06
2021-06-01,18719,DM,DESKTOP METAL INC,same month,2021-06
2021-06-01,18480,TW,TRADEWEB MARKETS INC,same month,2021-06
2021-06-01,92213,RIOT,RIOT BLOCKCHAIN INC,same month,2021-06
2021-06-01,88518,APPS,DIGITAL TURBINE INC,same month,2021-06
2021-06-01,18539,HYLN,HYLIION HOLDINGS CORP,same month,2021-06
2021-06-01,86544,BCOR,BLUCORA INC,same month,2021-06
2021-06-01,86211,MSTR,MICROSTRATEGY INC,same month,2021-06
2021-06-01,18453,LAZR,LUMINAR TECHNOLOGIES INC,same month,2021-06
2021-06-01,19331,MPLN,MULTIPLAN CORP,same month,2021-06
2021-06-01,16966,SWCH,SWITCH INC,same month,2021-06
2021-06-01,18835,DKNG,DRAFTKINGS INC,same month,2021-06
2021-06-01,18312,MRNA,MODERNA INC,same month,2021-06
2021-06-01,18558,GOEV,CANOO INC,same month,2021-06
2021-06-01,90978,SPWR,SUNPOWER CORP,same month,2021-06
2021-06-01,83885,MVIS,MICROVISION INC WA,same month,2021-06
2021-06-01,19542,ALXO,ALX ONCOLOGY HOLDINGS INC,same month,2021-06
2021-06-01,91926,DAL,DELTA AIR LINES INC,same month,2021-06
2021-06-01,20415,JEF,JEFFERIES FINANCIAL GROUP INC,same month,2021-06
2021-06-01,19576,RXT,RACKSPACE TECHNOLOGY INC,same month,2021-06
2021-06-01,77660,CACC,CREDIT ACCEPTANCE CORP,same month,2021-06
2021-06-01,58683,LUV,SOUTHWEST AIRLINES CO,same month,2021-06
2021-06-01,19388,DNMR,DANIMER SCIENTIFIC INC,same month,2021-06
2021-06-01,82779,NVAX,NOVAVAX INC,same month,2021-06
2021-06-01,91611,FSLR,FIRST SOLAR INC,same month,2021-06
2021-06-01,15831,AXSM,AXSOME THERAPEUTICS INC,same month,2021-06
2021-06-01,14432,ITCI,INTRA CELLULAR THERAPIES INC,same month,2021-06
2021-06-01,40125,DXC,D X C TECHNOLOGY CO,same month,2021-06
2021-06-01,17478,SPGI,S & P GLOBAL INC,same month,2021-06
2021-06-01,82670,TGTX,T G THERAPEUTICS INC,same month,2021-06
2021-06-01,13918,ARCT,ARCTURUS THERAPEUTICS HLDNGS INC,same month,2021-06
2021-06-01,87337,PLUG,PLUG POWER INC,same month,2021-06
2021-06-01,19196,PRCH,PORCH GROUP INC,same month,2021-06
2021-06-01,89964,NNI,NELNET INC,same month,2021-06
2021-06-01,60186,OMI,OWENS & MINOR INC NEW,same month,2021-06
2021-06-01,21020,AAL,AMERICAN AIRLINES GROUP INC,same month,2021-06
2021-06-01,77699,FCEL,FUELCELL ENERGY INC,same month,2021-06
2021-06-01,15643,RUN,SUNRUN INC,same month,2021-06
2021-06-01,19605,OSH,OAK STREET HEALTH INC,same month,2021-06
2021-06-01,17045,ACMR,A C M RESEARCH INC,same month,2021-06
2021-06-01,16277,DFIN,DONNELLEY FINANCIAL SOL INC,same month,2021-06
2021-06-01,18184,FSR,FISKER INC,same month,2021-06
2021-06-01,77114,WRLD,WORLD ACCEPTANCE CORP,same month,2021-06
2021-06-01,89002,ADS,ALLIANCE DATA SYSTEMS CORP,same month,2021-06
2021-06-01,16924,DCPH,DECIPHERA PHARMACEUTICALS INC,same month,2021-06
2021-06-01,15914,WKHS,WORKHORSE GROUP INC,same month,2021-06
2021-06-01,14960,ENVA,ENOVA INTERNATIONAL INC,same month,2021-06
2021-06-01,19032,VIR,VIR BIOTECHNOLOGY INC,same month,2021-06
2021-06-01,84734,FBC,FLAGSTAR BANCORP INC,same month,2021-06
2021-06-01,18915,CRNC,CERENCE INC,same month,2021-06
2021-06-01,21207,NEM,NEWMONT CORP,same month,2021-06
2021-06-01,16068,RETA,REATA PHARMACEUTICALS INC,same month,2021-06
2021-06-01,91437,FRHC,FREEDOM HOLDING CORP,same month,2021-06
2021-06-01,13323,ENPH,ENPHASE ENERGY INC,same month,2021-06
2021-06-01,18552,RIDE,LORDSTOWN MOTORS CORP,same month,2021-06
2021-06-01,17787,EQH,EQUITABLE HOLDINGS INC,same month,2021-06
2021-06-01,19893,FUBO,FUBOTV INC,same month,2021-06
2021-06-01,16140,TWLO,TWILIO INC,same month,2021-06
2021-06-01,92108,BX,BLACKSTONE GROUP INC,same month,2021-06
2021-06-01,19071,BLDE,BLADE AIR MOBILITY INC,same month,2021-06
2021-06-01,14617,ARES,ARES MANAGEMENT CORP,same month,2021-06
2021-06-01,19404,FOUR,SHIFT4 PAYMENTS INC,same month,2021-06
2021-07-01,19200,SDGR,SCHRODINGER INC,same month,2021-07
2021-07-01,13316,VCRA,VOCERA COMMUNICATIONS INC,same month,2021-07
2021-07-01,88319,VC,VISTEON CORP,same month,2021-07
2021-07-01,91186,VNDA,VANDA PHARMACEUTICALS INC,same month,2021-07
2021-07-01,85724,PRDO,PERDOCEO EDUCATION CORP,same month,2021-07
2021-07-01,85889,SRDX,SURMODICS INC,same month,2021-07
2021-07-01,93264,IRWD,IRONWOOD PHARMACEUTICALS INC,same month,2021-07
2021-07-01,79248,THRM,GENTHERM INC,same month,2021-07
2021-07-01,91365,CSII,CARDIOVASCULAR SYSTEMS INC DEL,same month,2021-07
2021-07-01,90125,CORT,CORCEPT THERAPEUTICS INC,same month,2021-07
2021-07-01,78756,OFIX,ORTHOFIX MEDICAL INC,same month,2021-07
2021-07-01,41187,HE,HAWAIIAN ELECTRIC INDUSTRIES INC,same month,2021-07
2021-07-01,52708,LEN,LENNAR CORP,same month,2021-07
2021-07-01,13625,SSTK,SHUTTERSTOCK INC,same month,2021-07
2021-07-01,63125,AGYS,AGILYSYS INC,same month,2021-07
2021-07-01,92221,MELI,MERCADOLIBRE INC,same month,2021-07
2021-07-01,89792,CVCO,CAVCO INDUSTRIES INC DEL,same month,2021-07
2021-07-01,79906,INCY,INCYTE CORP,same month,2021-07
2021-07-01,12266,CDMO,AVID BIOSERVICES INC,same month,2021-07
2021-07-01,89179,ANTM,ANTHEM INC,same month,2021-07
2021-07-01,88352,ISRG,INTUITIVE SURGICAL INC,same month,2021-07
2021-07-01,54148,PHM,PULTE GROUP INC,same month,2021-07
2021-07-01,75107,ABMD,ABIOMED INC,same month,2021-07
2021-07-01,14495,ATEN,A10 NETWORKS INC,same month,2021-07
2021-07-01,89781,MOH,MOLINA HEALTHCARE INC,same month,2021-07
2021-07-01,85440,SRI,STONERIDGE INC,same month,2021-07
2021-07-01,14325,TNDM,TANDEM DIABETES CARE INC,same month,2021-07
2021-07-01,88504,BRKR,BRUKER CORP,same month,2021-07
2021-07-01,12583,PCRX,PACIRA BIOSCIENCES INC,same month,2021-07
2021-07-01,79491,WINA,WINMARK CORP,same month,2021-07
2021-07-01,83799,STRA,STRATEGIC EDUCATION INC,same month,2021-07
2021-07-01,91503,LMAT,LEMAITRE VASCULAR INC,same month,2021-07
2021-07-01,64961,NXGN,NEXTGEN HEALTHCARE INC,same month,2021-07
2021-07-01,85002,SRPT,SAREPTA THERAPEUTICS INC,same month,2021-07
2021-07-01,18011,SONO,SONOS INC,same month,2021-07
2021-07-01,15046,NVRO,NEVRO CORP,same month,2021-07
2021-07-01,88167,HSTM,HEALTHSTREAM INC,same month,2021-07
2021-07-01,38659,GNTX,GENTEX CORP,same month,2021-07
2021-07-01,53074,MLAB,MESA LABORATORIES INC,same month,2021-07
2021-07-01,84010,USNA,USANA HEALTH SCIENCES INC,same month,2021-07
2021-07-01,84761,TTWO,TAKE TWO INTERACTIVE SOFTWR INC,same month,2021-07
2021-07-01,30681,OMC,OMNICOM GROUP INC,same month,2021-07
2021-07-01,72304,STAA,STAAR SURGICAL CO,same month,2021-07
2021-07-01,13318,YELP,YELP INC,same month,2021-07
2021-07-01,90436,HALO,HALOZYME THERAPEUTICS INC,same month,2021-07
2021-07-01,14521,TNET,TRINET GROUP INC,same month,2021-07
2021-07-01,15108,NEWR,NEW RELIC INC,same month,2021-07
2021-07-01,45306,IDCC,INTERDIGITAL INC,same month,2021-07
2021-07-01,48347,LZB,LA Z BOY INC,same month,2021-07
2021-07-01,92143,PRO,P R O S HOLDINGS INC,same month,2021-07
2021-07-01,85914,BBY,BEST BUY COMPANY INC,same month,2021-07
2021-07-01,88860,ALGN,ALIGN TECHNOLOGY INC,same month,2021-07
2021-07-01,75285,MAN,MANPOWERGROUP,same month,2021-07
2021-07-01,14213,MMI,MARCUS & MILLICHAP INC,same month,2021-07
2021-07-01,75828,EA,ELECTRONIC ARTS INC,same month,2021-07
2021-07-01,47466,NYT,NEW YORK TIMES CO,same month,2021-07
2021-07-01,90319,GOOGL,ALPHABET INC,same month,2021-07
2021-07-01,15729,PSTG,PURE STORAGE INC,same month,2021-07
2021-07-01,76392,MMSI,MERIT MEDICAL SYSTEMS INC,same month,2021-07
2021-07-01,13543,GMED,GLOBUS MEDICAL INC,same month,2021-07
2021-07-01,84656,ALV,AUTOLIV INC,same month,2021-07
2021-07-01,11884,IPAR,INTERMEDIATE PARFUMS INC,same month,2021-07
2021-07-01,84413,CERS,CERUS CORP,same month,2021-07
2021-07-01,76744,VRTX,VERTEX PHARMACEUTICALS INC,same month,2021-07
2021-07-01,90664,DXCM,DEXCOM INC,same month,2021-07
2021-07-01,13410,SUPN,SUPERNUS PHARMACEUTICALS INC,same month,2021-07
2021-07-01,13407,FB,FACEBOOK INC,same month,2021-07
2021-07-01,87432,A,AGILENT TECHNOLOGIES INC,same month,2021-07
2021-07-01,14547,PCTY,PAYLOCITY HOLDING CORP,same month,2021-07
2021-07-01,84385,NSP,INSPERITY INC,same month,2021-07
2021-07-01,65365,MYE,MYERS INDUSTRIES INC,same month,2021-07
2021-07-01,14688,AMPH,AMPHASTAR PHARMACEUTICALS INC,same month,2021-07
2021-07-01,13169,ZNGA,ZYNGA INC,same month,2021-07
2021-07-01,79678,ATVI,ACTIVISION BLIZZARD INC,same month,2021-07
2021-07-01,87078,MDRX,ALLSCRIPTS HEALTHCARE SOLNS INC,same month,2021-07
2021-07-01,91463,CVLT,COMMVAULT SYSTEMS INC,same month,2021-07
2021-07-01,11775,JOUT,JOHNSON OUTDOORS INC,same month,2021-07
2021-07-01,14359,XNCR,XENCOR INC,same month,2021-07
2021-07-01,89828,UVSP,UNIVEST FINANCIAL CORP,same month,2021-07
2021-07-01,81116,VECO,VEECO INSTRUMENTS INC DEL,same month,2021-07
2021-07-01,76128,VICR,VICOR CORP,same month,2021-07
2021-07-01,64785,AGX,ARGAN INC,same month,2021-07
2021-07-01,48653,HUM,HUMANA INC,same month,2021-07
2021-07-01,14231,VEEV,VEEVA SYSTEMS INC,same month,2021-07
2021-07-01,10909,CERN,CERNER CORP,same month,2021-07
2021-07-01,88159,EXEL,EXELIXIS INC,same month,2021-07
2021-07-01,18808,PHR,PHREESIA INC,same month,2021-07
2021-07-01,43481,SXI,STANDEX INTERNATIONAL CORP,same month,2021-07
2021-07-01,12493,QADA,QAD INC,same month,2021-07
2021-07-01,92635,NX,QUANEX BUILDING PRODUCTS CORP,same month,2021-07
2021-07-01,17944,TENB,TENABLE HOLDINGS INC,same month,2021-07
2021-07-01,91733,AVAV,AEROVIRONMENT INC,same month,2021-07
2021-07-01,90971,IRBT,IROBOT CORP,same month,2021-07
2021-07-01,90177,ACAD,ACADIA PHARMACEUTICALS,same month,2021-07
2021-07-01,16543,VREX,VAREX IMAGING CORP,same month,2021-07
2021-07-01,11587,ATRI,ATRION CORP,same month,2021-07
2021-07-01,83534,NBIX,NEUROCRINE BIOSCIENCES INC,same month,2021-07
2021-07-01,11992,TCF,T C F FINANCIAL CORP NEW,carried forward from an earlier month,2021-06
2021-07-01,86827,HSII,HEIDRICK & STRUGGLES INTL INC,same month,2021-07
2021-07-01,17876,DOMO,DOMO INC,same month,2021-07
2021-07-01,19312,UWMC,U W M HOLDINGS CORP,same month,2021-07
2021-07-01,19788,PLTR,PALANTIR TECHNOLOGIES INC,same month,2021-07
2021-07-01,19224,AEVA,AEVA TECHNOLOGIES INC,same month,2021-07
2021-07-01,18852,BTRS,B T R S HOLDINGS INC,same month,2021-07
2021-07-01,17036,CNNE,CANNAE HOLDINGS INC,same month,2021-07
2021-07-01,13908,PFSI,PENNYMAC FINANCIAL SVCS INC NEW,same month,2021-07
2021-07-01,19497,LMND,LEMONADE INC,same month,2021-07
2021-07-01,17688,GSHD,GOOSEHEAD INSURANCE INC,same month,2021-07
2021-07-01,19599,QS,QUANTUMSCAPE CORP,same month,2021-07
2021-07-01,17907,NKLA,NIKOLA CORP,same month,2021-07
2021-07-01,18580,FSLY,FASTLY INC,same month,2021-07
2021-07-01,14617,ARES,ARES MANAGEMENT CORP,same month,2021-07
2021-07-01,14414,SC,SANTANDER CONSUMER USA HLDGS INC,same month,2021-07
2021-07-01,18162,VLDR,VELODYNE LIDAR INC,same month,2021-07
2021-07-01,19577,RKT,ROCKET COMPANIES INC,same month,2021-07
2021-07-01,19058,SI,SILVERGATE CAPITAL CORP,same month,2021-07
2021-07-01,15540,RILY,B RILEY FINANCIAL INC,same month,2021-07
2021-07-01,18937,CHPT,CHARGEPOINT HOLDINGS INC,same month,2021-07
2021-07-01,92775,TREE,LENDINGTREE INC,same month,2021-07
2021-07-01,15302,VIRT,VIRTU FINANCIAL INC,same month,2021-07
2021-07-01,19357,SLQT,SELECTQUOTE INC,same month,2021-07
2021-07-01,17787,EQH,EQUITABLE HOLDINGS INC,same month,2021-07
2021-07-01,92108,BX,BLACKSTONE GROUP INC,same month,2021-07
2021-07-01,19500,GOCO,GOHEALTH INC,same month,2021-07
2021-07-01,16964,SPCE,VIRGIN GALACTIC HOLDINGS INC,same month,2021-07
2021-07-01,57913,VXRT,VAXART INC,same month,2021-07
2021-07-01,81593,COOP,MR COOPER GROUP INC,same month,2021-07
2021-07-01,19416,EOSE,EOS ENERGY ENTERPRISES INC,same month,2021-07
2021-07-01,13919,AMBC,AMBAC FINANCIAL GROUP INC,same month,2021-07
2021-07-01,18533,RMO,ROMEO POWER INC,same month,2021-07
2021-07-01,58683,LUV,SOUTHWEST AIRLINES CO,same month,2021-07
2021-07-01,89301,GME,GAMESTOP CORP NEW,same month,2021-07
2021-07-01,18361,PAYA,PAYA HOLDINGS INC,same month,2021-07
2021-07-01,16140,TWLO,TWILIO INC,same month,2021-07
2021-07-01,19606,NUVB,NUVATION BIO INC,same month,2021-07
2021-07-01,14813,MARA,MARATHON DIGITAL HOLDINGS INC,same month,2021-07
2021-07-01,14601,NAVI,NAVIENT CORP,same month,2021-07
2021-07-01,80169,AGM,FEDERAL AGRICULTURAL MORT CORP,same month,2021-07
2021-07-01,91498,EHTH,EHEALTH INC,same month,2021-07
2021-07-01,91926,DAL,DELTA AIR LINES INC,same month,2021-07
2021-07-01,12477,WD,WALKER & DUNLOP INC,same month,2021-07
2021-07-01,76856,FCFS,FIRSTCASH INC,same month,2021-07
2021-07-01,20415,JEF,JEFFERIES FINANCIAL GROUP INC,same month,2021-07
2021-07-01,92213,RIOT,RIOT BLOCKCHAIN INC,same month,2021-07
2021-07-01,86211,MSTR,MICROSTRATEGY INC,same month,2021-07
2021-07-01,18480,TW,TRADEWEB MARKETS INC,same month,2021-07
2021-07-01,48506,MCO,MOODYS CORP,same month,2021-07
2021-07-01,18558,GOEV,CANOO INC,same month,2021-07
2021-07-01,88518,APPS,DIGITAL TURBINE INC,same month,2021-07
2021-07-01,16966,SWCH,SWITCH INC,same month,2021-07
2021-07-01,18453,LAZR,LUMINAR TECHNOLOGIES INC,same month,2021-07
2021-07-01,18835,DKNG,DRAFTKINGS INC,same month,2021-07
2021-07-01,90978,SPWR,SUNPOWER CORP,same month,2021-07
2021-07-01,15092,LC,LENDINGCLUB CORP,same month,2021-07
2021-07-01,19404,FOUR,SHIFT4 PAYMENTS INC,same month,2021-07
2021-07-01,77660,CACC,CREDIT ACCEPTANCE CORP,same month,2021-07
2021-07-01,21020,AAL,AMERICAN AIRLINES GROUP INC,same month,2021-07
2021-07-01,18719,DM,DESKTOP METAL INC,same month,2021-07
2021-07-01,19071,BLDE,BLADE AIR MOBILITY INC,same month,2021-07
2021-07-01,83885,MVIS,MICROVISION INC WA,same month,2021-07
2021-07-01,15831,AXSM,AXSOME THERAPEUTICS INC,same month,2021-07
2021-07-01,19331,MPLN,MULTIPLAN CORP,same month,2021-07
2021-07-01,91437,FRHC,FREEDOM HOLDING CORP,same month,2021-07
2021-07-01,19542,ALXO,ALX ONCOLOGY HOLDINGS INC,same month,2021-07
2021-07-01,89964,NNI,NELNET INC,same month,2021-07
2021-07-01,17367,LPRO,OPEN LENDING CORP,same month,2021-07
2021-07-01,18539,HYLN,HYLIION HOLDINGS CORP,same month,2021-07
2021-07-01,14432,ITCI,INTRA CELLULAR THERAPIES INC,same month,2021-07
2021-07-01,19893,FUBO,FUBOTV INC,same month,2021-07
2021-07-01,82779,NVAX,NOVAVAX INC,same month,2021-07
2021-07-01,82670,TGTX,T G THERAPEUTICS INC,same month,2021-07
2021-07-01,19576,RXT,RACKSPACE TECHNOLOGY INC,same month,2021-07
2021-07-01,19196,PRCH,PORCH GROUP INC,same month,2021-07
2021-07-01,89002,ADS,ALLIANCE DATA SYSTEMS CORP,same month,2021-07
2021-07-01,77699,FCEL,FUELCELL ENERGY INC,same month,2021-07
2021-07-01,60186,OMI,OWENS & MINOR INC NEW,same month,2021-07
2021-07-01,91611,FSLR,FIRST SOLAR INC,same month,2021-07
2021-07-01,19388,DNMR,DANIMER SCIENTIFIC INC,same month,2021-07
2021-07-01,17045,ACMR,A C M RESEARCH INC,same month,2021-07
2021-07-01,17478,SPGI,S & P GLOBAL INC,same month,2021-07
2021-07-01,87337,PLUG,PLUG POWER INC,same month,2021-07
2021-07-01,16277,DFIN,DONNELLEY FINANCIAL SOL INC,same month,2021-07
2021-07-01,18312,MRNA,MODERNA INC,same month,2021-07
2021-07-01,15914,WKHS,WORKHORSE GROUP INC,same month,2021-07
2021-07-01,18184,FSR,FISKER INC,same month,2021-07
2021-07-01,15643,RUN,SUNRUN INC,same month,2021-07
2021-07-01,13918,ARCT,ARCTURUS THERAPEUTICS HLDNGS INC,same month,2021-07
2021-07-01,16924,DCPH,DECIPHERA PHARMACEUTICALS INC,same month,2021-07
2021-07-01,40125,DXC,D X C TECHNOLOGY CO,same month,2021-07
2021-07-01,16068,RETA,REATA PHARMACEUTICALS INC,same month,2021-07
2021-07-01,19605,OSH,OAK STREET HEALTH INC,same month,2021-07
2021-07-01,86544,BCOR,BLUCORA INC,same month,2021-07
2021-07-01,19032,VIR,VIR BIOTECHNOLOGY INC,same month,2021-07
2021-07-01,77114,WRLD,WORLD ACCEPTANCE CORP,same month,2021-07
2021-07-01,84734,FBC,FLAGSTAR BANCORP INC,same month,2021-07
2021-07-01,14960,ENVA,ENOVA INTERNATIONAL INC,same month,2021-07
2021-07-01,21207,NEM,NEWMONT CORP,same month,2021-07
2021-07-01,18915,CRNC,CERENCE INC,same month,2021-07
2021-07-01,19862,ROOT,ROOT INC,same month,2021-07
2021-07-01,19135,KPLT,KATAPULT HOLDINGS INC,same month,2021-07
2021-08-01,19200,SDGR,SCHRODINGER INC,same month,2021-08
2021-08-01,13316,VCRA,VOCERA COMMUNICATIONS INC,same month,2021-08
2021-08-01,85724,PRDO,PERDOCEO EDUCATION CORP,same month,2021-08
2021-08-01,13625,SSTK,SHUTTERSTOCK INC,same month,2021-08
2021-08-01,12266,CDMO,AVID BIOSERVICES INC,same month,2021-08
2021-08-01,85889,SRDX,SURMODICS INC,same month,2021-08
2021-08-01,88167,HSTM,HEALTHSTREAM INC,same month,2021-08
2021-08-01,93264,IRWD,IRONWOOD PHARMACEUTICALS INC,same month,2021-08
2021-08-01,90125,CORT,CORCEPT THERAPEUTICS INC,same month,2021-08
2021-08-01,89792,CVCO,CAVCO INDUSTRIES INC DEL,same month,2021-08
2021-08-01,88352,ISRG,INTUITIVE SURGICAL INC,same month,2021-08
2021-08-01,78756,OFIX,ORTHOFIX MEDICAL INC,same month,2021-08
2021-08-01,75107,ABMD,ABIOMED INC,same month,2021-08
2021-08-01,91186,VNDA,VANDA PHARMACEUTICALS INC,same month,2021-08
2021-08-01,18011,SONO,SONOS INC,same month,2021-08
2021-08-01,41187,HE,HAWAIIAN ELECTRIC INDUSTRIES INC,same month,2021-08
2021-08-01,13410,SUPN,SUPERNUS PHARMACEUTICALS INC,same month,2021-08
2021-08-01,52708,LEN,LENNAR CORP,same month,2021-08
2021-08-01,88319,VC,VISTEON CORP,same month,2021-08
2021-08-01,79906,INCY,INCYTE CORP,same month,2021-08
2021-08-01,92221,MELI,MERCADOLIBRE INC,same month,2021-08
2021-08-01,14359,XNCR,XENCOR INC,same month,2021-08
2021-08-01,63125,AGYS,AGILYSYS INC,same month,2021-08
2021-08-01,88504,BRKR,BRUKER CORP,same month,2021-08
2021-08-01,15046,NVRO,NEVRO CORP,same month,2021-08
2021-08-01,86827,HSII,HEIDRICK & STRUGGLES INTL INC,same month,2021-08
2021-08-01,85440,SRI,STONERIDGE INC,same month,2021-08
2021-08-01,54148,PHM,PULTE GROUP INC,same month,2021-08
2021-08-01,90177,ACAD,ACADIA PHARMACEUTICALS,same month,2021-08
2021-08-01,16543,VREX,VAREX IMAGING CORP,same month,2021-08
2021-08-01,12583,PCRX,PACIRA BIOSCIENCES INC,same month,2021-08
2021-08-01,89179,ANTM,ANTHEM INC,same month,2021-08
2021-08-01,84761,TTWO,TAKE TWO INTERACTIVE SOFTWR INC,same month,2021-08
2021-08-01,89781,MOH,MOLINA HEALTHCARE INC,same month,2021-08
2021-08-01,91733,AVAV,AEROVIRONMENT INC,same month,2021-08
2021-08-01,72304,STAA,STAAR SURGICAL CO,same month,2021-08
2021-08-01,85002,SRPT,SAREPTA THERAPEUTICS INC,same month,2021-08
2021-08-01,91503,LMAT,LEMAITRE VASCULAR INC,same month,2021-08
2021-08-01,64961,NXGN,NEXTGEN HEALTHCARE INC,same month,2021-08
2021-08-01,38659,GNTX,GENTEX CORP,same month,2021-08
2021-08-01,30681,OMC,OMNICOM GROUP INC,same month,2021-08
2021-08-01,17876,DOMO,DOMO INC,same month,2021-08
2021-08-01,53074,MLAB,MESA LABORATORIES INC,same month,2021-08
2021-08-01,84010,USNA,USANA HEALTH SCIENCES INC,same month,2021-08
2021-08-01,75285,MAN,MANPOWERGROUP,same month,2021-08
2021-08-01,84385,NSP,INSPERITY INC,same month,2021-08
2021-08-01,91365,CSII,CARDIOVASCULAR SYSTEMS INC DEL,same month,2021-08
2021-08-01,45306,IDCC,INTERDIGITAL INC,same month,2021-08
2021-08-01,48347,LZB,LA Z BOY INC,same month,2021-08
2021-08-01,13318,YELP,YELP INC,same month,2021-08
2021-08-01,14325,TNDM,TANDEM DIABETES CARE INC,same month,2021-08
2021-08-01,90436,HALO,HALOZYME THERAPEUTICS INC,same month,2021-08
2021-08-01,11587,ATRI,ATRION CORP,same month,2021-08
2021-08-01,79248,THRM,GENTHERM INC,same month,2021-08
2021-08-01,85914,BBY,BEST BUY COMPANY INC,same month,2021-08
2021-08-01,13543,GMED,GLOBUS MEDICAL INC,same month,2021-08
2021-08-01,76744,VRTX,VERTEX PHARMACEUTICALS INC,same month,2021-08
2021-08-01,15108,NEWR,NEW RELIC INC,same month,2021-08
2021-08-01,84656,ALV,AUTOLIV INC,same month,2021-08
2021-08-01,90971,IRBT,IROBOT CORP,same month,2021-08
2021-08-01,92143,PRO,P R O S HOLDINGS INC,same month,2021-08
2021-08-01,14688,AMPH,AMPHASTAR PHARMACEUTICALS INC,same month,2021-08
2021-08-01,79491,WINA,WINMARK CORP,same month,2021-08
2021-08-01,90319,GOOGL,ALPHABET INC,same month,2021-08
2021-08-01,47466,NYT,NEW YORK TIMES CO,same month,2021-08
2021-08-01,87432,A,AGILENT TECHNOLOGIES INC,same month,2021-08
2021-08-01,83534,NBIX,NEUROCRINE BIOSCIENCES INC,same month,2021-08
2021-08-01,75828,EA,ELECTRONIC ARTS INC,same month,2021-08
2021-08-01,14521,TNET,TRINET GROUP INC,same month,2021-08
2021-08-01,13407,FB,FACEBOOK INC,same month,2021-08
2021-08-01,81116,VECO,VEECO INSTRUMENTS INC DEL,same month,2021-08
2021-08-01,14495,ATEN,A10 NETWORKS INC,same month,2021-08
2021-08-01,14547,PCTY,PAYLOCITY HOLDING CORP,same month,2021-08
2021-08-01,65365,MYE,MYERS INDUSTRIES INC,same month,2021-08
2021-08-01,76128,VICR,VICOR CORP,same month,2021-08
2021-08-01,79678,ATVI,ACTIVISION BLIZZARD INC,same month,2021-08
2021-08-01,11884,IPAR,INTERMEDIATE PARFUMS INC,same month,2021-08
2021-08-01,89828,UVSP,UNIVEST FINANCIAL CORP,same month,2021-08
2021-08-01,87078,MDRX,ALLSCRIPTS HEALTHCARE SOLNS INC,same month,2021-08
2021-08-01,84413,CERS,CERUS CORP,same month,2021-08
2021-08-01,48653,HUM,HUMANA INC,same month,2021-08
2021-08-01,91463,CVLT,COMMVAULT SYSTEMS INC,same month,2021-08
2021-08-01,64785,AGX,ARGAN INC,same month,2021-08
2021-08-01,10909,CERN,CERNER CORP,same month,2021-08
2021-08-01,13169,ZNGA,ZYNGA INC,same month,2021-08
2021-08-01,14231,VEEV,VEEVA SYSTEMS INC,same month,2021-08
2021-08-01,15729,PSTG,PURE STORAGE INC,same month,2021-08
2021-08-01,12493,QADA,QAD INC,same month,2021-08
2021-08-01,92635,NX,QUANEX BUILDING PRODUCTS CORP,same month,2021-08
2021-08-01,14213,MMI,MARCUS & MILLICHAP INC,same month,2021-08
2021-08-01,11775,JOUT,JOHNSON OUTDOORS INC,same month,2021-08
2021-08-01,43481,SXI,STANDEX INTERNATIONAL CORP,same month,2021-08
2021-08-01,88159,EXEL,EXELIXIS INC,same month,2021-08
2021-08-01,17944,TENB,TENABLE HOLDINGS INC,same month,2021-08
2021-08-01,89036,NTUS,NATUS MEDICAL INC,same month,2021-08
2021-08-01,87789,LMNX,LUMINEX CORP,carried forward from an earlier month,2021-07
2021-08-01,14707,RDUS,RADIUS HEALTH INC,same month,2021-08
2021-08-01,88446,ILMN,ILLUMINA INC,same month,2021-08
2021-08-01,83111,ALXN,ALEXION PHARMACEUTICALS INC,carried forward from an earlier month,2021-07
2021-08-01,17382,ZUO,ZUORA INC,same month,2021-08
2021-08-01,19312,UWMC,U W M HOLDINGS CORP,same month,2021-08
2021-08-01,19788,PLTR,PALANTIR TECHNOLOGIES INC,same month,2021-08
2021-08-01,19224,AEVA,AEVA TECHNOLOGIES INC,same month,2021-08
2021-08-01,19135,KPLT,KATAPULT HOLDINGS INC,same month,2021-08
2021-08-01,18852,BTRS,B T R S HOLDINGS INC,same month,2021-08
2021-08-01,13908,PFSI,PENNYMAC FINANCIAL SVCS INC NEW,same month,2021-08
2021-08-01,17036,CNNE,CANNAE HOLDINGS INC,same month,2021-08
2021-08-01,19599,QS,QUANTUMSCAPE CORP,same month,2021-08
2021-08-01,19497,LMND,LEMONADE INC,same month,2021-08
2021-08-01,17688,GSHD,GOOSEHEAD INSURANCE INC,same month,2021-08
2021-08-01,17787,EQH,EQUITABLE HOLDINGS INC,same month,2021-08
2021-08-01,14414,SC,SANTANDER CONSUMER USA HLDGS INC,same month,2021-08
2021-08-01,19577,RKT,ROCKET COMPANIES INC,same month,2021-08
2021-08-01,17907,NKLA,NIKOLA CORP,same month,2021-08
2021-08-01,15302,VIRT,VIRTU FINANCIAL INC,same month,2021-08
2021-08-01,19058,SI,SILVERGATE CAPITAL CORP,same month,2021-08
2021-08-01,14617,ARES,ARES MANAGEMENT CORP,same month,2021-08
2021-08-01,16964,SPCE,VIRGIN GALACTIC HOLDINGS INC,same month,2021-08
2021-08-01,18162,VLDR,VELODYNE LIDAR INC,same month,2021-08
2021-08-01,18580,FSLY,FASTLY INC,same month,2021-08
2021-08-01,19357,SLQT,SELECTQUOTE INC,same month,2021-08
2021-08-01,92775,TREE,LENDINGTREE INC,same month,2021-08
2021-08-01,15540,RILY,B RILEY FINANCIAL INC,same month,2021-08
2021-08-01,92108,BX,BLACKSTONE GROUP INC,same month,2021-08
2021-08-01,19862,ROOT,ROOT INC,same month,2021-08
2021-08-01,81593,COOP,MR COOPER GROUP INC,same month,2021-08
2021-08-01,18937,CHPT,CHARGEPOINT HOLDINGS INC,same month,2021-08
2021-08-01,57913,VXRT,VAXART INC,same month,2021-08
2021-08-01,19416,EOSE,EOS ENERGY ENTERPRISES INC,same month,2021-08
2021-08-01,14601,NAVI,NAVIENT CORP,same month,2021-08
2021-08-01,19500,GOCO,GOHEALTH INC,same month,2021-08
2021-08-01,13919,AMBC,AMBAC FINANCIAL GROUP INC,same month,2021-08
2021-08-01,89301,GME,GAMESTOP CORP NEW,same month,2021-08
2021-08-01,18361,PAYA,PAYA HOLDINGS INC,same month,2021-08
2021-08-01,14813,MARA,MARATHON DIGITAL HOLDINGS INC,same month,2021-08
2021-08-01,19404,FOUR,SHIFT4 PAYMENTS INC,same month,2021-08
2021-08-01,90978,SPWR,SUNPOWER CORP,same month,2021-08
2021-08-01,58683,LUV,SOUTHWEST AIRLINES CO,same month,2021-08
2021-08-01,20415,JEF,JEFFERIES FINANCIAL GROUP INC,same month,2021-08
2021-08-01,91926,DAL,DELTA AIR LINES INC,same month,2021-08
2021-08-01,19606,NUVB,NUVATION BIO INC,same month,2021-08
2021-08-01,91498,EHTH,EHEALTH INC,same month,2021-08
2021-08-01,18533,RMO,ROMEO POWER INC,same month,2021-08
2021-08-01,92213,RIOT,RIOT BLOCKCHAIN INC,same month,2021-08
2021-08-01,18835,DKNG,DRAFTKINGS INC,same month,2021-08
2021-08-01,86211,MSTR,MICROSTRATEGY INC,same month,2021-08
2021-08-01,83885,MVIS,MICROVISION INC WA,same month,2021-08
2021-08-01,77660,CACC,CREDIT ACCEPTANCE CORP,same month,2021-08
2021-08-01,88518,APPS,DIGITAL TURBINE INC,same month,2021-08
2021-08-01,18480,TW,TRADEWEB MARKETS INC,same month,2021-08
2021-08-01,21020,AAL,AMERICAN AIRLINES GROUP INC,same month,2021-08
2021-08-01,18558,GOEV,CANOO INC,same month,2021-08
2021-08-01,80169,AGM,FEDERAL AGRICULTURAL MORT CORP,same month,2021-08
2021-08-01,48506,MCO,MOODYS CORP,same month,2021-08
2021-08-01,18453,LAZR,LUMINAR TECHNOLOGIES INC,same month,2021-08
2021-08-01,15831,AXSM,AXSOME THERAPEUTICS INC,same month,2021-08
2021-08-01,89964,NNI,NELNET INC,same month,2021-08
2021-08-01,16140,TWLO,TWILIO INC,same month,2021-08
2021-08-01,16966,SWCH,SWITCH INC,same month,2021-08
2021-08-01,84734,FBC,FLAGSTAR BANCORP INC,same month,2021-08
2021-08-01,82670,TGTX,T G THERAPEUTICS INC,same month,2021-08
2021-08-01,12477,WD,WALKER & DUNLOP INC,same month,2021-08
2021-08-01,19542,ALXO,ALX ONCOLOGY HOLDINGS INC,same month,2021-08
2021-08-01,14432,ITCI,INTRA CELLULAR THERAPIES INC,same month,2021-08
2021-08-01,19331,MPLN,MULTIPLAN CORP,same month,2021-08
2021-08-01,91611,FSLR,FIRST SOLAR INC,same month,2021-08
2021-08-01,17045,ACMR,A C M RESEARCH INC,same month,2021-08
2021-08-01,77114,WRLD,WORLD ACCEPTANCE CORP,same month,2021-08
2021-08-01,89002,ADS,ALLIANCE DATA SYSTEMS CORP,same month,2021-08
2021-08-01,60186,OMI,OWENS & MINOR INC NEW,same month,2021-08
2021-08-01,19893,FUBO,FUBOTV INC,same month,2021-08
2021-08-01,15914,WKHS,WORKHORSE GROUP INC,same month,2021-08
2021-08-01,19576,RXT,RACKSPACE TECHNOLOGY INC,same month,2021-08
2021-08-01,77699,FCEL,FUELCELL ENERGY INC,same month,2021-08
2021-08-01,19196,PRCH,PORCH GROUP INC,same month,2021-08
2021-08-01,87337,PLUG,PLUG POWER INC,same month,2021-08
2021-08-01,16277,DFIN,DONNELLEY FINANCIAL SOL INC,same month,2021-08
2021-08-01,18184,FSR,FISKER INC,same month,2021-08
2021-08-01,18719,DM,DESKTOP METAL INC,same month,2021-08
2021-08-01,82779,NVAX,NOVAVAX INC,same month,2021-08
2021-08-01,15643,RUN,SUNRUN INC,same month,2021-08
2021-08-01,76856,FCFS,FIRSTCASH INC,same month,2021-08
2021-08-01,19032,VIR,VIR BIOTECHNOLOGY INC,same month,2021-08
2021-08-01,16068,RETA,REATA PHARMACEUTICALS INC,same month,2021-08
2021-08-01,13918,ARCT,ARCTURUS THERAPEUTICS HLDNGS INC,same month,2021-08
2021-08-01,19388,DNMR,DANIMER SCIENTIFIC INC,same month,2021-08
2021-08-01,17478,SPGI,S & P GLOBAL INC,same month,2021-08
2021-08-01,19605,OSH,OAK STREET HEALTH INC,same month,2021-08
2021-08-01,18539,HYLN,HYLIION HOLDINGS CORP,same month,2021-08
2021-08-01,16924,DCPH,DECIPHERA PHARMACEUTICALS INC,same month,2021-08
2021-08-01,15092,LC,LENDINGCLUB CORP,same month,2021-08
2021-08-01,40125,DXC,D X C TECHNOLOGY CO,same month,2021-08
2021-08-01,21207,NEM,NEWMONT CORP,same month,2021-08
2021-08-01,14960,ENVA,ENOVA INTERNATIONAL INC,same month,2021-08
2021-08-01,18312,MRNA,MODERNA INC,same month,2021-08
2021-08-01,20196,UPST,UPSTART HOLDINGS INC,same month,2021-08
2021-08-01,11990,KKR,K K R & CO INC,same month,2021-08
2021-08-01,20330,LTCH,LATCH INC,same month,2021-08
2021-08-01,75175,MBI,M B I A INC,same month,2021-08
2021-08-01,83443,BRKB,BERKSHIRE HATHAWAY INC DEL,same month,2021-08
2021-09-01,19200,SDGR,SCHRODINGER INC,same month,2021-09
2021-09-01,13316,VCRA,VOCERA COMMUNICATIONS INC,same month,2021-09
2021-09-01,85724,PRDO,PERDOCEO EDUCATION CORP,same month,2021-09
2021-09-01,88167,HSTM,HEALTHSTREAM INC,same month,2021-09
2021-09-01,90125,CORT,CORCEPT THERAPEUTICS INC,same month,2021-09
2021-09-01,89036,NTUS,NATUS MEDICAL INC,same month,2021-09
2021-09-01,13625,SSTK,SHUTTERSTOCK INC,same month,2021-09
2021-09-01,78756,OFIX,ORTHOFIX MEDICAL INC,same month,2021-09
2021-09-01,64961,NXGN,NEXTGEN HEALTHCARE INC,same month,2021-09
2021-09-01,91186,VNDA,VANDA PHARMACEUTICALS INC,same month,2021-09
2021-09-01,18011,SONO,SONOS INC,same month,2021-09
2021-09-01,41187,HE,HAWAIIAN ELECTRIC INDUSTRIES INC,same month,2021-09
2021-09-01,90177,ACAD,ACADIA PHARMACEUTICALS,same month,2021-09
2021-09-01,88352,ISRG,INTUITIVE SURGICAL INC,same month,2021-09
2021-09-01,13410,SUPN,SUPERNUS PHARMACEUTICALS INC,same month,2021-09
2021-09-01,86827,HSII,HEIDRICK & STRUGGLES INTL INC,same month,2021-09
2021-09-01,93264,IRWD,IRONWOOD PHARMACEUTICALS INC,same month,2021-09
2021-09-01,52708,LEN,LENNAR CORP,same month,2021-09
2021-09-01,14359,XNCR,XENCOR INC,same month,2021-09
2021-09-01,79906,INCY,INCYTE CORP,same month,2021-09
2021-09-01,14231,VEEV,VEEVA SYSTEMS INC,same month,2021-09
2021-09-01,88319,VC,VISTEON CORP,same month,2021-09
2021-09-01,91365,CSII,CARDIOVASCULAR SYSTEMS INC DEL,same month,2021-09
2021-09-01,16543,VREX,VAREX IMAGING CORP,same month,2021-09
2021-09-01,85002,SRPT,SAREPTA THERAPEUTICS INC,same month,2021-09
2021-09-01,75107,ABMD,ABIOMED INC,same month,2021-09
2021-09-01,12583,PCRX,PACIRA BIOSCIENCES INC,same month,2021-09
2021-09-01,54148,PHM,PULTE GROUP INC,same month,2021-09
2021-09-01,14707,RDUS,RADIUS HEALTH INC,same month,2021-09
2021-09-01,89781,MOH,MOLINA HEALTHCARE INC,same month,2021-09
2021-09-01,14688,AMPH,AMPHASTAR PHARMACEUTICALS INC,same month,2021-09
2021-09-01,84010,USNA,USANA HEALTH SCIENCES INC,same month,2021-09
2021-09-01,53074,MLAB,MESA LABORATORIES INC,same month,2021-09
2021-09-01,63125,AGYS,AGILYSYS INC,same month,2021-09
2021-09-01,88504,BRKR,BRUKER CORP,same month,2021-09
2021-09-01,11587,ATRI,ATRION CORP,same month,2021-09
2021-09-01,89179,ANTM,ANTHEM INC,same month,2021-09
2021-09-01,12266,CDMO,AVID BIOSERVICES INC,same month,2021-09
2021-09-01,30681,OMC,OMNICOM GROUP INC,same month,2021-09
2021-09-01,38659,GNTX,GENTEX CORP,same month,2021-09
2021-09-01,91503,LMAT,LEMAITRE VASCULAR INC,same month,2021-09
2021-09-01,75285,MAN,MANPOWERGROUP,same month,2021-09
2021-09-01,17382,ZUO,ZUORA INC,same month,2021-09
2021-09-01,91733,AVAV,AEROVIRONMENT INC,same month,2021-09
2021-09-01,84761,TTWO,TAKE TWO INTERACTIVE SOFTWR INC,same month,2021-09
2021-09-01,13318,YELP,YELP INC,same month,2021-09
2021-09-01,84385,NSP,INSPERITY INC,same month,2021-09
2021-09-01,88446,ILMN,ILLUMINA INC,same month,2021-09
2021-09-01,89792,CVCO,CAVCO INDUSTRIES INC DEL,same month,2021-09
2021-09-01,76744,VRTX,VERTEX PHARMACEUTICALS INC,same month,2021-09
2021-09-01,88159,EXEL,EXELIXIS INC,same month,2021-09
2021-09-01,72304,STAA,STAAR SURGICAL CO,same month,2021-09
2021-09-01,84656,ALV,AUTOLIV INC,same month,2021-09
2021-09-01,17876,DOMO,DOMO INC,same month,2021-09
2021-09-01,79491,WINA,WINMARK CORP,same month,2021-09
2021-09-01,14325,TNDM,TANDEM DIABETES CARE INC,same month,2021-09
2021-09-01,87432,A,AGILENT TECHNOLOGIES INC,same month,2021-09
2021-09-01,47466,NYT,NEW YORK TIMES CO,same month,2021-09
2021-09-01,79248,THRM,GENTHERM INC,same month,2021-09
2021-09-01,76128,VICR,VICOR CORP,same month,2021-09
2021-09-01,65365,MYE,MYERS INDUSTRIES INC,same month,2021-09
2021-09-01,83534,NBIX,NEUROCRINE BIOSCIENCES INC,same month,2021-09
2021-09-01,90319,GOOGL,ALPHABET INC,same month,2021-09
2021-09-01,48347,LZB,LA Z BOY INC,same month,2021-09
2021-09-01,89828,UVSP,UNIVEST FINANCIAL CORP,same month,2021-09
2021-09-01,10909,CERN,CERNER CORP,same month,2021-09
2021-09-01,91463,CVLT,COMMVAULT SYSTEMS INC,same month,2021-09
2021-09-01,75828,EA,ELECTRONIC ARTS INC,same month,2021-09
2021-09-01,81116,VECO,VEECO INSTRUMENTS INC DEL,same month,2021-09
2021-09-01,11884,IPAR,INTERMEDIATE PARFUMS INC,same month,2021-09
2021-09-01,13543,GMED,GLOBUS MEDICAL INC,same month,2021-09
2021-09-01,45306,IDCC,INTERDIGITAL INC,same month,2021-09
2021-09-01,79678,ATVI,ACTIVISION BLIZZARD INC,same month,2021-09
2021-09-01,90971,IRBT,IROBOT CORP,same month,2021-09
2021-09-01,14495,ATEN,A10 NETWORKS INC,same month,2021-09
2021-09-01,85889,SRDX,SURMODICS INC,same month,2021-09
2021-09-01,13407,FB,FACEBOOK INC,same month,2021-09
2021-09-01,87078,MDRX,ALLSCRIPTS HEALTHCARE SOLNS INC,same month,2021-09
2021-09-01,48653,HUM,HUMANA INC,same month,2021-09
2021-09-01,90436,HALO,HALOZYME THERAPEUTICS INC,same month,2021-09
2021-09-01,85914,BBY,BEST BUY COMPANY INC,same month,2021-09
2021-09-01,14521,TNET,TRINET GROUP INC,same month,2021-09
2021-09-01,64785,AGX,ARGAN INC,same month,2021-09
2021-09-01,92143,PRO,P R O S HOLDINGS INC,same month,2021-09
2021-09-01,43481,SXI,STANDEX INTERNATIONAL CORP,same month,2021-09
2021-09-01,11775,JOUT,JOHNSON OUTDOORS INC,same month,2021-09
2021-09-01,14213,MMI,MARCUS & MILLICHAP INC,same month,2021-09
2021-09-01,17944,TENB,TENABLE HOLDINGS INC,same month,2021-09
2021-09-01,12493,QADA,QAD INC,same month,2021-09
2021-09-01,92221,MELI,MERCADOLIBRE INC,same month,2021-09
2021-09-01,15046,NVRO,NEVRO CORP,same month,2021-09
2021-09-01,84413,CERS,CERUS CORP,same month,2021-09
2021-09-01,78876,CRY,CRYOLIFE INC,same month,2021-09
2021-09-01,90081,CUTR,CUTERA INC,same month,2021-09
2021-09-01,14803,HQY,HEALTHEQUITY INC,same month,2021-09
2021-09-01,20189,DASH,DOORDASH INC,same month,2021-09
2021-09-01,80054,MED,MEDIFAST INC,same month,2021-09
2021-09-01,49373,HRB,BLOCK H & R INC,same month,2021-09
2021-09-01,17093,MCB,METROPOLITAN BANK HOLDING CORP,same month,2021-09
2021-09-01,11896,MXIM,MAXIM INTEGRATED PRODUCTS INC,carried forward from an earlier month,2021-08
2021-09-01,20196,UPST,UPSTART HOLDINGS INC,same month,2021-09
2021-09-01,19312,UWMC,U W M HOLDINGS CORP,same month,2021-09
2021-09-01,19788,PLTR,PALANTIR TECHNOLOGIES INC,same month,2021-09
2021-09-01,19224,AEVA,AEVA TECHNOLOGIES INC,same month,2021-09
2021-09-01,18852,BTRS,B T R S HOLDINGS INC,same month,2021-09
2021-09-01,13908,PFSI,PENNYMAC FINANCIAL SVCS INC NEW,same month,2021-09
2021-09-01,11990,KKR,K K R & CO INC,same month,2021-09
2021-09-01,19497,LMND,LEMONADE INC,same month,2021-09
2021-09-01,17036,CNNE,CANNAE HOLDINGS INC,same month,2021-09
2021-09-01,19599,QS,QUANTUMSCAPE CORP,same month,2021-09
2021-09-01,19577,RKT,ROCKET COMPANIES INC,same month,2021-09
2021-09-01,19862,ROOT,ROOT INC,same month,2021-09
2021-09-01,15302,VIRT,VIRTU FINANCIAL INC,same month,2021-09
2021-09-01,17688,GSHD,GOOSEHEAD INSURANCE INC,same month,2021-09
2021-09-01,14414,SC,SANTANDER CONSUMER USA HLDGS INC,same month,2021-09
2021-09-01,16964,SPCE,VIRGIN GALACTIC HOLDINGS INC,same month,2021-09
2021-09-01,19058,SI,SILVERGATE CAPITAL CORP,same month,2021-09
2021-09-01,17787,EQH,EQUITABLE HOLDINGS INC,same month,2021-09
2021-09-01,17907,NKLA,NIKOLA CORP,same month,2021-09
2021-09-01,19357,SLQT,SELECTQUOTE INC,same month,2021-09
2021-09-01,20330,LTCH,LATCH INC,same month,2021-09
2021-09-01,18580,FSLY,FASTLY INC,same month,2021-09
2021-09-01,81593,COOP,MR COOPER GROUP INC,same month,2021-09
2021-09-01,18162,VLDR,VELODYNE LIDAR INC,same month,2021-09
2021-09-01,92775,TREE,LENDINGTREE INC,same month,2021-09
2021-09-01,14601,NAVI,NAVIENT CORP,same month,2021-09
2021-09-01,83443,BRKB,BERKSHIRE HATHAWAY INC DEL,same month,2021-09
2021-09-01,15540,RILY,B RILEY FINANCIAL INC,same month,2021-09
2021-09-01,92108,BX,BLACKSTONE INC,same month,2021-09
2021-09-01,14813,MARA,MARATHON DIGITAL HOLDINGS INC,same month,2021-09
2021-09-01,14617,ARES,ARES MANAGEMENT CORP,same month,2021-09
2021-09-01,20415,JEF,JEFFERIES FINANCIAL GROUP INC,same month,2021-09
2021-09-01,57913,VXRT,VAXART INC,same month,2021-09
2021-09-01,91926,DAL,DELTA AIR LINES INC,same month,2021-09
2021-09-01,18937,CHPT,CHARGEPOINT HOLDINGS INC,same month,2021-09
2021-09-01,86211,MSTR,MICROSTRATEGY INC,same month,2021-09
2021-09-01,83885,MVIS,MICROVISION INC WA,same month,2021-09
2021-09-01,92213,RIOT,RIOT BLOCKCHAIN INC,same month,2021-09
2021-09-01,18835,DKNG,DRAFTKINGS INC,same month,2021-09
2021-09-01,89301,GME,GAMESTOP CORP NEW,same month,2021-09
2021-09-01,19416,EOSE,EOS ENERGY ENTERPRISES INC,same month,2021-09
2021-09-01,88518,APPS,DIGITAL TURBINE INC,same month,2021-09
2021-09-01,18361,PAYA,PAYA HOLDINGS INC,same month,2021-09
2021-09-01,77660,CACC,CREDIT ACCEPTANCE CORP,same month,2021-09
2021-09-01,90978,SPWR,SUNPOWER CORP,same month,2021-09
2021-09-01,21020,AAL,AMERICAN AIRLINES GROUP INC,same month,2021-09
2021-09-01,91498,EHTH,EHEALTH INC,same month,2021-09
2021-09-01,19606,NUVB,NUVATION BIO INC,same month,2021-09
2021-09-01,19404,FOUR,SHIFT4 PAYMENTS INC,same month,2021-09
2021-09-01,16966,SWCH,SWITCH INC,same month,2021-09
2021-09-01,91611,FSLR,FIRST SOLAR INC,same month,2021-09
2021-09-01,48506,MCO,MOODYS CORP,same month,2021-09
2021-09-01,18480,TW,TRADEWEB MARKETS INC,same month,2021-09
2021-09-01,58683,LUV,SOUTHWEST AIRLINES CO,same month,2021-09
2021-09-01,18558,GOEV,CANOO INC,same month,2021-09
2021-09-01,84734,FBC,FLAGSTAR BANCORP INC,same month,2021-09
2021-09-01,89002,ADS,ALLIANCE DATA SYSTEMS CORP,same month,2021-09
2021-09-01,40125,DXC,D X C TECHNOLOGY CO,same month,2021-09
2021-09-01,89964,NNI,NELNET INC,same month,2021-09
2021-09-01,18453,LAZR,LUMINAR TECHNOLOGIES INC,same month,2021-09
2021-09-01,87337,PLUG,PLUG POWER INC,same month,2021-09
2021-09-01,19542,ALXO,ALX ONCOLOGY HOLDINGS INC,same month,2021-09
2021-09-01,19605,OSH,OAK STREET HEALTH INC,same month,2021-09
2021-09-01,77699,FCEL,FUELCELL ENERGY INC,same month,2021-09
2021-09-01,82670,TGTX,T G THERAPEUTICS INC,same month,2021-09
2021-09-01,14432,ITCI,INTRA CELLULAR THERAPIES INC,same month,2021-09
2021-09-01,19576,RXT,RACKSPACE TECHNOLOGY INC,same month,2021-09
2021-09-01,15643,RUN,SUNRUN INC,same month,2021-09
2021-09-01,12477,WD,WALKER & DUNLOP INC,same month,2021-09
2021-09-01,15914,WKHS,WORKHORSE GROUP INC,same month,2021-09
2021-09-01,13918,ARCT,ARCTURUS THERAPEUTICS HLDNGS INC,same month,2021-09
2021-09-01,19893,FUBO,FUBOTV INC,same month,2021-09
2021-09-01,15831,AXSM,AXSOME THERAPEUTICS INC,same month,2021-09
2021-09-01,80169,AGM,FEDERAL AGRICULTURAL MORT CORP,same month,2021-09
2021-09-01,19331,MPLN,MULTIPLAN CORP,same month,2021-09
2021-09-01,77114,WRLD,WORLD ACCEPTANCE CORP,same month,2021-09
2021-09-01,18184,FSR,FISKER INC,same month,2021-09
2021-09-01,16277,DFIN,DONNELLEY FINANCIAL SOL INC,same month,2021-09
2021-09-01,60186,OMI,OWENS & MINOR INC NEW,same month,2021-09
2021-09-01,19196,PRCH,PORCH GROUP INC,same month,2021-09
2021-09-01,19388,DNMR,DANIMER SCIENTIFIC INC,same month,2021-09
2021-09-01,18312,MRNA,MODERNA INC,same month,2021-09
2021-09-01,82779,NVAX,NOVAVAX INC,same month,2021-09
2021-09-01,18719,DM,DESKTOP METAL INC,same month,2021-09
2021-09-01,19032,VIR,VIR BIOTECHNOLOGY INC,same month,2021-09
2021-09-01,15092,LC,LENDINGCLUB CORP,same month,2021-09
2021-09-01,16068,RETA,REATA PHARMACEUTICALS INC,same month,2021-09
2021-09-01,16924,DCPH,DECIPHERA PHARMACEUTICALS INC,same month,2021-09
2021-09-01,21207,NEM,NEWMONT CORP,same month,2021-09
2021-09-01,17478,SPGI,S & P GLOBAL INC,same month,2021-09
2021-09-01,76856,FCFS,FIRSTCASH INC,same month,2021-09
2021-09-01,17045,ACMR,A C M RESEARCH INC,same month,2021-09
2021-09-01,18539,HYLN,HYLIION HOLDINGS CORP,same month,2021-09
2021-09-01,20345,XM,QUALTRICS INTERNATIONAL INC,same month,2021-09
2021-09-01,20339,AFRM,AFFIRM HOLDINGS INC,same month,2021-09
2021-09-01,16382,COUP,COUPA SOFTWARE INC,same month,2021-09
2021-09-01,20333,WISH,CONTEXTLOGIC INC,same month,2021-09
2021-09-01,88468,SPRT,SUPPORT COM INC,same month,2021-09
2021-09-01,18958,OPRT,OPORTUN FINANCIAL CORP,same month,2021-09
2021-09-01,91103,UAL,UNITED AIRLINES HOLDINGS INC,same month,2021-09
2021-10-01,90081,CUTR,CUTERA INC,same month,2021-10
2021-10-01,19200,SDGR,SCHRODINGER INC,same month,2021-10
2021-10-01,91186,VNDA,VANDA PHARMACEUTICALS INC,same month,2021-10
2021-10-01,78756,OFIX,ORTHOFIX MEDICAL INC,same month,2021-10
2021-10-01,89036,NTUS,NATUS MEDICAL INC,same month,2021-10
2021-10-01,90125,CORT,CORCEPT THERAPEUTICS INC,same month,2021-10
2021-10-01,85724,PRDO,PERDOCEO EDUCATION CORP,same month,2021-10
2021-10-01,88167,HSTM,HEALTHSTREAM INC,same month,2021-10
2021-10-01,13316,VCRA,VOCERA COMMUNICATIONS INC,same month,2021-10
2021-10-01,64961,NXGN,NEXTGEN HEALTHCARE INC,same month,2021-10
2021-10-01,13625,SSTK,SHUTTERSTOCK INC,same month,2021-10
2021-10-01,41187,HE,HAWAIIAN ELECTRIC INDUSTRIES INC,same month,2021-10
2021-10-01,90177,ACAD,ACADIA PHARMACEUTICALS,same month,2021-10
2021-10-01,18011,SONO,SONOS INC,same month,2021-10
2021-10-01,13410,SUPN,SUPERNUS PHARMACEUTICALS INC,same month,2021-10
2021-10-01,14359,XNCR,XENCOR INC,same month,2021-10
2021-10-01,16543,VREX,VAREX IMAGING CORP,same month,2021-10
2021-10-01,52708,LEN,LENNAR CORP,same month,2021-10
2021-10-01,13318,YELP,YELP INC,same month,2021-10
2021-10-01,12583,PCRX,PACIRA BIOSCIENCES INC,same month,2021-10
2021-10-01,91365,CSII,CARDIOVASCULAR SYSTEMS INC DEL,same month,2021-10
2021-10-01,86827,HSII,HEIDRICK & STRUGGLES INTL INC,same month,2021-10
2021-10-01,88352,ISRG,INTUITIVE SURGICAL INC,same month,2021-10
2021-10-01,88159,EXEL,EXELIXIS INC,same month,2021-10
2021-10-01,93264,IRWD,IRONWOOD PHARMACEUTICALS INC,same month,2021-10
2021-10-01,14231,VEEV,VEEVA SYSTEMS INC,same month,2021-10
2021-10-01,88319,VC,VISTEON CORP,same month,2021-10
2021-10-01,11587,ATRI,ATRION CORP,same month,2021-10
2021-10-01,54148,PHM,PULTE GROUP INC,same month,2021-10
2021-10-01,84010,USNA,USANA HEALTH SCIENCES INC,same month,2021-10
2021-10-01,14688,AMPH,AMPHASTAR PHARMACEUTICALS INC,same month,2021-10
2021-10-01,78876,CRY,CRYOLIFE INC,same month,2021-10
2021-10-01,12493,QADA,QAD INC,same month,2021-10
2021-10-01,63125,AGYS,AGILYSYS INC,same month,2021-10
2021-10-01,76744,VRTX,VERTEX PHARMACEUTICALS INC,same month,2021-10
2021-10-01,30681,OMC,OMNICOM GROUP INC,same month,2021-10
2021-10-01,64785,AGX,ARGAN INC,same month,2021-10
2021-10-01,91503,LMAT,LEMAITRE VASCULAR INC,same month,2021-10
2021-10-01,75285,MAN,MANPOWERGROUP,same month,2021-10
2021-10-01,17382,ZUO,ZUORA INC,same month,2021-10
2021-10-01,79906,INCY,INCYTE CORP,same month,2021-10
2021-10-01,89781,MOH,MOLINA HEALTHCARE INC,same month,2021-10
2021-10-01,75107,ABMD,ABIOMED INC,same month,2021-10
2021-10-01,38659,GNTX,GENTEX CORP,same month,2021-10
2021-10-01,65365,MYE,MYERS INDUSTRIES INC,same month,2021-10
2021-10-01,80054,MED,MEDIFAST INC,same month,2021-10
2021-10-01,88446,ILMN,ILLUMINA INC,same month,2021-10
2021-10-01,84385,NSP,INSPERITY INC,same month,2021-10
2021-10-01,20189,DASH,DOORDASH INC,same month,2021-10
2021-10-01,47466,NYT,NEW YORK TIMES CO,same month,2021-10
2021-10-01,84656,ALV,AUTOLIV INC,same month,2021-10
2021-10-01,88504,BRKR,BRUKER CORP,same month,2021-10
2021-10-01,79248,THRM,GENTHERM INC,same month,2021-10
2021-10-01,48347,LZB,LA Z BOY INC,same month,2021-10
2021-10-01,79491,WINA,WINMARK CORP,same month,2021-10
2021-10-01,84761,TTWO,TAKE TWO INTERACTIVE SOFTWR INC,same month,2021-10
2021-10-01,89179,ANTM,ANTHEM INC,same month,2021-10
2021-10-01,49373,HRB,BLOCK H & R INC,same month,2021-10
2021-10-01,10909,CERN,CERNER CORP,same month,2021-10
2021-10-01,87432,A,AGILENT TECHNOLOGIES INC,same month,2021-10
2021-10-01,13407,FB,FACEBOOK INC,same month,2021-10
2021-10-01,89828,UVSP,UNIVEST FINANCIAL CORP,same month,2021-10
2021-10-01,90436,HALO,HALOZYME THERAPEUTICS INC,same month,2021-10
2021-10-01,11884,IPAR,INTERMEDIATE PARFUMS INC,same month,2021-10
2021-10-01,83534,NBIX,NEUROCRINE BIOSCIENCES INC,same month,2021-10
2021-10-01,84413,CERS,CERUS CORP,same month,2021-10
2021-10-01,90319,GOOGL,ALPHABET INC,same month,2021-10
2021-10-01,14495,ATEN,A10 NETWORKS INC,same month,2021-10
2021-10-01,91463,CVLT,COMMVAULT SYSTEMS INC,same month,2021-10
2021-10-01,85002,SRPT,SAREPTA THERAPEUTICS INC,same month,2021-10
2021-10-01,17093,MCB,METROPOLITAN BANK HOLDING CORP,same month,2021-10
2021-10-01,76128,VICR,VICOR CORP,same month,2021-10
2021-10-01,81116,VECO,VEECO INSTRUMENTS INC DEL,same month,2021-10
2021-10-01,79678,ATVI,ACTIVISION BLIZZARD INC,same month,2021-10
2021-10-01,15046,NVRO,NEVRO CORP,same month,2021-10
2021-10-01,14803,HQY,HEALTHEQUITY INC,same month,2021-10
2021-10-01,14213,MMI,MARCUS & MILLICHAP INC,same month,2021-10
2021-10-01,17876,DOMO,DOMO INC,same month,2021-10
2021-10-01,48653,HUM,HUMANA INC,same month,2021-10
2021-10-01,53074,MLAB,MESA LABORATORIES INC,same month,2021-10
2021-10-01,17944,TENB,TENABLE HOLDINGS INC,same month,2021-10
2021-10-01,43481,SXI,STANDEX INTERNATIONAL CORP,same month,2021-10
2021-10-01,13543,GMED,GLOBUS MEDICAL INC,same month,2021-10
2021-10-01,72304,STAA,STAAR SURGICAL CO,same month,2021-10
2021-10-01,89792,CVCO,CAVCO INDUSTRIES INC DEL,same month,2021-10
2021-10-01,11775,JOUT,JOHNSON OUTDOORS INC,same month,2021-10
2021-10-01,45306,IDCC,INTERDIGITAL INC,same month,2021-10
2021-10-01,87078,MDRX,ALLSCRIPTS HEALTHCARE SOLNS INC,same month,2021-10
2021-10-01,92221,MELI,MERCADOLIBRE INC,same month,2021-10
2021-10-01,85914,BBY,BEST BUY COMPANY INC,same month,2021-10
2021-10-01,14521,TNET,TRINET GROUP INC,same month,2021-10
2021-10-01,75828,EA,ELECTRONIC ARTS INC,same month,2021-10
2021-10-01,92143,PRO,P R O S HOLDINGS INC,same month,2021-10
2021-10-01,12266,CDMO,AVID BIOSERVICES INC,same month,2021-10
2021-10-01,14694,GPRO,GOPRO INC,same month,2021-10
2021-10-01,14554,TWOU,2 U INC,same month,2021-10
2021-10-01,13777,AMSWA,AMERICAN SOFTWARE INC,same month,2021-10
2021-10-01,75070,INT,WORLD FUEL SERVICES CORP,same month,2021-10
2021-10-01,62033,RAVN,RAVEN INDUSTRIES INC,same month,2021-10
2021-10-01,89031,AXON,AXON ENTERPRISE INC,same month,2021-10
2021-10-01,20196,UPST,UPSTART HOLDINGS INC,same month,2021-10
2021-10-01,19788,PLTR,PALANTIR TECHNOLOGIES INC,same month,2021-10
2021-10-01,19312,UWMC,U W M HOLDINGS CORP,same month,2021-10
2021-10-01,19224,AEVA,AEVA TECHNOLOGIES INC,same month,2021-10
2021-10-01,18852,BTRS,B T R S HOLDINGS INC,same month,2021-10
2021-10-01,19577,RKT,ROCKET COMPANIES INC,same month,2021-10
2021-10-01,11990,KKR,K K R & CO INC,same month,2021-10
2021-10-01,13908,PFSI,PENNYMAC FINANCIAL SVCS INC NEW,same month,2021-10
2021-10-01,15302,VIRT,VIRTU FINANCIAL INC,same month,2021-10
2021-10-01,20345,XM,QUALTRICS INTERNATIONAL INC,same month,2021-10
2021-10-01,17036,CNNE,CANNAE HOLDINGS INC,same month,2021-10
2021-10-01,20339,AFRM,AFFIRM HOLDINGS INC,same month,2021-10
2021-10-01,19862,ROOT,ROOT INC,same month,2021-10
2021-10-01,19497,LMND,LEMONADE INC,same month,2021-10
2021-10-01,16964,SPCE,VIRGIN GALACTIC HOLDINGS INC,same month,2021-10
2021-10-01,14601,NAVI,NAVIENT CORP,same month,2021-10
2021-10-01,81593,COOP,MR COOPER GROUP INC,same month,2021-10
2021-10-01,14414,SC,SANTANDER CONSUMER USA HLDGS INC,same month,2021-10
2021-10-01,19058,SI,SILVERGATE CAPITAL CORP,same month,2021-10
2021-10-01,17688,GSHD,GOOSEHEAD INSURANCE INC,same month,2021-10
2021-10-01,17907,NKLA,NIKOLA CORP,same month,2021-10
2021-10-01,18580,FSLY,FASTLY INC,same month,2021-10
2021-10-01,20330,LTCH,LATCH INC,same month,2021-10
2021-10-01,16382,COUP,COUPA SOFTWARE INC,same month,2021-10
2021-10-01,19599,QS,QUANTUMSCAPE CORP,same month,2021-10
2021-10-01,20333,WISH,CONTEXTLOGIC INC,same month,2021-10
2021-10-01,14813,MARA,MARATHON DIGITAL HOLDINGS INC,same month,2021-10
2021-10-01,91103,UAL,UNITED AIRLINES HOLDINGS INC,same month,2021-10
2021-10-01,92775,TREE,LENDINGTREE INC,same month,2021-10
2021-10-01,18162,VLDR,VELODYNE LIDAR INC,same month,2021-10
2021-10-01,86211,MSTR,MICROSTRATEGY INC,same month,2021-10
2021-10-01,91926,DAL,DELTA AIR LINES INC,same month,2021-10
2021-10-01,83885,MVIS,MICROVISION INC WA,same month,2021-10
2021-10-01,19357,SLQT,SELECTQUOTE INC,same month,2021-10
2021-10-01,57913,VXRT,VAXART INC,same month,2021-10
2021-10-01,91611,FSLR,FIRST SOLAR INC,same month,2021-10
2021-10-01,88518,APPS,DIGITAL TURBINE INC,same month,2021-10
2021-10-01,92213,RIOT,RIOT BLOCKCHAIN INC,same month,2021-10
2021-10-01,83443,BRKB,BERKSHIRE HATHAWAY INC DEL,same month,2021-10
2021-10-01,15540,RILY,B RILEY FINANCIAL INC,same month,2021-10
2021-10-01,17787,EQH,EQUITABLE HOLDINGS INC,same month,2021-10
2021-10-01,91498,EHTH,EHEALTH INC,same month,2021-10
2021-10-01,18835,DKNG,DRAFTKINGS INC,same month,2021-10
2021-10-01,18937,CHPT,CHARGEPOINT HOLDINGS INC,same month,2021-10
2021-10-01,77660,CACC,CREDIT ACCEPTANCE CORP,same month,2021-10
2021-10-01,19606,NUVB,NUVATION BIO INC,same month,2021-10
2021-10-01,18361,PAYA,PAYA HOLDINGS INC,same month,2021-10
2021-10-01,20415,JEF,JEFFERIES FINANCIAL GROUP INC,same month,2021-10
2021-10-01,19576,RXT,RACKSPACE TECHNOLOGY INC,same month,2021-10
2021-10-01,21020,AAL,AMERICAN AIRLINES GROUP INC,same month,2021-10
2021-10-01,19416,EOSE,EOS ENERGY ENTERPRISES INC,same month,2021-10
2021-10-01,90978,SPWR,SUNPOWER CORP,same month,2021-10
2021-10-01,92108,BX,BLACKSTONE INC,same month,2021-10
2021-10-01,89301,GME,GAMESTOP CORP NEW,same month,2021-10
2021-10-01,19605,OSH,OAK STREET HEALTH INC,same month,2021-10
2021-10-01,19404,FOUR,SHIFT4 PAYMENTS INC,same month,2021-10
2021-10-01,14432,ITCI,INTRA CELLULAR THERAPIES INC,same month,2021-10
2021-10-01,89002,ADS,ALLIANCE DATA SYSTEMS CORP,same month,2021-10
2021-10-01,48506,MCO,MOODYS CORP,same month,2021-10
2021-10-01,16966,SWCH,SWITCH INC,same month,2021-10
2021-10-01,14617,ARES,ARES MANAGEMENT CORP,same month,2021-10
2021-10-01,18480,TW,TRADEWEB MARKETS INC,same month,2021-10
2021-10-01,18558,GOEV,CANOO INC,same month,2021-10
2021-10-01,40125,DXC,D X C TECHNOLOGY CO,same month,2021-10
2021-10-01,87337,PLUG,PLUG POWER INC,same month,2021-10
2021-10-01,12477,WD,WALKER & DUNLOP INC,same month,2021-10
2021-10-01,84734,FBC,FLAGSTAR BANCORP INC,same month,2021-10
2021-10-01,82670,TGTX,T G THERAPEUTICS INC,same month,2021-10
2021-10-01,15643,RUN,SUNRUN INC,same month,2021-10
2021-10-01,77699,FCEL,FUELCELL ENERGY INC,same month,2021-10
2021-10-01,18312,MRNA,MODERNA INC,same month,2021-10
2021-10-01,19542,ALXO,ALX ONCOLOGY HOLDINGS INC,same month,2021-10
2021-10-01,13918,ARCT,ARCTURUS THERAPEUTICS HLDNGS INC,same month,2021-10
2021-10-01,19893,FUBO,FUBOTV INC,same month,2021-10
2021-10-01,19331,MPLN,MULTIPLAN CORP,same month,2021-10
2021-10-01,89964,NNI,NELNET INC,same month,2021-10
2021-10-01,18453,LAZR,LUMINAR TECHNOLOGIES INC,same month,2021-10
2021-10-01,18184,FSR,FISKER INC,same month,2021-10
2021-10-01,80169,AGM,FEDERAL AGRICULTURAL MORT CORP,same month,2021-10
2021-10-01,19032,VIR,VIR BIOTECHNOLOGY INC,same month,2021-10
2021-10-01,21207,NEM,NEWMONT CORP,same month,2021-10
2021-10-01,15831,AXSM,AXSOME THERAPEUTICS INC,same month,2021-10
2021-10-01,15914,WKHS,WORKHORSE GROUP INC,same month,2021-10
2021-10-01,19388,DNMR,DANIMER SCIENTIFIC INC,same month,2021-10
2021-10-01,58683,LUV,SOUTHWEST AIRLINES CO,same month,2021-10
2021-10-01,82779,NVAX,NOVAVAX INC,same month,2021-10
2021-10-01,77114,WRLD,WORLD ACCEPTANCE CORP,same month,2021-10
2021-10-01,15092,LC,LENDINGCLUB CORP,same month,2021-10
2021-10-01,16277,DFIN,DONNELLEY FINANCIAL SOL INC,same month,2021-10
2021-10-01,19196,PRCH,PORCH GROUP INC,same month,2021-10
2021-10-01,18719,DM,DESKTOP METAL INC,same month,2021-10
2021-10-01,16924,DCPH,DECIPHERA PHARMACEUTICALS INC,same month,2021-10
2021-10-01,17045,ACMR,A C M RESEARCH INC,same month,2021-10
2021-10-01,20599,SMRT,SMARTRENT INC,same month,2021-10
2021-10-01,19295,IRNT,IRONNET INC,same month,2021-10
2021-10-01,20646,OSCR,OSCAR HEALTH INC,same month,2021-10
2021-10-01,76722,STFC,STATE AUTO FINANCIAL CORP,same month,2021-10
2021-10-01,75175,MBI,M B I A INC,same month,2021-10
2021-10-01,19454,ETWO,E2OPEN PARENT HOLDINGS INC,same month,2021-10
2021-10-01,19835,ASTR,ASTRA SPACE INC,same month,2021-10
2021-11-01,90081,CUTR,CUTERA INC,same month,2021-11
2021-11-01,91186,VNDA,VANDA PHARMACEUTICALS INC,same month,2021-11
2021-11-01,91365,CSII,CARDIOVASCULAR SYSTEMS INC DEL,same month,2021-11
2021-11-01,78756,OFIX,ORTHOFIX MEDICAL INC,same month,2021-11
2021-11-01,89036,NTUS,NATUS MEDICAL INC,same month,2021-11
2021-11-01,90177,ACAD,ACADIA PHARMACEUTICALS,same month,2021-11
2021-11-01,85724,PRDO,PERDOCEO EDUCATION CORP,same month,2021-11
2021-11-01,41187,HE,HAWAIIAN ELECTRIC INDUSTRIES INC,same month,2021-11
2021-11-01,75070,INT,WORLD FUEL SERVICES CORP,same month,2021-11
2021-11-01,13625,SSTK,SHUTTERSTOCK INC,same month,2021-11
2021-11-01,88167,HSTM,HEALTHSTREAM INC,same month,2021-11
2021-11-01,14554,TWOU,2 U INC,same month,2021-11
2021-11-01,52708,LEN,LENNAR CORP,same month,2021-11
2021-11-01,14359,XNCR,XENCOR INC,same month,2021-11
2021-11-01,16543,VREX,VAREX IMAGING CORP,same month,2021-11
2021-11-01,14694,GPRO,GOPRO INC,same month,2021-11
2021-11-01,88159,EXEL,EXELIXIS INC,same month,2021-11
2021-11-01,18011,SONO,SONOS INC,same month,2021-11
2021-11-01,19200,SDGR,SCHRODINGER INC,same month,2021-11
2021-11-01,13777,AMSWA,AMERICAN SOFTWARE INC,same month,2021-11
2021-11-01,88352,ISRG,INTUITIVE SURGICAL INC,same month,2021-11
2021-11-01,13318,YELP,YELP INC,same month,2021-11
2021-11-01,11587,ATRI,ATRION CORP,same month,2021-11
2021-11-01,14688,AMPH,AMPHASTAR PHARMACEUTICALS INC,same month,2021-11
2021-11-01,14231,VEEV,VEEVA SYSTEMS INC,same month,2021-11
2021-11-01,90125,CORT,CORCEPT THERAPEUTICS INC,same month,2021-11
2021-11-01,54148,PHM,PULTE GROUP INC,same month,2021-11
2021-11-01,86827,HSII,HEIDRICK & STRUGGLES INTL INC,same month,2021-11
2021-11-01,62033,RAVN,RAVEN INDUSTRIES INC,same month,2021-11
2021-11-01,78876,CRY,CRYOLIFE INC,same month,2021-11
2021-11-01,84413,CERS,CERUS CORP,same month,2021-11
2021-11-01,65365,MYE,MYERS INDUSTRIES INC,same month,2021-11
2021-11-01,12493,QADA,QAD INC,same month,2021-11
2021-11-01,91503,LMAT,LEMAITRE VASCULAR INC,same month,2021-11
2021-11-01,20189,DASH,DOORDASH INC,same month,2021-11
2021-11-01,79491,WINA,WINMARK CORP,same month,2021-11
2021-11-01,76744,VRTX,VERTEX PHARMACEUTICALS INC,same month,2021-11
2021-11-01,93264,IRWD,IRONWOOD PHARMACEUTICALS INC,same month,2021-11
2021-11-01,89781,MOH,MOLINA HEALTHCARE INC,same month,2021-11
2021-11-01,79906,INCY,INCYTE CORP,same month,2021-11
2021-11-01,75285,MAN,MANPOWERGROUP,same month,2021-11
2021-11-01,47466,NYT,NEW YORK TIMES CO,same month,2021-11
2021-11-01,80054,MED,MEDIFAST INC,same month,2021-11
2021-11-01,30681,OMC,OMNICOM GROUP INC,same month,2021-11
2021-11-01,89031,AXON,AXON ENTERPRISE INC,same month,2021-11
2021-11-01,88446,ILMN,ILLUMINA INC,same month,2021-11
2021-11-01,84010,USNA,USANA HEALTH SCIENCES INC,same month,2021-11
2021-11-01,84385,NSP,INSPERITY INC,same month,2021-11
2021-11-01,17944,TENB,TENABLE HOLDINGS INC,same month,2021-11
2021-11-01,13316,VCRA,VOCERA COMMUNICATIONS INC,same month,2021-11
2021-11-01,79248,THRM,GENTHERM INC,same month,2021-11
2021-11-01,76128,VICR,VICOR CORP,same month,2021-11
2021-11-01,17382,ZUO,ZUORA INC,same month,2021-11
2021-11-01,88504,BRKR,BRUKER CORP,same month,2021-11
2021-11-01,48347,LZB,LA Z BOY INC,same month,2021-11
2021-11-01,12583,PCRX,PACIRA BIOSCIENCES INC,same month,2021-11
2021-11-01,13407,FB,FACEBOOK INC,same month,2021-11
2021-11-01,64961,NXGN,NEXTGEN HEALTHCARE INC,same month,2021-11
2021-11-01,87432,A,AGILENT TECHNOLOGIES INC,same month,2021-11
2021-11-01,75107,ABMD,ABIOMED INC,same month,2021-11
2021-11-01,89828,UVSP,UNIVEST FINANCIAL CORP,same month,2021-11
2021-11-01,83534,NBIX,NEUROCRINE BIOSCIENCES INC,same month,2021-11
2021-11-01,14495,ATEN,A10 NETWORKS INC,same month,2021-11
2021-11-01,17093,MCB,METROPOLITAN BANK HOLDING CORP,same month,2021-11
2021-11-01,15046,NVRO,NEVRO CORP,same month,2021-11
2021-11-01,14213,MMI,MARCUS & MILLICHAP INC,same month,2021-11
2021-11-01,81116,VECO,VEECO INSTRUMENTS INC DEL,same month,2021-11
2021-11-01,10909,CERN,CERNER CORP,same month,2021-11
2021-11-01,79678,ATVI,ACTIVISION BLIZZARD INC,same month,2021-11
2021-11-01,90319,GOOGL,ALPHABET INC,same month,2021-11
2021-11-01,13410,SUPN,SUPERNUS PHARMACEUTICALS INC,same month,2021-11
2021-11-01,11775,JOUT,JOHNSON OUTDOORS INC,same month,2021-11
2021-11-01,53074,MLAB,MESA LABORATORIES INC,same month,2021-11
2021-11-01,49373,HRB,BLOCK H & R INC,same month,2021-11
2021-11-01,14803,HQY,HEALTHEQUITY INC,same month,2021-11
2021-11-01,48653,HUM,HUMANA INC,same month,2021-11
2021-11-01,17876,DOMO,DOMO INC,same month,2021-11
2021-11-01,89179,ANTM,ANTHEM INC,same month,2021-11
2021-11-01,43481,SXI,STANDEX INTERNATIONAL CORP,same month,2021-11
2021-11-01,38659,GNTX,GENTEX CORP,same month,2021-11
2021-11-01,72304,STAA,STAAR SURGICAL CO,same month,2021-11
2021-11-01,11884,IPAR,INTERMEDIATE PARFUMS INC,same month,2021-11
2021-11-01,91463,CVLT,COMMVAULT SYSTEMS INC,same month,2021-11
2021-11-01,14521,TNET,TRINET GROUP INC,same month,2021-11
2021-11-01,92221,MELI,MERCADOLIBRE INC,same month,2021-11
2021-11-01,63125,AGYS,AGILYSYS INC,same month,2021-11
2021-11-01,84761,TTWO,TAKE TWO INTERACTIVE SOFTWR INC,same month,2021-11
2021-11-01,88319,VC,VISTEON CORP,same month,2021-11
2021-11-01,90436,HALO,HALOZYME THERAPEUTICS INC,same month,2021-11
2021-11-01,92143,PRO,P R O S HOLDINGS INC,same month,2021-11
2021-11-01,89792,CVCO,CAVCO INDUSTRIES INC DEL,same month,2021-11
2021-11-01,13543,GMED,GLOBUS MEDICAL INC,same month,2021-11
2021-11-01,45306,IDCC,INTERDIGITAL INC,same month,2021-11
2021-11-01,20659,VZIO,VIZIO HOLDING CORP,same month,2021-11
2021-11-01,14459,INGN,INOGEN INC,same month,2021-11
2021-11-01,17799,INSP,INSPIRE MEDICAL SYSTEMS INC,same month,2021-11
2021-11-01,90856,ATRC,ATRICURE INC,same month,2021-11
2021-11-01,86822,EXTR,EXTREME NETWORKS INC,same month,2021-11
2021-11-01,89572,CEVA,CEVA INC,same month,2021-11
2021-11-01,77629,USPH,U S PHYSICAL THERAPY INC,same month,2021-11
2021-11-01,20196,UPST,UPSTART HOLDINGS INC,same month,2021-11
2021-11-01,19312,UWMC,U W M HOLDINGS CORP,same month,2021-11
2021-11-01,19788,PLTR,PALANTIR TECHNOLOGIES INC,same month,2021-11
2021-11-01,19577,RKT,ROCKET COMPANIES INC,same month,2021-11
2021-11-01,20599,SMRT,SMARTRENT INC,same month,2021-11
2021-11-01,11990,KKR,K K R & CO INC,same month,2021-11
2021-11-01,15302,VIRT,VIRTU FINANCIAL INC,same month,2021-11
2021-11-01,20646,OSCR,OSCAR HEALTH INC,same month,2021-11
2021-11-01,19295,IRNT,IRONNET INC,same month,2021-11
2021-11-01,19224,AEVA,AEVA TECHNOLOGIES INC,same month,2021-11
2021-11-01,13908,PFSI,PENNYMAC FINANCIAL SVCS INC NEW,same month,2021-11
2021-11-01,76722,STFC,STATE AUTO FINANCIAL CORP,same month,2021-11
2021-11-01,18852,BTRS,B T R S HOLDINGS INC,same month,2021-11
2021-11-01,14601,NAVI,NAVIENT CORP,same month,2021-11
2021-11-01,20345,XM,QUALTRICS INTERNATIONAL INC,same month,2021-11
2021-11-01,19835,ASTR,ASTRA SPACE INC,same month,2021-11
2021-11-01,18580,FSLY,FASTLY INC,same month,2021-11
2021-11-01,20339,AFRM,AFFIRM HOLDINGS INC,same month,2021-11
2021-11-01,17688,GSHD,GOOSEHEAD INSURANCE INC,same month,2021-11
2021-11-01,75175,MBI,M B I A INC,same month,2021-11
2021-11-01,16382,COUP,COUPA SOFTWARE INC,same month,2021-11
2021-11-01,81593,COOP,MR COOPER GROUP INC,same month,2021-11
2021-11-01,17907,NKLA,NIKOLA CORP,same month,2021-11
2021-11-01,17036,CNNE,CANNAE HOLDINGS INC,same month,2021-11
2021-11-01,14813,MARA,MARATHON DIGITAL HOLDINGS INC,same month,2021-11
2021-11-01,18162,VLDR,VELODYNE LIDAR INC,same month,2021-11
2021-11-01,19454,ETWO,E2OPEN PARENT HOLDINGS INC,same month,2021-11
2021-11-01,19497,LMND,LEMONADE INC,same month,2021-11
2021-11-01,14414,SC,SANTANDER CONSUMER USA HLDGS INC,same month,2021-11
2021-11-01,16964,SPCE,VIRGIN GALACTIC HOLDINGS INC,same month,2021-11
2021-11-01,15540,RILY,B RILEY FINANCIAL INC,same month,2021-11
2021-11-01,91611,FSLR,FIRST SOLAR INC,same month,2021-11
2021-11-01,20330,LTCH,LATCH INC,same month,2021-11
2021-11-01,20333,WISH,CONTEXTLOGIC INC,same month,2021-11
2021-11-01,91498,EHTH,EHEALTH INC,same month,2021-11
2021-11-01,86211,MSTR,MICROSTRATEGY INC,same month,2021-11
2021-11-01,19576,RXT,RACKSPACE TECHNOLOGY INC,same month,2021-11
2021-11-01,91103,UAL,UNITED AIRLINES HOLDINGS INC,same month,2021-11
2021-11-01,19058,SI,SILVERGATE CAPITAL CORP,same month,2021-11
2021-11-01,88518,APPS,DIGITAL TURBINE INC,same month,2021-11
2021-11-01,57913,VXRT,VAXART INC,same month,2021-11
2021-11-01,14617,ARES,ARES MANAGEMENT CORP,same month,2021-11
2021-11-01,18937,CHPT,CHARGEPOINT HOLDINGS INC,same month,2021-11
2021-11-01,18312,MRNA,MODERNA INC,same month,2021-11
2021-11-01,83885,MVIS,MICROVISION INC WA,same month,2021-11
2021-11-01,92213,RIOT,RIOT BLOCKCHAIN INC,same month,2021-11
2021-11-01,18835,DKNG,DRAFTKINGS INC,same month,2021-11
2021-11-01,19605,OSH,OAK STREET HEALTH INC,same month,2021-11
2021-11-01,14432,ITCI,INTRA CELLULAR THERAPIES INC,same month,2021-11
2021-11-01,19606,NUVB,NUVATION BIO INC,same month,2021-11
2021-11-01,92775,TREE,LENDINGTREE INC,same month,2021-11
2021-11-01,20415,JEF,JEFFERIES FINANCIAL GROUP INC,same month,2021-11
2021-11-01,21020,AAL,AMERICAN AIRLINES GROUP INC,same month,2021-11
2021-11-01,18480,TW,TRADEWEB MARKETS INC,same month,2021-11
2021-11-01,83443,BRKB,BERKSHIRE HATHAWAY INC DEL,same month,2021-11
2021-11-01,90978,SPWR,SUNPOWER CORP,same month,2021-11
2021-11-01,19599,QS,QUANTUMSCAPE CORP,same month,2021-11
2021-11-01,15092,LC,LENDINGCLUB CORP,same month,2021-11
2021-11-01,18361,PAYA,PAYA HOLDINGS INC,same month,2021-11
2021-11-01,80169,AGM,FEDERAL AGRICULTURAL MORT CORP,same month,2021-11
2021-11-01,89301,GME,GAMESTOP CORP NEW,same month,2021-11
2021-11-01,18184,FSR,FISKER INC,same month,2021-11
2021-11-01,12477,WD,WALKER & DUNLOP INC,same month,2021-11
2021-11-01,77660,CACC,CREDIT ACCEPTANCE CORP,same month,2021-11
2021-11-01,16966,SWCH,SWITCH INC,same month,2021-11
2021-11-01,87337,PLUG,PLUG POWER INC,same month,2021-11
2021-11-01,13918,ARCT,ARCTURUS THERAPEUTICS HLDNGS INC,same month,2021-11
2021-11-01,18558,GOEV,CANOO INC,same month,2021-11
2021-11-01,77699,FCEL,FUELCELL ENERGY INC,same month,2021-11
2021-11-01,19404,FOUR,SHIFT4 PAYMENTS INC,same month,2021-11
2021-11-01,82670,TGTX,T G THERAPEUTICS INC,same month,2021-11
2021-11-01,89002,ADS,ALLIANCE DATA SYSTEMS CORP,same month,2021-11
2021-11-01,15643,RUN,SUNRUN INC,same month,2021-11
2021-11-01,19893,FUBO,FUBOTV INC,same month,2021-11
2021-11-01,48506,MCO,MOODYS CORP,same month,2021-11
2021-11-01,19542,ALXO,ALX ONCOLOGY HOLDINGS INC,same month,2021-11
2021-11-01,89964,NNI,NELNET INC,same month,2021-11
2021-11-01,92108,BX,BLACKSTONE INC,same month,2021-11
2021-11-01,40125,DXC,D X C TECHNOLOGY CO,same month,2021-11
2021-11-01,91926,DAL,DELTA AIR LINES INC,same month,2021-11
2021-11-01,19357,SLQT,SELECTQUOTE INC,same month,2021-11
2021-11-01,21207,NEM,NEWMONT CORP,same month,2021-11
2021-11-01,84734,FBC,FLAGSTAR BANCORP INC,same month,2021-11
2021-11-01,15914,WKHS,WORKHORSE GROUP INC,same month,2021-11
2021-11-01,82779,NVAX,NOVAVAX INC,same month,2021-11
2021-11-01,15831,AXSM,AXSOME THERAPEUTICS INC,same month,2021-11
2021-11-01,18453,LAZR,LUMINAR TECHNOLOGIES INC,same month,2021-11
2021-11-01,19032,VIR,VIR BIOTECHNOLOGY INC,same month,2021-11
2021-11-01,77114,WRLD,WORLD ACCEPTANCE CORP,same month,2021-11
2021-11-01,19388,DNMR,DANIMER SCIENTIFIC INC,same month,2021-11
2021-11-01,16924,DCPH,DECIPHERA PHARMACEUTICALS INC,same month,2021-11
2021-11-01,17787,EQH,EQUITABLE HOLDINGS INC,same month,2021-11
2021-11-01,19838,EVLV,EVOLV TECHNOLOGIES HOLDINGS INC,same month,2021-11
2021-11-01,20172,CYXT,CYXTERA TECHNOLOGIES INC,same month,2021-11
2021-11-01,18457,MVST,MICROVAST HOLDINGS INC,same month,2021-11
2021-11-01,12591,APO,APOLLO GLOBAL MANAGEMENT INC,same month,2021-11
2021-11-01,19950,WE,WEWORK INC,same month,2021-11
2021-11-01,19064,AVPT,AVEPOINT INC,same month,2021-11
2021-11-01,20295,CIFR,CIPHER MINING INC,same month,2021-11
2021-11-01,20621,BGRY,BERKSHIRE GREY INC,same month,2021-11
2021-12-01,18011,SONO,SONOS INC,same month,2021-12
2021-12-01,90177,ACAD,ACADIA PHARMACEUTICALS,same month,2021-12
2021-12-01,89036,NTUS,NATUS MEDICAL INC,same month,2021-12
2021-12-01,17799,INSP,INSPIRE MEDICAL SYSTEMS INC,same month,2021-12
2021-12-01,85724,PRDO,PERDOCEO EDUCATION CORP,same month,2021-12
2021-12-01,91186,VNDA,VANDA PHARMACEUTICALS INC,same month,2021-12
2021-12-01,84413,CERS,CERUS CORP,same month,2021-12
2021-12-01,41187,HE,HAWAIIAN ELECTRIC INDUSTRIES INC,same month,2021-12
2021-12-01,13625,SSTK,SHUTTERSTOCK INC,same month,2021-12
2021-12-01,52708,LEN,LENNAR CORP,same month,2021-12
2021-12-01,91365,CSII,CARDIOVASCULAR SYSTEMS INC DEL,same month,2021-12
2021-12-01,88167,HSTM,HEALTHSTREAM INC,same month,2021-12
2021-12-01,75070,INT,WORLD FUEL SERVICES CORP,same month,2021-12
2021-12-01,13318,YELP,YELP INC,same month,2021-12
2021-12-01,62033,RAVN,RAVEN INDUSTRIES INC,carried forward from an earlier month,2021-11
2021-12-01,11587,ATRI,ATRION CORP,same month,2021-12
2021-12-01,72304,STAA,STAAR SURGICAL CO,same month,2021-12
2021-12-01,54148,PHM,PULTE GROUP INC,same month,2021-12
2021-12-01,88352,ISRG,INTUITIVE SURGICAL INC,same month,2021-12
2021-12-01,86827,HSII,HEIDRICK & STRUGGLES INTL INC,same month,2021-12
2021-12-01,14231,VEEV,VEEVA SYSTEMS INC,same month,2021-12
2021-12-01,78876,CRY,CRYOLIFE INC,same month,2021-12
2021-12-01,14688,AMPH,AMPHASTAR PHARMACEUTICALS INC,same month,2021-12
2021-12-01,80054,MED,MEDIFAST INC,same month,2021-12
2021-12-01,13777,AMSWA,AMERICAN SOFTWARE INC,same month,2021-12
2021-12-01,14694,GPRO,GOPRO INC,same month,2021-12
2021-12-01,91503,LMAT,LEMAITRE VASCULAR INC,same month,2021-12
2021-12-01,14459,INGN,INOGEN INC,same month,2021-12
2021-12-01,15046,NVRO,NEVRO CORP,same month,2021-12
2021-12-01,79491,WINA,WINMARK CORP,same month,2021-12
2021-12-01,65365,MYE,MYERS INDUSTRIES INC,same month,2021-12
2021-12-01,92221,MELI,MERCADOLIBRE INC,same month,2021-12
2021-12-01,47466,NYT,NEW YORK TIMES CO,same month,2021-12
2021-12-01,89572,CEVA,CEVA INC,same month,2021-12
2021-12-01,93264,IRWD,IRONWOOD PHARMACEUTICALS INC,same month,2021-12
2021-12-01,76744,VRTX,VERTEX PHARMACEUTICALS INC,same month,2021-12
2021-12-01,75285,MAN,MANPOWERGROUP,same month,2021-12
2021-12-01,89031,AXON,AXON ENTERPRISE INC,same month,2021-12
2021-12-01,19200,SDGR,SCHRODINGER INC,same month,2021-12
2021-12-01,17944,TENB,TENABLE HOLDINGS INC,same month,2021-12
2021-12-01,14554,TWOU,2 U INC,same month,2021-12
2021-12-01,89781,MOH,MOLINA HEALTHCARE INC,same month,2021-12
2021-12-01,88159,EXEL,EXELIXIS INC,same month,2021-12
2021-12-01,77629,USPH,U S PHYSICAL THERAPY INC,same month,2021-12
2021-12-01,17876,DOMO,DOMO INC,same month,2021-12
2021-12-01,84385,NSP,INSPERITY INC,same month,2021-12
2021-12-01,88446,ILMN,ILLUMINA INC,same month,2021-12
2021-12-01,76128,VICR,VICOR CORP,same month,2021-12
2021-12-01,20659,VZIO,VIZIO HOLDING CORP,same month,2021-12
2021-12-01,17382,ZUO,ZUORA INC,same month,2021-12
2021-12-01,30681,OMC,OMNICOM GROUP INC,same month,2021-12
2021-12-01,48347,LZB,LA Z BOY INC,same month,2021-12
2021-12-01,83534,NBIX,NEUROCRINE BIOSCIENCES INC,same month,2021-12
2021-12-01,64961,NXGN,NEXTGEN HEALTHCARE INC,same month,2021-12
2021-12-01,13316,VCRA,VOCERA COMMUNICATIONS INC,same month,2021-12
2021-12-01,11775,JOUT,JOHNSON OUTDOORS INC,same month,2021-12
2021-12-01,14359,XNCR,XENCOR INC,same month,2021-12
2021-12-01,13407,FB,META PLATFORMS INC,same month,2021-12
2021-12-01,16543,VREX,VAREX IMAGING CORP,same month,2021-12
2021-12-01,63125,AGYS,AGILYSYS INC,same month,2021-12
2021-12-01,88504,BRKR,BRUKER CORP,same month,2021-12
2021-12-01,87432,A,AGILENT TECHNOLOGIES INC,same month,2021-12
2021-12-01,75107,ABMD,ABIOMED INC,same month,2021-12
2021-12-01,81116,VECO,VEECO INSTRUMENTS INC DEL,same month,2021-12
2021-12-01,90319,GOOGL,ALPHABET INC,same month,2021-12
2021-12-01,45306,IDCC,INTERDIGITAL INC,same month,2021-12
2021-12-01,91463,CVLT,COMMVAULT SYSTEMS INC,same month,2021-12
2021-12-01,14495,ATEN,A10 NETWORKS INC,same month,2021-12
2021-12-01,17093,MCB,METROPOLITAN BANK HOLDING CORP,same month,2021-12
2021-12-01,89828,UVSP,UNIVEST FINANCIAL CORP,same month,2021-12
2021-12-01,12583,PCRX,PACIRA BIOSCIENCES INC,same month,2021-12
2021-12-01,10909,CERN,CERNER CORP,same month,2021-12
2021-12-01,90856,ATRC,ATRICURE INC,same month,2021-12
2021-12-01,90436,HALO,HALOZYME THERAPEUTICS INC,same month,2021-12
2021-12-01,48653,HUM,HUMANA INC,same month,2021-12
2021-12-01,53074,MLAB,MESA LABORATORIES INC,same month,2021-12
2021-12-01,84761,TTWO,TAKE TWO INTERACTIVE SOFTWR INC,same month,2021-12
2021-12-01,43481,SXI,STANDEX INTERNATIONAL CORP,same month,2021-12
2021-12-01,14521,TNET,TRINET GROUP INC,same month,2021-12
2021-12-01,14803,HQY,HEALTHEQUITY INC,same month,2021-12
2021-12-01,84010,USNA,USANA HEALTH SCIENCES INC,same month,2021-12
2021-12-01,86822,EXTR,EXTREME NETWORKS INC,same month,2021-12
2021-12-01,79906,INCY,INCYTE CORP,same month,2021-12
2021-12-01,14213,MMI,MARCUS & MILLICHAP INC,same month,2021-12
2021-12-01,79248,THRM,GENTHERM INC,same month,2021-12
2021-12-01,13543,GMED,GLOBUS MEDICAL INC,same month,2021-12
2021-12-01,89179,ANTM,ANTHEM INC,same month,2021-12
2021-12-01,20189,DASH,DOORDASH INC,same month,2021-12
2021-12-01,11884,IPAR,INTERMEDIATE PARFUMS INC,same month,2021-12
2021-12-01,89792,CVCO,CAVCO INDUSTRIES INC DEL,same month,2021-12
2021-12-01,49373,HRB,BLOCK H & R INC,same month,2021-12
2021-12-01,92506,GTS,TRIPLE S MANAGEMENT CORP,same month,2021-12
2021-12-01,17889,KZR,KEZAR LIFE SCIENCES INC,same month,2021-12
2021-12-01,76788,TVTY,TIVITY HEALTH INC,same month,2021-12
2021-12-01,80791,ADTN,ADTRAN INC,same month,2021-12
2021-12-01,88742,SHEN,SHENANDOAH TELECOM CO,same month,2021-12
2021-12-01,82508,MYGN,MYRIAD GENETICS INC,same month,2021-12
2021-12-01,19657,AMWL,AMERICAN WELL CORP,same month,2021-12
2021-12-01,85738,MRCY,MERCURY SYSTEMS INC,same month,2021-12
2021-12-01,92220,MASI,MASIMO CORP,same month,2021-12
2021-12-01,20196,UPST,UPSTART HOLDINGS INC,same month,2021-12
2021-12-01,19312,UWMC,U W M HOLDINGS CORP,same month,2021-12
2021-12-01,19577,RKT,ROCKET COMPANIES INC,same month,2021-12
2021-12-01,15302,VIRT,VIRTU FINANCIAL INC,same month,2021-12
2021-12-01,20646,OSCR,OSCAR HEALTH INC,same month,2021-12
2021-12-01,20599,SMRT,SMARTRENT INC,same month,2021-12
2021-12-01,20295,CIFR,CIPHER MINING INC,same month,2021-12
2021-12-01,20172,CYXT,CYXTERA TECHNOLOGIES INC,same month,2021-12
2021-12-01,19838,EVLV,EVOLV TECHNOLOGIES HOLDINGS INC,same month,2021-12
2021-12-01,18457,MVST,MICROVAST HOLDINGS INC,same month,2021-12
2021-12-01,76722,STFC,STATE AUTO FINANCIAL CORP,same month,2021-12
2021-12-01,13908,PFSI,PENNYMAC FINANCIAL SVCS INC NEW,same month,2021-12
2021-12-01,11990,KKR,K K R & CO INC,same month,2021-12
2021-12-01,19295,IRNT,IRONNET INC,same month,2021-12
2021-12-01,19224,AEVA,AEVA TECHNOLOGIES INC,same month,2021-12
2021-12-01,14601,NAVI,NAVIENT CORP,same month,2021-12
2021-12-01,17688,GSHD,GOOSEHEAD INSURANCE INC,same month,2021-12
2021-12-01,19835,ASTR,ASTRA SPACE INC,same month,2021-12
2021-12-01,20345,XM,QUALTRICS INTERNATIONAL INC,same month,2021-12
2021-12-01,18580,FSLY,FASTLY INC,same month,2021-12
2021-12-01,16382,COUP,COUPA SOFTWARE INC,same month,2021-12
2021-12-01,18852,BTRS,B T R S HOLDINGS INC,same month,2021-12
2021-12-01,19788,PLTR,PALANTIR TECHNOLOGIES INC,same month,2021-12
2021-12-01,20339,AFRM,AFFIRM HOLDINGS INC,same month,2021-12
2021-12-01,19950,WE,WEWORK INC,same month,2021-12
2021-12-01,18162,VLDR,VELODYNE LIDAR INC,same month,2021-12
2021-12-01,81593,COOP,MR COOPER GROUP INC,same month,2021-12
2021-12-01,14414,SC,SANTANDER CONSUMER USA HLDGS INC,same month,2021-12
2021-12-01,19497,LMND,LEMONADE INC,same month,2021-12
2021-12-01,14813,MARA,MARATHON DIGITAL HOLDINGS INC,same month,2021-12
2021-12-01,17907,NKLA,NIKOLA CORP,same month,2021-12
2021-12-01,75175,MBI,M B I A INC,same month,2021-12
2021-12-01,15540,RILY,B RILEY FINANCIAL INC,same month,2021-12
2021-12-01,18312,MRNA,MODERNA INC,same month,2021-12
2021-12-01,19576,RXT,RACKSPACE TECHNOLOGY INC,same month,2021-12
2021-12-01,19454,ETWO,E2OPEN PARENT HOLDINGS INC,same month,2021-12
2021-12-01,20621,BGRY,BERKSHIRE GREY INC,same month,2021-12
2021-12-01,20330,LTCH,LATCH INC,same month,2021-12
2021-12-01,12591,APO,APOLLO GLOBAL MANAGEMENT INC,same month,2021-12
2021-12-01,57913,VXRT,VAXART INC,same month,2021-12
2021-12-01,91611,FSLR,FIRST SOLAR INC,same month,2021-12
2021-12-01,14617,ARES,ARES MANAGEMENT CORP,same month,2021-12
2021-12-01,17036,CNNE,CANNAE HOLDINGS INC,same month,2021-12
2021-12-01,18937,CHPT,CHARGEPOINT HOLDINGS INC,same month,2021-12
2021-12-01,16964,SPCE,VIRGIN GALACTIC HOLDINGS INC,same month,2021-12
2021-12-01,83443,BRKB,BERKSHIRE HATHAWAY INC DEL,same month,2021-12
2021-12-01,19058,SI,SILVERGATE CAPITAL CORP,same month,2021-12
2021-12-01,19605,OSH,OAK STREET HEALTH INC,same month,2021-12
2021-12-01,86211,MSTR,MICROSTRATEGY INC,same month,2021-12
2021-12-01,14432,ITCI,INTRA CELLULAR THERAPIES INC,same month,2021-12
2021-12-01,91103,UAL,UNITED AIRLINES HOLDINGS INC,same month,2021-12
2021-12-01,88518,APPS,DIGITAL TURBINE INC,same month,2021-12
2021-12-01,77660,CACC,CREDIT ACCEPTANCE CORP,same month,2021-12
2021-12-01,18835,DKNG,DRAFTKINGS INC,same month,2021-12
2021-12-01,19606,NUVB,NUVATION BIO INC,same month,2021-12
2021-12-01,18480,TW,TRADEWEB MARKETS INC,same month,2021-12
2021-12-01,92213,RIOT,RIOT BLOCKCHAIN INC,same month,2021-12
2021-12-01,19064,AVPT,AVEPOINT INC,same month,2021-12
2021-12-01,18184,FSR,FISKER INC,same month,2021-12
2021-12-01,92108,BX,BLACKSTONE INC,same month,2021-12
2021-12-01,83885,MVIS,MICROVISION INC WA,same month,2021-12
2021-12-01,13918,ARCT,ARCTURUS THERAPEUTICS HLDNGS INC,same month,2021-12
2021-12-01,90978,SPWR,SUNPOWER CORP,same month,2021-12
2021-12-01,89301,GME,GAMESTOP CORP NEW,same month,2021-12
2021-12-01,19404,FOUR,SHIFT4 PAYMENTS INC,same month,2021-12
2021-12-01,12477,WD,WALKER & DUNLOP INC,same month,2021-12
2021-12-01,87337,PLUG,PLUG POWER INC,same month,2021-12
2021-12-01,21020,AAL,AMERICAN AIRLINES GROUP INC,same month,2021-12
2021-12-01,89002,ADS,ALLIANCE DATA SYSTEMS CORP,same month,2021-12
2021-12-01,20415,JEF,JEFFERIES FINANCIAL GROUP INC,same month,2021-12
2021-12-01,92775,TREE,LENDINGTREE INC,same month,2021-12
2021-12-01,82779,NVAX,NOVAVAX INC,same month,2021-12
2021-12-01,77699,FCEL,FUELCELL ENERGY INC,same month,2021-12
2021-12-01,16966,SWCH,SWITCH INC,same month,2021-12
2021-12-01,18361,PAYA,PAYA HOLDINGS INC,same month,2021-12
2021-12-01,18558,GOEV,CANOO INC,same month,2021-12
2021-12-01,77114,WRLD,WORLD ACCEPTANCE CORP,same month,2021-12
2021-12-01,80169,AGM,FEDERAL AGRICULTURAL MORT CORP,same month,2021-12
2021-12-01,19893,FUBO,FUBOTV INC,same month,2021-12
2021-12-01,15831,AXSM,AXSOME THERAPEUTICS INC,same month,2021-12
2021-12-01,15643,RUN,SUNRUN INC,same month,2021-12
2021-12-01,21207,NEM,NEWMONT CORP,same month,2021-12
2021-12-01,82670,TGTX,T G THERAPEUTICS INC,same month,2021-12
2021-12-01,89964,NNI,NELNET INC,same month,2021-12
2021-12-01,48506,MCO,MOODYS CORP,same month,2021-12
2021-12-01,19542,ALXO,ALX ONCOLOGY HOLDINGS INC,same month,2021-12
2021-12-01,84734,FBC,FLAGSTAR BANCORP INC,same month,2021-12
2021-12-01,15914,WKHS,WORKHORSE GROUP INC,same month,2021-12
2021-12-01,19032,VIR,VIR BIOTECHNOLOGY INC,same month,2021-12
2021-12-01,19357,SLQT,SELECTQUOTE INC,same month,2021-12
2021-12-01,19599,QS,QUANTUMSCAPE CORP,same month,2021-12
2021-12-01,40125,DXC,D X C TECHNOLOGY CO,same month,2021-12
2021-12-01,19388,DNMR,DANIMER SCIENTIFIC INC,same month,2021-12
2021-12-01,20892,COIN,COINBASE GLOBAL INC,same month,2021-12
2021-12-01,14136,RNG,RINGCENTRAL INC,same month,2021-12
2021-12-01,20726,STRC,SARCOS TECH & ROBOTICS CORP,same month,2021-12
2021-12-01,20717,EMBK,EMBARK TECHNOLOGY INC,same month,2021-12
2021-12-01,20894,APP,APPLOVIN CORP,same month,2021-12
2021-12-01,20452,ENVX,ENOVIX CORP,same month,2021-12
2021-12-01,20893,AGL,AGILON HEALTH INC,same month,2021-12
2022-01-01,85724,PRDO,PERDOCEO EDUCATION CORP,same month,2022-01
2022-01-01,91186,VNDA,VANDA PHARMACEUTICALS INC,same month,2022-01
2022-01-01,92506,GTS,TRIPLE S MANAGEMENT CORP,same month,2022-01
2022-01-01,14688,AMPH,AMPHASTAR PHARMACEUTICALS INC,same month,2022-01
2022-01-01,89036,NTUS,NATUS MEDICAL INC,same month,2022-01
2022-01-01,88167,HSTM,HEALTHSTREAM INC,same month,2022-01
2022-01-01,86827,HSII,HEIDRICK & STRUGGLES INTL INC,same month,2022-01
2022-01-01,79491,WINA,WINMARK CORP,same month,2022-01
2022-01-01,13318,YELP,YELP INC,same month,2022-01
2022-01-01,13777,AMSWA,AMERICAN SOFTWARE INC,same month,2022-01
2022-01-01,72304,STAA,STAAR SURGICAL CO,same month,2022-01
2022-01-01,13625,SSTK,SHUTTERSTOCK INC,same month,2022-01
2022-01-01,14231,VEEV,VEEVA SYSTEMS INC,same month,2022-01
2022-01-01,88352,ISRG,INTUITIVE SURGICAL INC,same month,2022-01
2022-01-01,11587,ATRI,ATRION CORP,same month,2022-01
2022-01-01,18011,SONO,SONOS INC,same month,2022-01
2022-01-01,88742,SHEN,SHENANDOAH TELECOM CO,same month,2022-01
2022-01-01,52708,LEN,LENNAR CORP,same month,2022-01
2022-01-01,89572,CEVA,CEVA INC,same month,2022-01
2022-01-01,47466,NYT,NEW YORK TIMES CO,same month,2022-01
2022-01-01,80054,MED,MEDIFAST INC,same month,2022-01
2022-01-01,41187,HE,HAWAIIAN ELECTRIC INDUSTRIES INC,same month,2022-01
2022-01-01,65365,MYE,MYERS INDUSTRIES INC,same month,2022-01
2022-01-01,17799,INSP,INSPIRE MEDICAL SYSTEMS INC,same month,2022-01
2022-01-01,54148,PHM,PULTE GROUP INC,same month,2022-01
2022-01-01,11775,JOUT,JOHNSON OUTDOORS INC,same month,2022-01
2022-01-01,92220,MASI,MASIMO CORP,same month,2022-01
2022-01-01,91365,CSII,CARDIOVASCULAR SYSTEMS INC DEL,same month,2022-01
2022-01-01,45306,IDCC,INTERDIGITAL INC,same month,2022-01
2022-01-01,53074,MLAB,MESA LABORATORIES INC,same month,2022-01
2022-01-01,76744,VRTX,VERTEX PHARMACEUTICALS INC,same month,2022-01
2022-01-01,75070,INT,WORLD FUEL SERVICES CORP,same month,2022-01
2022-01-01,88504,BRKR,BRUKER CORP,same month,2022-01
2022-01-01,89781,MOH,MOLINA HEALTHCARE INC,same month,2022-01
2022-01-01,88159,EXEL,EXELIXIS INC,same month,2022-01
2022-01-01,93264,IRWD,IRONWOOD PHARMACEUTICALS INC,same month,2022-01
2022-01-01,84385,NSP,INSPERITY INC,same month,2022-01
2022-01-01,14694,GPRO,GOPRO INC,same month,2022-01
2022-01-01,14213,MMI,MARCUS & MILLICHAP INC,same month,2022-01
2022-01-01,76788,TVTY,TIVITY HEALTH INC,same month,2022-01
2022-01-01,87432,A,AGILENT TECHNOLOGIES INC,same month,2022-01
2022-01-01,13407,FB,META PLATFORMS INC,same month,2022-01
2022-01-01,78876,CRY,CRYOLIFE INC,same month,2022-01
2022-01-01,91463,CVLT,COMMVAULT SYSTEMS INC,same month,2022-01
2022-01-01,63125,AGYS,AGILYSYS INC,same month,2022-01
2022-01-01,14495,ATEN,A10 NETWORKS INC,same month,2022-01
2022-01-01,84413,CERS,CERUS CORP,same month,2022-01
2022-01-01,90319,GOOGL,ALPHABET INC,same month,2022-01
2022-01-01,14459,INGN,INOGEN INC,same month,2022-01
2022-01-01,75285,MAN,MANPOWERGROUP,same month,2022-01
2022-01-01,80791,ADTN,ADTRAN INC,same month,2022-01
2022-01-01,75107,ABMD,ABIOMED INC,same month,2022-01
2022-01-01,48347,LZB,LA Z BOY INC,same month,2022-01
2022-01-01,90177,ACAD,ACADIA PHARMACEUTICALS,same month,2022-01
2022-01-01,11884,IPAR,INTERMEDIATE PARFUMS INC,same month,2022-01
2022-01-01,91503,LMAT,LEMAITRE VASCULAR INC,same month,2022-01
2022-01-01,14521,TNET,TRINET GROUP INC,same month,2022-01
2022-01-01,48653,HUM,HUMANA INC,same month,2022-01
2022-01-01,89179,ANTM,ANTHEM INC,same month,2022-01
2022-01-01,83534,NBIX,NEUROCRINE BIOSCIENCES INC,same month,2022-01
2022-01-01,89792,CVCO,CAVCO INDUSTRIES INC DEL,same month,2022-01
2022-01-01,79906,INCY,INCYTE CORP,same month,2022-01
2022-01-01,84010,USNA,USANA HEALTH SCIENCES INC,same month,2022-01
2022-01-01,77629,USPH,U S PHYSICAL THERAPY INC,same month,2022-01
2022-01-01,30681,OMC,OMNICOM GROUP INC,same month,2022-01
2022-01-01,76128,VICR,VICOR CORP,same month,2022-01
2022-01-01,64961,NXGN,NEXTGEN HEALTHCARE INC,same month,2022-01
2022-01-01,88446,ILMN,ILLUMINA INC,same month,2022-01
2022-01-01,89031,AXON,AXON ENTERPRISE INC,same month,2022-01
2022-01-01,89828,UVSP,UNIVEST FINANCIAL CORP,same month,2022-01
2022-01-01,90856,ATRC,ATRICURE INC,same month,2022-01
2022-01-01,81116,VECO,VEECO INSTRUMENTS INC DEL,same month,2022-01
2022-01-01,82508,MYGN,MYRIAD GENETICS INC,same month,2022-01
2022-01-01,16543,VREX,VAREX IMAGING CORP,same month,2022-01
2022-01-01,13543,GMED,GLOBUS MEDICAL INC,same month,2022-01
2022-01-01,49373,HRB,BLOCK H & R INC,same month,2022-01
2022-01-01,43481,SXI,STANDEX INTERNATIONAL CORP,same month,2022-01
2022-01-01,10909,CERN,CERNER CORP,same month,2022-01
2022-01-01,84761,TTWO,TAKE TWO INTERACTIVE SOFTWR INC,same month,2022-01
2022-01-01,92221,MELI,MERCADOLIBRE INC,same month,2022-01
2022-01-01,90436,HALO,HALOZYME THERAPEUTICS INC,same month,2022-01
2022-01-01,17876,DOMO,DOMO INC,same month,2022-01
2022-01-01,13316,VCRA,VOCERA COMMUNICATIONS INC,same month,2022-01
2022-01-01,21125,ZIP,ZIPRECRUITER INC,same month,2022-01
2022-01-01,86048,HCKT,HACKETT GROUP INC,same month,2022-01
2022-01-01,90081,CUTR,CUTERA INC,same month,2022-01
2022-01-01,18311,LEGH,LEGACY HOUSING CORP,same month,2022-01
2022-01-01,76839,FIZZ,NATIONAL BEVERAGE CORP,same month,2022-01
2022-01-01,13890,ECOM,CHANNELADVISOR CORP,same month,2022-01
2022-01-01,14456,EGRX,EAGLE PHARMACEUTICALS INC,same month,2022-01
2022-01-01,77637,FC,FRANKLIN COVEY CO,same month,2022-01
2022-01-01,34948,OXM,OXFORD INDUSTRIES INC,same month,2022-01
2022-01-01,85889,SRDX,SURMODICS INC,same month,2022-01
2022-01-01,87006,UTHR,UNITED THERAPEUTICS CORP,same month,2022-01
2022-01-01,18725,RVLV,REVOLVE GROUP INC,same month,2022-01
2022-01-01,77165,JBSS,SANFILIPPO JOHN B & SON,same month,2022-01
2022-01-01,80034,SHOO,MADDEN STEVEN LTD,same month,2022-01
2022-01-01,55993,NSSC,NAPCO SECURITY TECHNOLOGIES INC,same month,2022-01
2022-01-01,53604,GRC,GORMAN RUPP CO,same month,2022-01
2022-01-01,76752,PRGS,PROGRESS SOFTWARE CORP,same month,2022-01
2022-01-01,20196,UPST,UPSTART HOLDINGS INC,same month,2022-01
2022-01-01,19577,RKT,ROCKET COMPANIES INC,same month,2022-01
2022-01-01,15302,VIRT,VIRTU FINANCIAL INC,same month,2022-01
2022-01-01,20172,CYXT,CYXTERA TECHNOLOGIES INC,same month,2022-01
2022-01-01,18457,MVST,MICROVAST HOLDINGS INC,same month,2022-01
2022-01-01,20646,OSCR,OSCAR HEALTH INC,same month,2022-01
2022-01-01,20599,SMRT,SMARTRENT INC,same month,2022-01
2022-01-01,20726,STRC,SARCOS TECH & ROBOTICS CORP,same month,2022-01
2022-01-01,20345,XM,QUALTRICS INTERNATIONAL INC,same month,2022-01
2022-01-01,19835,ASTR,ASTRA SPACE INC,same month,2022-01
2022-01-01,76722,STFC,STATE AUTO FINANCIAL CORP,same month,2022-01
2022-01-01,17907,NKLA,NIKOLA CORP,same month,2022-01
2022-01-01,20717,EMBK,EMBARK TECHNOLOGY INC,same month,2022-01
2022-01-01,19224,AEVA,AEVA TECHNOLOGIES INC,same month,2022-01
2022-01-01,14136,RNG,RINGCENTRAL INC,same month,2022-01
2022-01-01,20452,ENVX,ENOVIX CORP,same month,2022-01
2022-01-01,18580,FSLY,FASTLY INC,same month,2022-01
2022-01-01,19950,WE,WEWORK INC,same month,2022-01
2022-01-01,13908,PFSI,PENNYMAC FINANCIAL SVCS INC NEW,same month,2022-01
2022-01-01,17688,GSHD,GOOSEHEAD INSURANCE INC,same month,2022-01
2022-01-01,14617,ARES,ARES MANAGEMENT CORP,same month,2022-01
2022-01-01,16382,COUP,COUPA SOFTWARE INC,same month,2022-01
2022-01-01,14601,NAVI,NAVIENT CORP,same month,2022-01
2022-01-01,20893,AGL,AGILON HEALTH INC,same month,2022-01
2022-01-01,75175,MBI,M B I A INC,same month,2022-01
2022-01-01,57913,VXRT,VAXART INC,same month,2022-01
2022-01-01,81593,COOP,MR COOPER GROUP INC,same month,2022-01
2022-01-01,19497,LMND,LEMONADE INC,same month,2022-01
2022-01-01,14813,MARA,MARATHON DIGITAL HOLDINGS INC,same month,2022-01
2022-01-01,18937,CHPT,CHARGEPOINT HOLDINGS INC,same month,2022-01
2022-01-01,19605,OSH,OAK STREET HEALTH INC,same month,2022-01
2022-01-01,17036,CNNE,CANNAE HOLDINGS INC,same month,2022-01
2022-01-01,20621,BGRY,BERKSHIRE GREY INC,same month,2022-01
2022-01-01,91103,UAL,UNITED AIRLINES HOLDINGS INC,same month,2022-01
2022-01-01,20339,AFRM,AFFIRM HOLDINGS INC,same month,2022-01
2022-01-01,20894,APP,APPLOVIN CORP,same month,2022-01
2022-01-01,14432,ITCI,INTRA CELLULAR THERAPIES INC,same month,2022-01
2022-01-01,19576,RXT,RACKSPACE TECHNOLOGY INC,same month,2022-01
2022-01-01,18852,BTRS,B T R S HOLDINGS INC,same month,2022-01
2022-01-01,89301,GME,GAMESTOP CORP NEW,same month,2022-01
2022-01-01,16964,SPCE,VIRGIN GALACTIC HOLDINGS INC,same month,2022-01
2022-01-01,18312,MRNA,MODERNA INC,same month,2022-01
2022-01-01,19788,PLTR,PALANTIR TECHNOLOGIES INC,same month,2022-01
2022-01-01,20330,LTCH,LATCH INC,same month,2022-01
2022-01-01,18835,DKNG,DRAFTKINGS INC,same month,2022-01
2022-01-01,18184,FSR,FISKER INC,same month,2022-01
2022-01-01,86211,MSTR,MICROSTRATEGY INC,same month,2022-01
2022-01-01,11990,KKR,K K R & CO INC,same month,2022-01
2022-01-01,19404,FOUR,SHIFT4 PAYMENTS INC,same month,2022-01
2022-01-01,14414,SC,SANTANDER CONSUMER USA HLDGS INC,same month,2022-01
2022-01-01,20892,COIN,COINBASE GLOBAL INC,same month,2022-01
2022-01-01,19454,ETWO,E2OPEN PARENT HOLDINGS INC,same month,2022-01
2022-01-01,91611,FSLR,FIRST SOLAR INC,same month,2022-01
2022-01-01,21020,AAL,AMERICAN AIRLINES GROUP INC,same month,2022-01
2022-01-01,13918,ARCT,ARCTURUS THERAPEUTICS HLDNGS INC,same month,2022-01
2022-01-01,19606,NUVB,NUVATION BIO INC,same month,2022-01
2022-01-01,15540,RILY,B RILEY FINANCIAL INC,same month,2022-01
2022-01-01,21207,NEM,NEWMONT CORP,same month,2022-01
2022-01-01,12591,APO,APOLLO GLOBAL MANAGEMENT INC,same month,2022-01
2022-01-01,83443,BRKB,BERKSHIRE HATHAWAY INC DEL,same month,2022-01
2022-01-01,77699,FCEL,FUELCELL ENERGY INC,same month,2022-01
2022-01-01,18480,TW,TRADEWEB MARKETS INC,same month,2022-01
2022-01-01,87337,PLUG,PLUG POWER INC,same month,2022-01
2022-01-01,16966,SWCH,SWITCH INC,same month,2022-01
2022-01-01,88518,APPS,DIGITAL TURBINE INC,same month,2022-01
2022-01-01,92213,RIOT,RIOT BLOCKCHAIN INC,same month,2022-01
2022-01-01,82779,NVAX,NOVAVAX INC,same month,2022-01
2022-01-01,92775,TREE,LENDINGTREE INC,same month,2022-01
2022-01-01,90978,SPWR,SUNPOWER CORP,same month,2022-01
2022-01-01,84734,FBC,FLAGSTAR BANCORP INC,same month,2022-01
2022-01-01,19058,SI,SILVERGATE CAPITAL CORP,same month,2022-01
2022-01-01,15643,RUN,SUNRUN INC,same month,2022-01
2022-01-01,77114,WRLD,WORLD ACCEPTANCE CORP,same month,2022-01
2022-01-01,19893,FUBO,FUBOTV INC,same month,2022-01
2022-01-01,83885,MVIS,MICROVISION INC WA,same month,2022-01
2022-01-01,19032,VIR,VIR BIOTECHNOLOGY INC,same month,2022-01
2022-01-01,15831,AXSM,AXSOME THERAPEUTICS INC,same month,2022-01
2022-01-01,19064,AVPT,AVEPOINT INC,same month,2022-01
2022-01-01,92108,BX,BLACKSTONE INC,same month,2022-01
2022-01-01,40125,DXC,D X C TECHNOLOGY CO,same month,2022-01
2022-01-01,18558,GOEV,CANOO INC,same month,2022-01
2022-01-01,77660,CACC,CREDIT ACCEPTANCE CORP,same month,2022-01
2022-01-01,12477,WD,WALKER & DUNLOP INC,same month,2022-01
2022-01-01,82670,TGTX,T G THERAPEUTICS INC,same month,2022-01
2022-01-01,19357,SLQT,SELECTQUOTE INC,same month,2022-01
2022-01-01,89964,NNI,NELNET INC,same month,2022-01
2022-01-01,20415,JEF,JEFFERIES FINANCIAL GROUP INC,same month,2022-01
2022-01-01,20067,SOFI,SOFI TECHNOLOGIES INC,same month,2022-01
2022-01-01,20269,OWL,BLUE OWL CAPITAL INC,same month,2022-01
2022-01-01,18940,PTON,PELOTON INTERACTIVE INC,same month,2022-01
2022-01-01,91498,EHTH,EHEALTH INC,same month,2022-01
2022-01-01,20381,NVTS,NAVITAS SEMICONDUCTOR CORP,same month,2022-01
2022-01-01,18840,CELU,CELULARITY INC,same month,2022-01
2022-01-01,20153,HLMN,HILLMAN SOLUTIONS CORP,same month,2022-01
2022-01-01,16649,OKTA,OKTA INC,same month,2022-01
2022-01-01,20902,SWIM,LATHAM GROUP INC,same month,2022-01
2022-01-01,87759,WULF,TERAWULF INC,same month,2022-01
2022-01-01,19084,BILL,BILL COM HOLDINGS INC,same month,2022-01
2022-01-01,20919,PL,PLANET LABS P B C,same month,2022-01
2022-01-01,19593,MIR,MIRION TECHNOLOGIES INC,same month,2022-01
2022-02-01,21125,ZIP,ZIPRECRUITER INC,same month,2022-02
2022-02-01,85724,PRDO,PERDOCEO EDUCATION CORP,same month,2022-02
2022-02-01,88167,HSTM,HEALTHSTREAM INC,same month,2022-02
2022-02-01,13318,YELP,YELP INC,same month,2022-02
2022-02-01,79491,WINA,WINMARK CORP,same month,2022-02
2022-02-01,13777,AMSWA,AMERICAN SOFTWARE INC,same month,2022-02
2022-02-01,63125,AGYS,AGILYSYS INC,same month,2022-02
2022-02-01,89036,NTUS,NATUS MEDICAL INC,same month,2022-02
2022-02-01,86048,HCKT,HACKETT GROUP INC,same month,2022-02
2022-02-01,18311,LEGH,LEGACY HOUSING CORP,same month,2022-02
2022-02-01,14688,AMPH,AMPHASTAR PHARMACEUTICALS INC,same month,2022-02
2022-02-01,11884,IPAR,INTERMEDIATE PARFUMS INC,same month,2022-02
2022-02-01,14495,ATEN,A10 NETWORKS INC,same month,2022-02
2022-02-01,92506,GTS,TRIPLE S MANAGEMENT CORP,same month,2022-02
2022-02-01,86827,HSII,HEIDRICK & STRUGGLES INTL INC,same month,2022-02
2022-02-01,14213,MMI,MARCUS & MILLICHAP INC,same month,2022-02
2022-02-01,13890,ECOM,CHANNELADVISOR CORP,same month,2022-02
2022-02-01,91186,VNDA,VANDA PHARMACEUTICALS INC,same month,2022-02
2022-02-01,11587,ATRI,ATRION CORP,same month,2022-02
2022-02-01,64961,NXGN,NEXTGEN HEALTHCARE INC,same month,2022-02
2022-02-01,85889,SRDX,SURMODICS INC,same month,2022-02
2022-02-01,88352,ISRG,INTUITIVE SURGICAL INC,same month,2022-02
2022-02-01,45306,IDCC,INTERDIGITAL INC,same month,2022-02
2022-02-01,14231,VEEV,VEEVA SYSTEMS INC,same month,2022-02
2022-02-01,77165,JBSS,SANFILIPPO JOHN B & SON,same month,2022-02
2022-02-01,53604,GRC,GORMAN RUPP CO,same month,2022-02
2022-02-01,75070,INT,WORLD FUEL SERVICES CORP,same month,2022-02
2022-02-01,88504,BRKR,BRUKER CORP,same month,2022-02
2022-02-01,76839,FIZZ,NATIONAL BEVERAGE CORP,same month,2022-02
2022-02-01,11775,JOUT,JOHNSON OUTDOORS INC,same month,2022-02
2022-02-01,89572,CEVA,CEVA INC,same month,2022-02
2022-02-01,80034,SHOO,MADDEN STEVEN LTD,same month,2022-02
2022-02-01,34948,OXM,OXFORD INDUSTRIES INC,same month,2022-02
2022-02-01,92220,MASI,MASIMO CORP,same month,2022-02
2022-02-01,55993,NSSC,NAPCO SECURITY TECHNOLOGIES INC,same month,2022-02
2022-02-01,91463,CVLT,COMMVAULT SYSTEMS INC,same month,2022-02
2022-02-01,72304,STAA,STAAR SURGICAL CO,same month,2022-02
2022-02-01,87006,UTHR,UNITED THERAPEUTICS CORP,same month,2022-02
2022-02-01,14456,EGRX,EAGLE PHARMACEUTICALS INC,same month,2022-02
2022-02-01,84010,USNA,USANA HEALTH SCIENCES INC,same month,2022-02
2022-02-01,47466,NYT,NEW YORK TIMES CO,same month,2022-02
2022-02-01,13625,SSTK,SHUTTERSTOCK INC,same month,2022-02
2022-02-01,88742,SHEN,SHENANDOAH TELECOM CO,same month,2022-02
2022-02-01,89781,MOH,MOLINA HEALTHCARE INC,same month,2022-02
2022-02-01,18725,RVLV,REVOLVE GROUP INC,same month,2022-02
2022-02-01,80054,MED,MEDIFAST INC,same month,2022-02
2022-02-01,52708,LEN,LENNAR CORP,same month,2022-02
2022-02-01,90319,GOOGL,ALPHABET INC,same month,2022-02
2022-02-01,65365,MYE,MYERS INDUSTRIES INC,same month,2022-02
2022-02-01,89179,ANTM,ANTHEM INC,same month,2022-02
2022-02-01,76744,VRTX,VERTEX PHARMACEUTICALS INC,same month,2022-02
2022-02-01,13407,FB,META PLATFORMS INC,same month,2022-02
2022-02-01,87432,A,AGILENT TECHNOLOGIES INC,same month,2022-02
2022-02-01,76752,PRGS,PROGRESS SOFTWARE CORP,same month,2022-02
2022-02-01,84385,NSP,INSPERITY INC,same month,2022-02
2022-02-01,54148,PHM,PULTE GROUP INC,same month,2022-02
2022-02-01,88159,EXEL,EXELIXIS INC,same month,2022-02
2022-02-01,89792,CVCO,CAVCO INDUSTRIES INC DEL,same month,2022-02
2022-02-01,90081,CUTR,CUTERA INC,same month,2022-02
2022-02-01,76788,TVTY,TIVITY HEALTH INC,same month,2022-02
2022-02-01,53074,MLAB,MESA LABORATORIES INC,same month,2022-02
2022-02-01,75107,ABMD,ABIOMED INC,same month,2022-02
2022-02-01,14521,TNET,TRINET GROUP INC,same month,2022-02
2022-02-01,41187,HE,HAWAIIAN ELECTRIC INDUSTRIES INC,same month,2022-02
2022-02-01,14694,GPRO,GOPRO INC,same month,2022-02
2022-02-01,13543,GMED,GLOBUS MEDICAL INC,same month,2022-02
2022-02-01,77637,FC,FRANKLIN COVEY CO,same month,2022-02
2022-02-01,93264,IRWD,IRONWOOD PHARMACEUTICALS INC,same month,2022-02
2022-02-01,90436,HALO,HALOZYME THERAPEUTICS INC,same month,2022-02
2022-02-01,75285,MAN,MANPOWERGROUP,same month,2022-02
2022-02-01,79906,INCY,INCYTE CORP,same month,2022-02
2022-02-01,48653,HUM,HUMANA INC,same month,2022-02
2022-02-01,10909,CERN,CERNER CORP,same month,2022-02
2022-02-01,91503,LMAT,LEMAITRE VASCULAR INC,same month,2022-02
2022-02-01,30681,OMC,OMNICOM GROUP INC,same month,2022-02
2022-02-01,80791,ADTN,ADTRAN INC,same month,2022-02
2022-02-01,78756,OFIX,ORTHOFIX MEDICAL INC,same month,2022-02
2022-02-01,88417,ACLS,AXCELIS TECHNOLOGIES INC,same month,2022-02
2022-02-01,76721,CRVL,CORVEL CORP,same month,2022-02
2022-02-01,79611,MOV,MOVADO GROUP INC,same month,2022-02
2022-02-01,91606,CPRX,CATALYST PHARMACEUTICALS INC,same month,2022-02
2022-02-01,19827,ETAC,E MERGE TECHNOLOGY ACQ CORP,same month,2022-02
2022-02-01,21559,INTA,INTAPP INC,same month,2022-02
2022-02-01,13935,NRC,NATIONAL RESEARCH CORP,same month,2022-02
2022-02-01,90071,NRG,N R G ENERGY INC,same month,2022-02
2022-02-01,21614,DUOL,DUOLINGO INC,same month,2022-02
2022-02-01,87812,SLAB,SILICON LABORATORIES INC,same month,2022-02
2022-02-01,77354,SCHL,SCHOLASTIC CORP,same month,2022-02
2022-02-01,19938,ALGM,ALLEGRO MICROSYSTEMS INC,same month,2022-02
2022-02-01,90423,INVA,THERAVANCE INC,same month,2022-02
2022-02-01,92588,HCCI,HERITAGE CRYSTAL CLEAN INC,same month,2022-02
2022-02-01,16260,MEDP,MEDPACE HOLDINGS INC,same month,2022-02
2022-02-01,87725,IIIN,INSTEEL INDUSTRIES INC,same month,2022-02
2022-02-01,16967,CARG,CARGURUS INC,same month,2022-02
2022-02-01,89110,OMCL,OMNICELL INC,same month,2022-02
2022-02-01,85992,MANH,MANHATTAN ASSOCIATES INC,same month,2022-02
2022-02-01,50948,SMTC,SEMTECH CORP,same month,2022-02
2022-02-01,41241,HWKN,HAWKINS INC,same month,2022-02
2022-02-01,65700,USLM,UNITED STATES LIME MINERALS INC,same month,2022-02
2022-02-01,79037,ETD,ETHAN ALLEN INTERIORS INC,same month,2022-02
2022-02-01,20196,UPST,UPSTART HOLDINGS INC,same month,2022-02
2022-02-01,19577,RKT,ROCKET COMPANIES INC,same month,2022-02
2022-02-01,20172,CYXT,CYXTERA TECHNOLOGIES INC,same month,2022-02
2022-02-01,20269,OWL,BLUE OWL CAPITAL INC,same month,2022-02
2022-02-01,20067,SOFI,SOFI TECHNOLOGIES INC,same month,2022-02
2022-02-01,20726,STRC,SARCOS TECH & ROBOTICS CORP,same month,2022-02
2022-02-01,18940,PTON,PELOTON INTERACTIVE INC,same month,2022-02
2022-02-01,18457,MVST,MICROVAST HOLDINGS INC,same month,2022-02
2022-02-01,17907,NKLA,NIKOLA CORP,same month,2022-02
2022-02-01,20599,SMRT,SMARTRENT INC,same month,2022-02
2022-02-01,20381,NVTS,NAVITAS SEMICONDUCTOR CORP,same month,2022-02
2022-02-01,20345,XM,QUALTRICS INTERNATIONAL INC,same month,2022-02
2022-02-01,20646,OSCR,OSCAR HEALTH INC,same month,2022-02
2022-02-01,19950,WE,WEWORK INC,same month,2022-02
2022-02-01,91498,EHTH,EHEALTH INC,same month,2022-02
2022-02-01,15302,VIRT,VIRTU FINANCIAL INC,same month,2022-02
2022-02-01,89301,GME,GAMESTOP CORP NEW,same month,2022-02
2022-02-01,16649,OKTA,OKTA INC,same month,2022-02
2022-02-01,19593,MIR,MIRION TECHNOLOGIES INC,same month,2022-02
2022-02-01,14136,RNG,RINGCENTRAL INC,same month,2022-02
2022-02-01,91103,UAL,UNITED AIRLINES HOLDINGS INC,same month,2022-02
2022-02-01,19224,AEVA,AEVA TECHNOLOGIES INC,same month,2022-02
2022-02-01,20153,HLMN,HILLMAN SOLUTIONS CORP,same month,2022-02
2022-02-01,18580,FSLY,FASTLY INC,same month,2022-02
2022-02-01,14432,ITCI,INTRA CELLULAR THERAPIES INC,same month,2022-02
2022-02-01,76722,STFC,STATE AUTO FINANCIAL CORP,same month,2022-02
2022-02-01,18937,CHPT,CHARGEPOINT HOLDINGS INC,same month,2022-02
2022-02-01,21020,AAL,AMERICAN AIRLINES GROUP INC,same month,2022-02
2022-02-01,87759,WULF,TERAWULF INC,same month,2022-02
2022-02-01,20893,AGL,AGILON HEALTH INC,same month,2022-02
2022-02-01,18184,FSR,FISKER INC,same month,2022-02
2022-02-01,20452,ENVX,ENOVIX CORP,same month,2022-02
2022-02-01,16382,COUP,COUPA SOFTWARE INC,same month,2022-02
2022-02-01,14617,ARES,ARES MANAGEMENT CORP,same month,2022-02
2022-02-01,17688,GSHD,GOOSEHEAD INSURANCE INC,same month,2022-02
2022-02-01,81593,COOP,MR COOPER GROUP INC,same month,2022-02
2022-02-01,75175,MBI,M B I A INC,same month,2022-02
2022-02-01,14601,NAVI,NAVIENT CORP,same month,2022-02
2022-02-01,19605,OSH,OAK STREET HEALTH INC,same month,2022-02
2022-02-01,14813,MARA,MARATHON DIGITAL HOLDINGS INC,same month,2022-02
2022-02-01,19404,FOUR,SHIFT4 PAYMENTS INC,same month,2022-02
2022-02-01,20902,SWIM,LATHAM GROUP INC,same month,2022-02
2022-02-01,19497,LMND,LEMONADE INC,same month,2022-02
2022-02-01,21207,NEM,NEWMONT CORP,same month,2022-02
2022-02-01,19606,NUVB,NUVATION BIO INC,same month,2022-02
2022-02-01,17036,CNNE,CANNAE HOLDINGS INC,same month,2022-02
2022-02-01,16966,SWCH,SWITCH INC,same month,2022-02
2022-02-01,19576,RXT,RACKSPACE TECHNOLOGY INC,same month,2022-02
2022-02-01,20330,LTCH,LATCH INC,same month,2022-02
2022-02-01,20339,AFRM,AFFIRM HOLDINGS INC,same month,2022-02
2022-02-01,18835,DKNG,DRAFTKINGS INC,same month,2022-02
2022-02-01,20919,PL,PLANET LABS P B C,same month,2022-02
2022-02-01,87337,PLUG,PLUG POWER INC,same month,2022-02
2022-02-01,19454,ETWO,E2OPEN PARENT HOLDINGS INC,same month,2022-02
2022-02-01,82779,NVAX,NOVAVAX INC,same month,2022-02
2022-02-01,18852,BTRS,B T R S HOLDINGS INC,same month,2022-02
2022-02-01,86211,MSTR,MICROSTRATEGY INC,same month,2022-02
2022-02-01,19084,BILL,BILL COM HOLDINGS INC,same month,2022-02
2022-02-01,13908,PFSI,PENNYMAC FINANCIAL SVCS INC NEW,same month,2022-02
2022-02-01,16964,SPCE,VIRGIN GALACTIC HOLDINGS INC,same month,2022-02
2022-02-01,91611,FSLR,FIRST SOLAR INC,same month,2022-02
2022-02-01,13918,ARCT,ARCTURUS THERAPEUTICS HLDNGS INC,same month,2022-02
2022-02-01,92775,TREE,LENDINGTREE INC,same month,2022-02
2022-02-01,90978,SPWR,SUNPOWER CORP,same month,2022-02
2022-02-01,40125,DXC,D X C TECHNOLOGY CO,same month,2022-02
2022-02-01,14414,SC,SANTANDER CONSUMER USA HLDGS INC,carried forward from an earlier month,2022-01
2022-02-01,20894,APP,APPLOVIN CORP,same month,2022-02
2022-02-01,19357,SLQT,SELECTQUOTE INC,same month,2022-02
2022-02-01,18312,MRNA,MODERNA INC,same month,2022-02
2022-02-01,92213,RIOT,RIOT BLOCKCHAIN INC,same month,2022-02
2022-02-01,84734,FBC,FLAGSTAR BANCORP INC,same month,2022-02
2022-02-01,15643,RUN,SUNRUN INC,same month,2022-02
2022-02-01,18480,TW,TRADEWEB MARKETS INC,same month,2022-02
2022-02-01,15831,AXSM,AXSOME THERAPEUTICS INC,same month,2022-02
2022-02-01,12591,APO,APOLLO GLOBAL MANAGEMENT INC NEW,same month,2022-02
2022-02-01,83443,BRKB,BERKSHIRE HATHAWAY INC DEL,same month,2022-02
2022-02-01,19788,PLTR,PALANTIR TECHNOLOGIES INC,same month,2022-02
2022-02-01,18558,GOEV,CANOO INC,same month,2022-02
2022-02-01,19058,SI,SILVERGATE CAPITAL CORP,same month,2022-02
2022-02-01,20892,COIN,COINBASE GLOBAL INC,same month,2022-02
2022-02-01,19032,VIR,VIR BIOTECHNOLOGY INC,same month,2022-02
2022-02-01,88518,APPS,DIGITAL TURBINE INC,same month,2022-02
2022-02-01,20120,HLLY,HOLLEY INC,same month,2022-02
2022-02-01,21409,JBI,JANUS INTERNATIONAL GROUP INC,same month,2022-02
2022-02-01,21361,HGTY,HAGERTY INC,same month,2022-02
2022-02-01,18576,UBER,UBER TECHNOLOGIES INC,same month,2022-02
2022-02-01,20975,DAVE,DAVE INC,same month,2022-02
2022-02-01,21723,HOOD,ROBINHOOD MARKETS INC,same month,2022-02
2022-02-01,20682,CPNG,COUPANG INC,same month,2022-02
2022-02-01,21597,PECO,PHILLIPS EDISON & COMPANY INC,same month,2022-02
2022-02-01,24328,EQT,E Q T CORP,same month,2022-02
2022-02-01,21605,RYAN,RYAN SPECIALTY GROUP HLDGS INC,same month,2022-02
2022-02-01,21053,BBAI,BIGBEAR AI HOLDINGS INC,same month,2022-02
2022-02-01,90505,LVS,LAS VEGAS SANDS CORP,same month,2022-02
2022-02-01,19495,DNB,DUN & BRADSTREET HOLDINGS INC,same month,2022-02
2022-02-01,20155,SNCE,SCIENCE 37 HOLDINGS INC,same month,2022-02
2022-02-01,14596,FIVN,FIVE 9 INC,same month,2022-02
2022-02-01,17367,LPRO,OPEN LENDING CORP,same month,2022-02
2022-02-01,16655,CVNA,CARVANA CO,same month,2022-02
2022-02-01,91926,DAL,DELTA AIR LINES INC,same month,2022-02
2022-03-01,21125,ZIP,ZIPRECRUITER INC,same month,2022-03
2022-03-01,79611,MOV,MOVADO GROUP INC,same month,2022-03
2022-03-01,14213,MMI,MARCUS & MILLICHAP INC,same month,2022-03
2022-03-01,11884,IPAR,INTERMEDIATE PARFUMS INC,same month,2022-03
2022-03-01,13777,AMSWA,AMERICAN SOFTWARE INC,same month,2022-03
2022-03-01,85724,PRDO,PERDOCEO EDUCATION CORP,same month,2022-03
2022-03-01,13318,YELP,YELP INC,same month,2022-03
2022-03-01,13935,NRC,NATIONAL RESEARCH CORP,same month,2022-03
2022-03-01,76721,CRVL,CORVEL CORP,same month,2022-03
2022-03-01,91606,CPRX,CATALYST PHARMACEUTICALS INC,same month,2022-03
2022-03-01,88167,HSTM,HEALTHSTREAM INC,same month,2022-03
2022-03-01,79491,WINA,WINMARK CORP,same month,2022-03
2022-03-01,92588,HCCI,HERITAGE CRYSTAL CLEAN INC,same month,2022-03
2022-03-01,87725,IIIN,INSTEEL INDUSTRIES INC,same month,2022-03
2022-03-01,88417,ACLS,AXCELIS TECHNOLOGIES INC,same month,2022-03
2022-03-01,63125,AGYS,AGILYSYS INC,same month,2022-03
2022-03-01,85889,SRDX,SURMODICS INC,same month,2022-03
2022-03-01,18311,LEGH,LEGACY HOUSING CORP,same month,2022-03
2022-03-01,77165,JBSS,SANFILIPPO JOHN B & SON,same month,2022-03
2022-03-01,14495,ATEN,A10 NETWORKS INC,same month,2022-03
2022-03-01,91186,VNDA,VANDA PHARMACEUTICALS INC,same month,2022-03
2022-03-01,86048,HCKT,HACKETT GROUP INC,same month,2022-03
2022-03-01,53604,GRC,GORMAN RUPP CO,same month,2022-03
2022-03-01,77354,SCHL,SCHOLASTIC CORP,same month,2022-03
2022-03-01,89792,CVCO,CAVCO INDUSTRIES INC DEL,same month,2022-03
2022-03-01,14688,AMPH,AMPHASTAR PHARMACEUTICALS INC,same month,2022-03
2022-03-01,88159,EXEL,EXELIXIS INC,same month,2022-03
2022-03-01,84010,USNA,USANA HEALTH SCIENCES INC,same month,2022-03
2022-03-01,14231,VEEV,VEEVA SYSTEMS INC,same month,2022-03
2022-03-01,45306,IDCC,INTERDIGITAL INC,same month,2022-03
2022-03-01,34948,OXM,OXFORD INDUSTRIES INC,same month,2022-03
2022-03-01,88504,BRKR,BRUKER CORP,same month,2022-03
2022-03-01,64961,NXGN,NEXTGEN HEALTHCARE INC,same month,2022-03
2022-03-01,88352,ISRG,INTUITIVE SURGICAL INC,same month,2022-03
2022-03-01,65700,USLM,UNITED STATES LIME MINERALS INC,same month,2022-03
2022-03-01,19938,ALGM,ALLEGRO MICROSYSTEMS INC,same month,2022-03
2022-03-01,50948,SMTC,SEMTECH CORP,same month,2022-03
2022-03-01,86827,HSII,HEIDRICK & STRUGGLES INTL INC,same month,2022-03
2022-03-01,11587,ATRI,ATRION CORP,same month,2022-03
2022-03-01,80034,SHOO,MADDEN STEVEN LTD,same month,2022-03
2022-03-01,90071,NRG,N R G ENERGY INC,same month,2022-03
2022-03-01,87812,SLAB,SILICON LABORATORIES INC,same month,2022-03
2022-03-01,76839,FIZZ,NATIONAL BEVERAGE CORP,same month,2022-03
2022-03-01,91463,CVLT,COMMVAULT SYSTEMS INC,same month,2022-03
2022-03-01,89036,NTUS,NATUS MEDICAL INC,same month,2022-03
2022-03-01,89179,ANTM,ANTHEM INC,same month,2022-03
2022-03-01,21614,DUOL,DUOLINGO INC,same month,2022-03
2022-03-01,90319,GOOGL,ALPHABET INC,same month,2022-03
2022-03-01,55993,NSSC,NAPCO SECURITY TECHNOLOGIES INC,same month,2022-03
2022-03-01,89572,CEVA,CEVA INC,same month,2022-03
2022-03-01,85992,MANH,MANHATTAN ASSOCIATES INC,same month,2022-03
2022-03-01,11775,JOUT,JOHNSON OUTDOORS INC,same month,2022-03
2022-03-01,76752,PRGS,PROGRESS SOFTWARE CORP,same month,2022-03
2022-03-01,75070,INT,WORLD FUEL SERVICES CORP,same month,2022-03
2022-03-01,87006,UTHR,UNITED THERAPEUTICS CORP,same month,2022-03
2022-03-01,78756,OFIX,ORTHOFIX MEDICAL INC,same month,2022-03
2022-03-01,16260,MEDP,MEDPACE HOLDINGS INC,same month,2022-03
2022-03-01,65365,MYE,MYERS INDUSTRIES INC,same month,2022-03
2022-03-01,89781,MOH,MOLINA HEALTHCARE INC,same month,2022-03
2022-03-01,77637,FC,FRANKLIN COVEY CO,same month,2022-03
2022-03-01,79906,INCY,INCYTE CORP,same month,2022-03
2022-03-01,92220,MASI,MASIMO CORP,same month,2022-03
2022-03-01,14694,GPRO,GOPRO INC,same month,2022-03
2022-03-01,87432,A,AGILENT TECHNOLOGIES INC,same month,2022-03
2022-03-01,84385,NSP,INSPERITY INC,same month,2022-03
2022-03-01,76744,VRTX,VERTEX PHARMACEUTICALS INC,same month,2022-03
2022-03-01,47466,NYT,NEW YORK TIMES CO,same month,2022-03
2022-03-01,79037,ETD,ETHAN ALLEN INTERIORS INC,same month,2022-03
2022-03-01,13407,FB,META PLATFORMS INC,same month,2022-03
2022-03-01,14456,EGRX,EAGLE PHARMACEUTICALS INC,same month,2022-03
2022-03-01,19827,ETAC,E MERGE TECHNOLOGY ACQ CORP,same month,2022-03
2022-03-01,18725,RVLV,REVOLVE GROUP INC,same month,2022-03
2022-03-01,80054,MED,MEDIFAST INC,same month,2022-03
2022-03-01,90423,INVA,THERAVANCE INC,same month,2022-03
2022-03-01,13625,SSTK,SHUTTERSTOCK INC,same month,2022-03
2022-03-01,54148,PHM,PULTE GROUP INC,same month,2022-03
2022-03-01,89110,OMCL,OMNICELL INC,same month,2022-03
2022-03-01,14521,TNET,TRINET GROUP INC,same month,2022-03
2022-03-01,52708,LEN,LENNAR CORP,same month,2022-03
2022-03-01,75107,ABMD,ABIOMED INC,same month,2022-03
2022-03-01,10909,CERN,CERNER CORP,same month,2022-03
2022-03-01,41241,HWKN,HAWKINS INC,same month,2022-03
2022-03-01,13543,GMED,GLOBUS MEDICAL INC,same month,2022-03
2022-03-01,16967,CARG,CARGURUS INC,same month,2022-03
2022-03-01,21559,INTA,INTAPP INC,same month,2022-03
2022-03-01,53074,MLAB,MESA LABORATORIES INC,same month,2022-03
2022-03-01,20658,CRCT,CRICUT INC,same month,2022-03
2022-03-01,68830,REX,REX AMERICAN RESOURCES CORP,same month,2022-03
2022-03-01,16434,GOLF,ACUSHNET HOLDINGS CORP,same month,2022-03
2022-03-01,90125,CORT,CORCEPT THERAPEUTICS INC,same month,2022-03
2022-03-01,10649,PTSI,P A M TRANSPORTATION SVCS INC,same month,2022-03
2022-03-01,13748,TPH,TRI POINTE HOMES INC,same month,2022-03
2022-03-01,79007,SCVL,SHOE CARNIVAL INC IN,same month,2022-03
2022-03-01,82542,CCF,CHASE CORP,same month,2022-03
2022-03-01,11343,SAFM,SANDERSON FARMS INC,same month,2022-03
2022-03-01,85863,COLM,COLUMBIA SPORTSWEAR CO,same month,2022-03
2022-03-01,90199,CBRE,C B R E GROUP INC,same month,2022-03
2022-03-01,82212,KFRC,KFORCE INC,same month,2022-03
2022-03-01,60098,OTTR,OTTER TAIL CORP,same month,2022-03
2022-03-01,87657,EW,EDWARDS LIFESCIENCES CORP,same month,2022-03
2022-03-01,20196,UPST,UPSTART HOLDINGS INC,same month,2022-03
2022-03-01,20172,CYXT,CYXTERA TECHNOLOGIES INC,same month,2022-03
2022-03-01,19577,RKT,ROCKET COMPANIES INC,same month,2022-03
2022-03-01,18940,PTON,PELOTON INTERACTIVE INC,same month,2022-03
2022-03-01,20726,STRC,SARCOS TECH & ROBOTICS CORP,same month,2022-03
2022-03-01,89301,GME,GAMESTOP CORP NEW,same month,2022-03
2022-03-01,17907,NKLA,NIKOLA CORP,same month,2022-03
2022-03-01,20067,SOFI,SOFI TECHNOLOGIES INC,same month,2022-03
2022-03-01,21361,HGTY,HAGERTY INC,same month,2022-03
2022-03-01,18457,MVST,MICROVAST HOLDINGS INC,same month,2022-03
2022-03-01,20120,HLLY,HOLLEY INC,same month,2022-03
2022-03-01,20269,OWL,BLUE OWL CAPITAL INC,same month,2022-03
2022-03-01,21723,HOOD,ROBINHOOD MARKETS INC,same month,2022-03
2022-03-01,20682,CPNG,COUPANG INC,same month,2022-03
2022-03-01,20345,XM,QUALTRICS INTERNATIONAL INC,same month,2022-03
2022-03-01,19950,WE,WEWORK INC,same month,2022-03
2022-03-01,20381,NVTS,NAVITAS SEMICONDUCTOR CORP,same month,2022-03
2022-03-01,20646,OSCR,OSCAR HEALTH INC,same month,2022-03
2022-03-01,91926,DAL,DELTA AIR LINES INC,same month,2022-03
2022-03-01,91103,UAL,UNITED AIRLINES HOLDINGS INC,same month,2022-03
2022-03-01,20599,SMRT,SMARTRENT INC,same month,2022-03
2022-03-01,21409,JBI,JANUS INTERNATIONAL GROUP INC,same month,2022-03
2022-03-01,21053,BBAI,BIGBEAR AI HOLDINGS INC,same month,2022-03
2022-03-01,21020,AAL,AMERICAN AIRLINES GROUP INC,same month,2022-03
2022-03-01,16649,OKTA,OKTA INC,same month,2022-03
2022-03-01,21605,RYAN,RYAN SPECIALTY GROUP HLDGS INC,same month,2022-03
2022-03-01,14432,ITCI,INTRA CELLULAR THERAPIES INC,same month,2022-03
2022-03-01,20153,HLMN,HILLMAN SOLUTIONS CORP,same month,2022-03
2022-03-01,81593,COOP,MR COOPER GROUP INC,same month,2022-03
2022-03-01,18184,FSR,FISKER INC,same month,2022-03
2022-03-01,20155,SNCE,SCIENCE 37 HOLDINGS INC,same month,2022-03
2022-03-01,19593,MIR,MIRION TECHNOLOGIES INC,same month,2022-03
2022-03-01,19605,OSH,OAK STREET HEALTH INC,same month,2022-03
2022-03-01,14136,RNG,RINGCENTRAL INC,same month,2022-03
2022-03-01,90505,LVS,LAS VEGAS SANDS CORP,same month,2022-03
2022-03-01,18576,UBER,UBER TECHNOLOGIES INC,same month,2022-03
2022-03-01,87759,WULF,TERAWULF INC,same month,2022-03
2022-03-01,19404,FOUR,SHIFT4 PAYMENTS INC,same month,2022-03
2022-03-01,21207,NEM,NEWMONT CORP,same month,2022-03
2022-03-01,16655,CVNA,CARVANA CO,same month,2022-03
2022-03-01,21597,PECO,PHILLIPS EDISON & COMPANY INC,same month,2022-03
2022-03-01,14617,ARES,ARES MANAGEMENT CORP,same month,2022-03
2022-03-01,75175,MBI,M B I A INC,same month,2022-03
2022-03-01,19495,DNB,DUN & BRADSTREET HOLDINGS INC,same month,2022-03
2022-03-01,18937,CHPT,CHARGEPOINT HOLDINGS INC,same month,2022-03
2022-03-01,15302,VIRT,VIRTU FINANCIAL INC,same month,2022-03
2022-03-01,20893,AGL,AGILON HEALTH INC,same month,2022-03
2022-03-01,14813,MARA,MARATHON DIGITAL HOLDINGS INC,same month,2022-03
2022-03-01,17036,CNNE,CANNAE HOLDINGS INC,same month,2022-03
2022-03-01,24328,EQT,E Q T CORP,same month,2022-03
2022-03-01,16966,SWCH,SWITCH INC,same month,2022-03
2022-03-01,18835,DKNG,DRAFTKINGS INC,same month,2022-03
2022-03-01,20902,SWIM,LATHAM GROUP INC,same month,2022-03
2022-03-01,17367,LPRO,OPEN LENDING CORP,same month,2022-03
2022-03-01,16382,COUP,COUPA SOFTWARE INC,same month,2022-03
2022-03-01,40125,DXC,D X C TECHNOLOGY CO,same month,2022-03
2022-03-01,87337,PLUG,PLUG POWER INC,same month,2022-03
2022-03-01,91611,FSLR,FIRST SOLAR INC,same month,2022-03
2022-03-01,17688,GSHD,GOOSEHEAD INSURANCE INC,same month,2022-03
2022-03-01,82779,NVAX,NOVAVAX INC,same month,2022-03
2022-03-01,12591,APO,APOLLO GLOBAL MANAGEMENT INC NEW,same month,2022-03
2022-03-01,76722,STFC,STATE AUTO FINANCIAL CORP,same month,2022-03
2022-03-01,14601,NAVI,NAVIENT CORP,same month,2022-03
2022-03-01,14596,FIVN,FIVE 9 INC,same month,2022-03
2022-03-01,20452,ENVX,ENOVIX CORP,same month,2022-03
2022-03-01,86211,MSTR,MICROSTRATEGY INC,same month,2022-03
2022-03-01,19576,RXT,RACKSPACE TECHNOLOGY INC,same month,2022-03
2022-03-01,18580,FSLY,FASTLY INC,same month,2022-03
2022-03-01,90978,SPWR,SUNPOWER CORP,same month,2022-03
2022-03-01,19606,NUVB,NUVATION BIO INC,same month,2022-03
2022-03-01,20919,PL,PLANET LABS P B C,same month,2022-03
2022-03-01,84734,FBC,FLAGSTAR BANCORP INC,same month,2022-03
2022-03-01,19454,ETWO,E2OPEN PARENT HOLDINGS INC,same month,2022-03
2022-03-01,18852,BTRS,B T R S HOLDINGS INC,same month,2022-03
2022-03-01,19084,BILL,BILL COM HOLDINGS INC,same month,2022-03
2022-03-01,92775,TREE,LENDINGTREE INC,same month,2022-03
2022-03-01,19497,LMND,LEMONADE INC,same month,2022-03
2022-03-01,19788,PLTR,PALANTIR TECHNOLOGIES INC,same month,2022-03
2022-03-01,92213,RIOT,RIOT BLOCKCHAIN INC,same month,2022-03
2022-03-01,20798,CPTN,CEPTON INC,same month,2022-03
2022-03-01,20721,NRGV,ENERGY VAULT HOLDINGS INC,same month,2022-03
2022-03-01,20636,ISPO,INSPIRATO INC,same month,2022-03
2022-03-01,21076,ADTH,ADTHEORENT HOLDING CO INC,same month,2022-03
2022-03-01,20788,GRNA,GREENLIGHT BIOSCIENCES HLDGS PBC,same month,2022-03
2022-03-01,21198,HLGN,HELIOGEN INC,same month,2022-03
2022-03-01,19930,CCCS,C C C INTEL SOLUTIONS HLDGS INC,same month,2022-03
2022-03-01,18840,CELU,CELULARITY INC,same month,2022-03
2022-03-01,57913,VXRT,VAXART INC,same month,2022-03
2022-03-01,18727,CHWY,CHEWY INC,same month,2022-03
2022-03-01,81481,DLTR,DOLLAR TREE INC,same month,2022-03
2022-03-01,14328,AMC,A M C ENTERTAINMENT HOLDINGS INC,same month,2022-03
2022-03-01,17341,ZS,ZSCALER INC,same month,2022-03
2022-03-01,18452,LYFT,LYFT INC,same month,2022-03
2022-03-01,20631,BOXD,BOXED INC,same month,2022-03
2022-03-01,12060,GE,GENERAL ELECTRIC CO,same month,2022-03
2022-03-01,19561,BA,BOEING CO,same month,2022-03
2022-03-01,13919,AMBC,AMBAC FINANCIAL GROUP INC,same month,2022-03
2022-03-01,20173,TLS,TELOS CORP,same month,2022-03
2022-03-01,20972,PATH,UIPATH INC,same month,2022-03
2022-03-01,91594,SPR,SPIRIT AEROSYSTEMS HOLDINGS INC,same month,2022-03
2022-04-01,21125,ZIP,ZIPRECRUITER INC,same month,2022-04
2022-04-01,14213,MMI,MARCUS & MILLICHAP INC,same month,2022-04
2022-04-01,13777,AMSWA,AMERICAN SOFTWARE INC,same month,2022-04
2022-04-01,13318,YELP,YELP INC,same month,2022-04
2022-04-01,13935,NRC,NATIONAL RESEARCH CORP,same month,2022-04
2022-04-01,68830,REX,REX AMERICAN RESOURCES CORP,same month,2022-04
2022-04-01,11884,IPAR,INTERMEDIATE PARFUMS INC,same month,2022-04
2022-04-01,85724,PRDO,PERDOCEO EDUCATION CORP,same month,2022-04
2022-04-01,76721,CRVL,CORVEL CORP,same month,2022-04
2022-04-01,63125,AGYS,AGILYSYS INC,same month,2022-04
2022-04-01,88167,HSTM,HEALTHSTREAM INC,same month,2022-04
2022-04-01,79611,MOV,MOVADO GROUP INC,same month,2022-04
2022-04-01,10649,PTSI,P A M TRANSPORTATION SVCS INC,same month,2022-04
2022-04-01,89792,CVCO,CAVCO INDUSTRIES INC DEL,same month,2022-04
2022-04-01,91606,CPRX,CATALYST PHARMACEUTICALS INC,same month,2022-04
2022-04-01,14495,ATEN,A10 NETWORKS INC,same month,2022-04
2022-04-01,90125,CORT,CORCEPT THERAPEUTICS INC,same month,2022-04
2022-04-01,13748,TPH,TRI POINTE HOMES INC,same month,2022-04
2022-04-01,87725,IIIN,INSTEEL INDUSTRIES INC,same month,2022-04
2022-04-01,85889,SRDX,SURMODICS INC,same month,2022-04
2022-04-01,88417,ACLS,AXCELIS TECHNOLOGIES INC,same month,2022-04
2022-04-01,79491,WINA,WINMARK CORP,same month,2022-04
2022-04-01,64961,NXGN,NEXTGEN HEALTHCARE INC,same month,2022-04
2022-04-01,88159,EXEL,EXELIXIS INC,same month,2022-04
2022-04-01,65700,USLM,UNITED STATES LIME MINERALS INC,same month,2022-04
2022-04-01,89036,NTUS,NATUS MEDICAL INC,same month,2022-04
2022-04-01,53604,GRC,GORMAN RUPP CO,same month,2022-04
2022-04-01,91186,VNDA,VANDA PHARMACEUTICALS INC,same month,2022-04
2022-04-01,77165,JBSS,SANFILIPPO JOHN B & SON,same month,2022-04
2022-04-01,82542,CCF,CHASE CORP,same month,2022-04
2022-04-01,19938,ALGM,ALLEGRO MICROSYSTEMS INC,same month,2022-04
2022-04-01,11587,ATRI,ATRION CORP,same month,2022-04
2022-04-01,77354,SCHL,SCHOLASTIC CORP,same month,2022-04
2022-04-01,16434,GOLF,ACUSHNET HOLDINGS CORP,same month,2022-04
2022-04-01,45306,IDCC,INTERDIGITAL INC,same month,2022-04
2022-04-01,92588,HCCI,HERITAGE CRYSTAL CLEAN INC,same month,2022-04
2022-04-01,89572,CEVA,CEVA INC,same month,2022-04
2022-04-01,60098,OTTR,OTTER TAIL CORP,same month,2022-04
2022-04-01,84010,USNA,USANA HEALTH SCIENCES INC,same month,2022-04
2022-04-01,50948,SMTC,SEMTECH CORP,same month,2022-04
2022-04-01,86048,HCKT,HACKETT GROUP INC,same month,2022-04
2022-04-01,88504,BRKR,BRUKER CORP,same month,2022-04
2022-04-01,88352,ISRG,INTUITIVE SURGICAL INC,same month,2022-04
2022-04-01,87812,SLAB,SILICON LABORATORIES INC,same month,2022-04
2022-04-01,82212,KFRC,KFORCE INC,same month,2022-04
2022-04-01,34948,OXM,OXFORD INDUSTRIES INC,same month,2022-04
2022-04-01,91463,CVLT,COMMVAULT SYSTEMS INC,same month,2022-04
2022-04-01,85863,COLM,COLUMBIA SPORTSWEAR CO,same month,2022-04
2022-04-01,75070,INT,WORLD FUEL SERVICES CORP,same month,2022-04
2022-04-01,14231,VEEV,VEEVA SYSTEMS INC,same month,2022-04
2022-04-01,11343,SAFM,SANDERSON FARMS INC,same month,2022-04
2022-04-01,90199,CBRE,C B R E GROUP INC,same month,2022-04
2022-04-01,90319,GOOGL,ALPHABET INC,same month,2022-04
2022-04-01,87657,EW,EDWARDS LIFESCIENCES CORP,same month,2022-04
2022-04-01,89179,ANTM,ANTHEM INC,same month,2022-04
2022-04-01,77637,FC,FRANKLIN COVEY CO,same month,2022-04
2022-04-01,80034,SHOO,MADDEN STEVEN LTD,same month,2022-04
2022-04-01,76839,FIZZ,NATIONAL BEVERAGE CORP,same month,2022-04
2022-04-01,79037,ETD,ETHAN ALLEN INTERIORS INC,same month,2022-04
2022-04-01,85992,MANH,MANHATTAN ASSOCIATES INC,same month,2022-04
2022-04-01,54148,PHM,PULTE GROUP INC,same month,2022-04
2022-04-01,11775,JOUT,JOHNSON OUTDOORS INC,same month,2022-04
2022-04-01,92220,MASI,MASIMO CORP,same month,2022-04
2022-04-01,86827,HSII,HEIDRICK & STRUGGLES INTL INC,same month,2022-04
2022-04-01,10909,CERN,CERNER CORP,same month,2022-04
2022-04-01,79906,INCY,INCYTE CORP,same month,2022-04
2022-04-01,55993,NSSC,NAPCO SECURITY TECHNOLOGIES INC,same month,2022-04
2022-04-01,14456,EGRX,EAGLE PHARMACEUTICALS INC,same month,2022-04
2022-04-01,76744,VRTX,VERTEX PHARMACEUTICALS INC,same month,2022-04
2022-04-01,18725,RVLV,REVOLVE GROUP INC,same month,2022-04
2022-04-01,76752,PRGS,PROGRESS SOFTWARE CORP,same month,2022-04
2022-04-01,90071,NRG,N R G ENERGY INC,same month,2022-04
2022-04-01,84385,NSP,INSPERITY INC,same month,2022-04
2022-04-01,79007,SCVL,SHOE CARNIVAL INC IN,same month,2022-04
2022-04-01,13625,SSTK,SHUTTERSTOCK INC,same month,2022-04
2022-04-01,16260,MEDP,MEDPACE HOLDINGS INC,same month,2022-04
2022-04-01,80054,MED,MEDIFAST INC,same month,2022-04
2022-04-01,14694,GPRO,GOPRO INC,same month,2022-04
2022-04-01,47466,NYT,NEW YORK TIMES CO,same month,2022-04
2022-04-01,87432,A,AGILENT TECHNOLOGIES INC,same month,2022-04
2022-04-01,13407,FB,META PLATFORMS INC,same month,2022-04
2022-04-01,14688,AMPH,AMPHASTAR PHARMACEUTICALS INC,same month,2022-04
2022-04-01,87006,UTHR,UNITED THERAPEUTICS CORP,same month,2022-04
2022-04-01,89781,MOH,MOLINA HEALTHCARE INC,same month,2022-04
2022-04-01,52708,LEN,LENNAR CORP,same month,2022-04
2022-04-01,41241,HWKN,HAWKINS INC,same month,2022-04
2022-04-01,21614,DUOL,DUOLINGO INC,same month,2022-04
2022-04-01,14521,TNET,TRINET GROUP INC,same month,2022-04
2022-04-01,75107,ABMD,ABIOMED INC,same month,2022-04
2022-04-01,19827,ETAC,E MERGE TECHNOLOGY ACQ CORP,same month,2022-04
2022-04-01,90423,INVA,THERAVANCE INC,same month,2022-04
2022-04-01,13543,GMED,GLOBUS MEDICAL INC,same month,2022-04
2022-04-01,65365,MYE,MYERS INDUSTRIES INC,same month,2022-04
2022-04-01,78756,OFIX,ORTHOFIX MEDICAL INC,same month,2022-04
2022-04-01,88841,RGP,RESOURCES CONNECTION INC,same month,2022-04
2022-04-01,16158,VRS,VERSO CORP,carried forward from an earlier month,2022-03
2022-04-01,64194,CHE,CHEMED CORP NEW,same month,2022-04
2022-04-01,14359,XNCR,XENCOR INC,same month,2022-04
2022-04-01,89445,BDSI,BIODELIVERY SCIENCES INTL INC,carried forward from an earlier month,2022-03
2022-04-01,86594,KFY,KORN FERRY,same month,2022-04
2022-04-01,20721,NRGV,ENERGY VAULT HOLDINGS INC,same month,2022-04
2022-04-01,21053,BBAI,BIGBEAR AI HOLDINGS INC,same month,2022-04
2022-04-01,89301,GME,GAMESTOP CORP NEW,same month,2022-04
2022-04-01,20788,GRNA,GREENLIGHT BIOSCIENCES HLDGS PBC,same month,2022-04
2022-04-01,21076,ADTH,ADTHEORENT HOLDING CO INC,same month,2022-04
2022-04-01,20172,CYXT,CYXTERA TECHNOLOGIES INC,same month,2022-04
2022-04-01,21723,HOOD,ROBINHOOD MARKETS INC,same month,2022-04
2022-04-01,20646,OSCR,OSCAR HEALTH INC,same month,2022-04
2022-04-01,20726,STRC,SARCOS TECH & ROBOTICS CORP,same month,2022-04
2022-04-01,17907,NKLA,NIKOLA CORP,same month,2022-04
2022-04-01,18840,CELU,CELULARITY INC,same month,2022-04
2022-04-01,20196,UPST,UPSTART HOLDINGS INC,same month,2022-04
2022-04-01,18457,MVST,MICROVAST HOLDINGS INC,same month,2022-04
2022-04-01,19577,RKT,ROCKET COMPANIES INC,same month,2022-04
2022-04-01,18940,PTON,PELOTON INTERACTIVE INC,same month,2022-04
2022-04-01,21361,HGTY,HAGERTY INC,same month,2022-04
2022-04-01,20067,SOFI,SOFI TECHNOLOGIES INC,same month,2022-04
2022-04-01,20631,BOXD,BOXED INC,same month,2022-04
2022-04-01,21605,RYAN,RYAN SPECIALTY GROUP HLDGS INC,same month,2022-04
2022-04-01,19950,WE,WEWORK INC,same month,2022-04
2022-04-01,20345,XM,QUALTRICS INTERNATIONAL INC,same month,2022-04
2022-04-01,19605,OSH,OAK STREET HEALTH INC,same month,2022-04
2022-04-01,20381,NVTS,NAVITAS SEMICONDUCTOR CORP,same month,2022-04
2022-04-01,20682,CPNG,COUPANG INC,same month,2022-04
2022-04-01,91926,DAL,DELTA AIR LINES INC,same month,2022-04
2022-04-01,91103,UAL,UNITED AIRLINES HOLDINGS INC,same month,2022-04
2022-04-01,57913,VXRT,VAXART INC,same month,2022-04
2022-04-01,14328,AMC,A M C ENTERTAINMENT HOLDINGS INC,same month,2022-04
2022-04-01,18937,CHPT,CHARGEPOINT HOLDINGS INC,same month,2022-04
2022-04-01,20153,HLMN,HILLMAN SOLUTIONS CORP,same month,2022-04
2022-04-01,21020,AAL,AMERICAN AIRLINES GROUP INC,same month,2022-04
2022-04-01,14432,ITCI,INTRA CELLULAR THERAPIES INC,same month,2022-04
2022-04-01,20120,HLLY,HOLLEY INC,same month,2022-04
2022-04-01,20173,TLS,TELOS CORP,same month,2022-04
2022-04-01,20269,OWL,BLUE OWL CAPITAL INC,same month,2022-04
2022-04-01,18727,CHWY,CHEWY INC,same month,2022-04
2022-04-01,16649,OKTA,OKTA INC,same month,2022-04
2022-04-01,12591,APO,APOLLO GLOBAL MANAGEMENT INC NEW,same month,2022-04
2022-04-01,14136,RNG,RINGCENTRAL INC,same month,2022-04
2022-04-01,12060,GE,GENERAL ELECTRIC CO,same month,2022-04
2022-04-01,20599,SMRT,SMARTRENT INC,same month,2022-04
2022-04-01,18184,FSR,FISKER INC,same month,2022-04
2022-04-01,21198,HLGN,HELIOGEN INC,same month,2022-04
2022-04-01,21597,PECO,PHILLIPS EDISON & COMPANY INC,same month,2022-04
2022-04-01,81481,DLTR,DOLLAR TREE INC,same month,2022-04
2022-04-01,14813,MARA,MARATHON DIGITAL HOLDINGS INC,same month,2022-04
2022-04-01,90505,LVS,LAS VEGAS SANDS CORP,same month,2022-04
2022-04-01,87759,WULF,TERAWULF INC,same month,2022-04
2022-04-01,75175,MBI,M B I A INC,same month,2022-04
2022-04-01,20893,AGL,AGILON HEALTH INC,same month,2022-04
2022-04-01,16966,SWCH,SWITCH INC,same month,2022-04
2022-04-01,19404,FOUR,SHIFT4 PAYMENTS INC,same month,2022-04
2022-04-01,19930,CCCS,C C C INTEL SOLUTIONS HLDGS INC,same month,2022-04
2022-04-01,81593,COOP,MR COOPER GROUP INC,same month,2022-04
2022-04-01,21409,JBI,JANUS INTERNATIONAL GROUP INC,same month,2022-04
2022-04-01,14617,ARES,ARES MANAGEMENT CORP,same month,2022-04
2022-04-01,20155,SNCE,SCIENCE 37 HOLDINGS INC,same month,2022-04
2022-04-01,16382,COUP,COUPA SOFTWARE INC,same month,2022-04
2022-04-01,19593,MIR,MIRION TECHNOLOGIES INC,same month,2022-04
2022-04-01,91594,SPR,SPIRIT AEROSYSTEMS HOLDINGS INC,same month,2022-04
2022-04-01,19561,BA,BOEING CO,same month,2022-04
2022-04-01,17341,ZS,ZSCALER INC,same month,2022-04
2022-04-01,82779,NVAX,NOVAVAX INC,same month,2022-04
2022-04-01,19495,DNB,DUN & BRADSTREET HOLDINGS INC,same month,2022-04
2022-04-01,17688,GSHD,GOOSEHEAD INSURANCE INC,same month,2022-04
2022-04-01,17036,CNNE,CANNAE HOLDINGS INC,same month,2022-04
2022-04-01,91611,FSLR,FIRST SOLAR INC,same month,2022-04
2022-04-01,16655,CVNA,CARVANA CO,same month,2022-04
2022-04-01,21207,NEM,NEWMONT CORP,same month,2022-04
2022-04-01,87337,PLUG,PLUG POWER INC,same month,2022-04
2022-04-01,14601,NAVI,NAVIENT CORP,same month,2022-04
2022-04-01,17367,LPRO,OPEN LENDING CORP,same month,2022-04
2022-04-01,18576,UBER,UBER TECHNOLOGIES INC,same month,2022-04
2022-04-01,40125,DXC,D X C TECHNOLOGY CO,same month,2022-04
2022-04-01,86211,MSTR,MICROSTRATEGY INC,same month,2022-04
2022-04-01,20972,PATH,UIPATH INC,same month,2022-04
2022-04-01,19454,ETWO,E2OPEN PARENT HOLDINGS INC,same month,2022-04
2022-04-01,19576,RXT,RACKSPACE TECHNOLOGY INC,same month,2022-04
2022-04-01,90978,SPWR,SUNPOWER CORP,same month,2022-04
2022-04-01,18835,DKNG,DRAFTKINGS INC,same month,2022-04
2022-04-01,14596,FIVN,FIVE 9 INC,same month,2022-04
2022-04-01,15302,VIRT,VIRTU FINANCIAL INC,same month,2022-04
2022-04-01,18452,LYFT,LYFT INC,same month,2022-04
2022-04-01,24328,EQT,E Q T CORP,same month,2022-04
2022-04-01,92213,RIOT,RIOT BLOCKCHAIN INC,same month,2022-04
2022-04-01,84734,FBC,FLAGSTAR BANCORP INC,same month,2022-04
2022-04-01,18852,BTRS,B T R S HOLDINGS INC,same month,2022-04
2022-04-01,20452,ENVX,ENOVIX CORP,same month,2022-04
2022-04-01,19606,NUVB,NUVATION BIO INC,same month,2022-04
2022-04-01,21844,FCUV,FOCUS UNIVERSAL INC,same month,2022-04
2022-04-01,20975,DAVE,DAVE INC,same month,2022-04
2022-04-01,20717,EMBK,EMBARK TECHNOLOGY INC,same month,2022-04
2022-04-01,20126,JOBY,JOBY AVIATION INC,same month,2022-04
2022-04-01,20419,LIDR,AEYE INC,same month,2022-04
2022-04-01,19547,CERE,CEREVEL THERAPEUTICS HLDGS INC,same month,2022-04
2022-04-01,20402,VLD,VELO3D INC,same month,2022-04
2022-04-01,12068,ONB,OLD NATIONAL BANCORP,same month,2022-04
2022-04-01,21349,ZETA,ZETA GLOBAL HOLDINGS CORP,same month,2022-04
2022-04-01,20787,BZFD,BUZZFEED INC,same month,2022-04
2022-04-01,76856,FCFS,FIRSTCASH HOLDINGS INC,same month,2022-04
2022-05-01,13935,NRC,NATIONAL RESEARCH CORP,same month,2022-05
2022-05-01,13777,AMSWA,AMERICAN SOFTWARE INC,same month,2022-05
2022-05-01,14213,MMI,MARCUS & MILLICHAP INC,same month,2022-05
2022-05-01,21125,ZIP,ZIPRECRUITER INC,same month,2022-05
2022-05-01,13318,YELP,YELP INC,same month,2022-05
2022-05-01,14359,XNCR,XENCOR INC,same month,2022-05
2022-05-01,68830,REX,REX AMERICAN RESOURCES CORP,same month,2022-05
2022-05-01,10649,PTSI,P A M TRANSPORTATION SVCS INC,same month,2022-05
2022-05-01,63125,AGYS,AGILYSYS INC,same month,2022-05
2022-05-01,76721,CRVL,CORVEL CORP,same month,2022-05
2022-05-01,88167,HSTM,HEALTHSTREAM INC,same month,2022-05
2022-05-01,88417,ACLS,AXCELIS TECHNOLOGIES INC,same month,2022-05
2022-05-01,85724,PRDO,PERDOCEO EDUCATION CORP,same month,2022-05
2022-05-01,65700,USLM,UNITED STATES LIME MINERALS INC,same month,2022-05
2022-05-01,90125,CORT,CORCEPT THERAPEUTICS INC,same month,2022-05
2022-05-01,89792,CVCO,CAVCO INDUSTRIES INC DEL,same month,2022-05
2022-05-01,79611,MOV,MOVADO GROUP INC,same month,2022-05
2022-05-01,11884,IPAR,INTERMEDIATE PARFUMS INC,same month,2022-05
2022-05-01,64961,NXGN,NEXTGEN HEALTHCARE INC,same month,2022-05
2022-05-01,91606,CPRX,CATALYST PHARMACEUTICALS INC,same month,2022-05
2022-05-01,88159,EXEL,EXELIXIS INC,same month,2022-05
2022-05-01,91186,VNDA,VANDA PHARMACEUTICALS INC,same month,2022-05
2022-05-01,77637,FC,FRANKLIN COVEY CO,same month,2022-05
2022-05-01,82542,CCF,CHASE CORP,same month,2022-05
2022-05-01,85889,SRDX,SURMODICS INC,same month,2022-05
2022-05-01,79491,WINA,WINMARK CORP,same month,2022-05
2022-05-01,53604,GRC,GORMAN RUPP CO,same month,2022-05
2022-05-01,89572,CEVA,CEVA INC,same month,2022-05
2022-05-01,60098,OTTR,OTTER TAIL CORP,same month,2022-05
2022-05-01,11587,ATRI,ATRION CORP,same month,2022-05
2022-05-01,86594,KFY,KORN FERRY,same month,2022-05
2022-05-01,82212,KFRC,KFORCE INC,same month,2022-05
2022-05-01,87725,IIIN,INSTEEL INDUSTRIES INC,same month,2022-05
2022-05-01,45306,IDCC,INTERDIGITAL INC,same month,2022-05
2022-05-01,88841,RGP,RESOURCES CONNECTION INC,same month,2022-05
2022-05-01,19938,ALGM,ALLEGRO MICROSYSTEMS INC,same month,2022-05
2022-05-01,91463,CVLT,COMMVAULT SYSTEMS INC,same month,2022-05
2022-05-01,50948,SMTC,SEMTECH CORP,same month,2022-05
2022-05-01,90199,CBRE,C B R E GROUP INC,same month,2022-05
2022-05-01,85863,COLM,COLUMBIA SPORTSWEAR CO,same month,2022-05
2022-05-01,92588,HCCI,HERITAGE CRYSTAL CLEAN INC,same month,2022-05
2022-05-01,11343,SAFM,SANDERSON FARMS INC,same month,2022-05
2022-05-01,14231,VEEV,VEEVA SYSTEMS INC,same month,2022-05
2022-05-01,86048,HCKT,HACKETT GROUP INC,same month,2022-05
2022-05-01,84010,USNA,USANA HEALTH SCIENCES INC,same month,2022-05
2022-05-01,77354,SCHL,SCHOLASTIC CORP,same month,2022-05
2022-05-01,13748,TPH,TRI POINTE HOMES INC,same month,2022-05
2022-05-01,64194,CHE,CHEMED CORP NEW,same month,2022-05
2022-05-01,87812,SLAB,SILICON LABORATORIES INC,same month,2022-05
2022-05-01,92220,MASI,MASIMO CORP,same month,2022-05
2022-05-01,34948,OXM,OXFORD INDUSTRIES INC,same month,2022-05
2022-05-01,89179,ANTM,ANTHEM INC,same month,2022-05
2022-05-01,88504,BRKR,BRUKER CORP,same month,2022-05
2022-05-01,90319,GOOGL,ALPHABET INC,same month,2022-05
2022-05-01,13625,SSTK,SHUTTERSTOCK INC,same month,2022-05
2022-05-01,18725,RVLV,REVOLVE GROUP INC,same month,2022-05
2022-05-01,77165,JBSS,SANFILIPPO JOHN B & SON,same month,2022-05
2022-05-01,87657,EW,EDWARDS LIFESCIENCES CORP,same month,2022-05
2022-05-01,85992,MANH,MANHATTAN ASSOCIATES INC,same month,2022-05
2022-05-01,79906,INCY,INCYTE CORP,same month,2022-05
2022-05-01,76752,PRGS,PROGRESS SOFTWARE CORP,same month,2022-05
2022-05-01,16260,MEDP,MEDPACE HOLDINGS INC,same month,2022-05
2022-05-01,76744,VRTX,VERTEX PHARMACEUTICALS INC,same month,2022-05
2022-05-01,88352,ISRG,INTUITIVE SURGICAL INC,same month,2022-05
2022-05-01,79037,ETD,ETHAN ALLEN INTERIORS INC,same month,2022-05
2022-05-01,10909,CERN,CERNER CORP,same month,2022-05
2022-05-01,54148,PHM,PULTE GROUP INC,same month,2022-05
2022-05-01,41241,HWKN,HAWKINS INC,same month,2022-05
2022-05-01,47466,NYT,NEW YORK TIMES CO,same month,2022-05
2022-05-01,55993,NSSC,NAPCO SECURITY TECHNOLOGIES INC,same month,2022-05
2022-05-01,14495,ATEN,A10 NETWORKS INC,same month,2022-05
2022-05-01,76839,FIZZ,NATIONAL BEVERAGE CORP,same month,2022-05
2022-05-01,16434,GOLF,ACUSHNET HOLDINGS CORP,same month,2022-05
2022-05-01,14456,EGRX,EAGLE PHARMACEUTICALS INC,same month,2022-05
2022-05-01,11775,JOUT,JOHNSON OUTDOORS INC,same month,2022-05
2022-05-01,86827,HSII,HEIDRICK & STRUGGLES INTL INC,same month,2022-05
2022-05-01,80034,SHOO,MADDEN STEVEN LTD,same month,2022-05
2022-05-01,84385,NSP,INSPERITY INC,same month,2022-05
2022-05-01,14521,TNET,TRINET GROUP INC,same month,2022-05
2022-05-01,87432,A,AGILENT TECHNOLOGIES INC,same month,2022-05
2022-05-01,75107,ABMD,ABIOMED INC,same month,2022-05
2022-05-01,87006,UTHR,UNITED THERAPEUTICS CORP,same month,2022-05
2022-05-01,79007,SCVL,SHOE CARNIVAL INC IN,same month,2022-05
2022-05-01,78756,OFIX,ORTHOFIX MEDICAL INC,same month,2022-05
2022-05-01,75070,INT,WORLD FUEL SERVICES CORP,same month,2022-05
2022-05-01,89036,NTUS,NATUS MEDICAL INC,same month,2022-05
2022-05-01,89781,MOH,MOLINA HEALTHCARE INC,same month,2022-05
2022-05-01,85401,SIGA,S I G A TECHNOLOGIES INC,same month,2022-05
2022-05-01,92753,ERII,ENERGY RECOVERY INC,same month,2022-05
2022-05-01,19560,ITOS,ITEOS THERAPEUTICS INC,same month,2022-05
2022-05-01,90029,DVAX,DYNAVAX TECHNOLOGIES CORP,same month,2022-05
2022-05-01,48144,KLIC,KULICKE & SOFFA INDS INC,same month,2022-05
2022-05-01,20161,OAS,OASIS PETROLEUM INC,same month,2022-05
2022-05-01,83738,CASS,CASS INFORMATION SYSTEMS INC,same month,2022-05
2022-05-01,88031,MNST,MONSTER BEVERAGE CORP NEW,same month,2022-05
2022-05-01,46886,KLAC,K L A CORP,same month,2022-05
2022-05-01,14702,AMAT,APPLIED MATERIALS INC,same month,2022-05
2022-05-01,85040,SLP,SIMULATIONS PLUS INC,same month,2022-05
2022-05-01,18973,BRC,BRADY CORP,same month,2022-05
2022-05-01,79785,NVR,N V R INC,same month,2022-05
2022-05-01,20721,NRGV,ENERGY VAULT HOLDINGS INC,same month,2022-05
2022-05-01,21053,BBAI,BIGBEAR AI HOLDINGS INC,same month,2022-05
2022-05-01,21844,FCUV,FOCUS UNIVERSAL INC,same month,2022-05
2022-05-01,21723,HOOD,ROBINHOOD MARKETS INC,same month,2022-05
2022-05-01,20646,OSCR,OSCAR HEALTH INC,same month,2022-05
2022-05-01,18840,CELU,CELULARITY INC,same month,2022-05
2022-05-01,89301,GME,GAMESTOP CORP NEW,same month,2022-05
2022-05-01,20631,BOXD,BOXED INC,same month,2022-05
2022-05-01,20788,GRNA,GREENLIGHT BIOSCIENCES HLDGS PBC,same month,2022-05
2022-05-01,20067,SOFI,SOFI TECHNOLOGIES INC,same month,2022-05
2022-05-01,17907,NKLA,NIKOLA CORP,same month,2022-05
2022-05-01,19605,OSH,OAK STREET HEALTH INC,same month,2022-05
2022-05-01,21605,RYAN,RYAN SPECIALTY GROUP HLDGS INC,same month,2022-05
2022-05-01,21076,ADTH,ADTHEORENT HOLDING CO INC,same month,2022-05
2022-05-01,20172,CYXT,CYXTERA TECHNOLOGIES INC,same month,2022-05
2022-05-01,19577,RKT,ROCKET COMPANIES INC,same month,2022-05
2022-05-01,18937,CHPT,CHARGEPOINT HOLDINGS INC,same month,2022-05
2022-05-01,76856,FCFS,FIRSTCASH HOLDINGS INC,same month,2022-05
2022-05-01,19950,WE,WEWORK INC,same month,2022-05
2022-05-01,18940,PTON,PELOTON INTERACTIVE INC,same month,2022-05
2022-05-01,20153,HLMN,HILLMAN SOLUTIONS CORP,same month,2022-05
2022-05-01,20419,LIDR,AEYE INC,same month,2022-05
2022-05-01,91103,UAL,UNITED AIRLINES HOLDINGS INC,same month,2022-05
2022-05-01,20717,EMBK,EMBARK TECHNOLOGY INC,same month,2022-05
2022-05-01,14328,AMC,A M C ENTERTAINMENT HOLDINGS INC,same month,2022-05
2022-05-01,91926,DAL,DELTA AIR LINES INC,same month,2022-05
2022-05-01,20126,JOBY,JOBY AVIATION INC,same month,2022-05
2022-05-01,21020,AAL,AMERICAN AIRLINES GROUP INC,same month,2022-05
2022-05-01,20381,NVTS,NAVITAS SEMICONDUCTOR CORP,same month,2022-05
2022-05-01,17036,CNNE,CANNAE HOLDINGS INC,same month,2022-05
2022-05-01,14432,ITCI,INTRA CELLULAR THERAPIES INC,same month,2022-05
2022-05-01,20682,CPNG,COUPANG INC,same month,2022-05
2022-05-01,20345,XM,QUALTRICS INTERNATIONAL INC,same month,2022-05
2022-05-01,12591,APO,APOLLO GLOBAL MANAGEMENT INC NEW,same month,2022-05
2022-05-01,75175,MBI,M B I A INC,same month,2022-05
2022-05-01,20269,OWL,BLUE OWL CAPITAL INC,same month,2022-05
2022-05-01,21349,ZETA,ZETA GLOBAL HOLDINGS CORP,same month,2022-05
2022-05-01,19547,CERE,CEREVEL THERAPEUTICS HLDGS INC,same month,2022-05
2022-05-01,12060,GE,GENERAL ELECTRIC CO,same month,2022-05
2022-05-01,16966,SWCH,SWITCH INC,same month,2022-05
2022-05-01,18727,CHWY,CHEWY INC,same month,2022-05
2022-05-01,20893,AGL,AGILON HEALTH INC,same month,2022-05
2022-05-01,16649,OKTA,OKTA INC,same month,2022-05
2022-05-01,20173,TLS,TELOS CORP,same month,2022-05
2022-05-01,21597,PECO,PHILLIPS EDISON & COMPANY INC,same month,2022-05
2022-05-01,17688,GSHD,GOOSEHEAD INSURANCE INC,same month,2022-05
2022-05-01,14813,MARA,MARATHON DIGITAL HOLDINGS INC,same month,2022-05
2022-05-01,81593,COOP,MR COOPER GROUP INC,same month,2022-05
2022-05-01,14617,ARES,ARES MANAGEMENT CORP,same month,2022-05
2022-05-01,18184,FSR,FISKER INC,same month,2022-05
2022-05-01,81481,DLTR,DOLLAR TREE INC,same month,2022-05
2022-05-01,14136,RNG,RINGCENTRAL INC,same month,2022-05
2022-05-01,21361,HGTY,HAGERTY INC,same month,2022-05
2022-05-01,20196,UPST,UPSTART HOLDINGS INC,same month,2022-05
2022-05-01,12068,ONB,OLD NATIONAL BANCORP,same month,2022-05
2022-05-01,19930,CCCS,C C C INTEL SOLUTIONS HLDGS INC,same month,2022-05
2022-05-01,19404,FOUR,SHIFT4 PAYMENTS INC,same month,2022-05
2022-05-01,90505,LVS,LAS VEGAS SANDS CORP,same month,2022-05
2022-05-01,14601,NAVI,NAVIENT CORP,same month,2022-05
2022-05-01,19561,BA,BOEING CO,same month,2022-05
2022-05-01,91594,SPR,SPIRIT AEROSYSTEMS HOLDINGS INC,same month,2022-05
2022-05-01,18835,DKNG,DRAFTKINGS INC,same month,2022-05
2022-05-01,16382,COUP,COUPA SOFTWARE INC,same month,2022-05
2022-05-01,19454,ETWO,E2OPEN PARENT HOLDINGS INC,same month,2022-05
2022-05-01,15302,VIRT,VIRTU FINANCIAL INC,same month,2022-05
2022-05-01,19576,RXT,RACKSPACE TECHNOLOGY INC,same month,2022-05
2022-05-01,86211,MSTR,MICROSTRATEGY INC,same month,2022-05
2022-05-01,14596,FIVN,FIVE 9 INC,same month,2022-05
2022-05-01,91611,FSLR,FIRST SOLAR INC,same month,2022-05
2022-05-01,82779,NVAX,NOVAVAX INC,same month,2022-05
2022-05-01,19593,MIR,MIRION TECHNOLOGIES INC,same month,2022-05
2022-05-01,17367,LPRO,OPEN LENDING CORP,same month,2022-05
2022-05-01,17341,ZS,ZSCALER INC,same month,2022-05
2022-05-01,20972,PATH,UIPATH INC,same month,2022-05
2022-05-01,87337,PLUG,PLUG POWER INC,same month,2022-05
2022-05-01,90978,SPWR,SUNPOWER CORP,same month,2022-05
2022-05-01,24328,EQT,E Q T CORP,same month,2022-05
2022-05-01,20120,HLLY,HOLLEY INC,same month,2022-05
2022-05-01,21409,JBI,JANUS INTERNATIONAL GROUP INC,same month,2022-05
2022-05-01,16655,CVNA,CARVANA CO,same month,2022-05
2022-05-01,18576,UBER,UBER TECHNOLOGIES INC,same month,2022-05
2022-05-01,40125,DXC,D X C TECHNOLOGY CO,same month,2022-05
2022-05-01,19495,DNB,DUN & BRADSTREET HOLDINGS INC,same month,2022-05
2022-05-01,21207,NEM,NEWMONT CORP,same month,2022-05
2022-05-01,92213,RIOT,RIOT BLOCKCHAIN INC,same month,2022-05
2022-05-01,84734,FBC,FLAGSTAR BANCORP INC,same month,2022-05
2022-05-01,22220,NN,NEXTNAV INC,same month,2022-05
2022-05-01,22092,KD,KYNDRYL HOLDINGS INC,same month,2022-05
2022-05-01,22086,ENFN,ENFUSION INC,same month,2022-05
2022-05-01,19484,PCVX,VAXCYTE INC,same month,2022-05
2022-05-01,48961,LAWS,LAWSON PRODUCTS INC,same month,2022-05
2022-05-01,20451,RSVR,RESERVOIR MEDIA INC,same month,2022-05
2022-05-01,32651,HL,HECLA MINING CO,same month,2022-05
2022-05-01,19682,PMVP,P M V PHARMACEUTICALS INC,same month,2022-05
2022-05-01,17313,BLNK,BLINK CHARGING CO,same month,2022-05
2022-05-01,20891,ULCC,FRONTIER GROUP HOLDINGS INC,same month,2022-05
2022-05-01,13688,PCG,P G & E CORP,same month,2022-05
2022-05-01,20136,PTRA,PROTERRA INC,same month,2022-05
2022-05-01,19397,TOI,ONCOLOGY INSTITUTE INC,same month,2022-05
2022-05-01,18912,PING,PING IDENTITY HOLDING CORP,same month,2022-05
2022-06-01,13777,AMSWA,AMERICAN SOFTWARE INC,same month,2022-06
2022-06-01,91606,CPRX,CATALYST PHARMACEUTICALS INC,same month,2022-06
2022-06-01,14213,MMI,MARCUS & MILLICHAP INC,same month,2022-06
2022-06-01,19560,ITOS,ITEOS THERAPEUTICS INC,same month,2022-06
2022-06-01,13935,NRC,NATIONAL RESEARCH CORP,same month,2022-06
2022-06-01,10649,PTSI,P A M TRANSPORTATION SVCS INC,same month,2022-06
2022-06-01,13318,YELP,YELP INC,same month,2022-06
2022-06-01,88417,ACLS,AXCELIS TECHNOLOGIES INC,same month,2022-06
2022-06-01,88167,HSTM,HEALTHSTREAM INC,same month,2022-06
2022-06-01,14359,XNCR,XENCOR INC,same month,2022-06
2022-06-01,89792,CVCO,CAVCO INDUSTRIES INC DEL,same month,2022-06
2022-06-01,76721,CRVL,CORVEL CORP,same month,2022-06
2022-06-01,68830,REX,REX AMERICAN RESOURCES CORP,same month,2022-06
2022-06-01,90125,CORT,CORCEPT THERAPEUTICS INC,same month,2022-06
2022-06-01,85724,PRDO,PERDOCEO EDUCATION CORP,same month,2022-06
2022-06-01,63125,AGYS,AGILYSYS INC,same month,2022-06
2022-06-01,88159,EXEL,EXELIXIS INC,same month,2022-06
2022-06-01,11884,IPAR,INTERMEDIATE PARFUMS INC,same month,2022-06
2022-06-01,89572,CEVA,CEVA INC,same month,2022-06
2022-06-01,65700,USLM,UNITED STATES LIME MINERALS INC,same month,2022-06
2022-06-01,77637,FC,FRANKLIN COVEY CO,same month,2022-06
2022-06-01,82212,KFRC,KFORCE INC,same month,2022-06
2022-06-01,88841,RGP,RESOURCES CONNECTION INC,same month,2022-06
2022-06-01,53604,GRC,GORMAN RUPP CO,same month,2022-06
2022-06-01,64961,NXGN,NEXTGEN HEALTHCARE INC,same month,2022-06
2022-06-01,11587,ATRI,ATRION CORP,same month,2022-06
2022-06-01,60098,OTTR,OTTER TAIL CORP,same month,2022-06
2022-06-01,92753,ERII,ENERGY RECOVERY INC,same month,2022-06
2022-06-01,91186,VNDA,VANDA PHARMACEUTICALS INC,same month,2022-06
2022-06-01,21125,ZIP,ZIPRECRUITER INC,same month,2022-06
2022-06-01,84010,USNA,USANA HEALTH SCIENCES INC,same month,2022-06
2022-06-01,79037,ETD,ETHAN ALLEN INTERIORS INC,same month,2022-06
2022-06-01,86594,KFY,KORN FERRY,same month,2022-06
2022-06-01,85863,COLM,COLUMBIA SPORTSWEAR CO,same month,2022-06
2022-06-01,79491,WINA,WINMARK CORP,same month,2022-06
2022-06-01,82542,CCF,CHASE CORP,same month,2022-06
2022-06-01,16260,MEDP,MEDPACE HOLDINGS INC,same month,2022-06
2022-06-01,13625,SSTK,SHUTTERSTOCK INC,same month,2022-06
2022-06-01,87725,IIIN,INSTEEL INDUSTRIES INC,same month,2022-06
2022-06-01,79611,MOV,MOVADO GROUP INC,same month,2022-06
2022-06-01,41241,HWKN,HAWKINS INC,same month,2022-06
2022-06-01,91463,CVLT,COMMVAULT SYSTEMS INC,same month,2022-06
2022-06-01,45306,IDCC,INTERDIGITAL INC,same month,2022-06
2022-06-01,64194,CHE,CHEMED CORP NEW,same month,2022-06
2022-06-01,86048,HCKT,HACKETT GROUP INC,same month,2022-06
2022-06-01,79785,NVR,N V R INC,same month,2022-06
2022-06-01,90199,CBRE,C B R E GROUP INC,same month,2022-06
2022-06-01,14456,EGRX,EAGLE PHARMACEUTICALS INC,same month,2022-06
2022-06-01,34948,OXM,OXFORD INDUSTRIES INC,same month,2022-06
2022-06-01,90319,GOOGL,ALPHABET INC,same month,2022-06
2022-06-01,50948,SMTC,SEMTECH CORP,same month,2022-06
2022-06-01,88504,BRKR,BRUKER CORP,same month,2022-06
2022-06-01,48144,KLIC,KULICKE & SOFFA INDS INC,same month,2022-06
2022-06-01,88031,MNST,MONSTER BEVERAGE CORP NEW,same month,2022-06
2022-06-01,20161,OAS,OASIS PETROLEUM INC,same month,2022-06
2022-06-01,87657,EW,EDWARDS LIFESCIENCES CORP,same month,2022-06
2022-06-01,46886,KLAC,K L A CORP,same month,2022-06
2022-06-01,89179,ANTM,ANTHEM INC,same month,2022-06
2022-06-01,85889,SRDX,SURMODICS INC,same month,2022-06
2022-06-01,14231,VEEV,VEEVA SYSTEMS INC,same month,2022-06
2022-06-01,85401,SIGA,S I G A TECHNOLOGIES INC,same month,2022-06
2022-06-01,14702,AMAT,APPLIED MATERIALS INC,same month,2022-06
2022-06-01,85040,SLP,SIMULATIONS PLUS INC,same month,2022-06
2022-06-01,19938,ALGM,ALLEGRO MICROSYSTEMS INC,same month,2022-06
2022-06-01,18725,RVLV,REVOLVE GROUP INC,same month,2022-06
2022-06-01,85992,MANH,MANHATTAN ASSOCIATES INC,same month,2022-06
2022-06-01,88352,ISRG,INTUITIVE SURGICAL INC,same month,2022-06
2022-06-01,75107,ABMD,ABIOMED INC,same month,2022-06
2022-06-01,18973,BRC,BRADY CORP,same month,2022-06
2022-06-01,11343,SAFM,SANDERSON FARMS INC,same month,2022-06
2022-06-01,87812,SLAB,SILICON LABORATORIES INC,same month,2022-06
2022-06-01,54148,PHM,PULTE GROUP INC,same month,2022-06
2022-06-01,76752,PRGS,PROGRESS SOFTWARE CORP,same month,2022-06
2022-06-01,77354,SCHL,SCHOLASTIC CORP,same month,2022-06
2022-06-01,13748,TPH,TRI POINTE HOMES INC,same month,2022-06
2022-06-01,76744,VRTX,VERTEX PHARMACEUTICALS INC,same month,2022-06
2022-06-01,92588,HCCI,HERITAGE CRYSTAL CLEAN INC,same month,2022-06
2022-06-01,14521,TNET,TRINET GROUP INC,same month,2022-06
2022-06-01,77165,JBSS,SANFILIPPO JOHN B & SON,same month,2022-06
2022-06-01,47466,NYT,NEW YORK TIMES CO,same month,2022-06
2022-06-01,79906,INCY,INCYTE CORP,same month,2022-06
2022-06-01,84385,NSP,INSPERITY INC,same month,2022-06
2022-06-01,10909,CERN,CERNER CORP,same month,2022-06
2022-06-01,78756,OFIX,ORTHOFIX MEDICAL INC,same month,2022-06
2022-06-01,76839,FIZZ,NATIONAL BEVERAGE CORP,same month,2022-06
2022-06-01,92220,MASI,MASIMO CORP,same month,2022-06
2022-06-01,14495,ATEN,A10 NETWORKS INC,same month,2022-06
2022-06-01,89036,NTUS,NATUS MEDICAL INC,same month,2022-06
2022-06-01,16434,GOLF,ACUSHNET HOLDINGS CORP,same month,2022-06
2022-06-01,11775,JOUT,JOHNSON OUTDOORS INC,same month,2022-06
2022-06-01,80034,SHOO,MADDEN STEVEN LTD,same month,2022-06
2022-06-01,86827,HSII,HEIDRICK & STRUGGLES INTL INC,same month,2022-06
2022-06-01,55993,NSSC,NAPCO SECURITY TECHNOLOGIES INC,same month,2022-06
2022-06-01,87432,A,AGILENT TECHNOLOGIES INC,same month,2022-06
2022-06-01,90029,DVAX,DYNAVAX TECHNOLOGIES CORP,same month,2022-06
2022-06-01,92852,LOPE,GRAND CANYON EDUCATION INC,same month,2022-06
2022-06-01,13766,BCC,BOISE CASCADE CO,same month,2022-06
2022-06-01,89044,PDFS,P D F SOLUTIONS INC,same month,2022-06
2022-06-01,80575,SSD,SIMPSON MANUFACTURING CO INC,same month,2022-06
2022-06-01,19679,GDRX,GOODRX HOLDINGS INC,same month,2022-06
2022-06-01,20721,NRGV,ENERGY VAULT HOLDINGS INC,same month,2022-06
2022-06-01,21053,BBAI,BIGBEAR AI HOLDINGS INC,same month,2022-06
2022-06-01,21723,HOOD,ROBINHOOD MARKETS INC,same month,2022-06
2022-06-01,21844,FCUV,FOCUS UNIVERSAL INC,same month,2022-06
2022-06-01,18840,CELU,CELULARITY INC,same month,2022-06
2022-06-01,20788,GRNA,GREENLIGHT BIOSCIENCES HLDGS PBC,same month,2022-06
2022-06-01,89301,GME,GAMESTOP CORP NEW,same month,2022-06
2022-06-01,20067,SOFI,SOFI TECHNOLOGIES INC,same month,2022-06
2022-06-01,20631,BOXD,BOXED INC,same month,2022-06
2022-06-01,17907,NKLA,NIKOLA CORP,same month,2022-06
2022-06-01,22092,KD,KYNDRYL HOLDINGS INC,same month,2022-06
2022-06-01,18937,CHPT,CHARGEPOINT HOLDINGS INC,same month,2022-06
2022-06-01,21605,RYAN,RYAN SPECIALTY GROUP HLDGS INC,same month,2022-06
2022-06-01,19605,OSH,OAK STREET HEALTH INC,same month,2022-06
2022-06-01,21076,ADTH,ADTHEORENT HOLDING CO INC,same month,2022-06
2022-06-01,12591,APO,APOLLO GLOBAL MANAGEMENT INC NEW,same month,2022-06
2022-06-01,20126,JOBY,JOBY AVIATION INC,same month,2022-06
2022-06-01,20153,HLMN,HILLMAN SOLUTIONS CORP,same month,2022-06
2022-06-01,20419,LIDR,AEYE INC,same month,2022-06
2022-06-01,19950,WE,WEWORK INC,same month,2022-06
2022-06-01,14328,AMC,A M C ENTERTAINMENT HOLDINGS INC,same month,2022-06
2022-06-01,14432,ITCI,INTRA CELLULAR THERAPIES INC,same month,2022-06
2022-06-01,17036,CNNE,CANNAE HOLDINGS INC,same month,2022-06
2022-06-01,16966,SWCH,SWITCH INC,same month,2022-06
2022-06-01,91103,UAL,UNITED AIRLINES HOLDINGS INC,same month,2022-06
2022-06-01,75175,MBI,M B I A INC,same month,2022-06
2022-06-01,91926,DAL,DELTA AIR LINES INC,same month,2022-06
2022-06-01,76856,FCFS,FIRSTCASH HOLDINGS INC,same month,2022-06
2022-06-01,20269,OWL,BLUE OWL CAPITAL INC,same month,2022-06
2022-06-01,21020,AAL,AMERICAN AIRLINES GROUP INC,same month,2022-06
2022-06-01,20893,AGL,AGILON HEALTH INC,same month,2022-06
2022-06-01,12060,GE,GENERAL ELECTRIC CO,same month,2022-06
2022-06-01,14617,ARES,ARES MANAGEMENT CORP,same month,2022-06
2022-06-01,17688,GSHD,GOOSEHEAD INSURANCE INC,same month,2022-06
2022-06-01,20172,CYXT,CYXTERA TECHNOLOGIES INC,same month,2022-06
2022-06-01,19682,PMVP,P M V PHARMACEUTICALS INC,same month,2022-06
2022-06-01,19577,RKT,ROCKET COMPANIES INC,same month,2022-06
2022-06-01,21597,PECO,PHILLIPS EDISON & COMPANY INC,same month,2022-06
2022-06-01,20173,TLS,TELOS CORP,same month,2022-06
2022-06-01,18940,PTON,PELOTON INTERACTIVE INC,same month,2022-06
2022-06-01,19454,ETWO,E2OPEN PARENT HOLDINGS INC,same month,2022-06
2022-06-01,24328,EQT,E Q T CORP,same month,2022-06
2022-06-01,18184,FSR,FISKER INC,same month,2022-06
2022-06-01,81481,DLTR,DOLLAR TREE INC,same month,2022-06
2022-06-01,17313,BLNK,BLINK CHARGING CO,same month,2022-06
2022-06-01,20136,PTRA,PROTERRA INC,same month,2022-06
2022-06-01,19561,BA,BOEING CO,same month,2022-06
2022-06-01,14813,MARA,MARATHON DIGITAL HOLDINGS INC,same month,2022-06
2022-06-01,14136,RNG,RINGCENTRAL INC,same month,2022-06
2022-06-01,14596,FIVN,FIVE 9 INC,same month,2022-06
2022-06-01,19547,CERE,CEREVEL THERAPEUTICS HLDGS INC,same month,2022-06
2022-06-01,20345,XM,QUALTRICS INTERNATIONAL INC,same month,2022-06
2022-06-01,16649,OKTA,OKTA INC,same month,2022-06
2022-06-01,19484,PCVX,VAXCYTE INC,same month,2022-06
2022-06-01,48961,DSGR,DISTRIBUTION SOLUTIONS GROUP INC,same month,2022-06
2022-06-01,16382,COUP,COUPA SOFTWARE INC,same month,2022-06
2022-06-01,20891,ULCC,FRONTIER GROUP HOLDINGS INC,same month,2022-06
2022-06-01,20381,NVTS,NAVITAS SEMICONDUCTOR CORP,same month,2022-06
2022-06-01,19397,TOI,ONCOLOGY INSTITUTE INC,same month,2022-06
2022-06-01,20682,CPNG,COUPANG INC,same month,2022-06
2022-06-01,21349,ZETA,ZETA GLOBAL HOLDINGS CORP,same month,2022-06
2022-06-01,14601,NAVI,NAVIENT CORP,same month,2022-06
2022-06-01,13688,PCG,P G & E CORP,same month,2022-06
2022-06-01,90505,LVS,LAS VEGAS SANDS CORP,same month,2022-06
2022-06-01,18727,CHWY,CHEWY INC,same month,2022-06
2022-06-01,22086,ENFN,ENFUSION INC,same month,2022-06
2022-06-01,19576,RXT,RACKSPACE TECHNOLOGY INC,same month,2022-06
2022-06-01,91594,SPR,SPIRIT AEROSYSTEMS HOLDINGS INC,same month,2022-06
2022-06-01,91611,FSLR,FIRST SOLAR INC,same month,2022-06
2022-06-01,82779,NVAX,NOVAVAX INC,same month,2022-06
2022-06-01,90978,SPWR,SUNPOWER CORP,same month,2022-06
2022-06-01,18835,DKNG,DRAFTKINGS INC,same month,2022-06
2022-06-01,19593,MIR,MIRION TECHNOLOGIES INC,same month,2022-06
2022-06-01,19495,DNB,DUN & BRADSTREET HOLDINGS INC,same month,2022-06
2022-06-01,20972,PATH,UIPATH INC,same month,2022-06
2022-06-01,19404,FOUR,SHIFT4 PAYMENTS INC,same month,2022-06
2022-06-01,21361,HGTY,HAGERTY INC,same month,2022-06
2022-06-01,15302,VIRT,VIRTU FINANCIAL INC,same month,2022-06
2022-06-01,12068,ONB,OLD NATIONAL BANCORP,same month,2022-06
2022-06-01,17341,ZS,ZSCALER INC,same month,2022-06
2022-06-01,86211,MSTR,MICROSTRATEGY INC,same month,2022-06
2022-06-01,81593,COOP,MR COOPER GROUP INC,same month,2022-06
2022-06-01,17367,LPRO,OPEN LENDING CORP,same month,2022-06
2022-06-01,18576,UBER,UBER TECHNOLOGIES INC,same month,2022-06
2022-06-01,87337,PLUG,PLUG POWER INC,same month,2022-06
2022-06-01,21409,JBI,JANUS INTERNATIONAL GROUP INC,same month,2022-06
2022-06-01,84734,FBC,FLAGSTAR BANCORP INC,same month,2022-06
2022-06-01,19930,CCCS,C C C INTEL SOLUTIONS HLDGS INC,same month,2022-06
2022-06-01,18912,PING,PING IDENTITY HOLDING CORP,same month,2022-06
2022-06-01,20196,UPST,UPSTART HOLDINGS INC,same month,2022-06
2022-06-01,40125,DXC,D X C TECHNOLOGY CO,same month,2022-06
2022-06-01,22321,LVLU,LULUS FASHION LOUNGE HLDGS INC,same month,2022-06
2022-06-01,18457,MVST,MICROVAST HOLDINGS INC,same month,2022-06
2022-06-01,18735,GO,GROCERY OUTLET HOLDING CORP,same month,2022-06
2022-06-01,13919,AMBC,AMBAC FINANCIAL GROUP INC,same month,2022-06
2022-06-01,18453,LAZR,LUMINAR TECHNOLOGIES INC,same month,2022-06
2022-06-01,20599,SMRT,SMARTRENT INC,same month,2022-06
2022-06-01,16086,HTZ,HERTZ GLOBAL HOLDINGS INC NEW,same month,2022-06
2022-06-01,21576,PAYO,PAYONEER GLOBAL INC,same month,2022-06
2022-06-01,90775,THS,TREEHOUSE FOODS INC,same month,2022-06
2022-07-01,91606,CPRX,CATALYST PHARMACEUTICALS INC,same month,2022-07
2022-07-01,19560,ITOS,ITEOS THERAPEUTICS INC,same month,2022-07
2022-07-01,88417,ACLS,AXCELIS TECHNOLOGIES INC,same month,2022-07
2022-07-01,14213,MMI,MARCUS & MILLICHAP INC,same month,2022-07
2022-07-01,13777,AMSWA,AMERICAN SOFTWARE INC,same month,2022-07
2022-07-01,10649,PTSI,P A M TRANSPORTATION SVCS INC,same month,2022-07
2022-07-01,89792,CVCO,CAVCO INDUSTRIES INC DEL,same month,2022-07
2022-07-01,13318,YELP,YELP INC,same month,2022-07
2022-07-01,88167,HSTM,HEALTHSTREAM INC,same month,2022-07
2022-07-01,76721,CRVL,CORVEL CORP,same month,2022-07
2022-07-01,85724,PRDO,PERDOCEO EDUCATION CORP,same month,2022-07
2022-07-01,90125,CORT,CORCEPT THERAPEUTICS INC,same month,2022-07
2022-07-01,14456,EGRX,EAGLE PHARMACEUTICALS INC,same month,2022-07
2022-07-01,19679,GDRX,GOODRX HOLDINGS INC,same month,2022-07
2022-07-01,13935,NRC,NATIONAL RESEARCH CORP,same month,2022-07
2022-07-01,79611,MOV,MOVADO GROUP INC,same month,2022-07
2022-07-01,11884,IPAR,INTERMEDIATE PARFUMS INC,same month,2022-07
2022-07-01,82212,KFRC,KFORCE INC,same month,2022-07
2022-07-01,48144,KLIC,KULICKE & SOFFA INDS INC,same month,2022-07
2022-07-01,64961,NXGN,NEXTGEN HEALTHCARE INC,same month,2022-07
2022-07-01,14359,XNCR,XENCOR INC,same month,2022-07
2022-07-01,65700,USLM,UNITED STATES LIME MINERALS INC,same month,2022-07
2022-07-01,16260,MEDP,MEDPACE HOLDINGS INC,same month,2022-07
2022-07-01,63125,AGYS,AGILYSYS INC,same month,2022-07
2022-07-01,92753,ERII,ENERGY RECOVERY INC,same month,2022-07
2022-07-01,79037,ETD,ETHAN ALLEN INTERIORS INC,same month,2022-07
2022-07-01,53604,GRC,GORMAN RUPP CO,same month,2022-07
2022-07-01,86594,KFY,KORN FERRY,same month,2022-07
2022-07-01,85863,COLM,COLUMBIA SPORTSWEAR CO,same month,2022-07
2022-07-01,84010,USNA,USANA HEALTH SCIENCES INC,same month,2022-07
2022-07-01,88159,EXEL,EXELIXIS INC,same month,2022-07
2022-07-01,89572,CEVA,CEVA INC,same month,2022-07
2022-07-01,60098,OTTR,OTTER TAIL CORP,same month,2022-07
2022-07-01,11587,ATRI,ATRION CORP,same month,2022-07
2022-07-01,13766,BCC,BOISE CASCADE CO,same month,2022-07
2022-07-01,34948,OXM,OXFORD INDUSTRIES INC,same month,2022-07
2022-07-01,68830,REX,REX AMERICAN RESOURCES CORP,same month,2022-07
2022-07-01,87725,IIIN,INSTEEL INDUSTRIES INC,same month,2022-07
2022-07-01,79785,NVR,N V R INC,same month,2022-07
2022-07-01,64194,CHE,CHEMED CORP NEW,same month,2022-07
2022-07-01,91463,CVLT,COMMVAULT SYSTEMS INC,same month,2022-07
2022-07-01,45306,IDCC,INTERDIGITAL INC,same month,2022-07
2022-07-01,21125,ZIP,ZIPRECRUITER INC,same month,2022-07
2022-07-01,85040,SLP,SIMULATIONS PLUS INC,same month,2022-07
2022-07-01,20161,OAS,OASIS PETROLEUM INC,same month,2022-07
2022-07-01,88352,ISRG,INTUITIVE SURGICAL INC,same month,2022-07
2022-07-01,13625,SSTK,SHUTTERSTOCK INC,same month,2022-07
2022-07-01,88841,RGP,RESOURCES CONNECTION INC,same month,2022-07
2022-07-01,86048,HCKT,HACKETT GROUP INC,same month,2022-07
2022-07-01,87657,EW,EDWARDS LIFESCIENCES CORP,same month,2022-07
2022-07-01,50948,SMTC,SEMTECH CORP,same month,2022-07
2022-07-01,46886,KLAC,K L A CORP,same month,2022-07
2022-07-01,91186,VNDA,VANDA PHARMACEUTICALS INC,same month,2022-07
2022-07-01,77354,SCHL,SCHOLASTIC CORP,same month,2022-07
2022-07-01,75107,ABMD,ABIOMED INC,same month,2022-07
2022-07-01,80575,SSD,SIMPSON MANUFACTURING CO INC,same month,2022-07
2022-07-01,89179,ELV,ELEVANCE HEALTH INC,same month,2022-07
2022-07-01,14702,AMAT,APPLIED MATERIALS INC,same month,2022-07
2022-07-01,90319,GOOGL,ALPHABET INC,same month,2022-07
2022-07-01,88504,BRKR,BRUKER CORP,same month,2022-07
2022-07-01,85992,MANH,MANHATTAN ASSOCIATES INC,same month,2022-07
2022-07-01,88031,MNST,MONSTER BEVERAGE CORP NEW,same month,2022-07
2022-07-01,92852,LOPE,GRAND CANYON EDUCATION INC,same month,2022-07
2022-07-01,18973,BRC,BRADY CORP,same month,2022-07
2022-07-01,89044,PDFS,P D F SOLUTIONS INC,same month,2022-07
2022-07-01,14231,VEEV,VEEVA SYSTEMS INC,same month,2022-07
2022-07-01,76752,PRGS,PROGRESS SOFTWARE CORP,same month,2022-07
2022-07-01,19938,ALGM,ALLEGRO MICROSYSTEMS INC,same month,2022-07
2022-07-01,41241,HWKN,HAWKINS INC,same month,2022-07
2022-07-01,77637,FC,FRANKLIN COVEY CO,same month,2022-07
2022-07-01,87812,SLAB,SILICON LABORATORIES INC,same month,2022-07
2022-07-01,54148,PHM,PULTE GROUP INC,same month,2022-07
2022-07-01,14521,TNET,TRINET GROUP INC,same month,2022-07
2022-07-01,10909,CERN,CERNER CORP,carried forward from an earlier month,2022-06
2022-07-01,76744,VRTX,VERTEX PHARMACEUTICALS INC,same month,2022-07
2022-07-01,79491,WINA,WINMARK CORP,same month,2022-07
2022-07-01,18725,RVLV,REVOLVE GROUP INC,same month,2022-07
2022-07-01,84385,NSP,INSPERITY INC,same month,2022-07
2022-07-01,90199,CBRE,C B R E GROUP INC,same month,2022-07
2022-07-01,78756,OFIX,ORTHOFIX MEDICAL INC,same month,2022-07
2022-07-01,76839,FIZZ,NATIONAL BEVERAGE CORP,same month,2022-07
2022-07-01,79906,INCY,INCYTE CORP,same month,2022-07
2022-07-01,82542,CCF,CHASE CORP,same month,2022-07
2022-07-01,11343,SAFM,SANDERSON FARMS INC,same month,2022-07
2022-07-01,85889,SRDX,SURMODICS INC,same month,2022-07
2022-07-01,92588,HCCI,HERITAGE CRYSTAL CLEAN INC,same month,2022-07
2022-07-01,85401,SIGA,S I G A TECHNOLOGIES INC,same month,2022-07
2022-07-01,86827,HSII,HEIDRICK & STRUGGLES INTL INC,same month,2022-07
2022-07-01,47466,NYT,NEW YORK TIMES CO,same month,2022-07
2022-07-01,80034,SHOO,MADDEN STEVEN LTD,same month,2022-07
2022-07-01,16434,GOLF,ACUSHNET HOLDINGS CORP,same month,2022-07
2022-07-01,13748,TPH,TRI POINTE HOMES INC,same month,2022-07
2022-07-01,87432,A,AGILENT TECHNOLOGIES INC,same month,2022-07
2022-07-01,14495,ATEN,A10 NETWORKS INC,same month,2022-07
2022-07-01,77165,JBSS,SANFILIPPO JOHN B & SON,same month,2022-07
2022-07-01,15853,RMR,R M R GROUP INC,same month,2022-07
2022-07-01,85059,FIX,COMFORT SYSTEMS USA INC,same month,2022-07
2022-07-01,86128,HZO,MARINEMAX INC,same month,2022-07
2022-07-01,21598,BRDG,BRIDGE INVESTMENT GP HLDGS INC,same month,2022-07
2022-07-01,48653,HUM,HUMANA INC,same month,2022-07
2022-07-01,21844,FCUV,FOCUS UNIVERSAL INC,same month,2022-07
2022-07-01,20721,NRGV,ENERGY VAULT HOLDINGS INC,same month,2022-07
2022-07-01,21723,HOOD,ROBINHOOD MARKETS INC,same month,2022-07
2022-07-01,20067,SOFI,SOFI TECHNOLOGIES INC,same month,2022-07
2022-07-01,89301,GME,GAMESTOP CORP NEW,same month,2022-07
2022-07-01,22092,KD,KYNDRYL HOLDINGS INC,same month,2022-07
2022-07-01,14328,AMC,A M C ENTERTAINMENT HOLDINGS INC,same month,2022-07
2022-07-01,12591,APO,APOLLO GLOBAL MANAGEMENT INC NEW,same month,2022-07
2022-07-01,17036,CNNE,CANNAE HOLDINGS INC,same month,2022-07
2022-07-01,14432,ITCI,INTRA CELLULAR THERAPIES INC,same month,2022-07
2022-07-01,21605,RYAN,RYAN SPECIALTY HOLDINGS INC,same month,2022-07
2022-07-01,14617,ARES,ARES MANAGEMENT CORP,same month,2022-07
2022-07-01,13919,AMBC,AMBAC FINANCIAL GROUP INC,same month,2022-07
2022-07-01,16966,SWCH,SWITCH INC,same month,2022-07
2022-07-01,75175,MBI,M B I A INC,same month,2022-07
2022-07-01,12060,GE,GENERAL ELECTRIC CO,same month,2022-07
2022-07-01,18937,CHPT,CHARGEPOINT HOLDINGS INC,same month,2022-07
2022-07-01,24328,EQT,E Q T CORP,same month,2022-07
2022-07-01,18735,GO,GROCERY OUTLET HOLDING CORP,same month,2022-07
2022-07-01,20269,OWL,BLUE OWL CAPITAL INC,same month,2022-07
2022-07-01,21597,PECO,PHILLIPS EDISON & COMPANY INC,same month,2022-07
2022-07-01,19605,OSH,OAK STREET HEALTH INC,same month,2022-07
2022-07-01,16086,HTZ,HERTZ GLOBAL HOLDINGS INC NEW,same month,2022-07
2022-07-01,91103,UAL,UNITED AIRLINES HOLDINGS INC,same month,2022-07
2022-07-01,17688,GSHD,GOOSEHEAD INSURANCE INC,same month,2022-07
2022-07-01,20153,HLMN,HILLMAN SOLUTIONS CORP,same month,2022-07
2022-07-01,19561,BA,BOEING CO,same month,2022-07
2022-07-01,91926,DAL,DELTA AIR LINES INC,same month,2022-07
2022-07-01,22321,LVLU,LULUS FASHION LOUNGE HLDGS INC,same month,2022-07
2022-07-01,76856,FCFS,FIRSTCASH HOLDINGS INC,same month,2022-07
2022-07-01,21020,AAL,AMERICAN AIRLINES GROUP INC,same month,2022-07
2022-07-01,90775,THS,TREEHOUSE FOODS INC,same month,2022-07
2022-07-01,18184,FSR,FISKER INC,same month,2022-07
2022-07-01,19682,PMVP,P M V PHARMACEUTICALS INC,same month,2022-07
2022-07-01,14596,FIVN,FIVE 9 INC,same month,2022-07
2022-07-01,20172,CYXT,CYXTERA TECHNOLOGIES INC,same month,2022-07
2022-07-01,19950,WE,WEWORK INC,same month,2022-07
2022-07-01,48961,DSGR,DISTRIBUTION SOLUTIONS GROUP INC,same month,2022-07
2022-07-01,19454,ETWO,E2OPEN PARENT HOLDINGS INC,same month,2022-07
2022-07-01,20893,AGL,AGILON HEALTH INC,same month,2022-07
2022-07-01,20173,TLS,TELOS CORP,same month,2022-07
2022-07-01,17313,BLNK,BLINK CHARGING CO,same month,2022-07
2022-07-01,19484,PCVX,VAXCYTE INC,same month,2022-07
2022-07-01,16649,OKTA,OKTA INC,same month,2022-07
2022-07-01,20891,ULCC,FRONTIER GROUP HOLDINGS INC,same month,2022-07
2022-07-01,91611,FSLR,FIRST SOLAR INC,same month,2022-07
2022-07-01,14136,RNG,RINGCENTRAL INC,same month,2022-07
2022-07-01,18453,LAZR,LUMINAR TECHNOLOGIES INC,same month,2022-07
2022-07-01,19577,RKT,ROCKET COMPANIES INC,same month,2022-07
2022-07-01,81481,DLTR,DOLLAR TREE INC,same month,2022-07
2022-07-01,14601,NAVI,NAVIENT CORP,same month,2022-07
2022-07-01,15302,VIRT,VIRTU FINANCIAL INC,same month,2022-07
2022-07-01,14813,MARA,MARATHON DIGITAL HOLDINGS INC,same month,2022-07
2022-07-01,21361,HGTY,HAGERTY INC,same month,2022-07
2022-07-01,90505,LVS,LAS VEGAS SANDS CORP,same month,2022-07
2022-07-01,20972,PATH,UIPATH INC,same month,2022-07
2022-07-01,16382,COUP,COUPA SOFTWARE INC,same month,2022-07
2022-07-01,17341,ZS,ZSCALER INC,same month,2022-07
2022-07-01,19593,MIR,MIRION TECHNOLOGIES INC,same month,2022-07
2022-07-01,18940,PTON,PELOTON INTERACTIVE INC,same month,2022-07
2022-07-01,22086,ENFN,ENFUSION INC,same month,2022-07
2022-07-01,20345,XM,QUALTRICS INTERNATIONAL INC,same month,2022-07
2022-07-01,20196,UPST,UPSTART HOLDINGS INC,same month,2022-07
2022-07-01,91594,SPR,SPIRIT AEROSYSTEMS HOLDINGS INC,same month,2022-07
2022-07-01,81593,COOP,MR COOPER GROUP INC,same month,2022-07
2022-07-01,90978,SPWR,SUNPOWER CORP,same month,2022-07
2022-07-01,19576,RXT,RACKSPACE TECHNOLOGY INC,same month,2022-07
2022-07-01,19495,DNB,DUN & BRADSTREET HOLDINGS INC,same month,2022-07
2022-07-01,13688,PCG,P G & E CORP,same month,2022-07
2022-07-01,18727,CHWY,CHEWY INC,same month,2022-07
2022-07-01,18835,DKNG,DRAFTKINGS INC,same month,2022-07
2022-07-01,18576,UBER,UBER TECHNOLOGIES INC,same month,2022-07
2022-07-01,20682,CPNG,COUPANG INC,same month,2022-07
2022-07-01,84734,FBC,FLAGSTAR BANCORP INC,same month,2022-07
2022-07-01,21409,JBI,JANUS INTERNATIONAL GROUP INC,same month,2022-07
2022-07-01,17367,LPRO,OPEN LENDING CORP,same month,2022-07
2022-07-01,19930,CCCS,C C C INTEL SOLUTIONS HLDGS INC,same month,2022-07
2022-07-01,19404,FOUR,SHIFT4 PAYMENTS INC,same month,2022-07
2022-07-01,87337,PLUG,PLUG POWER INC,same month,2022-07
2022-07-01,86211,MSTR,MICROSTRATEGY INC,same month,2022-07
2022-07-01,82779,NVAX,NOVAVAX INC,same month,2022-07
2022-07-01,19547,CERE,CEREVEL THERAPEUTICS HLDGS INC,same month,2022-07
2022-07-01,20464,EVEX,EVE HOLDING INC,same month,2022-07
2022-07-01,19489,PCT,PURECYCLE TECHNOLOGIES INC,same month,2022-07
2022-07-01,90926,ALT,ALTIMMUNE INC,same month,2022-07
2022-07-01,15921,WBT,WELBILT INC,same month,2022-07
2022-07-01,18484,ZM,ZOOM VIDEO COMMUNICATIONS INC,same month,2022-07
2022-07-01,86544,BCOR,BLUCORA INC,same month,2022-07
2022-07-01,63765,SWN,SOUTHWESTERN ENERGY CO,same month,2022-07
2022-07-01,17372,COGT,COGENT BIOSCIENCES INC,same month,2022-07
2022-07-01,50017,RRC,RANGE RESOURCES CORP,same month,2022-07
2022-07-01,20347,SHLS,SHOALS TECHNOLOGIES GROUP INC,same month,2022-07
2022-07-01,10258,CLDX,CELLDEX THERAPEUTICS INC,same month,2022-07
2022-07-01,86799,CNX,C N X RESOURCES CORP,same month,2022-07
2022-07-01,14054,MRTX,MIRATI THERAPEUTICS INC,same month,2022-07
2022-07-01,19002,BRP,B R P GROUP INC,same month,2022-07
2022-07-01,14179,AR,ANTERO RESOURCES CORP,same month,2022-07
2022-07-01,91977,BGS,B & G FOODS INC NEW,same month,2022-07
2022-07-01,89508,KMX,CARMAX INC,same month,2022-07
2022-07-01,19283,ARNC,ARCONIC CORP,same month,2022-07
2022-08-01,19560,ITOS,ITEOS THERAPEUTICS INC,same month,2022-08
2022-08-01,91606,CPRX,CATALYST PHARMACEUTICALS INC,same month,2022-08
2022-08-01,89792,CVCO,CAVCO INDUSTRIES INC DEL,same month,2022-08
2022-08-01,14213,MMI,MARCUS & MILLICHAP INC,same month,2022-08
2022-08-01,14456,EGRX,EAGLE PHARMACEUTICALS INC,same month,2022-08
2022-08-01,88417,ACLS,AXCELIS TECHNOLOGIES INC,same month,2022-08
2022-08-01,19679,GDRX,GOODRX HOLDINGS INC,same month,2022-08
2022-08-01,88167,HSTM,HEALTHSTREAM INC,same month,2022-08
2022-08-01,10649,PTSI,P A M TRANSPORTATION SVCS INC,same month,2022-08
2022-08-01,85724,PRDO,PERDOCEO EDUCATION CORP,same month,2022-08
2022-08-01,76721,CRVL,CORVEL CORP,same month,2022-08
2022-08-01,13318,YELP,YELP INC,same month,2022-08
2022-08-01,13777,AMSWA,AMERICAN SOFTWARE INC,same month,2022-08
2022-08-01,90125,CORT,CORCEPT THERAPEUTICS INC,same month,2022-08
2022-08-01,79037,ETD,ETHAN ALLEN INTERIORS INC,same month,2022-08
2022-08-01,82212,KFRC,KFORCE INC,same month,2022-08
2022-08-01,15853,RMR,R M R GROUP INC,same month,2022-08
2022-08-01,79611,MOV,MOVADO GROUP INC,same month,2022-08
2022-08-01,13935,NRC,NATIONAL RESEARCH CORP,same month,2022-08
2022-08-01,87725,IIIN,INSTEEL INDUSTRIES INC,same month,2022-08
2022-08-01,11884,IPAR,INTERMEDIATE PARFUMS INC,same month,2022-08
2022-08-01,13766,BCC,BOISE CASCADE CO,same month,2022-08
2022-08-01,34948,OXM,OXFORD INDUSTRIES INC,same month,2022-08
2022-08-01,64961,NXGN,NEXTGEN HEALTHCARE INC,same month,2022-08
2022-08-01,86594,KFY,KORN FERRY,same month,2022-08
2022-08-01,92753,ERII,ENERGY RECOVERY INC,same month,2022-08
2022-08-01,65700,USLM,UNITED STATES LIME MINERALS INC,same month,2022-08
2022-08-01,63125,AGYS,AGILYSYS INC,same month,2022-08
2022-08-01,88352,ISRG,INTUITIVE SURGICAL INC,same month,2022-08
2022-08-01,88841,RGP,RESOURCES CONNECTION INC,same month,2022-08
2022-08-01,14359,XNCR,XENCOR INC,same month,2022-08
2022-08-01,86128,HZO,MARINEMAX INC,same month,2022-08
2022-08-01,60098,OTTR,OTTER TAIL CORP,same month,2022-08
2022-08-01,79785,NVR,N V R INC,same month,2022-08
2022-08-01,64194,CHE,CHEMED CORP NEW,same month,2022-08
2022-08-01,85040,SLP,SIMULATIONS PLUS INC,same month,2022-08
2022-08-01,87657,EW,EDWARDS LIFESCIENCES CORP,same month,2022-08
2022-08-01,88504,BRKR,BRUKER CORP,same month,2022-08
2022-08-01,46886,KLAC,K L A CORP,same month,2022-08
2022-08-01,16260,MEDP,MEDPACE HOLDINGS INC,same month,2022-08
2022-08-01,89572,CEVA,CEVA INC,same month,2022-08
2022-08-01,48653,HUM,HUMANA INC,same month,2022-08
2022-08-01,84385,NSP,INSPERITY INC,same month,2022-08
2022-08-01,45306,IDCC,INTERDIGITAL INC,same month,2022-08
2022-08-01,88159,EXEL,EXELIXIS INC,same month,2022-08
2022-08-01,75107,ABMD,ABIOMED INC,same month,2022-08
2022-08-01,80575,SSD,SIMPSON MANUFACTURING CO INC,same month,2022-08
2022-08-01,91463,CVLT,COMMVAULT SYSTEMS INC,same month,2022-08
2022-08-01,90319,GOOGL,ALPHABET INC,same month,2022-08
2022-08-01,18973,BRC,BRADY CORP,same month,2022-08
2022-08-01,77637,FC,FRANKLIN COVEY CO,same month,2022-08
2022-08-01,54148,PHM,PULTE GROUP INC,same month,2022-08
2022-08-01,89179,ELV,ELEVANCE HEALTH INC,same month,2022-08
2022-08-01,11587,ATRI,ATRION CORP,same month,2022-08
2022-08-01,21598,BRDG,BRIDGE INVESTMENT GP HLDGS INC,same month,2022-08
2022-08-01,21125,ZIP,ZIPRECRUITER INC,same month,2022-08
2022-08-01,14702,AMAT,APPLIED MATERIALS INC,same month,2022-08
2022-08-01,86048,HCKT,HACKETT GROUP INC,same month,2022-08
2022-08-01,13625,SSTK,SHUTTERSTOCK INC,same month,2022-08
2022-08-01,76752,PRGS,PROGRESS SOFTWARE CORP,same month,2022-08
2022-08-01,14495,ATEN,A10 NETWORKS INC,same month,2022-08
2022-08-01,84010,USNA,USANA HEALTH SCIENCES INC,same month,2022-08
2022-08-01,85863,COLM,COLUMBIA SPORTSWEAR CO,same month,2022-08
2022-08-01,48144,KLIC,KULICKE & SOFFA INDS INC,same month,2022-08
2022-08-01,14231,VEEV,VEEVA SYSTEMS INC,same month,2022-08
2022-08-01,88031,MNST,MONSTER BEVERAGE CORP NEW,same month,2022-08
2022-08-01,85059,FIX,COMFORT SYSTEMS USA INC,same month,2022-08
2022-08-01,50948,SMTC,SEMTECH CORP,same month,2022-08
2022-08-01,92852,LOPE,GRAND CANYON EDUCATION INC,same month,2022-08
2022-08-01,78756,OFIX,ORTHOFIX MEDICAL INC,same month,2022-08
2022-08-01,11343,SAFM,SANDERSON FARMS INC,carried forward from an earlier month,2022-07
2022-08-01,91186,VNDA,VANDA PHARMACEUTICALS INC,same month,2022-08
2022-08-01,76839,FIZZ,NATIONAL BEVERAGE CORP,same month,2022-08
2022-08-01,76744,VRTX,VERTEX PHARMACEUTICALS INC,same month,2022-08
2022-08-01,79491,WINA,WINMARK CORP,same month,2022-08
2022-08-01,85992,MANH,MANHATTAN ASSOCIATES INC,same month,2022-08
2022-08-01,86827,HSII,HEIDRICK & STRUGGLES INTL INC,same month,2022-08
2022-08-01,14521,TNET,TRINET GROUP INC,same month,2022-08
2022-08-01,16434,GOLF,ACUSHNET HOLDINGS CORP,same month,2022-08
2022-08-01,53604,GRC,GORMAN RUPP CO,same month,2022-08
2022-08-01,79906,INCY,INCYTE CORP,same month,2022-08
2022-08-01,85889,SRDX,SURMODICS INC,same month,2022-08
2022-08-01,89044,PDFS,P D F SOLUTIONS INC,same month,2022-08
2022-08-01,13748,TPH,TRI POINTE HOMES INC,same month,2022-08
2022-08-01,68830,REX,REX AMERICAN RESOURCES CORP,same month,2022-08
2022-08-01,18725,RVLV,REVOLVE GROUP INC,same month,2022-08
2022-08-01,77354,SCHL,SCHOLASTIC CORP,same month,2022-08
2022-08-01,80034,SHOO,MADDEN STEVEN LTD,same month,2022-08
2022-08-01,87812,SLAB,SILICON LABORATORIES INC,same month,2022-08
2022-08-01,90199,CBRE,C B R E GROUP INC,same month,2022-08
2022-08-01,41241,HWKN,HAWKINS INC,same month,2022-08
2022-08-01,77165,JBSS,SANFILIPPO JOHN B & SON,same month,2022-08
2022-08-01,20161,CHRD,CHORD ENERGY CORP,same month,2022-08
2022-08-01,56223,LPX,LOUISIANA PACIFIC CORP,same month,2022-08
2022-08-01,89036,NTUS,NATUS MEDICAL INC,carried forward from an earlier month,2022-07
2022-08-01,20391,TPL,TEXAS PACIFIC LAND CORP,same month,2022-08
2022-08-01,89753,FORM,FORMFACTOR INC,same month,2022-08
2022-08-01,38659,GNTX,GENTEX CORP,same month,2022-08
2022-08-01,89387,CPSI,COMPUTER PROGRAMS & SYSTEMS INC,same month,2022-08
2022-08-01,14807,IRMD,IRADIMED CORP,same month,2022-08
2022-08-01,21844,FCUV,FOCUS UNIVERSAL INC,same month,2022-08
2022-08-01,20464,EVEX,EVE HOLDING INC,same month,2022-08
2022-08-01,89301,GME,GAMESTOP CORP NEW,same month,2022-08
2022-08-01,21723,HOOD,ROBINHOOD MARKETS INC,same month,2022-08
2022-08-01,20067,SOFI,SOFI TECHNOLOGIES INC,same month,2022-08
2022-08-01,22092,KD,KYNDRYL HOLDINGS INC,same month,2022-08
2022-08-01,14328,AMC,A M C ENTERTAINMENT HOLDINGS INC,same month,2022-08
2022-08-01,12591,APO,APOLLO GLOBAL MANAGEMENT INC NEW,same month,2022-08
2022-08-01,19489,PCT,PURECYCLE TECHNOLOGIES INC,same month,2022-08
2022-08-01,16086,HTZ,HERTZ GLOBAL HOLDINGS INC NEW,same month,2022-08
2022-08-01,14617,ARES,ARES MANAGEMENT CORP,same month,2022-08
2022-08-01,90926,ALT,ALTIMMUNE INC,same month,2022-08
2022-08-01,21597,PECO,PHILLIPS EDISON & COMPANY INC,same month,2022-08
2022-08-01,12060,GE,GENERAL ELECTRIC CO,same month,2022-08
2022-08-01,16966,SWCH,SWITCH INC,same month,2022-08
2022-08-01,91611,FSLR,FIRST SOLAR INC,same month,2022-08
2022-08-01,14432,ITCI,INTRA CELLULAR THERAPIES INC,same month,2022-08
2022-08-01,18735,GO,GROCERY OUTLET HOLDING CORP,same month,2022-08
2022-08-01,17036,CNNE,CANNAE HOLDINGS INC,same month,2022-08
2022-08-01,19682,PMVP,P M V PHARMACEUTICALS INC,same month,2022-08
2022-08-01,75175,MBI,M B I A INC,same month,2022-08
2022-08-01,18184,FSR,FISKER INC,same month,2022-08
2022-08-01,17372,COGT,COGENT BIOSCIENCES INC,same month,2022-08
2022-08-01,19561,BA,BOEING CO,same month,2022-08
2022-08-01,90775,THS,TREEHOUSE FOODS INC,same month,2022-08
2022-08-01,21605,RYAN,RYAN SPECIALTY HOLDINGS INC,same month,2022-08
2022-08-01,13919,AMBC,AMBAC FINANCIAL GROUP INC,same month,2022-08
2022-08-01,19605,OSH,OAK STREET HEALTH INC,same month,2022-08
2022-08-01,10258,CLDX,CELLDEX THERAPEUTICS INC,same month,2022-08
2022-08-01,63765,SWN,SOUTHWESTERN ENERGY CO,same month,2022-08
2022-08-01,18484,ZM,ZOOM VIDEO COMMUNICATIONS INC,same month,2022-08
2022-08-01,17688,GSHD,GOOSEHEAD INSURANCE INC,same month,2022-08
2022-08-01,14054,MRTX,MIRATI THERAPEUTICS INC,same month,2022-08
2022-08-01,86544,BCOR,BLUCORA INC,same month,2022-08
2022-08-01,20173,TLS,TELOS CORP,same month,2022-08
2022-08-01,20347,SHLS,SHOALS TECHNOLOGIES GROUP INC,same month,2022-08
2022-08-01,17313,BLNK,BLINK CHARGING CO,same month,2022-08
2022-08-01,24328,EQT,E Q T CORP,same month,2022-08
2022-08-01,20269,OWL,BLUE OWL CAPITAL INC,same month,2022-08
2022-08-01,21020,AAL,AMERICAN AIRLINES GROUP INC,same month,2022-08
2022-08-01,91103,UAL,UNITED AIRLINES HOLDINGS INC,same month,2022-08
2022-08-01,91977,BGS,B & G FOODS INC NEW,same month,2022-08
2022-08-01,20893,AGL,AGILON HEALTH INC,same month,2022-08
2022-08-01,16649,OKTA,OKTA INC,same month,2022-08
2022-08-01,14596,FIVN,FIVE 9 INC,same month,2022-08
2022-08-01,14136,RNG,RINGCENTRAL INC,same month,2022-08
2022-08-01,20153,HLMN,HILLMAN SOLUTIONS CORP,same month,2022-08
2022-08-01,91926,DAL,DELTA AIR LINES INC,same month,2022-08
2022-08-01,19002,BRP,B R P GROUP INC,same month,2022-08
2022-08-01,18937,CHPT,CHARGEPOINT HOLDINGS INC,same month,2022-08
2022-08-01,15921,WBT,WELBILT INC,carried forward from an earlier month,2022-07
2022-08-01,20891,ULCC,FRONTIER GROUP HOLDINGS INC,same month,2022-08
2022-08-01,18453,LAZR,LUMINAR TECHNOLOGIES INC,same month,2022-08
2022-08-01,48961,DSGR,DISTRIBUTION SOLUTIONS GROUP INC,same month,2022-08
2022-08-01,89508,KMX,CARMAX INC,same month,2022-08
2022-08-01,76856,FCFS,FIRSTCASH HOLDINGS INC,same month,2022-08
2022-08-01,86799,CNX,C N X RESOURCES CORP,same month,2022-08
2022-08-01,19283,ARNC,ARCONIC CORP,same month,2022-08
2022-08-01,81481,DLTR,DOLLAR TREE INC,same month,2022-08
2022-08-01,20172,CYXT,CYXTERA TECHNOLOGIES INC,same month,2022-08
2022-08-01,19454,ETWO,E2OPEN PARENT HOLDINGS INC,same month,2022-08
2022-08-01,17341,ZS,ZSCALER INC,same month,2022-08
2022-08-01,90978,SPWR,SUNPOWER CORP,same month,2022-08
2022-08-01,14601,NAVI,NAVIENT CORP,same month,2022-08
2022-08-01,19593,MIR,MIRION TECHNOLOGIES INC,same month,2022-08
2022-08-01,90505,LVS,LAS VEGAS SANDS CORP,same month,2022-08
2022-08-01,19484,PCVX,VAXCYTE INC,same month,2022-08
2022-08-01,14813,MARA,MARATHON DIGITAL HOLDINGS INC,same month,2022-08
2022-08-01,20196,UPST,UPSTART HOLDINGS INC,same month,2022-08
2022-08-01,50017,RRC,RANGE RESOURCES CORP,same month,2022-08
2022-08-01,19495,DNB,DUN & BRADSTREET HOLDINGS INC,same month,2022-08
2022-08-01,16382,COUP,COUPA SOFTWARE INC,same month,2022-08
2022-08-01,19577,RKT,ROCKET COMPANIES INC,same month,2022-08
2022-08-01,84734,FBC,FLAGSTAR BANCORP INC,same month,2022-08
2022-08-01,81593,COOP,MR COOPER GROUP INC,same month,2022-08
2022-08-01,20345,XM,QUALTRICS INTERNATIONAL INC,same month,2022-08
2022-08-01,91594,SPR,SPIRIT AEROSYSTEMS HOLDINGS INC,same month,2022-08
2022-08-01,13688,PCG,P G & E CORP,same month,2022-08
2022-08-01,17367,LPRO,OPEN LENDING CORP,same month,2022-08
2022-08-01,18727,CHWY,CHEWY INC,same month,2022-08
2022-08-01,14179,AR,ANTERO RESOURCES CORP,same month,2022-08
2022-08-01,20972,PATH,UIPATH INC,same month,2022-08
2022-08-01,18576,UBER,UBER TECHNOLOGIES INC,same month,2022-08
2022-08-01,22086,ENFN,ENFUSION INC,same month,2022-08
2022-08-01,21361,HGTY,HAGERTY INC,same month,2022-08
2022-08-01,15302,VIRT,VIRTU FINANCIAL INC,same month,2022-08
2022-08-01,19616,SST,SYSTEM1 INC,same month,2022-08
2022-08-01,22637,CINC,CINCOR PHARMA INC,same month,2022-08
2022-08-01,20646,OSCR,OSCAR HEALTH INC,same month,2022-08
2022-08-01,21262,DAWN,DAY ONE BIOPHARMACEUTICALS INC,same month,2022-08
2022-08-01,17907,NKLA,NIKOLA CORP,same month,2022-08
2022-08-01,20142,CVT,CVENT HOLDING CORP,same month,2022-08
2022-08-01,21970,TYRA,TYRA BIOSCIENCES INC,same month,2022-08
2022-08-01,22623,CEG,CONSTELLATION ENERGY CORP,same month,2022-08
2022-08-01,20126,JOBY,JOBY AVIATION INC,same month,2022-08
2022-08-01,20574,BCAC,BROOKLINE CAPITAL ACQ CORP,same month,2022-08
2022-08-01,20599,SMRT,SMARTRENT INC,same month,2022-08
2022-08-01,20583,CHK,CHESAPEAKE ENERGY CORP,same month,2022-08
2022-08-01,21576,PAYO,PAYONEER GLOBAL INC,same month,2022-08
2022-08-01,60186,OMI,OWENS & MINOR INC NEW,same month,2022-08
2022-09-01,19560,ITOS,ITEOS THERAPEUTICS INC,same month,2022-09
2022-09-01,89792,CVCO,CAVCO INDUSTRIES INC DEL,same month,2022-09
2022-09-01,88167,HSTM,HEALTHSTREAM INC,same month,2022-09
2022-09-01,91606,CPRX,CATALYST PHARMACEUTICALS INC,same month,2022-09
2022-09-01,14213,MMI,MARCUS & MILLICHAP INC,same month,2022-09
2022-09-01,79611,MOV,MOVADO GROUP INC,same month,2022-09
2022-09-01,88417,ACLS,AXCELIS TECHNOLOGIES INC,same month,2022-09
2022-09-01,85724,PRDO,PERDOCEO EDUCATION CORP,same month,2022-09
2022-09-01,19679,GDRX,GOODRX HOLDINGS INC,same month,2022-09
2022-09-01,76721,CRVL,CORVEL CORP,same month,2022-09
2022-09-01,90125,CORT,CORCEPT THERAPEUTICS INC,same month,2022-09
2022-09-01,13935,NRC,NATIONAL RESEARCH CORP,same month,2022-09
2022-09-01,14495,ATEN,A10 NETWORKS INC,same month,2022-09
2022-09-01,10649,PTSI,P A M TRANSPORTATION SVCS INC,same month,2022-09
2022-09-01,14456,EGRX,EAGLE PHARMACEUTICALS INC,same month,2022-09
2022-09-01,88504,BRKR,BRUKER CORP,same month,2022-09
2022-09-01,13766,BCC,BOISE CASCADE CO,same month,2022-09
2022-09-01,63125,AGYS,AGILYSYS INC,same month,2022-09
2022-09-01,82212,KFRC,KFORCE INC,same month,2022-09
2022-09-01,64961,NXGN,NEXTGEN HEALTHCARE INC,same month,2022-09
2022-09-01,87725,IIIN,INSTEEL INDUSTRIES INC,same month,2022-09
2022-09-01,65700,USLM,UNITED STATES LIME MINERALS INC,same month,2022-09
2022-09-01,89753,FORM,FORMFACTOR INC,same month,2022-09
2022-09-01,88352,ISRG,INTUITIVE SURGICAL INC,same month,2022-09
2022-09-01,86594,KFY,KORN FERRY,same month,2022-09
2022-09-01,16260,MEDP,MEDPACE HOLDINGS INC,same month,2022-09
2022-09-01,75107,ABMD,ABIOMED INC,same month,2022-09
2022-09-01,79037,ETD,ETHAN ALLEN INTERIORS INC,same month,2022-09
2022-09-01,11884,IPAR,INTERMEDIATE PARFUMS INC,same month,2022-09
2022-09-01,21125,ZIP,ZIPRECRUITER INC,same month,2022-09
2022-09-01,13318,YELP,YELP INC,same month,2022-09
2022-09-01,34948,OXM,OXFORD INDUSTRIES INC,same month,2022-09
2022-09-01,46886,KLAC,K L A CORP,same month,2022-09
2022-09-01,56223,LPX,LOUISIANA PACIFIC CORP,same month,2022-09
2022-09-01,45306,IDCC,INTERDIGITAL INC,same month,2022-09
2022-09-01,79785,NVR,N V R INC,same month,2022-09
2022-09-01,64194,CHE,CHEMED CORP NEW,same month,2022-09
2022-09-01,21598,BRDG,BRIDGE INVESTMENT GP HLDGS INC,same month,2022-09
2022-09-01,85040,SLP,SIMULATIONS PLUS INC,same month,2022-09
2022-09-01,87657,EW,EDWARDS LIFESCIENCES CORP,same month,2022-09
2022-09-01,54148,PHM,PULTE GROUP INC,same month,2022-09
2022-09-01,38659,GNTX,GENTEX CORP,same month,2022-09
2022-09-01,77637,FC,FRANKLIN COVEY CO,same month,2022-09
2022-09-01,90319,GOOGL,ALPHABET INC,same month,2022-09
2022-09-01,14231,VEEV,VEEVA SYSTEMS INC,same month,2022-09
2022-09-01,13777,AMSWA,AMERICAN SOFTWARE INC,same month,2022-09
2022-09-01,88841,RGP,RESOURCES CONNECTION INC,same month,2022-09
2022-09-01,48653,HUM,HUMANA INC,same month,2022-09
2022-09-01,84385,NSP,INSPERITY INC,same month,2022-09
2022-09-01,92753,ERII,ENERGY RECOVERY INC,same month,2022-09
2022-09-01,91463,CVLT,COMMVAULT SYSTEMS INC,same month,2022-09
2022-09-01,18973,BRC,BRADY CORP,same month,2022-09
2022-09-01,89387,CPSI,COMPUTER PROGRAMS & SYSTEMS INC,same month,2022-09
2022-09-01,80575,SSD,SIMPSON MANUFACTURING CO INC,same month,2022-09
2022-09-01,48144,KLIC,KULICKE & SOFFA INDS INC,same month,2022-09
2022-09-01,89179,ELV,ELEVANCE HEALTH INC,same month,2022-09
2022-09-01,88031,MNST,MONSTER BEVERAGE CORP NEW,same month,2022-09
2022-09-01,14702,AMAT,APPLIED MATERIALS INC,same month,2022-09
2022-09-01,76752,PRGS,PROGRESS SOFTWARE CORP,same month,2022-09
2022-09-01,86128,HZO,MARINEMAX INC,same month,2022-09
2022-09-01,20391,TPL,TEXAS PACIFIC LAND CORP,same month,2022-09
2022-09-01,85889,SRDX,SURMODICS INC,same month,2022-09
2022-09-01,85059,FIX,COMFORT SYSTEMS USA INC,same month,2022-09
2022-09-01,76839,FIZZ,NATIONAL BEVERAGE CORP,same month,2022-09
2022-09-01,13625,SSTK,SHUTTERSTOCK INC,same month,2022-09
2022-09-01,84010,USNA,USANA HEALTH SCIENCES INC,same month,2022-09
2022-09-01,88159,EXEL,EXELIXIS INC,same month,2022-09
2022-09-01,79906,INCY,INCYTE CORP,same month,2022-09
2022-09-01,86048,HCKT,HACKETT GROUP INC,same month,2022-09
2022-09-01,86827,HSII,HEIDRICK & STRUGGLES INTL INC,same month,2022-09
2022-09-01,11587,ATRI,ATRION CORP,same month,2022-09
2022-09-01,50948,SMTC,SEMTECH CORP,same month,2022-09
2022-09-01,60098,OTTR,OTTER TAIL CORP,same month,2022-09
2022-09-01,91186,VNDA,VANDA PHARMACEUTICALS INC,same month,2022-09
2022-09-01,76744,VRTX,VERTEX PHARMACEUTICALS INC,same month,2022-09
2022-09-01,89572,CEVA,CEVA INC,same month,2022-09
2022-09-01,85992,MANH,MANHATTAN ASSOCIATES INC,same month,2022-09
2022-09-01,79491,WINA,WINMARK CORP,same month,2022-09
2022-09-01,92852,LOPE,GRAND CANYON EDUCATION INC,same month,2022-09
2022-09-01,87812,SLAB,SILICON LABORATORIES INC,same month,2022-09
2022-09-01,16434,GOLF,ACUSHNET HOLDINGS CORP,same month,2022-09
2022-09-01,85863,COLM,COLUMBIA SPORTSWEAR CO,same month,2022-09
2022-09-01,89044,PDFS,P D F SOLUTIONS INC,same month,2022-09
2022-09-01,14521,TNET,TRINET GROUP INC,same month,2022-09
2022-09-01,14359,XNCR,XENCOR INC,same month,2022-09
2022-09-01,68830,REX,REX AMERICAN RESOURCES CORP,same month,2022-09
2022-09-01,13748,TPH,TRI POINTE HOMES INC,same month,2022-09
2022-09-01,77354,SCHL,SCHOLASTIC CORP,same month,2022-09
2022-09-01,80034,SHOO,MADDEN STEVEN LTD,same month,2022-09
2022-09-01,41241,HWKN,HAWKINS INC,same month,2022-09
2022-09-01,90199,CBRE,C B R E GROUP INC,same month,2022-09
2022-09-01,21949,OLPX,OLAPLEX HOLDINGS INC,same month,2022-09
2022-09-01,38850,SKY,SKYLINE CHAMPION CORP,same month,2022-09
2022-09-01,14434,MBUU,MALIBU BOATS INC,same month,2022-09
2022-09-01,90455,MPWR,MONOLITHIC PWR SYS INC,same month,2022-09
2022-09-01,75233,VGR,VECTOR GROUP LTD,same month,2022-09
2022-09-01,81665,GIC,GLOBAL INDUSTRIAL CO,same month,2022-09
2022-09-01,90071,NRG,N R G ENERGY INC,same month,2022-09
2022-09-01,13862,TMHC,TAYLOR MORRISON HOME CORP,same month,2022-09
2022-09-01,77357,SNPS,SYNOPSYS INC,same month,2022-09
2022-09-01,21844,FCUV,FOCUS UNIVERSAL INC,same month,2022-09
2022-09-01,21262,DAWN,DAY ONE BIOPHARMACEUTICALS INC,same month,2022-09
2022-09-01,20464,EVEX,EVE HOLDING INC,same month,2022-09
2022-09-01,19616,SST,SYSTEM1 INC,same month,2022-09
2022-09-01,22637,CINC,CINCOR PHARMA INC,same month,2022-09
2022-09-01,89301,GME,GAMESTOP CORP NEW,same month,2022-09
2022-09-01,21723,HOOD,ROBINHOOD MARKETS INC,same month,2022-09
2022-09-01,20067,SOFI,SOFI TECHNOLOGIES INC,same month,2022-09
2022-09-01,14328,AMC,A M C ENTERTAINMENT HOLDINGS INC,same month,2022-09
2022-09-01,17907,NKLA,NIKOLA CORP,same month,2022-09
2022-09-01,20646,OSCR,OSCAR HEALTH INC,same month,2022-09
2022-09-01,22092,KD,KYNDRYL HOLDINGS INC,same month,2022-09
2022-09-01,19489,PCT,PURECYCLE TECHNOLOGIES INC,same month,2022-09
2022-09-01,21597,PECO,PHILLIPS EDISON & COMPANY INC,same month,2022-09
2022-09-01,90926,ALT,ALTIMMUNE INC,same month,2022-09
2022-09-01,14617,ARES,ARES MANAGEMENT CORP,same month,2022-09
2022-09-01,12591,APO,APOLLO GLOBAL MANAGEMENT INC NEW,same month,2022-09
2022-09-01,17036,CNNE,CANNAE HOLDINGS INC,same month,2022-09
2022-09-01,12060,GE,GENERAL ELECTRIC CO,same month,2022-09
2022-09-01,91611,FSLR,FIRST SOLAR INC,same month,2022-09
2022-09-01,16966,SWCH,SWITCH INC,same month,2022-09
2022-09-01,16086,HTZ,HERTZ GLOBAL HOLDINGS INC NEW,same month,2022-09
2022-09-01,18184,FSR,FISKER INC,same month,2022-09
2022-09-01,22623,CEG,CONSTELLATION ENERGY CORP,same month,2022-09
2022-09-01,13919,AMBC,AMBAC FINANCIAL GROUP INC,same month,2022-09
2022-09-01,17372,COGT,COGENT BIOSCIENCES INC,same month,2022-09
2022-09-01,20126,JOBY,JOBY AVIATION INC,same month,2022-09
2022-09-01,19561,BA,BOEING CO,same month,2022-09
2022-09-01,14054,MRTX,MIRATI THERAPEUTICS INC,same month,2022-09
2022-09-01,75175,MBI,M B I A INC,same month,2022-09
2022-09-01,17313,BLNK,BLINK CHARGING CO,same month,2022-09
2022-09-01,10258,CLDX,CELLDEX THERAPEUTICS INC,same month,2022-09
2022-09-01,86544,BCOR,BLUCORA INC,same month,2022-09
2022-09-01,14432,ITCI,INTRA CELLULAR THERAPIES INC,same month,2022-09
2022-09-01,19682,PMVP,P M V PHARMACEUTICALS INC,same month,2022-09
2022-09-01,19605,OSH,OAK STREET HEALTH INC,same month,2022-09
2022-09-01,63765,SWN,SOUTHWESTERN ENERGY CO,same month,2022-09
2022-09-01,60186,OMI,OWENS & MINOR INC NEW,same month,2022-09
2022-09-01,20347,SHLS,SHOALS TECHNOLOGIES GROUP INC,same month,2022-09
2022-09-01,21576,PAYO,PAYONEER GLOBAL INC,same month,2022-09
2022-09-01,21020,AAL,AMERICAN AIRLINES GROUP INC,same month,2022-09
2022-09-01,91977,BGS,B & G FOODS INC NEW,same month,2022-09
2022-09-01,18735,GO,GROCERY OUTLET HOLDING CORP,same month,2022-09
2022-09-01,20142,CVT,CVENT HOLDING CORP,same month,2022-09
2022-09-01,17688,GSHD,GOOSEHEAD INSURANCE INC,same month,2022-09
2022-09-01,21605,RYAN,RYAN SPECIALTY HOLDINGS INC,same month,2022-09
2022-09-01,90775,THS,TREEHOUSE FOODS INC,same month,2022-09
2022-09-01,13688,PCG,P G & E CORP,same month,2022-09
2022-09-01,91926,DAL,DELTA AIR LINES INC,same month,2022-09
2022-09-01,91103,UAL,UNITED AIRLINES HOLDINGS INC,same month,2022-09
2022-09-01,19002,BRP,B R P GROUP INC,same month,2022-09
2022-09-01,18484,ZM,ZOOM VIDEO COMMUNICATIONS INC,same month,2022-09
2022-09-01,90978,SPWR,SUNPOWER CORP,same month,2022-09
2022-09-01,14136,RNG,RINGCENTRAL INC,same month,2022-09
2022-09-01,20173,TLS,TELOS CORP,same month,2022-09
2022-09-01,76856,FCFS,FIRSTCASH HOLDINGS INC,same month,2022-09
2022-09-01,18453,LAZR,LUMINAR TECHNOLOGIES INC,same month,2022-09
2022-09-01,20153,HLMN,HILLMAN SOLUTIONS CORP,same month,2022-09
2022-09-01,14596,FIVN,FIVE 9 INC,same month,2022-09
2022-09-01,20891,ULCC,FRONTIER GROUP HOLDINGS INC,same month,2022-09
2022-09-01,16649,OKTA,OKTA INC,same month,2022-09
2022-09-01,19593,MIR,MIRION TECHNOLOGIES INC,same month,2022-09
2022-09-01,17341,ZS,ZSCALER INC,same month,2022-09
2022-09-01,89508,KMX,CARMAX INC,same month,2022-09
2022-09-01,24328,EQT,E Q T CORP,same month,2022-09
2022-09-01,20196,UPST,UPSTART HOLDINGS INC,same month,2022-09
2022-09-01,81481,DLTR,DOLLAR TREE INC,same month,2022-09
2022-09-01,91594,SPR,SPIRIT AEROSYSTEMS HOLDINGS INC,same month,2022-09
2022-09-01,90505,LVS,LAS VEGAS SANDS CORP,same month,2022-09
2022-09-01,14813,MARA,MARATHON DIGITAL HOLDINGS INC,same month,2022-09
2022-09-01,18576,UBER,UBER TECHNOLOGIES INC,same month,2022-09
2022-09-01,20345,XM,QUALTRICS INTERNATIONAL INC,same month,2022-09
2022-09-01,86799,CNX,C N X RESOURCES CORP,same month,2022-09
2022-09-01,18727,CHWY,CHEWY INC,same month,2022-09
2022-09-01,20893,AGL,AGILON HEALTH INC,same month,2022-09
2022-09-01,19484,PCVX,VAXCYTE INC,same month,2022-09
2022-09-01,18937,CHPT,CHARGEPOINT HOLDINGS INC,same month,2022-09
2022-09-01,19454,ETWO,E2OPEN PARENT HOLDINGS INC,same month,2022-09
2022-09-01,48961,DSGR,DISTRIBUTION SOLUTIONS GROUP INC,same month,2022-09
2022-09-01,20269,OWL,BLUE OWL CAPITAL INC,same month,2022-09
2022-09-01,20172,CYXT,CYXTERA TECHNOLOGIES INC,same month,2022-09
2022-09-01,17367,LPRO,OPEN LENDING CORP,same month,2022-09
2022-09-01,81593,COOP,MR COOPER GROUP INC,same month,2022-09
2022-09-01,16382,COUP,COUPA SOFTWARE INC,same month,2022-09
2022-09-01,20583,CHK,CHESAPEAKE ENERGY CORP,same month,2022-09
2022-09-01,14601,NAVI,NAVIENT CORP,same month,2022-09
2022-09-01,19283,ARNC,ARCONIC CORP,same month,2022-09
2022-09-01,21361,HGTY,HAGERTY INC,same month,2022-09
2022-09-01,22086,ENFN,ENFUSION INC,same month,2022-09
2022-09-01,19577,RKT,ROCKET COMPANIES INC,same month,2022-09
2022-09-01,50017,RRC,RANGE RESOURCES CORP,same month,2022-09
2022-09-01,84734,FBC,FLAGSTAR BANCORP INC,same month,2022-09
2022-09-01,19495,DNB,DUN & BRADSTREET HOLDINGS INC,same month,2022-09
2022-09-01,15302,VIRT,VIRTU FINANCIAL INC,same month,2022-09
2022-09-01,20721,NRGV,ENERGY VAULT HOLDINGS INC,same month,2022-09
2022-09-01,18777,KRTX,KARUNA THERAPEUTICS INC,same month,2022-09
2022-09-01,14276,KODK,EASTMAN KODAK CO,same month,2022-09
2022-09-01,21028,FAZE,FAZE HOLDINGS INC,same month,2022-09
2022-09-01,83382,TCX,TUCOWS INC,same month,2022-09
2022-09-01,22898,GHIX,GORES HOLDINGS IX INC,same month,2022-09
2022-10-01,19560,ITOS,ITEOS THERAPEUTICS INC,same month,2022-10
2022-10-01,88167,HSTM,HEALTHSTREAM INC,same month,2022-10
2022-10-01,89792,CVCO,CAVCO INDUSTRIES INC DEL,same month,2022-10
2022-10-01,77637,FC,FRANKLIN COVEY CO,same month,2022-10
2022-10-01,14213,MMI,MARCUS & MILLICHAP INC,same month,2022-10
2022-10-01,79611,MOV,MOVADO GROUP INC,same month,2022-10
2022-10-01,85724,PRDO,PERDOCEO EDUCATION CORP,same month,2022-10
2022-10-01,13935,NRC,NATIONAL RESEARCH CORP,same month,2022-10
2022-10-01,76721,CRVL,CORVEL CORP,same month,2022-10
2022-10-01,14495,ATEN,A10 NETWORKS INC,same month,2022-10
2022-10-01,88417,ACLS,AXCELIS TECHNOLOGIES INC,same month,2022-10
2022-10-01,90125,CORT,CORCEPT THERAPEUTICS INC,same month,2022-10
2022-10-01,75107,ABMD,ABIOMED INC,same month,2022-10
2022-10-01,88504,BRKR,BRUKER CORP,same month,2022-10
2022-10-01,91606,CPRX,CATALYST PHARMACEUTICALS INC,same month,2022-10
2022-10-01,88352,ISRG,INTUITIVE SURGICAL INC,same month,2022-10
2022-10-01,14231,VEEV,VEEVA SYSTEMS INC,same month,2022-10
2022-10-01,90455,MPWR,MONOLITHIC PWR SYS INC,same month,2022-10
2022-10-01,14434,MBUU,MALIBU BOATS INC,same month,2022-10
2022-10-01,79037,ETD,ETHAN ALLEN INTERIORS INC,same month,2022-10
2022-10-01,89753,FORM,FORMFACTOR INC,same month,2022-10
2022-10-01,89387,CPSI,COMPUTER PROGRAMS & SYSTEMS INC,same month,2022-10
2022-10-01,88841,RGP,RESOURCES CONNECTION INC,same month,2022-10
2022-10-01,21125,ZIP,ZIPRECRUITER INC,same month,2022-10
2022-10-01,38850,SKY,SKYLINE CHAMPION CORP,same month,2022-10
2022-10-01,87725,IIIN,INSTEEL INDUSTRIES INC,same month,2022-10
2022-10-01,21949,OLPX,OLAPLEX HOLDINGS INC,same month,2022-10
2022-10-01,10649,PTSI,P A M TRANSPORTATION SVCS INC,same month,2022-10
2022-10-01,38659,GNTX,GENTEX CORP,same month,2022-10
2022-10-01,13318,YELP,YELP INC,same month,2022-10
2022-10-01,85040,SLP,SIMULATIONS PLUS INC,same month,2022-10
2022-10-01,45306,IDCC,INTERDIGITAL INC,same month,2022-10
2022-10-01,64961,NXGN,NEXTGEN HEALTHCARE INC,same month,2022-10
2022-10-01,90319,GOOGL,ALPHABET INC,same month,2022-10
2022-10-01,87657,EW,EDWARDS LIFESCIENCES CORP,same month,2022-10
2022-10-01,82212,KFRC,KFORCE INC,same month,2022-10
2022-10-01,64194,CHE,CHEMED CORP NEW,same month,2022-10
2022-10-01,65700,USLM,UNITED STATES LIME MINERALS INC,same month,2022-10
2022-10-01,46886,KLAC,K L A CORP,same month,2022-10
2022-10-01,79785,NVR,N V R INC,same month,2022-10
2022-10-01,63125,AGYS,AGILYSYS INC,same month,2022-10
2022-10-01,54148,PHM,PULTE GROUP INC,same month,2022-10
2022-10-01,84385,NSP,INSPERITY INC,same month,2022-10
2022-10-01,13766,BCC,BOISE CASCADE CO,same month,2022-10
2022-10-01,21598,BRDG,BRIDGE INVESTMENT GP HLDGS INC,same month,2022-10
2022-10-01,60098,OTTR,OTTER TAIL CORP,same month,2022-10
2022-10-01,86594,KFY,KORN FERRY,same month,2022-10
2022-10-01,91463,CVLT,COMMVAULT SYSTEMS INC,same month,2022-10
2022-10-01,88159,EXEL,EXELIXIS INC,same month,2022-10
2022-10-01,81665,GIC,GLOBAL INDUSTRIAL CO,same month,2022-10
2022-10-01,88031,MNST,MONSTER BEVERAGE CORP NEW,same month,2022-10
2022-10-01,85889,SRDX,SURMODICS INC,same month,2022-10
2022-10-01,80575,SSD,SIMPSON MANUFACTURING CO INC,same month,2022-10
2022-10-01,77357,SNPS,SYNOPSYS INC,same month,2022-10
2022-10-01,91186,VNDA,VANDA PHARMACEUTICALS INC,same month,2022-10
2022-10-01,92852,LOPE,GRAND CANYON EDUCATION INC,same month,2022-10
2022-10-01,89179,ELV,ELEVANCE HEALTH INC,same month,2022-10
2022-10-01,79491,WINA,WINMARK CORP,same month,2022-10
2022-10-01,18973,BRC,BRADY CORP,same month,2022-10
2022-10-01,14702,AMAT,APPLIED MATERIALS INC,same month,2022-10
2022-10-01,75233,VGR,VECTOR GROUP LTD,same month,2022-10
2022-10-01,16260,MEDP,MEDPACE HOLDINGS INC,same month,2022-10
2022-10-01,13625,SSTK,SHUTTERSTOCK INC,same month,2022-10
2022-10-01,90071,NRG,N R G ENERGY INC,same month,2022-10
2022-10-01,16434,GOLF,ACUSHNET HOLDINGS CORP,same month,2022-10
2022-10-01,34948,OXM,OXFORD INDUSTRIES INC,same month,2022-10
2022-10-01,79906,INCY,INCYTE CORP,same month,2022-10
2022-10-01,13862,TMHC,TAYLOR MORRISON HOME CORP,same month,2022-10
2022-10-01,84010,USNA,USANA HEALTH SCIENCES INC,same month,2022-10
2022-10-01,85992,MANH,MANHATTAN ASSOCIATES INC,same month,2022-10
2022-10-01,11884,IPAR,INTERMEDIATE PARFUMS INC,same month,2022-10
2022-10-01,76752,PRGS,PROGRESS SOFTWARE CORP,same month,2022-10
2022-10-01,76744,VRTX,VERTEX PHARMACEUTICALS INC,same month,2022-10
2022-10-01,11587,ATRI,ATRION CORP,same month,2022-10
2022-10-01,48144,KLIC,KULICKE & SOFFA INDS INC,same month,2022-10
2022-10-01,89572,CEVA,CEVA INC,same month,2022-10
2022-10-01,20391,TPL,TEXAS PACIFIC LAND CORP,same month,2022-10
2022-10-01,86048,HCKT,HACKETT GROUP INC,same month,2022-10
2022-10-01,56223,LPX,LOUISIANA PACIFIC CORP,same month,2022-10
2022-10-01,89044,PDFS,P D F SOLUTIONS INC,same month,2022-10
2022-10-01,48653,HUM,HUMANA INC,same month,2022-10
2022-10-01,86827,HSII,HEIDRICK & STRUGGLES INTL INC,same month,2022-10
2022-10-01,13777,AMSWA,AMERICAN SOFTWARE INC,same month,2022-10
2022-10-01,85059,FIX,COMFORT SYSTEMS USA INC,same month,2022-10
2022-10-01,76839,FIZZ,NATIONAL BEVERAGE CORP,same month,2022-10
2022-10-01,86128,HZO,MARINEMAX INC,same month,2022-10
2022-10-01,68830,REX,REX AMERICAN RESOURCES CORP,same month,2022-10
2022-10-01,14521,TNET,TRINET GROUP INC,same month,2022-10
2022-10-01,90199,CBRE,C B R E GROUP INC,same month,2022-10
2022-10-01,50948,SMTC,SEMTECH CORP,same month,2022-10
2022-10-01,92753,ERII,ENERGY RECOVERY INC,same month,2022-10
2022-10-01,13748,TPH,TRI POINTE HOMES INC,same month,2022-10
2022-10-01,41241,HWKN,HAWKINS INC,same month,2022-10
2022-10-01,87812,SLAB,SILICON LABORATORIES INC,same month,2022-10
2022-10-01,18311,LEGH,LEGACY HOUSING CORP,same month,2022-10
2022-10-01,14807,IRMD,IRADIMED CORP,same month,2022-10
2022-10-01,20081,ENPC,EXECUTIVE NETWORK PARTNER CORP,same month,2022-10
2022-10-01,11154,PLAB,PHOTRONICS INC,same month,2022-10
2022-10-01,20658,CRCT,CRICUT INC,same month,2022-10
2022-10-01,14479,IBP,INSTALLED BUILDING PRODUCTS INC,same month,2022-10
2022-10-01,20464,EVEX,EVE HOLDING INC,same month,2022-10
2022-10-01,21844,FCUV,FOCUS UNIVERSAL INC,same month,2022-10
2022-10-01,21262,DAWN,DAY ONE BIOPHARMACEUTICALS INC,same month,2022-10
2022-10-01,21723,HOOD,ROBINHOOD MARKETS INC,same month,2022-10
2022-10-01,22637,CINC,CINCOR PHARMA INC,same month,2022-10
2022-10-01,19616,SST,SYSTEM1 INC,same month,2022-10
2022-10-01,89301,GME,GAMESTOP CORP NEW,same month,2022-10
2022-10-01,21028,FAZE,FAZE HOLDINGS INC,same month,2022-10
2022-10-01,14328,AMC,A M C ENTERTAINMENT HOLDINGS INC,same month,2022-10
2022-10-01,20721,NRGV,ENERGY VAULT HOLDINGS INC,same month,2022-10
2022-10-01,22092,KD,KYNDRYL HOLDINGS INC,same month,2022-10
2022-10-01,18777,KRTX,KARUNA THERAPEUTICS INC,same month,2022-10
2022-10-01,17036,CNNE,CANNAE HOLDINGS INC,same month,2022-10
2022-10-01,14617,ARES,ARES MANAGEMENT CORP,same month,2022-10
2022-10-01,16966,SWCH,SWITCH INC,same month,2022-10
2022-10-01,12060,GE,GENERAL ELECTRIC CO,same month,2022-10
2022-10-01,90926,ALT,ALTIMMUNE INC,same month,2022-10
2022-10-01,16086,HTZ,HERTZ GLOBAL HOLDINGS INC NEW,same month,2022-10
2022-10-01,13688,PCG,P G & E CORP,same month,2022-10
2022-10-01,91611,FSLR,FIRST SOLAR INC,same month,2022-10
2022-10-01,17372,COGT,COGENT BIOSCIENCES INC,same month,2022-10
2022-10-01,21597,PECO,PHILLIPS EDISON & COMPANY INC,same month,2022-10
2022-10-01,18184,FSR,FISKER INC,same month,2022-10
2022-10-01,13919,AMBC,AMBAC FINANCIAL GROUP INC,same month,2022-10
2022-10-01,19489,PCT,PURECYCLE TECHNOLOGIES INC,same month,2022-10
2022-10-01,86544,BCOR,BLUCORA INC,same month,2022-10
2022-10-01,19605,OSH,OAK STREET HEALTH INC,same month,2022-10
2022-10-01,20142,CVT,CVENT HOLDING CORP,same month,2022-10
2022-10-01,17313,BLNK,BLINK CHARGING CO,same month,2022-10
2022-10-01,22623,CEG,CONSTELLATION ENERGY CORP,same month,2022-10
2022-10-01,12591,APO,APOLLO GLOBAL MANAGEMENT INC NEW,same month,2022-10
2022-10-01,21020,AAL,AMERICAN AIRLINES GROUP INC,same month,2022-10
2022-10-01,60186,OMI,OWENS & MINOR INC NEW,same month,2022-10
2022-10-01,81481,DLTR,DOLLAR TREE INC,same month,2022-10
2022-10-01,91977,BGS,B & G FOODS INC NEW,same month,2022-10
2022-10-01,75175,MBI,M B I A INC,same month,2022-10
2022-10-01,14432,ITCI,INTRA CELLULAR THERAPIES INC,same month,2022-10
2022-10-01,19561,BA,BOEING CO,same month,2022-10
2022-10-01,19682,PMVP,P M V PHARMACEUTICALS INC,same month,2022-10
2022-10-01,83382,TCX,TUCOWS INC,same month,2022-10
2022-10-01,18735,GO,GROCERY OUTLET HOLDING CORP,same month,2022-10
2022-10-01,63765,SWN,SOUTHWESTERN ENERGY CO,same month,2022-10
2022-10-01,22898,GHIX,GORES HOLDINGS IX INC,same month,2022-10
2022-10-01,10258,CLDX,CELLDEX THERAPEUTICS INC,same month,2022-10
2022-10-01,21605,RYAN,RYAN SPECIALTY HOLDINGS INC,same month,2022-10
2022-10-01,20347,SHLS,SHOALS TECHNOLOGIES GROUP INC,same month,2022-10
2022-10-01,19593,MIR,MIRION TECHNOLOGIES INC,same month,2022-10
2022-10-01,20196,UPST,UPSTART HOLDINGS INC,same month,2022-10
2022-10-01,90978,SPWR,SUNPOWER CORP,same month,2022-10
2022-10-01,90775,THS,TREEHOUSE FOODS INC,same month,2022-10
2022-10-01,91103,UAL,UNITED AIRLINES HOLDINGS INC,same month,2022-10
2022-10-01,91926,DAL,DELTA AIR LINES INC,same month,2022-10
2022-10-01,18453,LAZR,LUMINAR TECHNOLOGIES INC,same month,2022-10
2022-10-01,14054,MRTX,MIRATI THERAPEUTICS INC,same month,2022-10
2022-10-01,17341,ZS,ZSCALER INC,same month,2022-10
2022-10-01,20153,HLMN,HILLMAN SOLUTIONS CORP,same month,2022-10
2022-10-01,17688,GSHD,GOOSEHEAD INSURANCE INC,same month,2022-10
2022-10-01,20173,TLS,TELOS CORP,same month,2022-10
2022-10-01,90505,LVS,LAS VEGAS SANDS CORP,same month,2022-10
2022-10-01,18937,CHPT,CHARGEPOINT HOLDINGS INC,same month,2022-10
2022-10-01,89508,KMX,CARMAX INC,same month,2022-10
2022-10-01,91594,SPR,SPIRIT AEROSYSTEMS HOLDINGS INC,same month,2022-10
2022-10-01,14136,RNG,RINGCENTRAL INC,same month,2022-10
2022-10-01,20345,XM,QUALTRICS INTERNATIONAL INC,same month,2022-10
2022-10-01,19002,BRP,B R P GROUP INC,same month,2022-10
2022-10-01,14813,MARA,MARATHON DIGITAL HOLDINGS INC,same month,2022-10
2022-10-01,20891,ULCC,FRONTIER GROUP HOLDINGS INC,same month,2022-10
2022-10-01,18576,UBER,UBER TECHNOLOGIES INC,same month,2022-10
2022-10-01,76856,FCFS,FIRSTCASH HOLDINGS INC,same month,2022-10
2022-10-01,17367,LPRO,OPEN LENDING CORP,same month,2022-10
2022-10-01,18484,ZM,ZOOM VIDEO COMMUNICATIONS INC,same month,2022-10
2022-10-01,86799,CNX,C N X RESOURCES CORP,same month,2022-10
2022-10-01,21576,PAYO,PAYONEER GLOBAL INC,same month,2022-10
2022-10-01,16382,COUP,COUPA SOFTWARE INC,same month,2022-10
2022-10-01,14601,NAVI,NAVIENT CORP,same month,2022-10
2022-10-01,19454,ETWO,E2OPEN PARENT HOLDINGS INC,same month,2022-10
2022-10-01,24328,EQT,E Q T CORP,same month,2022-10
2022-10-01,16649,OKTA,OKTA INC,same month,2022-10
2022-10-01,18727,CHWY,CHEWY INC,same month,2022-10
2022-10-01,22086,ENFN,ENFUSION INC,same month,2022-10
2022-10-01,20893,AGL,AGILON HEALTH INC,same month,2022-10
2022-10-01,19484,PCVX,VAXCYTE INC,same month,2022-10
2022-10-01,48961,DSGR,DISTRIBUTION SOLUTIONS GROUP INC,same month,2022-10
2022-10-01,14596,FIVN,FIVE 9 INC,same month,2022-10
2022-10-01,81593,COOP,MR COOPER GROUP INC,same month,2022-10
2022-10-01,15302,VIRT,VIRTU FINANCIAL INC,same month,2022-10
2022-10-01,19577,RKT,ROCKET COMPANIES INC,same month,2022-10
2022-10-01,19495,DNB,DUN & BRADSTREET HOLDINGS INC,same month,2022-10
2022-10-01,22244,TRDA,ENTRADA THERAPEUTICS INC,same month,2022-10
2022-10-01,52936,MCY,MERCURY GENERAL CORP NEW,same month,2022-10
2022-10-01,14532,AMRK,A MARK PRECIOUS METALS INC,same month,2022-10
2022-10-01,17684,AHCO,ADAPTHEALTH CORP,same month,2022-10
2022-10-01,19539,CANO,CANO HEALTH INC,same month,2022-10
2022-10-01,22626,AMLX,AMYLYX PHARMACEUTICALS INC,same month,2022-10
2022-10-01,91915,CNK,CINEMARK HOLDINGS INC,same month,2022-10
2022-10-01,14708,VRDN,VIRIDIAN THERAPEUTICS INC,same month,2022-10
2022-10-01,82649,MATV,MATIV HOLDINGS INC,same month,2022-10
2022-10-01,90126,CYTK,CYTOKINETICS INC,same month,2022-10
2022-10-01,15540,RILY,B RILEY FINANCIAL INC,same month,2022-10
2022-10-01,19485,PLRX,PLIANT THERAPEUTICS INC,same month,2022-10
2022-11-01,19560,ITOS,ITEOS THERAPEUTICS INC,same month,2022-11
2022-11-01,88167,HSTM,HEALTHSTREAM INC,same month,2022-11
2022-11-01,77637,FC,FRANKLIN COVEY CO,same month,2022-11
2022-11-01,14213,MMI,MARCUS & MILLICHAP INC,same month,2022-11
2022-11-01,88417,ACLS,AXCELIS TECHNOLOGIES INC,same month,2022-11
2022-11-01,89792,CVCO,CAVCO INDUSTRIES INC DEL,same month,2022-11
2022-11-01,14495,ATEN,A10 NETWORKS INC,same month,2022-11
2022-11-01,11154,PLAB,PHOTRONICS INC,same month,2022-11
2022-11-01,85724,PRDO,PERDOCEO EDUCATION CORP,same month,2022-11
2022-11-01,75107,ABMD,ABIOMED INC,same month,2022-11
2022-11-01,21125,ZIP,ZIPRECRUITER INC,same month,2022-11
2022-11-01,76721,CRVL,CORVEL CORP,same month,2022-11
2022-11-01,13935,NRC,NATIONAL RESEARCH CORP,same month,2022-11
2022-11-01,79611,MOV,MOVADO GROUP INC,same month,2022-11
2022-11-01,18311,LEGH,LEGACY HOUSING CORP,same month,2022-11
2022-11-01,89387,CPSI,COMPUTER PROGRAMS & SYSTEMS INC,same month,2022-11
2022-11-01,90125,CORT,CORCEPT THERAPEUTICS INC,same month,2022-11
2022-11-01,10649,PTSI,P A M TRANSPORTATION SVCS INC,same month,2022-11
2022-11-01,85040,SLP,SIMULATIONS PLUS INC,same month,2022-11
2022-11-01,13318,YELP,YELP INC,same month,2022-11
2022-11-01,91606,CPRX,CATALYST PHARMACEUTICALS INC,same month,2022-11
2022-11-01,14231,VEEV,VEEVA SYSTEMS INC,same month,2022-11
2022-11-01,90455,MPWR,MONOLITHIC PWR SYS INC,same month,2022-11
2022-11-01,38850,SKY,SKYLINE CHAMPION CORP,same month,2022-11
2022-11-01,88504,BRKR,BRUKER CORP,same month,2022-11
2022-11-01,90319,GOOGL,ALPHABET INC,same month,2022-11
2022-11-01,21598,BRDG,BRIDGE INVESTMENT GP HLDGS INC,same month,2022-11
2022-11-01,84010,USNA,USANA HEALTH SCIENCES INC,same month,2022-11
2022-11-01,65700,USLM,UNITED STATES LIME MINERALS INC,same month,2022-11
2022-11-01,14434,MBUU,MALIBU BOATS INC,same month,2022-11
2022-11-01,38659,GNTX,GENTEX CORP,same month,2022-11
2022-11-01,14479,IBP,INSTALLED BUILDING PRODUCTS INC,same month,2022-11
2022-11-01,91186,VNDA,VANDA PHARMACEUTICALS INC,same month,2022-11
2022-11-01,88352,ISRG,INTUITIVE SURGICAL INC,same month,2022-11
2022-11-01,88841,RGP,RESOURCES CONNECTION INC,same month,2022-11
2022-11-01,89044,PDFS,P D F SOLUTIONS INC,same month,2022-11
2022-11-01,79785,NVR,N V R INC,same month,2022-11
2022-11-01,46886,KLAC,K L A CORP,same month,2022-11
2022-11-01,64194,CHE,CHEMED CORP NEW,same month,2022-11
2022-11-01,85889,SRDX,SURMODICS INC,same month,2022-11
2022-11-01,87657,EW,EDWARDS LIFESCIENCES CORP,same month,2022-11
2022-11-01,89753,FORM,FORMFACTOR INC,same month,2022-11
2022-11-01,85992,MANH,MANHATTAN ASSOCIATES INC,same month,2022-11
2022-11-01,87725,IIIN,INSTEEL INDUSTRIES INC,same month,2022-11
2022-11-01,82212,KFRC,KFORCE INC,same month,2022-11
2022-11-01,88159,EXEL,EXELIXIS INC,same month,2022-11
2022-11-01,48144,KLIC,KULICKE & SOFFA INDS INC,same month,2022-11
2022-11-01,86594,KFY,KORN FERRY,same month,2022-11
2022-11-01,91463,CVLT,COMMVAULT SYSTEMS INC,same month,2022-11
2022-11-01,11884,IPAR,INTERMEDIATE PARFUMS INC,same month,2022-11
2022-11-01,13766,BCC,BOISE CASCADE CO,same month,2022-11
2022-11-01,88031,MNST,MONSTER BEVERAGE CORP NEW,same month,2022-11
2022-11-01,16434,GOLF,ACUSHNET HOLDINGS CORP,same month,2022-11
2022-11-01,54148,PHM,PULTE GROUP INC,same month,2022-11
2022-11-01,45306,IDCC,INTERDIGITAL INC,same month,2022-11
2022-11-01,79491,WINA,WINMARK CORP,same month,2022-11
2022-11-01,18973,BRC,BRADY CORP,same month,2022-11
2022-11-01,64961,NXGN,NEXTGEN HEALTHCARE INC,same month,2022-11
2022-11-01,60098,OTTR,OTTER TAIL CORP,same month,2022-11
2022-11-01,77357,SNPS,SYNOPSYS INC,same month,2022-11
2022-11-01,79037,ETD,ETHAN ALLEN INTERIORS INC,same month,2022-11
2022-11-01,75233,VGR,VECTOR GROUP LTD,same month,2022-11
2022-11-01,89179,ELV,ELEVANCE HEALTH INC,same month,2022-11
2022-11-01,81665,GIC,GLOBAL INDUSTRIAL CO,same month,2022-11
2022-11-01,79906,INCY,INCYTE CORP,same month,2022-11
2022-11-01,11587,ATRI,ATRION CORP,same month,2022-11
2022-11-01,84385,NSP,INSPERITY INC,same month,2022-11
2022-11-01,13625,SSTK,SHUTTERSTOCK INC,same month,2022-11
2022-11-01,68830,REX,REX AMERICAN RESOURCES CORP,same month,2022-11
2022-11-01,13862,TMHC,TAYLOR MORRISON HOME CORP,same month,2022-11
2022-11-01,86048,HCKT,HACKETT GROUP INC,same month,2022-11
2022-11-01,80575,SSD,SIMPSON MANUFACTURING CO INC,same month,2022-11
2022-11-01,89572,CEVA,CEVA INC,same month,2022-11
2022-11-01,76744,VRTX,VERTEX PHARMACEUTICALS INC,same month,2022-11
2022-11-01,14521,TNET,TRINET GROUP INC,same month,2022-11
2022-11-01,63125,AGYS,AGILYSYS INC,same month,2022-11
2022-11-01,14702,AMAT,APPLIED MATERIALS INC,same month,2022-11
2022-11-01,16260,MEDP,MEDPACE HOLDINGS INC,same month,2022-11
2022-11-01,48653,HUM,HUMANA INC,same month,2022-11
2022-11-01,90071,NRG,N R G ENERGY INC,same month,2022-11
2022-11-01,50948,SMTC,SEMTECH CORP,same month,2022-11
2022-11-01,20391,TPL,TEXAS PACIFIC LAND CORP,same month,2022-11
2022-11-01,76752,PRGS,PROGRESS SOFTWARE CORP,same month,2022-11
2022-11-01,76839,FIZZ,NATIONAL BEVERAGE CORP,same month,2022-11
2022-11-01,90199,CBRE,C B R E GROUP INC,same month,2022-11
2022-11-01,13777,AMSWA,AMERICAN SOFTWARE INC,same month,2022-11
2022-11-01,85059,FIX,COMFORT SYSTEMS USA INC,same month,2022-11
2022-11-01,86827,HSII,HEIDRICK & STRUGGLES INTL INC,same month,2022-11
2022-11-01,87812,SLAB,SILICON LABORATORIES INC,same month,2022-11
2022-11-01,56223,LPX,LOUISIANA PACIFIC CORP,same month,2022-11
2022-11-01,34948,OXM,OXFORD INDUSTRIES INC,same month,2022-11
2022-11-01,86128,HZO,MARINEMAX INC,same month,2022-11
2022-11-01,41241,HWKN,HAWKINS INC,same month,2022-11
2022-11-01,15853,RMR,R M R GROUP INC,same month,2022-11
2022-11-01,12437,RFP,RESOLUTE FOREST PRODUCTS INC,same month,2022-11
2022-11-01,72304,STAA,STAAR SURGICAL CO,same month,2022-11
2022-11-01,86783,BKNG,BOOKING HOLDINGS INC,same month,2022-11
2022-11-01,89290,SYNA,SYNAPTICS INC,same month,2022-11
2022-11-01,19679,GDRX,GOODRX HOLDINGS INC,same month,2022-11
2022-11-01,92089,GRBK,GREEN BRICK PARTNERS INC,same month,2022-11
2022-11-01,20464,EVEX,EVE HOLDING INC,same month,2022-11
2022-11-01,21262,DAWN,DAY ONE BIOPHARMACEUTICALS INC,same month,2022-11
2022-11-01,21723,HOOD,ROBINHOOD MARKETS INC,same month,2022-11
2022-11-01,21844,FCUV,FOCUS UNIVERSAL INC,same month,2022-11
2022-11-01,89301,GME,GAMESTOP CORP NEW,same month,2022-11
2022-11-01,22637,CINC,CINCOR PHARMA INC,same month,2022-11
2022-11-01,22244,TRDA,ENTRADA THERAPEUTICS INC,same month,2022-11
2022-11-01,19616,SST,SYSTEM1 INC,same month,2022-11
2022-11-01,22092,KD,KYNDRYL HOLDINGS INC,same month,2022-11
2022-11-01,17036,CNNE,CANNAE HOLDINGS INC,same month,2022-11
2022-11-01,18777,KRTX,KARUNA THERAPEUTICS INC,same month,2022-11
2022-11-01,14328,AMC,A M C ENTERTAINMENT HOLDINGS INC,same month,2022-11
2022-11-01,16966,SWCH,SWITCH INC,same month,2022-11
2022-11-01,14617,ARES,ARES MANAGEMENT CORP,same month,2022-11
2022-11-01,13688,PCG,P G & E CORP,same month,2022-11
2022-11-01,86544,BCOR,BLUCORA INC,same month,2022-11
2022-11-01,13919,AMBC,AMBAC FINANCIAL GROUP INC,same month,2022-11
2022-11-01,52936,MCY,MERCURY GENERAL CORP NEW,same month,2022-11
2022-11-01,12060,GE,GENERAL ELECTRIC CO,same month,2022-11
2022-11-01,91611,FSLR,FIRST SOLAR INC,same month,2022-11
2022-11-01,22626,AMLX,AMYLYX PHARMACEUTICALS INC,same month,2022-11
2022-11-01,17684,AHCO,ADAPTHEALTH CORP,same month,2022-11
2022-11-01,18184,FSR,FISKER INC,same month,2022-11
2022-11-01,90926,ALT,ALTIMMUNE INC,same month,2022-11
2022-11-01,81481,DLTR,DOLLAR TREE INC,same month,2022-11
2022-11-01,21597,PECO,PHILLIPS EDISON & COMPANY INC,same month,2022-11
2022-11-01,17372,COGT,COGENT BIOSCIENCES INC,same month,2022-11
2022-11-01,82649,MATV,MATIV HOLDINGS INC,same month,2022-11
2022-11-01,17313,BLNK,BLINK CHARGING CO,same month,2022-11
2022-11-01,60186,OMI,OWENS & MINOR INC NEW,same month,2022-11
2022-11-01,16086,HTZ,HERTZ GLOBAL HOLDINGS INC NEW,same month,2022-11
2022-11-01,91977,BGS,B & G FOODS INC NEW,same month,2022-11
2022-11-01,21020,AAL,AMERICAN AIRLINES GROUP INC,same month,2022-11
2022-11-01,20142,CVT,CVENT HOLDING CORP,same month,2022-11
2022-11-01,18735,GO,GROCERY OUTLET HOLDING CORP,same month,2022-11
2022-11-01,20196,UPST,UPSTART HOLDINGS INC,same month,2022-11
2022-11-01,19561,BA,BOEING CO,same month,2022-11
2022-11-01,19605,OSH,OAK STREET HEALTH INC,same month,2022-11
2022-11-01,14708,VRDN,VIRIDIAN THERAPEUTICS INC,same month,2022-11
2022-11-01,91926,DAL,DELTA AIR LINES INC,same month,2022-11
2022-11-01,22898,GHIX,GORES HOLDINGS IX INC,same month,2022-11
2022-11-01,12591,APO,APOLLO GLOBAL MANAGEMENT INC NEW,same month,2022-11
2022-11-01,75175,MBI,M B I A INC,same month,2022-11
2022-11-01,22623,CEG,CONSTELLATION ENERGY CORP,same month,2022-11
2022-11-01,19489,PCT,PURECYCLE TECHNOLOGIES INC,same month,2022-11
2022-11-01,83382,TCX,TUCOWS INC,same month,2022-11
2022-11-01,21605,RYAN,RYAN SPECIALTY HOLDINGS INC,same month,2022-11
2022-11-01,15540,RILY,B RILEY FINANCIAL INC,same month,2022-11
2022-11-01,19593,MIR,MIRION TECHNOLOGIES INC,same month,2022-11
2022-11-01,91103,UAL,UNITED AIRLINES HOLDINGS INC,same month,2022-11
2022-11-01,14532,AMRK,A MARK PRECIOUS METALS INC,same month,2022-11
2022-11-01,14432,ITCI,INTRA CELLULAR THERAPIES INC,same month,2022-11
2022-11-01,20173,TLS,TELOS CORP,same month,2022-11
2022-11-01,10258,CLDX,CELLDEX THERAPEUTICS INC,same month,2022-11
2022-11-01,20347,SHLS,SHOALS TECHNOLOGIES GROUP INC,same month,2022-11
2022-11-01,91915,CNK,CINEMARK HOLDINGS INC,same month,2022-11
2022-11-01,89508,KMX,CARMAX INC,same month,2022-11
2022-11-01,86799,CNX,C N X RESOURCES CORP,same month,2022-11
2022-11-01,90126,CYTK,CYTOKINETICS INC,same month,2022-11
2022-11-01,63765,SWN,SOUTHWESTERN ENERGY CO,same month,2022-11
2022-11-01,90505,LVS,LAS VEGAS SANDS CORP,same month,2022-11
2022-11-01,18937,CHPT,CHARGEPOINT HOLDINGS INC,same month,2022-11
2022-11-01,19682,PMVP,P M V PHARMACEUTICALS INC,same month,2022-11
2022-11-01,18453,LAZR,LUMINAR TECHNOLOGIES INC,same month,2022-11
2022-11-01,20153,HLMN,HILLMAN SOLUTIONS CORP,same month,2022-11
2022-11-01,91594,SPR,SPIRIT AEROSYSTEMS HOLDINGS INC,same month,2022-11
2022-11-01,90775,THS,TREEHOUSE FOODS INC,same month,2022-11
2022-11-01,19002,BRP,B R P GROUP INC,same month,2022-11
2022-11-01,17688,GSHD,GOOSEHEAD INSURANCE INC,same month,2022-11
2022-11-01,20345,XM,QUALTRICS INTERNATIONAL INC,same month,2022-11
2022-11-01,17341,ZS,ZSCALER INC,same month,2022-11
2022-11-01,90978,SPWR,SUNPOWER CORP,same month,2022-11
2022-11-01,19484,PCVX,VAXCYTE INC,same month,2022-11
2022-11-01,14136,RNG,RINGCENTRAL INC,same month,2022-11
2022-11-01,14813,MARA,MARATHON DIGITAL HOLDINGS INC,same month,2022-11
2022-11-01,14054,MRTX,MIRATI THERAPEUTICS INC,same month,2022-11
2022-11-01,19454,ETWO,E2OPEN PARENT HOLDINGS INC,same month,2022-11
2022-11-01,19485,PLRX,PLIANT THERAPEUTICS INC,same month,2022-11
2022-11-01,24328,EQT,E Q T CORP,same month,2022-11
2022-11-01,76856,FCFS,FIRSTCASH HOLDINGS INC,same month,2022-11
2022-11-01,18576,UBER,UBER TECHNOLOGIES INC,same month,2022-11
2022-11-01,20891,ULCC,FRONTIER GROUP HOLDINGS INC,same month,2022-11
2022-11-01,22086,ENFN,ENFUSION INC,same month,2022-11
2022-11-01,48961,DSGR,DISTRIBUTION SOLUTIONS GROUP INC,same month,2022-11
2022-11-01,16382,COUP,COUPA SOFTWARE INC,same month,2022-11
2022-11-01,21576,PAYO,PAYONEER GLOBAL INC,same month,2022-11
2022-11-01,18727,CHWY,CHEWY INC,same month,2022-11
2022-11-01,17367,LPRO,OPEN LENDING CORP,same month,2022-11
2022-11-01,15302,VIRT,VIRTU FINANCIAL INC,same month,2022-11
2022-11-01,18484,ZM,ZOOM VIDEO COMMUNICATIONS INC,same month,2022-11
2022-11-01,19070,ETNB,89BIO INC,same month,2022-11
2022-11-01,20067,SOFI,SOFI TECHNOLOGIES INC,same month,2022-11
2022-11-01,19461,AKUS,AKOUOS INC,same month,2022-11
2022-11-01,14276,KODK,EASTMAN KODAK CO,same month,2022-11
2022-11-01,21029,RUM,RUMBLE INC,same month,2022-11
2022-11-01,92095,INFN,INFINERA CORP,same month,2022-11
2022-11-01,15431,MCRB,SERES THERAPEUTICS INC,same month,2022-11
2022-11-01,21345,MQ,MARQETA INC,same month,2022-11
2022-11-01,22976,WBD,WARNER BROS DISCOVERY INC,same month,2022-11
2022-11-01,83443,BRKB,BERKSHIRE HATHAWAY INC DEL,same month,2022-11
2022-12-01,88167,HSTM,HEALTHSTREAM INC,same month,2022-12
2022-12-01,13318,YELP,YELP INC,same month,2022-12
2022-12-01,72304,STAA,STAAR SURGICAL CO,same month,2022-12
2022-12-01,19560,ITOS,ITEOS THERAPEUTICS INC,same month,2022-12
2022-12-01,77637,FC,FRANKLIN COVEY CO,same month,2022-12
2022-12-01,14213,MMI,MARCUS & MILLICHAP INC,same month,2022-12
2022-12-01,12437,RFP,RESOLUTE FOREST PRODUCTS INC,same month,2022-12
2022-12-01,89792,CVCO,CAVCO INDUSTRIES INC DEL,same month,2022-12
2022-12-01,88417,ACLS,AXCELIS TECHNOLOGIES INC,same month,2022-12
2022-12-01,21125,ZIP,ZIPRECRUITER INC,same month,2022-12
2022-12-01,15853,RMR,R M R GROUP INC,same month,2022-12
2022-12-01,89387,CPSI,COMPUTER PROGRAMS & SYSTEMS INC,same month,2022-12
2022-12-01,76721,CRVL,CORVEL CORP,same month,2022-12
2022-12-01,11154,PLAB,PHOTRONICS INC,same month,2022-12
2022-12-01,85040,SLP,SIMULATIONS PLUS INC,same month,2022-12
2022-12-01,79611,MOV,MOVADO GROUP INC,same month,2022-12
2022-12-01,90125,CORT,CORCEPT THERAPEUTICS INC,same month,2022-12
2022-12-01,91606,CPRX,CATALYST PHARMACEUTICALS INC,same month,2022-12
2022-12-01,90455,MPWR,MONOLITHIC PWR SYS INC,same month,2022-12
2022-12-01,13935,NRC,NATIONAL RESEARCH CORP,same month,2022-12
2022-12-01,91186,VNDA,VANDA PHARMACEUTICALS INC,same month,2022-12
2022-12-01,38850,SKY,SKYLINE CHAMPION CORP,same month,2022-12
2022-12-01,65700,USLM,UNITED STATES LIME MINERALS INC,same month,2022-12
2022-12-01,10649,PTSI,P A M TRANSPORTATION SVCS INC,same month,2022-12
2022-12-01,14479,IBP,INSTALLED BUILDING PRODUCTS INC,same month,2022-12
2022-12-01,90319,GOOGL,ALPHABET INC,same month,2022-12
2022-12-01,14231,VEEV,VEEVA SYSTEMS INC,same month,2022-12
2022-12-01,86783,BKNG,BOOKING HOLDINGS INC,same month,2022-12
2022-12-01,14495,ATEN,A10 NETWORKS INC,same month,2022-12
2022-12-01,38659,GNTX,GENTEX CORP,same month,2022-12
2022-12-01,88504,BRKR,BRUKER CORP,same month,2022-12
2022-12-01,18311,LEGH,LEGACY HOUSING CORP,same month,2022-12
2022-12-01,88352,ISRG,INTUITIVE SURGICAL INC,same month,2022-12
2022-12-01,60098,OTTR,OTTER TAIL CORP,same month,2022-12
2022-12-01,79491,WINA,WINMARK CORP,same month,2022-12
2022-12-01,84010,USNA,USANA HEALTH SCIENCES INC,same month,2022-12
2022-12-01,85724,PRDO,PERDOCEO EDUCATION CORP,same month,2022-12
2022-12-01,88159,EXEL,EXELIXIS INC,same month,2022-12
2022-12-01,89290,SYNA,SYNAPTICS INC,same month,2022-12
2022-12-01,85992,MANH,MANHATTAN ASSOCIATES INC,same month,2022-12
2022-12-01,88841,RGP,RESOURCES CONNECTION INC,same month,2022-12
2022-12-01,79785,NVR,N V R INC,same month,2022-12
2022-12-01,46886,KLAC,K L A CORP,same month,2022-12
2022-12-01,82212,KFRC,KFORCE INC,same month,2022-12
2022-12-01,13766,BCC,BOISE CASCADE CO,same month,2022-12
2022-12-01,16434,GOLF,ACUSHNET HOLDINGS CORP,same month,2022-12
2022-12-01,14434,MBUU,MALIBU BOATS INC,same month,2022-12
2022-12-01,85889,SRDX,SURMODICS INC,same month,2022-12
2022-12-01,92089,GRBK,GREEN BRICK PARTNERS INC,same month,2022-12
2022-12-01,86594,KFY,KORN FERRY,same month,2022-12
2022-12-01,87657,EW,EDWARDS LIFESCIENCES CORP,same month,2022-12
2022-12-01,64961,NXGN,NEXTGEN HEALTHCARE INC,same month,2022-12
2022-12-01,16260,MEDP,MEDPACE HOLDINGS INC,same month,2022-12
2022-12-01,21598,BRDG,BRIDGE INVESTMENT GP HLDGS INC,same month,2022-12
2022-12-01,89044,PDFS,P D F SOLUTIONS INC,same month,2022-12
2022-12-01,13625,SSTK,SHUTTERSTOCK INC,same month,2022-12
2022-12-01,64194,CHE,CHEMED CORP NEW,same month,2022-12
2022-12-01,14521,TNET,TRINET GROUP INC,same month,2022-12
2022-12-01,89179,ELV,ELEVANCE HEALTH INC,same month,2022-12
2022-12-01,75107,ABMD,ABIOMED INC,same month,2022-12
2022-12-01,84385,NSP,INSPERITY INC,same month,2022-12
2022-12-01,18973,BRC,BRADY CORP,same month,2022-12
2022-12-01,91463,CVLT,COMMVAULT SYSTEMS INC,same month,2022-12
2022-12-01,45306,IDCC,INTERDIGITAL INC,same month,2022-12
2022-12-01,48144,KLIC,KULICKE & SOFFA INDS INC,same month,2022-12
2022-12-01,76744,VRTX,VERTEX PHARMACEUTICALS INC,same month,2022-12
2022-12-01,68830,REX,REX AMERICAN RESOURCES CORP,same month,2022-12
2022-12-01,88031,MNST,MONSTER BEVERAGE CORP NEW,same month,2022-12
2022-12-01,81665,GIC,GLOBAL INDUSTRIAL CO,same month,2022-12
2022-12-01,11884,IPAR,INTERMEDIATE PARFUMS INC,same month,2022-12
2022-12-01,79906,INCY,INCYTE CORP,same month,2022-12
2022-12-01,77357,SNPS,SYNOPSYS INC,same month,2022-12
2022-12-01,87725,IIIN,INSTEEL INDUSTRIES INC,same month,2022-12
2022-12-01,86048,HCKT,HACKETT GROUP INC,same month,2022-12
2022-12-01,14702,AMAT,APPLIED MATERIALS INC,same month,2022-12
2022-12-01,75233,VGR,VECTOR GROUP LTD,same month,2022-12
2022-12-01,48653,HUM,HUMANA INC,same month,2022-12
2022-12-01,80575,SSD,SIMPSON MANUFACTURING CO INC,same month,2022-12
2022-12-01,63125,AGYS,AGILYSYS INC,same month,2022-12
2022-12-01,11587,ATRI,ATRION CORP,same month,2022-12
2022-12-01,79037,ETD,ETHAN ALLEN INTERIORS INC,same month,2022-12
2022-12-01,89753,FORM,FORMFACTOR INC,same month,2022-12
2022-12-01,54148,PHM,PULTE GROUP INC,same month,2022-12
2022-12-01,20391,TPL,TEXAS PACIFIC LAND CORP,same month,2022-12
2022-12-01,50948,SMTC,SEMTECH CORP,same month,2022-12
2022-12-01,89572,CEVA,CEVA INC,same month,2022-12
2022-12-01,85059,FIX,COMFORT SYSTEMS USA INC,same month,2022-12
2022-12-01,76752,PRGS,PROGRESS SOFTWARE CORP,same month,2022-12
2022-12-01,76839,FIZZ,NATIONAL BEVERAGE CORP,same month,2022-12
2022-12-01,13777,AMSWA,AMERICAN SOFTWARE INC,same month,2022-12
2022-12-01,90071,NRG,N R G ENERGY INC,same month,2022-12
2022-12-01,86827,HSII,HEIDRICK & STRUGGLES INTL INC,same month,2022-12
2022-12-01,34948,OXM,OXFORD INDUSTRIES INC,same month,2022-12
2022-12-01,90199,CBRE,C B R E GROUP INC,same month,2022-12
2022-12-01,41241,HWKN,HAWKINS INC,same month,2022-12
2022-12-01,13862,TMHC,TAYLOR MORRISON HOME CORP,same month,2022-12
2022-12-01,85401,SIGA,S I G A TECHNOLOGIES INC,same month,2022-12
2022-12-01,16967,CARG,CARGURUS INC,same month,2022-12
2022-12-01,20438,MNTK,MONTAUK RENEWABLES INC,same month,2022-12
2022-12-01,16874,ACEL,ACCEL ENTERTAINMENT INC,same month,2022-12
2022-12-01,20464,EVEX,EVE HOLDING INC,same month,2022-12
2022-12-01,21262,DAWN,DAY ONE BIOPHARMACEUTICALS INC,same month,2022-12
2022-12-01,21844,FCUV,FOCUS UNIVERSAL INC,same month,2022-12
2022-12-01,21723,HOOD,ROBINHOOD MARKETS INC,same month,2022-12
2022-12-01,89301,GME,GAMESTOP CORP NEW,same month,2022-12
2022-12-01,22244,TRDA,ENTRADA THERAPEUTICS INC,same month,2022-12
2022-12-01,22092,KD,KYNDRYL HOLDINGS INC,same month,2022-12
2022-12-01,52936,MCY,MERCURY GENERAL CORP NEW,same month,2022-12
2022-12-01,22637,CINC,CINCOR PHARMA INC,same month,2022-12
2022-12-01,16966,SWCH,SWITCH INC,same month,2022-12
2022-12-01,14328,AMC,A M C ENTERTAINMENT HOLDINGS INC,same month,2022-12
2022-12-01,14617,ARES,ARES MANAGEMENT CORP,same month,2022-12
2022-12-01,22626,AMLX,AMYLYX PHARMACEUTICALS INC,same month,2022-12
2022-12-01,86544,BCOR,BLUCORA INC,same month,2022-12
2022-12-01,17036,CNNE,CANNAE HOLDINGS INC,same month,2022-12
2022-12-01,91611,FSLR,FIRST SOLAR INC,same month,2022-12
2022-12-01,21029,RUM,RUMBLE INC,same month,2022-12
2022-12-01,19461,AKUS,AKOUOS INC,same month,2022-12
2022-12-01,19616,SST,SYSTEM1 INC,same month,2022-12
2022-12-01,18777,KRTX,KARUNA THERAPEUTICS INC,same month,2022-12
2022-12-01,21605,RYAN,RYAN SPECIALTY HOLDINGS INC,same month,2022-12
2022-12-01,18184,FSR,FISKER INC,same month,2022-12
2022-12-01,17684,AHCO,ADAPTHEALTH CORP,same month,2022-12
2022-12-01,15431,MCRB,SERES THERAPEUTICS INC,same month,2022-12
2022-12-01,13688,PCG,P G & E CORP,same month,2022-12
2022-12-01,92095,INFN,INFINERA CORP,same month,2022-12
2022-12-01,12060,GE,GENERAL ELECTRIC CO,same month,2022-12
2022-12-01,60186,OMI,OWENS & MINOR INC NEW,same month,2022-12
2022-12-01,91977,BGS,B & G FOODS INC NEW,same month,2022-12
2022-12-01,17372,COGT,COGENT BIOSCIENCES INC,same month,2022-12
2022-12-01,90926,ALT,ALTIMMUNE INC,same month,2022-12
2022-12-01,81481,DLTR,DOLLAR TREE INC,same month,2022-12
2022-12-01,75175,MBI,M B I A INC,same month,2022-12
2022-12-01,17313,BLNK,BLINK CHARGING CO,same month,2022-12
2022-12-01,15540,RILY,B RILEY FINANCIAL INC,same month,2022-12
2022-12-01,19605,OSH,OAK STREET HEALTH INC,same month,2022-12
2022-12-01,19561,BA,BOEING CO,same month,2022-12
2022-12-01,16086,HTZ,HERTZ GLOBAL HOLDINGS INC NEW,same month,2022-12
2022-12-01,22898,GHIX,GORES HOLDINGS IX INC,same month,2022-12
2022-12-01,14432,ITCI,INTRA CELLULAR THERAPIES INC,same month,2022-12
2022-12-01,21020,AAL,AMERICAN AIRLINES GROUP INC,same month,2022-12
2022-12-01,91926,DAL,DELTA AIR LINES INC,same month,2022-12
2022-12-01,18735,GO,GROCERY OUTLET HOLDING CORP,same month,2022-12
2022-12-01,20142,CVT,CVENT HOLDING CORP,same month,2022-12
2022-12-01,86799,CNX,C N X RESOURCES CORP,same month,2022-12
2022-12-01,20196,UPST,UPSTART HOLDINGS INC,same month,2022-12
2022-12-01,13919,AMBC,AMBAC FINANCIAL GROUP INC,same month,2022-12
2022-12-01,91915,CNK,CINEMARK HOLDINGS INC,same month,2022-12
2022-12-01,21597,PECO,PHILLIPS EDISON & COMPANY INC,same month,2022-12
2022-12-01,14708,VRDN,VIRIDIAN THERAPEUTICS INC,same month,2022-12
2022-12-01,89508,KMX,CARMAX INC,same month,2022-12
2022-12-01,12591,APO,APOLLO GLOBAL MANAGEMENT INC NEW,same month,2022-12
2022-12-01,82649,MATV,MATIV HOLDINGS INC,same month,2022-12
2022-12-01,83443,BRKB,BERKSHIRE HATHAWAY INC DEL,same month,2022-12
2022-12-01,22976,WBD,WARNER BROS DISCOVERY INC,same month,2022-12
2022-12-01,21345,MQ,MARQETA INC,same month,2022-12
2022-12-01,19593,MIR,MIRION TECHNOLOGIES INC,same month,2022-12
2022-12-01,19489,PCT,PURECYCLE TECHNOLOGIES INC,same month,2022-12
2022-12-01,90505,LVS,LAS VEGAS SANDS CORP,same month,2022-12
2022-12-01,20347,SHLS,SHOALS TECHNOLOGIES GROUP INC,same month,2022-12
2022-12-01,18937,CHPT,CHARGEPOINT HOLDINGS INC,same month,2022-12
2022-12-01,22623,CEG,CONSTELLATION ENERGY CORP,same month,2022-12
2022-12-01,19484,PCVX,VAXCYTE INC,same month,2022-12
2022-12-01,20153,HLMN,HILLMAN SOLUTIONS CORP,same month,2022-12
2022-12-01,17688,GSHD,GOOSEHEAD INSURANCE INC,same month,2022-12
2022-12-01,90126,CYTK,CYTOKINETICS INC,same month,2022-12
2022-12-01,91103,UAL,UNITED AIRLINES HOLDINGS INC,same month,2022-12
2022-12-01,24328,EQT,E Q T CORP,same month,2022-12
2022-12-01,19682,PMVP,P M V PHARMACEUTICALS INC,same month,2022-12
2022-12-01,19002,BRP,B R P GROUP INC,same month,2022-12
2022-12-01,91594,SPR,SPIRIT AEROSYSTEMS HOLDINGS INC,same month,2022-12
2022-12-01,14136,RNG,RINGCENTRAL INC,same month,2022-12
2022-12-01,48961,DSGR,DISTRIBUTION SOLUTIONS GROUP INC,same month,2022-12
2022-12-01,63765,SWN,SOUTHWESTERN ENERGY CO,same month,2022-12
2022-12-01,18453,LAZR,LUMINAR TECHNOLOGIES INC,same month,2022-12
2022-12-01,19454,ETWO,E2OPEN PARENT HOLDINGS INC,same month,2022-12
2022-12-01,20345,XM,QUALTRICS INTERNATIONAL INC,same month,2022-12
2022-12-01,76856,FCFS,FIRSTCASH HOLDINGS INC,same month,2022-12
2022-12-01,90775,THS,TREEHOUSE FOODS INC,same month,2022-12
2022-12-01,16382,COUP,COUPA SOFTWARE INC,same month,2022-12
2022-12-01,17341,ZS,ZSCALER INC,same month,2022-12
2022-12-01,19485,PLRX,PLIANT THERAPEUTICS INC,same month,2022-12
2022-12-01,14532,AMRK,A MARK PRECIOUS METALS INC,same month,2022-12
2022-12-01,22086,ENFN,ENFUSION INC,same month,2022-12
2022-12-01,14054,MRTX,MIRATI THERAPEUTICS INC,same month,2022-12
2022-12-01,18576,UBER,UBER TECHNOLOGIES INC,same month,2022-12
2022-12-01,14813,MARA,MARATHON DIGITAL HOLDINGS INC,same month,2022-12
2022-12-01,90978,SPWR,SUNPOWER CORP,same month,2022-12
2022-12-01,10258,CLDX,CELLDEX THERAPEUTICS INC,same month,2022-12
2022-12-01,18727,CHWY,CHEWY INC,same month,2022-12
2022-12-01,17367,LPRO,OPEN LENDING CORP,same month,2022-12
2022-12-01,15302,VIRT,VIRTU FINANCIAL INC,same month,2022-12
2022-12-01,20891,ULCC,FRONTIER GROUP HOLDINGS INC,same month,2022-12
2022-12-01,76136,KMPR,KEMPER CORP DE,same month,2022-12
2022-12-01,17226,COLD,AMERICOLD REALTY TRUST INC,same month,2022-12
2022-12-01,32651,HL,HECLA MINING CO,same month,2022-12
2022-12-01,91832,MDGL,MADRIGAL PHARMACEUTICALS INC,same month,2022-12
2022-12-01,66384,WDC,WESTERN DIGITAL CORP,same month,2022-12
2022-12-01,11990,KKR,K K R & CO INC,same month,2022-12
2022-12-01,17948,ALLK,ALLAKOS INC,same month,2022-12
2023-01-01,21125,ZIP,ZIPRECRUITER INC,same month,2023-01
2023-01-01,20438,MNTK,MONTAUK RENEWABLES INC,same month,2023-01
2023-01-01,15853,RMR,R M R GROUP INC,same month,2023-01
2023-01-01,77637,FC,FRANKLIN COVEY CO,same month,2023-01
2023-01-01,13318,YELP,YELP INC,same month,2023-01
2023-01-01,88167,HSTM,HEALTHSTREAM INC,same month,2023-01
2023-01-01,12437,RFP,RESOLUTE FOREST PRODUCTS INC,same month,2023-01
2023-01-01,85401,SIGA,S I G A TECHNOLOGIES INC,same month,2023-01
2023-01-01,79491,WINA,WINMARK CORP,same month,2023-01
2023-01-01,91606,CPRX,CATALYST PHARMACEUTICALS INC,same month,2023-01
2023-01-01,91186,VNDA,VANDA PHARMACEUTICALS INC,same month,2023-01
2023-01-01,90125,CORT,CORCEPT THERAPEUTICS INC,same month,2023-01
2023-01-01,38850,SKY,SKYLINE CHAMPION CORP,same month,2023-01
2023-01-01,72304,STAA,STAAR SURGICAL CO,same month,2023-01
2023-01-01,38659,GNTX,GENTEX CORP,same month,2023-01
2023-01-01,14231,VEEV,VEEVA SYSTEMS INC,same month,2023-01
2023-01-01,86783,BKNG,BOOKING HOLDINGS INC,same month,2023-01
2023-01-01,90319,GOOGL,ALPHABET INC,same month,2023-01
2023-01-01,16967,CARG,CARGURUS INC,same month,2023-01
2023-01-01,65700,USLM,UNITED STATES LIME MINERALS INC,same month,2023-01
2023-01-01,85040,SLP,SIMULATIONS PLUS INC,same month,2023-01
2023-01-01,76721,CRVL,CORVEL CORP,same month,2023-01
2023-01-01,14479,IBP,INSTALLED BUILDING PRODUCTS INC,same month,2023-01
2023-01-01,89792,CVCO,CAVCO INDUSTRIES INC DEL,same month,2023-01
2023-01-01,79785,NVR,N V R INC,same month,2023-01
2023-01-01,13625,SSTK,SHUTTERSTOCK INC,same month,2023-01
2023-01-01,16260,MEDP,MEDPACE HOLDINGS INC,same month,2023-01
2023-01-01,13935,NRC,NATIONAL RESEARCH CORP,same month,2023-01
2023-01-01,85889,SRDX,SURMODICS INC,same month,2023-01
2023-01-01,84385,NSP,INSPERITY INC,same month,2023-01
2023-01-01,64961,NXGN,NEXTGEN HEALTHCARE INC,same month,2023-01
2023-01-01,14495,ATEN,A10 NETWORKS INC,same month,2023-01
2023-01-01,88159,EXEL,EXELIXIS INC,same month,2023-01
2023-01-01,88417,ACLS,AXCELIS TECHNOLOGIES INC,same month,2023-01
2023-01-01,14213,MMI,MARCUS & MILLICHAP INC,same month,2023-01
2023-01-01,88031,MNST,MONSTER BEVERAGE CORP NEW,same month,2023-01
2023-01-01,48653,HUM,HUMANA INC,same month,2023-01
2023-01-01,75233,VGR,VECTOR GROUP LTD,same month,2023-01
2023-01-01,90455,MPWR,MONOLITHIC PWR SYS INC,same month,2023-01
2023-01-01,16434,GOLF,ACUSHNET HOLDINGS CORP,same month,2023-01
2023-01-01,76839,FIZZ,NATIONAL BEVERAGE CORP,same month,2023-01
2023-01-01,14521,TNET,TRINET GROUP INC,same month,2023-01
2023-01-01,16874,ACEL,ACCEL ENTERTAINMENT INC,same month,2023-01
2023-01-01,84010,USNA,USANA HEALTH SCIENCES INC,same month,2023-01
2023-01-01,85992,MANH,MANHATTAN ASSOCIATES INC,same month,2023-01
2023-01-01,88504,BRKR,BRUKER CORP,same month,2023-01
2023-01-01,10649,PTSI,P A M TRANSPORTATION SVCS INC,same month,2023-01
2023-01-01,85059,FIX,COMFORT SYSTEMS USA INC,same month,2023-01
2023-01-01,13766,BCC,BOISE CASCADE CO,same month,2023-01
2023-01-01,11884,IPAR,INTERMEDIATE PARFUMS INC,same month,2023-01
2023-01-01,76744,VRTX,VERTEX PHARMACEUTICALS INC,same month,2023-01
2023-01-01,85724,PRDO,PERDOCEO EDUCATION CORP,same month,2023-01
2023-01-01,89044,PDFS,P D F SOLUTIONS INC,same month,2023-01
2023-01-01,87657,EW,EDWARDS LIFESCIENCES CORP,same month,2023-01
2023-01-01,20391,TPL,TEXAS PACIFIC LAND CORP,same month,2023-01
2023-01-01,89179,ELV,ELEVANCE HEALTH INC,same month,2023-01
2023-01-01,88841,RGP,RESOURCES CONNECTION INC,same month,2023-01
2023-01-01,46886,KLAC,K L A CORP,same month,2023-01
2023-01-01,64194,CHE,CHEMED CORP NEW,same month,2023-01
2023-01-01,89290,SYNA,SYNAPTICS INC,same month,2023-01
2023-01-01,88352,ISRG,INTUITIVE SURGICAL INC,same month,2023-01
2023-01-01,41241,HWKN,HAWKINS INC,same month,2023-01
2023-01-01,91463,CVLT,COMMVAULT SYSTEMS INC,same month,2023-01
2023-01-01,75107,ABMD,ABIOMED INC,carried forward from an earlier month,2022-12
2023-01-01,19560,ITOS,ITEOS THERAPEUTICS INC,same month,2023-01
2023-01-01,79906,INCY,INCYTE CORP,same month,2023-01
2023-01-01,86594,KFY,KORN FERRY,same month,2023-01
2023-01-01,34948,OXM,OXFORD INDUSTRIES INC,same month,2023-01
2023-01-01,63125,AGYS,AGILYSYS INC,same month,2023-01
2023-01-01,80575,SSD,SIMPSON MANUFACTURING CO INC,same month,2023-01
2023-01-01,79611,MOV,MOVADO GROUP INC,same month,2023-01
2023-01-01,92089,GRBK,GREEN BRICK PARTNERS INC,same month,2023-01
2023-01-01,18973,BRC,BRADY CORP,same month,2023-01
2023-01-01,76752,PRGS,PROGRESS SOFTWARE CORP,same month,2023-01
2023-01-01,13777,AMSWA,AMERICAN SOFTWARE INC,same month,2023-01
2023-01-01,60098,OTTR,OTTER TAIL CORP,same month,2023-01
2023-01-01,11154,PLAB,PHOTRONICS INC,same month,2023-01
2023-01-01,77357,SNPS,SYNOPSYS INC,same month,2023-01
2023-01-01,45306,IDCC,INTERDIGITAL INC,same month,2023-01
2023-01-01,50948,SMTC,SEMTECH CORP,same month,2023-01
2023-01-01,82212,KFRC,KFORCE INC,same month,2023-01
2023-01-01,14434,MBUU,MALIBU BOATS INC,same month,2023-01
2023-01-01,20190,ABNB,AIRBNB INC,same month,2023-01
2023-01-01,20340,POSH,POSHMARK INC,same month,2023-01
2023-01-01,76261,EXPO,EXPONENT INC,same month,2023-01
2023-01-01,92221,MELI,MERCADOLIBRE INC,same month,2023-01
2023-01-01,21614,DUOL,DUOLINGO INC,same month,2023-01
2023-01-01,84788,AMZN,AMAZON COM INC,same month,2023-01
2023-01-01,79249,BBSI,BARRETT BUSINESS SERVICES INC,same month,2023-01
2023-01-01,90533,WTI,W & T OFFSHORE INC,same month,2023-01
2023-01-01,21606,CTKB,CYTEK BIOSCIENCES INC,same month,2023-01
2023-01-01,75182,PII,POLARIS INC,same month,2023-01
2023-01-01,79248,THRM,GENTHERM INC,same month,2023-01
2023-01-01,76128,VICR,VICOR CORP,same month,2023-01
2023-01-01,16309,TTD,TRADE DESK INC,same month,2023-01
2023-01-01,19541,VITL,VITAL FARMS INC,same month,2023-01
2023-01-01,14526,APOG,APOGEE ENTERPRISES INC,same month,2023-01
2023-01-01,18968,PGNY,PROGYNY INC,same month,2023-01
2023-01-01,92753,ERII,ENERGY RECOVERY INC,same month,2023-01
2023-01-01,91095,LQDT,LIQUIDITY SERVICES INC,same month,2023-01
2023-01-01,20464,EVEX,EVE HOLDING INC,same month,2023-01
2023-01-01,21262,DAWN,DAY ONE BIOPHARMACEUTICALS INC,same month,2023-01
2023-01-01,14617,ARES,ARES MANAGEMENT CORP,same month,2023-01
2023-01-01,22244,TRDA,ENTRADA THERAPEUTICS INC,same month,2023-01
2023-01-01,86544,BCOR,BLUCORA INC,same month,2023-01
2023-01-01,91611,FSLR,FIRST SOLAR INC,same month,2023-01
2023-01-01,66384,WDC,WESTERN DIGITAL CORP,same month,2023-01
2023-01-01,91832,MDGL,MADRIGAL PHARMACEUTICALS INC,same month,2023-01
2023-01-01,11990,KKR,K K R & CO INC,same month,2023-01
2023-01-01,21605,RYAN,RYAN SPECIALTY HOLDINGS INC,same month,2023-01
2023-01-01,17684,AHCO,ADAPTHEALTH CORP,same month,2023-01
2023-01-01,91926,DAL,DELTA AIR LINES INC,same month,2023-01
2023-01-01,21029,RUM,RUMBLE INC,same month,2023-01
2023-01-01,22626,AMLX,AMYLYX PHARMACEUTICALS INC,same month,2023-01
2023-01-01,19593,MIR,MIRION TECHNOLOGIES INC,same month,2023-01
2023-01-01,76136,KMPR,KEMPER CORP DE,same month,2023-01
2023-01-01,90126,CYTK,CYTOKINETICS INC,same month,2023-01
2023-01-01,12060,GE,GENERAL ELECTRIC CO,same month,2023-01
2023-01-01,89301,GME,GAMESTOP CORP NEW,same month,2023-01
2023-01-01,52936,MCY,MERCURY GENERAL CORP NEW,same month,2023-01
2023-01-01,21020,AAL,AMERICAN AIRLINES GROUP INC,same month,2023-01
2023-01-01,91977,BGS,B & G FOODS INC NEW,same month,2023-01
2023-01-01,18184,FSR,FISKER INC,same month,2023-01
2023-01-01,15431,MCRB,SERES THERAPEUTICS INC,same month,2023-01
2023-01-01,60186,OMI,OWENS & MINOR INC NEW,same month,2023-01
2023-01-01,75175,MBI,M B I A INC,same month,2023-01
2023-01-01,89508,KMX,CARMAX INC,same month,2023-01
2023-01-01,32651,HL,HECLA MINING CO,same month,2023-01
2023-01-01,19484,PCVX,VAXCYTE INC,same month,2023-01
2023-01-01,90926,ALT,ALTIMMUNE INC,same month,2023-01
2023-01-01,17036,CNNE,CANNAE HOLDINGS INC,same month,2023-01
2023-01-01,91915,CNK,CINEMARK HOLDINGS INC,same month,2023-01
2023-01-01,19454,ETWO,E2OPEN PARENT HOLDINGS INC,same month,2023-01
2023-01-01,17372,COGT,COGENT BIOSCIENCES INC,same month,2023-01
2023-01-01,19561,BA,BOEING CO,same month,2023-01
2023-01-01,83443,BRKB,BERKSHIRE HATHAWAY INC DEL,same month,2023-01
2023-01-01,91594,SPR,SPIRIT AEROSYSTEMS HOLDINGS INC,same month,2023-01
2023-01-01,15540,RILY,B RILEY FINANCIAL INC,same month,2023-01
2023-01-01,22092,KD,KYNDRYL HOLDINGS INC,same month,2023-01
2023-01-01,22637,CINC,CINCOR PHARMA INC,same month,2023-01
2023-01-01,81481,DLTR,DOLLAR TREE INC,same month,2023-01
2023-01-01,18735,GO,GROCERY OUTLET HOLDING CORP,same month,2023-01
2023-01-01,19489,PCT,PURECYCLE TECHNOLOGIES INC,same month,2023-01
2023-01-01,21723,HOOD,ROBINHOOD MARKETS INC,same month,2023-01
2023-01-01,20153,HLMN,HILLMAN SOLUTIONS CORP,same month,2023-01
2023-01-01,17313,BLNK,BLINK CHARGING CO,same month,2023-01
2023-01-01,20196,UPST,UPSTART HOLDINGS INC,same month,2023-01
2023-01-01,16086,HTZ,HERTZ GLOBAL HOLDINGS INC NEW,same month,2023-01
2023-01-01,12591,APO,APOLLO GLOBAL MANAGEMENT INC NEW,same month,2023-01
2023-01-01,14708,VRDN,VIRIDIAN THERAPEUTICS INC,same month,2023-01
2023-01-01,21597,PECO,PHILLIPS EDISON & COMPANY INC,same month,2023-01
2023-01-01,13688,PCG,P G & E CORP,same month,2023-01
2023-01-01,48961,DSGR,DISTRIBUTION SOLUTIONS GROUP INC,same month,2023-01
2023-01-01,90505,LVS,LAS VEGAS SANDS CORP,same month,2023-01
2023-01-01,82649,MATV,MATIV HOLDINGS INC,same month,2023-01
2023-01-01,13919,AMBC,AMBAC FINANCIAL GROUP INC,same month,2023-01
2023-01-01,91103,UAL,UNITED AIRLINES HOLDINGS INC,same month,2023-01
2023-01-01,20345,XM,QUALTRICS INTERNATIONAL INC,same month,2023-01
2023-01-01,18777,KRTX,KARUNA THERAPEUTICS INC,same month,2023-01
2023-01-01,20142,CVT,CVENT HOLDING CORP,same month,2023-01
2023-01-01,86799,CNX,C N X RESOURCES CORP,same month,2023-01
2023-01-01,22898,GHIX,GORES HOLDINGS IX INC,same month,2023-01
2023-01-01,76856,FCFS,FIRSTCASH HOLDINGS INC,same month,2023-01
2023-01-01,16382,COUP,COUPA SOFTWARE INC,same month,2023-01
2023-01-01,90775,THS,TREEHOUSE FOODS INC,same month,2023-01
2023-01-01,19002,BRP,B R P GROUP INC,same month,2023-01
2023-01-01,24328,EQT,E Q T CORP,same month,2023-01
2023-01-01,17948,ALLK,ALLAKOS INC,same month,2023-01
2023-01-01,15793,PMTS,C P I CARD GROUP INC,same month,2023-01
2023-01-01,15416,ATXS,ASTRIA THERAPEUTICS INC,same month,2023-01
2023-01-01,23129,EHAB,ENHABIT INC,same month,2023-01
2023-01-01,20641,VOR,VOR BIOPHARMA INC,same month,2023-01
2023-01-01,35991,ROG,ROGERS CORP,same month,2023-01
2023-01-01,20632,TERN,TERNS PHARMACEUTICALS INC,same month,2023-01
2023-01-01,89574,PRAA,P R A GROUP INC,same month,2023-01
2023-01-01,16939,MAXR,MAXAR TECHNOLOGIES INC,same month,2023-01
2023-01-01,17950,FOCS,FOCUS FINANCIAL PARTNERS INC,same month,2023-01
2023-01-01,18579,AVTR,AVANTOR INC,same month,2023-01
2023-01-01,20062,SHC,SOTERA HEALTH CO,same month,2023-01
2023-01-01,89425,WTBA,WEST BANCORPORATION INC,same month,2023-01
2023-01-01,15282,KDNY,CHINOOK THERAPEUTICS INC,same month,2023-01
2023-01-01,16917,BKI,BLACK KNIGHT INC,same month,2023-01
2023-01-01,89003,FIS,FIDELITY NATIONAL INFO SVCS INC,same month,2023-01
2023-01-01,84348,VSAT,VIASAT INC,same month,2023-01
2023-01-01,84372,NCR,N C R CORP NEW,same month,2023-01
2023-01-01,21893,TWKS,THOUGHTWORKS HOLDING INC,same month,2023-01
2023-01-01,14182,BURL,BURLINGTON STORES INC,same month,2023-01
2023-01-01,19070,ETNB,89BIO INC,same month,2023-01
2023-01-01,11370,ENV,ENVESTNET INC,same month,2023-01
2023-01-01,40125,DXC,D X C TECHNOLOGY CO,same month,2023-01
2023-01-01,87077,ECPG,ENCORE CAPITAL GROUP INC,same month,2023-01
2023-01-01,18736,IAA,I A A INC,same month,2023-01
2023-01-01,21927,DWAC,DIGITAL WORLD ACQUISITION CORP,same month,2023-01
2023-01-01,17968,LQDA,LIQUIDIA CORP,same month,2023-01
2023-01-01,15396,BW,BABCOCK & WILCOX ENTERPRISES INC,same month,2023-01
2023-01-01,76185,TYL,TYLER TECHNOLOGIES INC,same month,2023-01
2023-01-01,14763,CTLT,CATALENT INC,same month,2023-01
2023-01-01,14608,SABR,SABRE CORP,same month,2023-01
2023-01-01,14988,LBRDK,LIBERTY BROADBAND CORP,same month,2023-01
2023-01-01,15303,VKTX,VIKING THERAPEUTICS INC,same month,2023-01
2023-02-01,20438,MNTK,MONTAUK RENEWABLES INC,same month,2023-02
2023-02-01,21125,ZIP,ZIPRECRUITER INC,same month,2023-02
2023-02-01,21614,DUOL,DUOLINGO INC,same month,2023-02
2023-02-01,13318,YELP,YELP INC,same month,2023-02
2023-02-01,12437,RFP,RESOLUTE FOREST PRODUCTS INC,same month,2023-02
2023-02-01,20190,ABNB,AIRBNB INC,same month,2023-02
2023-02-01,77637,FC,FRANKLIN COVEY CO,same month,2023-02
2023-02-01,92753,ERII,ENERGY RECOVERY INC,same month,2023-02
2023-02-01,16967,CARG,CARGURUS INC,same month,2023-02
2023-02-01,92221,MELI,MERCADOLIBRE INC,same month,2023-02
2023-02-01,79491,WINA,WINMARK CORP,same month,2023-02
2023-02-01,19541,VITL,VITAL FARMS INC,same month,2023-02
2023-02-01,38850,SKY,SKYLINE CHAMPION CORP,same month,2023-02
2023-02-01,65700,USLM,UNITED STATES LIME MINERALS INC,same month,2023-02
2023-02-01,84385,NSP,INSPERITY INC,same month,2023-02
2023-02-01,84788,AMZN,AMAZON COM INC,same month,2023-02
2023-02-01,88167,HSTM,HEALTHSTREAM INC,same month,2023-02
2023-02-01,86783,BKNG,BOOKING HOLDINGS INC,same month,2023-02
2023-02-01,16260,MEDP,MEDPACE HOLDINGS INC,same month,2023-02
2023-02-01,76261,EXPO,EXPONENT INC,same month,2023-02
2023-02-01,75233,VGR,VECTOR GROUP LTD,same month,2023-02
2023-02-01,79248,THRM,GENTHERM INC,same month,2023-02
2023-02-01,13625,SSTK,SHUTTERSTOCK INC,same month,2023-02
2023-02-01,79785,NVR,N V R INC,same month,2023-02
2023-02-01,76839,FIZZ,NATIONAL BEVERAGE CORP,same month,2023-02
2023-02-01,38659,GNTX,GENTEX CORP,same month,2023-02
2023-02-01,64961,NXGN,NEXTGEN HEALTHCARE INC,same month,2023-02
2023-02-01,91606,CPRX,CATALYST PHARMACEUTICALS INC,same month,2023-02
2023-02-01,90125,CORT,CORCEPT THERAPEUTICS INC,same month,2023-02
2023-02-01,85059,FIX,COMFORT SYSTEMS USA INC,same month,2023-02
2023-02-01,90533,WTI,W & T OFFSHORE INC,same month,2023-02
2023-02-01,75182,PII,POLARIS INC,same month,2023-02
2023-02-01,16309,TTD,TRADE DESK INC,same month,2023-02
2023-02-01,18968,PGNY,PROGYNY INC,same month,2023-02
2023-02-01,14231,VEEV,VEEVA SYSTEMS INC,same month,2023-02
2023-02-01,76128,VICR,VICOR CORP,same month,2023-02
2023-02-01,88031,MNST,MONSTER BEVERAGE CORP NEW,same month,2023-02
2023-02-01,89792,CVCO,CAVCO INDUSTRIES INC DEL,same month,2023-02
2023-02-01,14521,TNET,TRINET GROUP INC,same month,2023-02
2023-02-01,79249,BBSI,BARRETT BUSINESS SERVICES INC,same month,2023-02
2023-02-01,85401,SIGA,S I G A TECHNOLOGIES INC,same month,2023-02
2023-02-01,90319,GOOGL,ALPHABET INC,same month,2023-02
2023-02-01,14526,APOG,APOGEE ENTERPRISES INC,same month,2023-02
2023-02-01,41241,HWKN,HAWKINS INC,same month,2023-02
2023-02-01,88352,ISRG,INTUITIVE SURGICAL INC,same month,2023-02
2023-02-01,21606,CTKB,CYTEK BIOSCIENCES INC,same month,2023-02
2023-02-01,88159,EXEL,EXELIXIS INC,same month,2023-02
2023-02-01,87657,EW,EDWARDS LIFESCIENCES CORP,same month,2023-02
2023-02-01,48653,HUM,HUMANA INC,same month,2023-02
2023-02-01,20391,TPL,TEXAS PACIFIC LAND CORP,same month,2023-02
2023-02-01,76744,VRTX,VERTEX PHARMACEUTICALS INC,same month,2023-02
2023-02-01,14495,ATEN,A10 NETWORKS INC,same month,2023-02
2023-02-01,14479,IBP,INSTALLED BUILDING PRODUCTS INC,same month,2023-02
2023-02-01,16434,GOLF,ACUSHNET HOLDINGS CORP,same month,2023-02
2023-02-01,85992,MANH,MANHATTAN ASSOCIATES INC,same month,2023-02
2023-02-01,76721,CRVL,CORVEL CORP,same month,2023-02
2023-02-01,84010,USNA,USANA HEALTH SCIENCES INC,same month,2023-02
2023-02-01,85724,PRDO,PERDOCEO EDUCATION CORP,same month,2023-02
2023-02-01,89044,PDFS,P D F SOLUTIONS INC,same month,2023-02
2023-02-01,72304,STAA,STAAR SURGICAL CO,same month,2023-02
2023-02-01,64194,CHE,CHEMED CORP NEW,same month,2023-02
2023-02-01,63125,AGYS,AGILYSYS INC,same month,2023-02
2023-02-01,79906,INCY,INCYTE CORP,same month,2023-02
2023-02-01,89179,ELV,ELEVANCE HEALTH INC,same month,2023-02
2023-02-01,88504,BRKR,BRUKER CORP,same month,2023-02
2023-02-01,90455,MPWR,MONOLITHIC PWR SYS INC,same month,2023-02
2023-02-01,46886,KLAC,K L A CORP,same month,2023-02
2023-02-01,91463,CVLT,COMMVAULT SYSTEMS INC,same month,2023-02
2023-02-01,13766,BCC,BOISE CASCADE CO,same month,2023-02
2023-02-01,16874,ACEL,ACCEL ENTERTAINMENT INC,same month,2023-02
2023-02-01,20681,COUR,COURSERA INC,same month,2023-02
2023-02-01,18485,PINS,PINTEREST INC,same month,2023-02
2023-02-01,57665,NKE,NIKE INC,same month,2023-02
2023-02-01,15440,WING,WINGSTOP INC,same month,2023-02
2023-02-01,20315,PUBM,PUBMATIC INC,same month,2023-02
2023-02-01,90664,DXCM,DEXCOM INC,same month,2023-02
2023-02-01,14694,GPRO,GOPRO INC,same month,2023-02
2023-02-01,22248,UDMY,UDEMY INC,same month,2023-02
2023-02-01,18011,SONO,SONOS INC,same month,2023-02
2023-02-01,92782,MYRG,M Y R GROUP INC DE,same month,2023-02
2023-02-01,15291,ETSY,ETSY INC,same month,2023-02
2023-02-01,81584,CBZ,CBIZ INC,same month,2023-02
2023-02-01,60580,TTC,TORO CO,same month,2023-02
2023-02-01,21903,SLVM,SYLVAMO CORP,same month,2023-02
2023-02-01,20899,KNBE,KNOWBE4 INC,same month,2023-02
2023-02-01,85440,SRI,STONERIDGE INC,same month,2023-02
2023-02-01,89031,AXON,AXON ENTERPRISE INC,same month,2023-02
2023-02-01,19568,PSTX,POSEIDA THERAPEUTICS INC,same month,2023-02
2023-02-01,82694,EME,EMCOR GROUP INC,same month,2023-02
2023-02-01,75828,EA,ELECTRONIC ARTS INC,same month,2023-02
2023-02-01,17281,WHD,CACTUS INC,same month,2023-02
2023-02-01,75825,EOG,EOG RESOURCES INC,same month,2023-02
2023-02-01,82542,CCF,CHASE CORP,same month,2023-02
2023-02-01,21731,IMGO,IMAGO BIOSCIENCES INC,carried forward from an earlier month,2023-01
2023-02-01,20447,PLTK,PLAYTIKA HOLDING CORP,same month,2023-02
2023-02-01,92203,LULU,LULULEMON ATHLETICA INC,same month,2023-02
2023-02-01,92052,TTGT,TECHTARGET INC,same month,2023-02
2023-02-01,93301,AVEO,A V E O PHARMACEUTICALS INC,carried forward from an earlier month,2023-01
2023-02-01,16932,ROKU,ROKU INC,same month,2023-02
2023-02-01,14359,XNCR,XENCOR INC,same month,2023-02
2023-02-01,91611,FSLR,FIRST SOLAR INC,same month,2023-02
2023-02-01,66384,WDC,WESTERN DIGITAL CORP,same month,2023-02
2023-02-01,14617,ARES,ARES MANAGEMENT CORP,same month,2023-02
2023-02-01,89003,FIS,FIDELITY NATIONAL INFO SVCS INC,same month,2023-02
2023-02-01,20464,EVEX,EVE HOLDING INC,same month,2023-02
2023-02-01,23129,EHAB,ENHABIT INC,same month,2023-02
2023-02-01,20062,SHC,SOTERA HEALTH CO,same month,2023-02
2023-02-01,18579,AVTR,AVANTOR INC,same month,2023-02
2023-02-01,84372,NCR,N C R CORP NEW,same month,2023-02
2023-02-01,11990,KKR,K K R & CO INC,same month,2023-02
2023-02-01,14763,CTLT,CATALENT INC,same month,2023-02
2023-02-01,16917,BKI,BLACK KNIGHT INC,same month,2023-02
2023-02-01,86544,AVTA,AVANTAX INC,same month,2023-02
2023-02-01,89574,PRAA,P R A GROUP INC,same month,2023-02
2023-02-01,17684,AHCO,ADAPTHEALTH CORP,same month,2023-02
2023-02-01,40125,DXC,D X C TECHNOLOGY CO,same month,2023-02
2023-02-01,91926,DAL,DELTA AIR LINES INC,same month,2023-02
2023-02-01,21262,DAWN,DAY ONE BIOPHARMACEUTICALS INC,same month,2023-02
2023-02-01,87077,ECPG,ENCORE CAPITAL GROUP INC,same month,2023-02
2023-02-01,91832,MDGL,MADRIGAL PHARMACEUTICALS INC,same month,2023-02
2023-02-01,76136,KMPR,KEMPER CORP DE,same month,2023-02
2023-02-01,15282,KDNY,CHINOOK THERAPEUTICS INC,same month,2023-02
2023-02-01,18736,IAA,I A A INC,same month,2023-02
2023-02-01,17950,FOCS,FOCUS FINANCIAL PARTNERS INC,same month,2023-02
2023-02-01,14988,LBRDK,LIBERTY BROADBAND CORP,same month,2023-02
2023-02-01,21020,AAL,AMERICAN AIRLINES GROUP INC,same month,2023-02
2023-02-01,21605,RYAN,RYAN SPECIALTY HOLDINGS INC,same month,2023-02
2023-02-01,21893,TWKS,THOUGHTWORKS HOLDING INC,same month,2023-02
2023-02-01,91977,BGS,B & G FOODS INC NEW,same month,2023-02
2023-02-01,19593,MIR,MIRION TECHNOLOGIES INC,same month,2023-02
2023-02-01,91915,CNK,CINEMARK HOLDINGS INC,same month,2023-02
2023-02-01,11370,ENV,ENVESTNET INC,same month,2023-02
2023-02-01,89508,KMX,CARMAX INC,same month,2023-02
2023-02-01,17372,COGT,COGENT BIOSCIENCES INC,same month,2023-02
2023-02-01,21029,RUM,RUMBLE INC,same month,2023-02
2023-02-01,76185,TYL,TYLER TECHNOLOGIES INC,same month,2023-02
2023-02-01,16939,MAXR,MAXAR TECHNOLOGIES INC,same month,2023-02
2023-02-01,60186,OMI,OWENS & MINOR INC NEW,same month,2023-02
2023-02-01,14608,SABR,SABRE CORP,same month,2023-02
2023-02-01,22637,CINC,CINCOR PHARMA INC,same month,2023-02
2023-02-01,35991,ROG,ROGERS CORP,same month,2023-02
2023-02-01,84348,VSAT,VIASAT INC,same month,2023-02
2023-02-01,20142,CVT,CVENT HOLDING CORP,same month,2023-02
2023-02-01,15396,BW,BABCOCK & WILCOX ENTERPRISES INC,same month,2023-02
2023-02-01,20196,UPST,UPSTART HOLDINGS INC,same month,2023-02
2023-02-01,91594,SPR,SPIRIT AEROSYSTEMS HOLDINGS INC,same month,2023-02
2023-02-01,14182,BURL,BURLINGTON STORES INC,same month,2023-02
2023-02-01,18184,FSR,FISKER INC,same month,2023-02
2023-02-01,32651,HL,HECLA MINING CO,same month,2023-02
2023-02-01,16086,HTZ,HERTZ GLOBAL HOLDINGS INC NEW,same month,2023-02
2023-02-01,90126,CYTK,CYTOKINETICS INC,same month,2023-02
2023-02-01,20153,HLMN,HILLMAN SOLUTIONS CORP,same month,2023-02
2023-02-01,22626,AMLX,AMYLYX PHARMACEUTICALS INC,same month,2023-02
2023-02-01,91103,UAL,UNITED AIRLINES HOLDINGS INC,same month,2023-02
2023-02-01,12060,GE,GENERAL ELECTRIC CO,same month,2023-02
2023-02-01,15540,RILY,B RILEY FINANCIAL INC,same month,2023-02
2023-02-01,19489,PCT,PURECYCLE TECHNOLOGIES INC,same month,2023-02
2023-02-01,17313,BLNK,BLINK CHARGING CO,same month,2023-02
2023-02-01,90505,LVS,LAS VEGAS SANDS CORP,same month,2023-02
2023-02-01,83443,BRKB,BERKSHIRE HATHAWAY INC DEL,same month,2023-02
2023-02-01,19454,ETWO,E2OPEN PARENT HOLDINGS INC,same month,2023-02
2023-02-01,89301,GME,GAMESTOP CORP NEW,same month,2023-02
2023-02-01,48961,DSGR,DISTRIBUTION SOLUTIONS GROUP INC,same month,2023-02
2023-02-01,81481,DLTR,DOLLAR TREE INC,same month,2023-02
2023-02-01,20345,XM,QUALTRICS INTERNATIONAL INC,same month,2023-02
2023-02-01,14708,VRDN,VIRIDIAN THERAPEUTICS INC,same month,2023-02
2023-02-01,20067,SOFI,SOFI TECHNOLOGIES INC,same month,2023-02
2023-02-01,14328,AMC,A M C ENTERTAINMENT HOLDINGS INC,same month,2023-02
2023-02-01,14451,CNCE,CONCERT PHARMACEUTICALS INC,same month,2023-02
2023-02-01,20901,AGTI,AGILITI INC,same month,2023-02
2023-02-01,11600,XRAY,DENTSPLY SIRONA INC,same month,2023-02
2023-02-01,16928,KRYS,KRYSTAL BIOTECH INC,same month,2023-02
2023-02-01,17317,EOLS,EVOLUS INC,same month,2023-02
2023-02-01,81282,ACIW,A C I WORLDWIDE INC,same month,2023-02
2023-02-01,18480,TW,TRADEWEB MARKETS INC,same month,2023-02
2023-02-01,82272,MD,PEDIATRIX MEDICAL GROUP INC,same month,2023-02
2023-02-01,15795,SGRY,SURGERY PARTNERS INC,same month,2023-02
2023-02-01,19807,VNT,VONTIER CORP,same month,2023-02
2023-02-01,92213,RIOT,RIOT PLATFORMS INC,same month,2023-02
2023-02-01,52337,THC,TENET HEALTHCARE CORP,same month,2023-02
2023-02-01,91461,WU,WESTERN UNION CO,same month,2023-02
2023-02-01,22240,THRX,THESEUS PHARMACEUTICALS INC,same month,2023-02
2023-02-01,93035,SEM,SELECT MEDICAL HOLDINGS CORP,same month,2023-02
2023-02-01,13105,ACHC,ACADIA HEALTHCARE CO INC,same month,2023-02
2023-02-01,80362,SCSC,SCANSOURCE INC,same month,2023-02
2023-02-01,76226,PARA,PARAMOUNT GLOBAL,same month,2023-02
2023-02-01,84438,HLIO,HELIOS TECHNOLOGIES INC,same month,2023-02
2023-02-01,22293,GLW,CORNING INC,same month,2023-02
2023-02-01,15065,FGEN,FIBROGEN INC,same month,2023-02
2023-02-01,20820,MOND,MONDEE HOLDINGS INC,same month,2023-02
2023-02-01,19577,RKT,ROCKET COMPANIES INC,same month,2023-02
2023-02-01,82581,HSIC,SCHEIN HENRY INC,same month,2023-02
2023-02-01,20649,HAYW,HAYWARD HOLDINGS INC,same month,2023-02
2023-02-01,19655,STEP,STEPSTONE GROUP INC,same month,2023-02
2023-02-01,93374,FAF,FIRST AMERICAN FINL CORP NEW,same month,2023-02
2023-02-01,49015,LNC,LINCOLN NATIONAL CORP,same month,2023-02
2023-02-01,92108,BX,BLACKSTONE INC,same month,2023-02
2023-02-01,60599,LUMN,LUMEN TECHOLOGIES INC,same month,2023-02
2023-02-01,81220,NSIT,INSIGHT ENTERPRISES INC,same month,2023-02
2023-02-01,11752,COHR,COHERENT CORP,same month,2023-02
2023-03-01,20438,MNTK,MONTAUK RENEWABLES INC,same month,2023-03
2023-03-01,21614,DUOL,DUOLINGO INC,same month,2023-03
2023-03-01,20681,COUR,COURSERA INC,same month,2023-03
2023-03-01,15291,ETSY,ETSY INC,same month,2023-03
2023-03-01,92221,MELI,MERCADOLIBRE INC,same month,2023-03
2023-03-01,19541,VITL,VITAL FARMS INC,same month,2023-03
2023-03-01,21125,ZIP,ZIPRECRUITER INC,same month,2023-03
2023-03-01,92753,ERII,ENERGY RECOVERY INC,same month,2023-03
2023-03-01,22248,UDMY,UDEMY INC,same month,2023-03
2023-03-01,13318,YELP,YELP INC,same month,2023-03
2023-03-01,12437,RFP,RESOLUTE FOREST PRODUCTS INC,same month,2023-03
2023-03-01,90533,WTI,W & T OFFSHORE INC,same month,2023-03
2023-03-01,79248,THRM,GENTHERM INC,same month,2023-03
2023-03-01,86783,BKNG,BOOKING HOLDINGS INC,same month,2023-03
2023-03-01,79491,WINA,WINMARK CORP,same month,2023-03
2023-03-01,84788,AMZN,AMAZON COM INC,same month,2023-03
2023-03-01,18485,PINS,PINTEREST INC,same month,2023-03
2023-03-01,76128,VICR,VICOR CORP,same month,2023-03
2023-03-01,57665,NKE,NIKE INC,same month,2023-03
2023-03-01,89031,AXON,AXON ENTERPRISE INC,same month,2023-03
2023-03-01,85440,SRI,STONERIDGE INC,same month,2023-03
2023-03-01,76261,EXPO,EXPONENT INC,same month,2023-03
2023-03-01,76839,FIZZ,NATIONAL BEVERAGE CORP,same month,2023-03
2023-03-01,75233,VGR,VECTOR GROUP LTD,same month,2023-03
2023-03-01,75182,PII,POLARIS INC,same month,2023-03
2023-03-01,77637,FC,FRANKLIN COVEY CO,same month,2023-03
2023-03-01,79785,NVR,N V R INC,same month,2023-03
2023-03-01,16967,CARG,CARGURUS INC,same month,2023-03
2023-03-01,15440,WING,WINGSTOP INC,same month,2023-03
2023-03-01,20190,ABNB,AIRBNB INC,same month,2023-03
2023-03-01,13625,SSTK,SHUTTERSTOCK INC,same month,2023-03
2023-03-01,84385,NSP,INSPERITY INC,same month,2023-03
2023-03-01,60580,TTC,TORO CO,same month,2023-03
2023-03-01,14694,GPRO,GOPRO INC,same month,2023-03
2023-03-01,18011,SONO,SONOS INC,same month,2023-03
2023-03-01,38659,GNTX,GENTEX CORP,same month,2023-03
2023-03-01,17281,WHD,CACTUS INC,same month,2023-03
2023-03-01,88031,MNST,MONSTER BEVERAGE CORP NEW,same month,2023-03
2023-03-01,16309,TTD,TRADE DESK INC,same month,2023-03
2023-03-01,65700,USLM,UNITED STATES LIME MINERALS INC,same month,2023-03
2023-03-01,20447,PLTK,PLAYTIKA HOLDING CORP,same month,2023-03
2023-03-01,79249,BBSI,BARRETT BUSINESS SERVICES INC,same month,2023-03
2023-03-01,91606,CPRX,CATALYST PHARMACEUTICALS INC,same month,2023-03
2023-03-01,75828,EA,ELECTRONIC ARTS INC,same month,2023-03
2023-03-01,85724,PRDO,PERDOCEO EDUCATION CORP,same month,2023-03
2023-03-01,64961,NXGN,NEXTGEN HEALTHCARE INC,same month,2023-03
2023-03-01,14526,APOG,APOGEE ENTERPRISES INC,same month,2023-03
2023-03-01,16932,ROKU,ROKU INC,same month,2023-03
2023-03-01,90125,CORT,CORCEPT THERAPEUTICS INC,same month,2023-03
2023-03-01,88167,HSTM,HEALTHSTREAM INC,same month,2023-03
2023-03-01,16260,MEDP,MEDPACE HOLDINGS INC,same month,2023-03
2023-03-01,14231,VEEV,VEEVA SYSTEMS INC,same month,2023-03
2023-03-01,90664,DXCM,DEXCOM INC,same month,2023-03
2023-03-01,92203,LULU,LULULEMON ATHLETICA INC,same month,2023-03
2023-03-01,21903,SLVM,SYLVAMO CORP,same month,2023-03
2023-03-01,90319,GOOGL,ALPHABET INC,same month,2023-03
2023-03-01,92052,TTGT,TECHTARGET INC,same month,2023-03
2023-03-01,14495,ATEN,A10 NETWORKS INC,same month,2023-03
2023-03-01,84010,USNA,USANA HEALTH SCIENCES INC,same month,2023-03
2023-03-01,20315,PUBM,PUBMATIC INC,same month,2023-03
2023-03-01,89044,PDFS,P D F SOLUTIONS INC,same month,2023-03
2023-03-01,21606,CTKB,CYTEK BIOSCIENCES INC,same month,2023-03
2023-03-01,14521,TNET,TRINET GROUP INC,same month,2023-03
2023-03-01,87657,EW,EDWARDS LIFESCIENCES CORP,same month,2023-03
2023-03-01,92782,MYRG,M Y R GROUP INC DE,same month,2023-03
2023-03-01,82542,CCF,CHASE CORP,same month,2023-03
2023-03-01,88352,ISRG,INTUITIVE SURGICAL INC,same month,2023-03
2023-03-01,88159,EXEL,EXELIXIS INC,same month,2023-03
2023-03-01,76744,VRTX,VERTEX PHARMACEUTICALS INC,same month,2023-03
2023-03-01,75825,EOG,EOG RESOURCES INC,same month,2023-03
2023-03-01,79906,INCY,INCYTE CORP,same month,2023-03
2023-03-01,14359,XNCR,XENCOR INC,same month,2023-03
2023-03-01,18968,PGNY,PROGYNY INC,same month,2023-03
2023-03-01,90971,IRBT,IROBOT CORP,same month,2023-03
2023-03-01,18134,UPWK,UPWORK INC,same month,2023-03
2023-03-01,16595,SNAP,SNAP INC,same month,2023-03
2023-03-01,18452,LYFT,LYFT INC,same month,2023-03
2023-03-01,14273,CHGG,CHEGG INC,same month,2023-03
2023-03-01,90248,DPZ,DOMINOS PIZZA INC,same month,2023-03
2023-03-01,82634,SAM,BOSTON BEER INC,same month,2023-03
2023-03-01,20682,CPNG,COUPANG INC,same month,2023-03
2023-03-01,21593,XMTR,XOMETRY INC,same month,2023-03
2023-03-01,77702,SBUX,STARBUCKS CORP,same month,2023-03
2023-03-01,22977,EE,EXCELERATE ENERGY INC,same month,2023-03
2023-03-01,18063,EB,EVENTBRITE INC,same month,2023-03
2023-03-01,82779,NVAX,NOVAVAX INC,same month,2023-03
2023-03-01,48523,LANC,LANCASTER COLONY CORP,same month,2023-03
2023-03-01,16555,UVV,UNIVERSAL CORP,same month,2023-03
2023-03-01,21564,LZ,LEGALZOOM COM INC,same month,2023-03
2023-03-01,92035,CLNE,CLEAN ENERGY FUELS CORP,same month,2023-03
2023-03-01,86356,EBAY,EBAY INC,same month,2023-03
2023-03-01,93263,CELH,CELSIUS HOLDINGS INC,same month,2023-03
2023-03-01,18576,UBER,UBER TECHNOLOGIES INC,same month,2023-03
2023-03-01,85348,YUM,YUM BRANDS INC,same month,2023-03
2023-03-01,10145,HON,HONEYWELL INTERNATIONAL INC,same month,2023-03
2023-03-01,91468,ICFI,I C F INTERNATIONAL INC NEW,same month,2023-03
2023-03-01,86288,CSGP,COSTAR GROUP INC,same month,2023-03
2023-03-01,41080,CMI,CUMMINS INC,same month,2023-03
2023-03-01,15850,MTCH,MATCH GROUP INC NEW,same month,2023-03
2023-03-01,54253,MSA,M S A SAFETY INC,same month,2023-03
2023-03-01,14763,CTLT,CATALENT INC,same month,2023-03
2023-03-01,20901,AGTI,AGILITI INC,same month,2023-03
2023-03-01,18579,AVTR,AVANTOR INC,same month,2023-03
2023-03-01,40125,DXC,D X C TECHNOLOGY CO,same month,2023-03
2023-03-01,13105,ACHC,ACADIA HEALTHCARE CO INC,same month,2023-03
2023-03-01,89003,FIS,FIDELITY NATIONAL INFO SVCS INC,same month,2023-03
2023-03-01,16917,BKI,BLACK KNIGHT INC,same month,2023-03
2023-03-01,15795,SGRY,SURGERY PARTNERS INC,same month,2023-03
2023-03-01,93035,SEM,SELECT MEDICAL HOLDINGS CORP,same month,2023-03
2023-03-01,82272,MD,PEDIATRIX MEDICAL GROUP INC,same month,2023-03
2023-03-01,52337,THC,TENET HEALTHCARE CORP,same month,2023-03
2023-03-01,17684,AHCO,ADAPTHEALTH CORP,same month,2023-03
2023-03-01,80362,SCSC,SCANSOURCE INC,same month,2023-03
2023-03-01,81220,NSIT,INSIGHT ENTERPRISES INC,same month,2023-03
2023-03-01,66384,WDC,WESTERN DIGITAL CORP,same month,2023-03
2023-03-01,20062,SHC,SOTERA HEALTH CO,same month,2023-03
2023-03-01,22293,GLW,CORNING INC,same month,2023-03
2023-03-01,91611,FSLR,FIRST SOLAR INC,same month,2023-03
2023-03-01,92213,RIOT,RIOT PLATFORMS INC,same month,2023-03
2023-03-01,19807,VNT,VONTIER CORP,same month,2023-03
2023-03-01,89574,PRAA,P R A GROUP INC,same month,2023-03
2023-03-01,84372,NCR,N C R CORP NEW,same month,2023-03
2023-03-01,23129,EHAB,ENHABIT INC,same month,2023-03
2023-03-01,14328,AMC,A M C ENTERTAINMENT HOLDINGS INC,same month,2023-03
2023-03-01,19593,MIR,MIRION TECHNOLOGIES INC,same month,2023-03
2023-03-01,11600,XRAY,DENTSPLY SIRONA INC,same month,2023-03
2023-03-01,17317,EOLS,EVOLUS INC,same month,2023-03
2023-03-01,81282,ACIW,A C I WORLDWIDE INC,same month,2023-03
2023-03-01,87077,ECPG,ENCORE CAPITAL GROUP INC,same month,2023-03
2023-03-01,14988,LBRDK,LIBERTY BROADBAND CORP,same month,2023-03
2023-03-01,20067,SOFI,SOFI TECHNOLOGIES INC,same month,2023-03
2023-03-01,91926,DAL,DELTA AIR LINES INC,same month,2023-03
2023-03-01,91461,WU,WESTERN UNION CO,same month,2023-03
2023-03-01,76185,TYL,TYLER TECHNOLOGIES INC,same month,2023-03
2023-03-01,76226,PARA,PARAMOUNT GLOBAL,same month,2023-03
2023-03-01,14608,SABR,SABRE CORP,same month,2023-03
2023-03-01,17950,FOCS,FOCUS FINANCIAL PARTNERS INC,same month,2023-03
2023-03-01,19655,STEP,STEPSTONE GROUP INC,same month,2023-03
2023-03-01,18736,IAA,I A A INC,same month,2023-03
2023-03-01,20820,MOND,MONDEE HOLDINGS INC,same month,2023-03
2023-03-01,19577,RKT,ROCKET COMPANIES INC,same month,2023-03
2023-03-01,11990,KKR,K K R & CO INC,same month,2023-03
2023-03-01,84438,HLIO,HELIOS TECHNOLOGIES INC,same month,2023-03
2023-03-01,14617,ARES,ARES MANAGEMENT CORP,same month,2023-03
2023-03-01,91915,CNK,CINEMARK HOLDINGS INC,same month,2023-03
2023-03-01,89508,KMX,CARMAX INC,same month,2023-03
2023-03-01,82581,HSIC,SCHEIN HENRY INC,same month,2023-03
2023-03-01,84348,VSAT,VIASAT INC,same month,2023-03
2023-03-01,16928,KRYS,KRYSTAL BIOTECH INC,same month,2023-03
2023-03-01,92108,BX,BLACKSTONE INC,same month,2023-03
2023-03-01,18480,TW,TRADEWEB MARKETS INC,same month,2023-03
2023-03-01,16086,HTZ,HERTZ GLOBAL HOLDINGS INC NEW,same month,2023-03
2023-03-01,20196,UPST,UPSTART HOLDINGS INC,same month,2023-03
2023-03-01,91103,UAL,UNITED AIRLINES HOLDINGS INC,same month,2023-03
2023-03-01,93374,FAF,FIRST AMERICAN FINL CORP NEW,same month,2023-03
2023-03-01,21020,AAL,AMERICAN AIRLINES GROUP INC,same month,2023-03
2023-03-01,60186,OMI,OWENS & MINOR INC NEW,same month,2023-03
2023-03-01,90126,CYTK,CYTOKINETICS INC,same month,2023-03
2023-03-01,76136,KMPR,KEMPER CORP DE,same month,2023-03
2023-03-01,16939,MAXR,MAXAR TECHNOLOGIES INC,same month,2023-03
2023-03-01,20649,HAYW,HAYWARD HOLDINGS INC,same month,2023-03
2023-03-01,15396,BW,BABCOCK & WILCOX ENTERPRISES INC,same month,2023-03
2023-03-01,86544,AVTA,AVANTAX INC,same month,2023-03
2023-03-01,20142,CVT,CVENT HOLDING CORP,same month,2023-03
2023-03-01,11370,ENV,ENVESTNET INC,same month,2023-03
2023-03-01,91832,MDGL,MADRIGAL PHARMACEUTICALS INC,same month,2023-03
2023-03-01,21893,TWKS,THOUGHTWORKS HOLDING INC,same month,2023-03
2023-03-01,35991,ROG,ROGERS CORP,same month,2023-03
2023-03-01,15282,KDNY,CHINOOK THERAPEUTICS INC,same month,2023-03
2023-03-01,11752,COHR,COHERENT CORP,same month,2023-03
2023-03-01,17372,COGT,COGENT BIOSCIENCES INC,same month,2023-03
2023-03-01,15540,RILY,B RILEY FINANCIAL INC,same month,2023-03
2023-03-01,49015,LNC,LINCOLN NATIONAL CORP,same month,2023-03
2023-03-01,29209,ARW,ARROW ELECTRONICS INC,same month,2023-03
2023-03-01,10200,RGEN,REPLIGEN CORP,same month,2023-03
2023-03-01,20339,AFRM,AFFIRM HOLDINGS INC,same month,2023-03
2023-03-01,72338,NHC,NATIONAL HEALTHCARE CORP,same month,2023-03
2023-03-01,19404,FOUR,SHIFT4 PAYMENTS INC,same month,2023-03
2023-03-01,10696,FISV,FISERV INC,same month,2023-03
2023-03-01,12266,CDMO,AVID BIOSERVICES INC,same month,2023-03
2023-03-01,21970,TYRA,TYRA BIOSCIENCES INC,same month,2023-03
2023-03-01,84234,PLUS,EPLUS INC,same month,2023-03
2023-03-01,82307,DVA,DAVITA INC,same month,2023-03
2023-03-01,88281,CRL,CHARLES RIVER LABS INTL INC,same month,2023-03
2023-03-01,14813,MARA,MARATHON DIGITAL HOLDINGS INC,same month,2023-03
2023-03-01,15071,SYNH,SYNEOS HEALTH INC,same month,2023-03
2023-03-01,76672,RDNT,RADNET INC,same month,2023-03
2023-03-01,85886,CNXN,PC CONNECTION INC,same month,2023-03
2023-03-01,90564,PBH,PRESTIGE CONSUMER HEALTHCARE INC,same month,2023-03
2023-03-01,15527,LOB,LIVE OAK BANCSHARES INC,same month,2023-03
2023-03-01,62498,WST,WEST PHARMACEUTICAL SERVICES INC,same month,2023-03
2023-03-01,91668,IPGP,I P G PHOTONICS CORP,same month,2023-03
2023-03-01,13921,CUBI,CUSTOMERS BANCORP INC,same month,2023-03
2023-03-01,19316,MSGE,MADISON SQUARE GARDEN ENTMT CORP,same month,2023-03
2023-03-01,11481,EBIX,EBIX INC,same month,2023-03
2023-03-01,77660,CACC,CREDIT ACCEPTANCE CORP,same month,2023-03
2023-03-01,79094,JBL,JABIL INC,same month,2023-03
2023-03-01,10693,EHC,ENCOMPASS HEALTH CORP,same month,2023-03
2023-03-01,49680,DHR,DANAHER CORP,same month,2023-03
2023-03-01,77730,TSN,TYSON FOODS INC,same month,2023-03
2023-04-01,15291,ETSY,ETSY INC,same month,2023-04
2023-04-01,19541,VITL,VITAL FARMS INC,same month,2023-04
2023-04-01,20681,COUR,COURSERA INC,same month,2023-04
2023-04-01,21125,ZIP,ZIPRECRUITER INC,same month,2023-04
2023-04-01,92221,MELI,MERCADOLIBRE INC,same month,2023-04
2023-04-01,18452,LYFT,LYFT INC,same month,2023-04
2023-04-01,90971,IRBT,IROBOT CORP,same month,2023-04
2023-04-01,92753,ERII,ENERGY RECOVERY INC,same month,2023-04
2023-04-01,79248,THRM,GENTHERM INC,same month,2023-04
2023-04-01,21614,DUOL,DUOLINGO INC,same month,2023-04
2023-04-01,57665,NKE,NIKE INC,same month,2023-04
2023-04-01,86783,BKNG,BOOKING HOLDINGS INC,same month,2023-04
2023-04-01,18134,UPWK,UPWORK INC,same month,2023-04
2023-04-01,20438,MNTK,MONTAUK RENEWABLES INC,same month,2023-04
2023-04-01,13318,YELP,YELP INC,same month,2023-04
2023-04-01,75233,VGR,VECTOR GROUP LTD,same month,2023-04
2023-04-01,16595,SNAP,SNAP INC,same month,2023-04
2023-04-01,14694,GPRO,GOPRO INC,same month,2023-04
2023-04-01,22248,UDMY,UDEMY INC,same month,2023-04
2023-04-01,76128,VICR,VICOR CORP,same month,2023-04
2023-04-01,14273,CHGG,CHEGG INC,same month,2023-04
2023-04-01,65700,USLM,UNITED STATES LIME MINERALS INC,same month,2023-04
2023-04-01,18485,PINS,PINTEREST INC,same month,2023-04
2023-04-01,76261,EXPO,EXPONENT INC,same month,2023-04
2023-04-01,17281,WHD,CACTUS INC,same month,2023-04
2023-04-01,79491,WINA,WINMARK CORP,same month,2023-04
2023-04-01,75182,PII,POLARIS INC,same month,2023-04
2023-04-01,79785,NVR,N V R INC,same month,2023-04
2023-04-01,84788,AMZN,AMAZON COM INC,same month,2023-04
2023-04-01,85440,SRI,STONERIDGE INC,same month,2023-04
2023-04-01,13625,SSTK,SHUTTERSTOCK INC,same month,2023-04
2023-04-01,82634,SAM,BOSTON BEER INC,same month,2023-04
2023-04-01,15440,WING,WINGSTOP INC,same month,2023-04
2023-04-01,18011,SONO,SONOS INC,same month,2023-04
2023-04-01,85724,PRDO,PERDOCEO EDUCATION CORP,same month,2023-04
2023-04-01,84385,NSP,INSPERITY INC,same month,2023-04
2023-04-01,16967,CARG,CARGURUS INC,same month,2023-04
2023-04-01,89031,AXON,AXON ENTERPRISE INC,same month,2023-04
2023-04-01,20190,ABNB,AIRBNB INC,same month,2023-04
2023-04-01,21593,XMTR,XOMETRY INC,same month,2023-04
2023-04-01,85348,YUM,YUM BRANDS INC,same month,2023-04
2023-04-01,86356,EBAY,EBAY INC,same month,2023-04
2023-04-01,38659,GNTX,GENTEX CORP,same month,2023-04
2023-04-01,16309,TTD,TRADE DESK INC,same month,2023-04
2023-04-01,77702,SBUX,STARBUCKS CORP,same month,2023-04
2023-04-01,86288,CSGP,COSTAR GROUP INC,same month,2023-04
2023-04-01,54253,MSA,M S A SAFETY INC,same month,2023-04
2023-04-01,48523,LANC,LANCASTER COLONY CORP,same month,2023-04
2023-04-01,76839,FIZZ,NATIONAL BEVERAGE CORP,same month,2023-04
2023-04-01,90248,DPZ,DOMINOS PIZZA INC,same month,2023-04
2023-04-01,82779,NVAX,NOVAVAX INC,same month,2023-04
2023-04-01,77637,FC,FRANKLIN COVEY CO,same month,2023-04
2023-04-01,20447,PLTK,PLAYTIKA HOLDING CORP,same month,2023-04
2023-04-01,18576,UBER,UBER TECHNOLOGIES INC,same month,2023-04
2023-04-01,41080,CMI,CUMMINS INC,same month,2023-04
2023-04-01,88031,MNST,MONSTER BEVERAGE CORP NEW,same month,2023-04
2023-04-01,20682,CPNG,COUPANG INC,same month,2023-04
2023-04-01,10145,HON,HONEYWELL INTERNATIONAL INC,same month,2023-04
2023-04-01,15850,MTCH,MATCH GROUP INC NEW,same month,2023-04
2023-04-01,16555,UVV,UNIVERSAL CORP,same month,2023-04
2023-04-01,91606,CPRX,CATALYST PHARMACEUTICALS INC,same month,2023-04
2023-04-01,18063,EB,EVENTBRITE INC,same month,2023-04
2023-04-01,14526,APOG,APOGEE ENTERPRISES INC,same month,2023-04
2023-04-01,21564,LZ,LEGALZOOM COM INC,same month,2023-04
2023-04-01,79249,BBSI,BARRETT BUSINESS SERVICES INC,same month,2023-04
2023-04-01,84010,USNA,USANA HEALTH SCIENCES INC,same month,2023-04
2023-04-01,64961,NXGN,NEXTGEN HEALTHCARE INC,same month,2023-04
2023-04-01,60580,TTC,TORO CO,same month,2023-04
2023-04-01,75828,EA,ELECTRONIC ARTS INC,same month,2023-04
2023-04-01,14521,TNET,TRINET GROUP INC,same month,2023-04
2023-04-01,16260,MEDP,MEDPACE HOLDINGS INC,same month,2023-04
2023-04-01,93263,CELH,CELSIUS HOLDINGS INC,same month,2023-04
2023-04-01,90125,CORT,CORCEPT THERAPEUTICS INC,same month,2023-04
2023-04-01,92203,LULU,LULULEMON ATHLETICA INC,same month,2023-04
2023-04-01,14495,ATEN,A10 NETWORKS INC,same month,2023-04
2023-04-01,14231,VEEV,VEEVA SYSTEMS INC,same month,2023-04
2023-04-01,90664,DXCM,DEXCOM INC,same month,2023-04
2023-04-01,88352,ISRG,INTUITIVE SURGICAL INC,same month,2023-04
2023-04-01,89044,PDFS,P D F SOLUTIONS INC,same month,2023-04
2023-04-01,90319,GOOGL,ALPHABET INC,same month,2023-04
2023-04-01,87657,EW,EDWARDS LIFESCIENCES CORP,same month,2023-04
2023-04-01,79906,INCY,INCYTE CORP,same month,2023-04
2023-04-01,90533,WTI,W & T OFFSHORE INC,same month,2023-04
2023-04-01,16932,ROKU,ROKU INC,same month,2023-04
2023-04-01,88167,HSTM,HEALTHSTREAM INC,same month,2023-04
2023-04-01,20315,PUBM,PUBMATIC INC,same month,2023-04
2023-04-01,92052,TTGT,TECHTARGET INC,same month,2023-04
2023-04-01,22977,EE,EXCELERATE ENERGY INC,same month,2023-04
2023-04-01,92782,MYRG,M Y R GROUP INC DE,same month,2023-04
2023-04-01,11775,JOUT,JOHNSON OUTDOORS INC,same month,2023-04
2023-04-01,21178,LMT,LOCKHEED MARTIN CORP,same month,2023-04
2023-04-01,16338,VVV,VALVOLINE INC,same month,2023-04
2023-04-01,71985,SHYF,SHYFT GROUP INC,same month,2023-04
2023-04-01,19561,BA,BOEING CO,same month,2023-04
2023-04-01,85168,HLX,HELIX ENERGY SOLUTIONS GROUP INC,same month,2023-04
2023-04-01,17201,VVNT,VIVINT SMART HOME INC,carried forward from an earlier month,2023-03
2023-04-01,56223,LPX,LOUISIANA PACIFIC CORP,same month,2023-04
2023-04-01,92852,LOPE,GRAND CANYON EDUCATION INC,same month,2023-04
2023-04-01,18769,ADPT,ADAPTIVE BIOTECHNOLOGIES CORP,same month,2023-04
2023-04-01,21776,EXC,EXELON CORP,same month,2023-04
2023-04-01,14813,MARA,MARATHON DIGITAL HOLDINGS INC,same month,2023-04
2023-04-01,92213,RIOT,RIOT PLATFORMS INC,same month,2023-04
2023-04-01,14763,CTLT,CATALENT INC,same month,2023-04
2023-04-01,13105,ACHC,ACADIA HEALTHCARE CO INC,same month,2023-04
2023-04-01,20901,AGTI,AGILITI INC,same month,2023-04
2023-04-01,15795,SGRY,SURGERY PARTNERS INC,same month,2023-04
2023-04-01,17684,AHCO,ADAPTHEALTH CORP,same month,2023-04
2023-04-01,16917,BKI,BLACK KNIGHT INC,same month,2023-04
2023-04-01,40125,DXC,D X C TECHNOLOGY CO,same month,2023-04
2023-04-01,93035,SEM,SELECT MEDICAL HOLDINGS CORP,same month,2023-04
2023-04-01,72338,NHC,NATIONAL HEALTHCARE CORP,same month,2023-04
2023-04-01,52337,THC,TENET HEALTHCARE CORP,same month,2023-04
2023-04-01,91611,FSLR,FIRST SOLAR INC,same month,2023-04
2023-04-01,18579,AVTR,AVANTOR INC,same month,2023-04
2023-04-01,12266,CDMO,AVID BIOSERVICES INC,same month,2023-04
2023-04-01,89003,FIS,FIDELITY NATIONAL INFO SVCS INC,same month,2023-04
2023-04-01,82272,MD,PEDIATRIX MEDICAL GROUP INC,same month,2023-04
2023-04-01,10200,RGEN,REPLIGEN CORP,same month,2023-04
2023-04-01,29209,ARW,ARROW ELECTRONICS INC,same month,2023-04
2023-04-01,20339,AFRM,AFFIRM HOLDINGS INC,same month,2023-04
2023-04-01,66384,WDC,WESTERN DIGITAL CORP,same month,2023-04
2023-04-01,81220,NSIT,INSIGHT ENTERPRISES INC,same month,2023-04
2023-04-01,85886,CNXN,PC CONNECTION INC,same month,2023-04
2023-04-01,82307,DVA,DAVITA INC,same month,2023-04
2023-04-01,22293,GLW,CORNING INC,same month,2023-04
2023-04-01,14328,AMC,A M C ENTERTAINMENT HOLDINGS INC,same month,2023-04
2023-04-01,10696,FISV,FISERV INC,same month,2023-04
2023-04-01,90564,PBH,PRESTIGE CONSUMER HEALTHCARE INC,same month,2023-04
2023-04-01,15527,LOB,LIVE OAK BANCSHARES INC,same month,2023-04
2023-04-01,13921,CUBI,CUSTOMERS BANCORP INC,same month,2023-04
2023-04-01,19577,RKT,ROCKET COMPANIES INC,same month,2023-04
2023-04-01,79094,JBL,JABIL INC,same month,2023-04
2023-04-01,91915,CNK,CINEMARK HOLDINGS INC,same month,2023-04
2023-04-01,80362,SCSC,SCANSOURCE INC,same month,2023-04
2023-04-01,19404,FOUR,SHIFT4 PAYMENTS INC,same month,2023-04
2023-04-01,81282,ACIW,A C I WORLDWIDE INC,same month,2023-04
2023-04-01,76226,PARA,PARAMOUNT GLOBAL,same month,2023-04
2023-04-01,76185,TYL,TYLER TECHNOLOGIES INC,same month,2023-04
2023-04-01,20062,SHC,SOTERA HEALTH CO,same month,2023-04
2023-04-01,16086,HTZ,HERTZ GLOBAL HOLDINGS INC NEW,same month,2023-04
2023-04-01,20820,MOND,MONDEE HOLDINGS INC,same month,2023-04
2023-04-01,18736,IAA,I A A INC,carried forward from an earlier month,2023-03
2023-04-01,91926,DAL,DELTA AIR LINES INC,same month,2023-04
2023-04-01,19655,STEP,STEPSTONE GROUP INC,same month,2023-04
2023-04-01,84348,VSAT,VIASAT INC,same month,2023-04
2023-04-01,60186,OMI,OWENS & MINOR INC NEW,same month,2023-04
2023-04-01,15071,SYNH,SYNEOS HEALTH INC,same month,2023-04
2023-04-01,49680,DHR,DANAHER CORP,same month,2023-04
2023-04-01,19316,MSGE,MADISON SQUARE GARDEN ENTMT CORP,same month,2023-04
2023-04-01,20196,UPST,UPSTART HOLDINGS INC,same month,2023-04
2023-04-01,89508,KMX,CARMAX INC,same month,2023-04
2023-04-01,87077,ECPG,ENCORE CAPITAL GROUP INC,same month,2023-04
2023-04-01,89574,PRAA,P R A GROUP INC,same month,2023-04
2023-04-01,77730,TSN,TYSON FOODS INC,same month,2023-04
2023-04-01,91103,UAL,UNITED AIRLINES HOLDINGS INC,same month,2023-04
2023-04-01,21970,TYRA,TYRA BIOSCIENCES INC,same month,2023-04
2023-04-01,19593,MIR,MIRION TECHNOLOGIES INC,same month,2023-04
2023-04-01,76672,RDNT,RADNET INC,same month,2023-04
2023-04-01,23129,EHAB,ENHABIT INC,same month,2023-04
2023-04-01,18480,TW,TRADEWEB MARKETS INC,same month,2023-04
2023-04-01,88281,CRL,CHARLES RIVER LABS INTL INC,same month,2023-04
2023-04-01,14988,LBRDK,LIBERTY BROADBAND CORP,same month,2023-04
2023-04-01,10693,EHC,ENCOMPASS HEALTH CORP,same month,2023-04
2023-04-01,84372,NCR,N C R CORP NEW,same month,2023-04
2023-04-01,20067,SOFI,SOFI TECHNOLOGIES INC,same month,2023-04
2023-04-01,17372,COGT,COGENT BIOSCIENCES INC,same month,2023-04
2023-04-01,84438,HLIO,HELIOS TECHNOLOGIES INC,same month,2023-04
2023-04-01,20142,CVT,CVENT HOLDING CORP,same month,2023-04
2023-04-01,21020,AAL,AMERICAN AIRLINES GROUP INC,same month,2023-04
2023-04-01,15396,BW,BABCOCK & WILCOX ENTERPRISES INC,same month,2023-04
2023-04-01,14617,ARES,ARES MANAGEMENT CORP,same month,2023-04
2023-04-01,91461,WU,WESTERN UNION CO,same month,2023-04
2023-04-01,84234,PLUS,EPLUS INC,same month,2023-04
2023-04-01,92108,BX,BLACKSTONE INC,same month,2023-04
2023-04-01,11600,XRAY,DENTSPLY SIRONA INC,same month,2023-04
2023-04-01,17950,FOCS,FOCUS FINANCIAL PARTNERS INC,same month,2023-04
2023-04-01,82581,HSIC,SCHEIN HENRY INC,same month,2023-04
2023-04-01,16928,KRYS,KRYSTAL BIOTECH INC,same month,2023-04
2023-04-01,62498,WST,WEST PHARMACEUTICAL SERVICES INC,same month,2023-04
2023-04-01,91668,IPGP,I P G PHOTONICS CORP,same month,2023-04
2023-04-01,16939,MAXR,MAXAR TECHNOLOGIES INC,same month,2023-04
2023-04-01,19807,VNT,VONTIER CORP,same month,2023-04
2023-04-01,15540,RILY,B RILEY FINANCIAL INC,same month,2023-04
2023-04-01,21027,BMEA,BIOMEA FUSION INC,same month,2023-04
2023-04-01,15793,PMTS,C P I CARD GROUP INC,same month,2023-04
2023-04-01,21942,LWLG,LIGHTWAVE LOGIC INC,same month,2023-04
2023-04-01,88648,TTMI,TTM TECHNOLOGIES INC,same month,2023-04
2023-04-01,79668,BDC,BELDEN INC NEW,same month,2023-04
2023-04-01,20381,NVTS,NAVITAS SEMICONDUCTOR CORP,same month,2023-04
2023-04-01,53613,MU,MICRON TECHNOLOGY INC,same month,2023-04
2023-04-01,59328,INTC,INTEL CORP,same month,2023-04
2023-04-01,21348,LFST,LIFESTANCE HEALTH GROUP INC,same month,2023-04
2023-04-01,81621,HLIT,HARMONIC INC,same month,2023-04
2023-04-01,88182,ON,ON SEMICONDUCTOR CORP,same month,2023-04
2023-04-01,23352,AMPX,AMPRIUS TECHNOLOGIES INC,same month,2023-04
2023-04-01,90097,UCTT,ULTRA CLEAN HOLDINGS INC,same month,2023-04
2023-04-01,77918,LFUS,LITTELFUSE INC,same month,2023-04
2023-04-01,23206,GETY,GETTY IMAGES HOLDINGS INC,same month,2023-04
2023-04-01,77629,USPH,U S PHYSICAL THERAPY INC,same month,2023-04
2023-04-01,16989,KIDS,ORTHOPEDIATRICS CORP,same month,2023-04
2023-05-01,16338,VVV,VALVOLINE INC,same month,2023-05
2023-05-01,19541,VITL,VITAL FARMS INC,same month,2023-05
2023-05-01,15291,ETSY,ETSY INC,same month,2023-05
2023-05-01,92221,MELI,MERCADOLIBRE INC,same month,2023-05
2023-05-01,21125,ZIP,ZIPRECRUITER INC,same month,2023-05
2023-05-01,18452,LYFT,LYFT INC,same month,2023-05
2023-05-01,22248,UDMY,UDEMY INC,same month,2023-05
2023-05-01,20681,COUR,COURSERA INC,same month,2023-05
2023-05-01,18134,UPWK,UPWORK INC,same month,2023-05
2023-05-01,86783,BKNG,BOOKING HOLDINGS INC,same month,2023-05
2023-05-01,76128,VICR,VICOR CORP,same month,2023-05
2023-05-01,79248,THRM,GENTHERM INC,same month,2023-05
2023-05-01,75233,VGR,VECTOR GROUP LTD,same month,2023-05
2023-05-01,21614,DUOL,DUOLINGO INC,same month,2023-05
2023-05-01,57665,NKE,NIKE INC,same month,2023-05
2023-05-01,17281,WHD,CACTUS INC,same month,2023-05
2023-05-01,13318,YELP,YELP INC,same month,2023-05
2023-05-01,92753,ERII,ENERGY RECOVERY INC,same month,2023-05
2023-05-01,90971,IRBT,IROBOT CORP,same month,2023-05
2023-05-01,16595,SNAP,SNAP INC,same month,2023-05
2023-05-01,85724,PRDO,PERDOCEO EDUCATION CORP,same month,2023-05
2023-05-01,86356,EBAY,EBAY INC,same month,2023-05
2023-05-01,76261,EXPO,EXPONENT INC,same month,2023-05
2023-05-01,11775,JOUT,JOHNSON OUTDOORS INC,same month,2023-05
2023-05-01,18485,PINS,PINTEREST INC,same month,2023-05
2023-05-01,79491,WINA,WINMARK CORP,same month,2023-05
2023-05-01,13625,SSTK,SHUTTERSTOCK INC,same month,2023-05
2023-05-01,18063,EB,EVENTBRITE INC,same month,2023-05
2023-05-01,21776,EXC,EXELON CORP,same month,2023-05
2023-05-01,84788,AMZN,AMAZON COM INC,same month,2023-05
2023-05-01,15440,WING,WINGSTOP INC,same month,2023-05
2023-05-01,20190,ABNB,AIRBNB INC,same month,2023-05
2023-05-01,89031,AXON,AXON ENTERPRISE INC,same month,2023-05
2023-05-01,85348,YUM,YUM BRANDS INC,same month,2023-05
2023-05-01,16967,CARG,CARGURUS INC,same month,2023-05
2023-05-01,75182,PII,POLARIS INC,same month,2023-05
2023-05-01,82634,SAM,BOSTON BEER INC,same month,2023-05
2023-05-01,18011,SONO,SONOS INC,same month,2023-05
2023-05-01,92852,LOPE,GRAND CANYON EDUCATION INC,same month,2023-05
2023-05-01,79785,NVR,N V R INC,same month,2023-05
2023-05-01,20447,PLTK,PLAYTIKA HOLDING CORP,same month,2023-05
2023-05-01,18769,ADPT,ADAPTIVE BIOTECHNOLOGIES CORP,same month,2023-05
2023-05-01,65700,USLM,UNITED STATES LIME MINERALS INC,same month,2023-05
2023-05-01,84385,NSP,INSPERITY INC,same month,2023-05
2023-05-01,18576,UBER,UBER TECHNOLOGIES INC,same month,2023-05
2023-05-01,48523,LANC,LANCASTER COLONY CORP,same month,2023-05
2023-05-01,38659,GNTX,GENTEX CORP,same month,2023-05
2023-05-01,16309,TTD,TRADE DESK INC,same month,2023-05
2023-05-01,19561,BA,BOEING CO,same month,2023-05
2023-05-01,16555,UVV,UNIVERSAL CORP,same month,2023-05
2023-05-01,21178,LMT,LOCKHEED MARTIN CORP,same month,2023-05
2023-05-01,82779,NVAX,NOVAVAX INC,same month,2023-05
2023-05-01,54253,MSA,M S A SAFETY INC,same month,2023-05
2023-05-01,20682,CPNG,COUPANG INC,same month,2023-05
2023-05-01,91606,CPRX,CATALYST PHARMACEUTICALS INC,same month,2023-05
2023-05-01,71985,SHYF,SHYFT GROUP INC,same month,2023-05
2023-05-01,76839,FIZZ,NATIONAL BEVERAGE CORP,same month,2023-05
2023-05-01,77637,FC,FRANKLIN COVEY CO,same month,2023-05
2023-05-01,84010,USNA,USANA HEALTH SCIENCES INC,same month,2023-05
2023-05-01,64961,NXGN,NEXTGEN HEALTHCARE INC,same month,2023-05
2023-05-01,85440,SRI,STONERIDGE INC,same month,2023-05
2023-05-01,15850,MTCH,MATCH GROUP INC NEW,same month,2023-05
2023-05-01,88031,MNST,MONSTER BEVERAGE CORP NEW,same month,2023-05
2023-05-01,90248,DPZ,DOMINOS PIZZA INC,same month,2023-05
2023-05-01,20438,MNTK,MONTAUK RENEWABLES INC,same month,2023-05
2023-05-01,41080,CMI,CUMMINS INC,same month,2023-05
2023-05-01,77702,SBUX,STARBUCKS CORP,same month,2023-05
2023-05-01,56223,LPX,LOUISIANA PACIFIC CORP,same month,2023-05
2023-05-01,92203,LULU,LULULEMON ATHLETICA INC,same month,2023-05
2023-05-01,79249,BBSI,BARRETT BUSINESS SERVICES INC,same month,2023-05
2023-05-01,21593,XMTR,XOMETRY INC,same month,2023-05
2023-05-01,14273,CHGG,CHEGG INC,same month,2023-05
2023-05-01,90125,CORT,CORCEPT THERAPEUTICS INC,same month,2023-05
2023-05-01,10145,HON,HONEYWELL INTERNATIONAL INC,same month,2023-05
2023-05-01,85168,HLX,HELIX ENERGY SOLUTIONS GROUP INC,same month,2023-05
2023-05-01,90319,GOOGL,ALPHABET INC,same month,2023-05
2023-05-01,21564,LZ,LEGALZOOM COM INC,same month,2023-05
2023-05-01,79906,INCY,INCYTE CORP,same month,2023-05
2023-05-01,14231,VEEV,VEEVA SYSTEMS INC,same month,2023-05
2023-05-01,14521,TNET,TRINET GROUP INC,same month,2023-05
2023-05-01,14526,APOG,APOGEE ENTERPRISES INC,same month,2023-05
2023-05-01,75828,EA,ELECTRONIC ARTS INC,same month,2023-05
2023-05-01,93263,CELH,CELSIUS HOLDINGS INC,same month,2023-05
2023-05-01,88167,HSTM,HEALTHSTREAM INC,same month,2023-05
2023-05-01,87657,EW,EDWARDS LIFESCIENCES CORP,same month,2023-05
2023-05-01,14495,ATEN,A10 NETWORKS INC,same month,2023-05
2023-05-01,90664,DXCM,DEXCOM INC,same month,2023-05
2023-05-01,86288,CSGP,COSTAR GROUP INC,same month,2023-05
2023-05-01,15546,Z,ZILLOW GROUP INC,same month,2023-05
2023-05-01,75034,BKR,BAKER HUGHES CO,same month,2023-05
2023-05-01,73219,RGR,STURM RUGER & CO INC,same month,2023-05
2023-05-01,11884,IPAR,INTERMEDIATE PARFUMS INC,same month,2023-05
2023-05-01,47466,NYT,NEW YORK TIMES CO,same month,2023-05
2023-05-01,90979,UAA,UNDER ARMOUR INC,same month,2023-05
2023-05-01,83124,CSGS,C S G SYSTEMS INTERNATIONAL INC,same month,2023-05
2023-05-01,20189,DASH,DOORDASH INC,same month,2023-05
2023-05-01,18725,RVLV,REVOLVE GROUP INC,same month,2023-05
2023-05-01,14807,IRMD,IRADIMED CORP,same month,2023-05
2023-05-01,16668,ZYME,ZYMEWORKS INC DE,same month,2023-05
2023-05-01,15826,SQ,BLOCK INC,same month,2023-05
2023-05-01,14813,MARA,MARATHON DIGITAL HOLDINGS INC,same month,2023-05
2023-05-01,92213,RIOT,RIOT PLATFORMS INC,same month,2023-05
2023-05-01,14763,CTLT,CATALENT INC,same month,2023-05
2023-05-01,15795,SGRY,SURGERY PARTNERS INC,same month,2023-05
2023-05-01,13105,ACHC,ACADIA HEALTHCARE CO INC,same month,2023-05
2023-05-01,16917,BKI,BLACK KNIGHT INC,same month,2023-05
2023-05-01,40125,DXC,D X C TECHNOLOGY CO,same month,2023-05
2023-05-01,20901,AGTI,AGILITI INC,same month,2023-05
2023-05-01,93035,SEM,SELECT MEDICAL HOLDINGS CORP,same month,2023-05
2023-05-01,17684,AHCO,ADAPTHEALTH CORP,same month,2023-05
2023-05-01,12266,CDMO,AVID BIOSERVICES INC,same month,2023-05
2023-05-01,52337,THC,TENET HEALTHCARE CORP,same month,2023-05
2023-05-01,76185,TYL,TYLER TECHNOLOGIES INC,same month,2023-05
2023-05-01,88648,TTMI,TTM TECHNOLOGIES INC,same month,2023-05
2023-05-01,82307,DVA,DAVITA INC,same month,2023-05
2023-05-01,18579,AVTR,AVANTOR INC,same month,2023-05
2023-05-01,29209,ARW,ARROW ELECTRONICS INC,same month,2023-05
2023-05-01,84348,VSAT,VIASAT INC,same month,2023-05
2023-05-01,14328,AMC,A M C ENTERTAINMENT HOLDINGS INC,same month,2023-05
2023-05-01,72338,NHC,NATIONAL HEALTHCARE CORP,same month,2023-05
2023-05-01,79668,BDC,BELDEN INC NEW,same month,2023-05
2023-05-01,15071,SYNH,SYNEOS HEALTH INC,same month,2023-05
2023-05-01,66384,WDC,WESTERN DIGITAL CORP,same month,2023-05
2023-05-01,81621,HLIT,HARMONIC INC,same month,2023-05
2023-05-01,53613,MU,MICRON TECHNOLOGY INC,same month,2023-05
2023-05-01,10200,RGEN,REPLIGEN CORP,same month,2023-05
2023-05-01,91915,CNK,CINEMARK HOLDINGS INC,same month,2023-05
2023-05-01,21348,LFST,LIFESTANCE HEALTH GROUP INC,same month,2023-05
2023-05-01,20339,AFRM,AFFIRM HOLDINGS INC,same month,2023-05
2023-05-01,89003,FIS,FIDELITY NATIONAL INFO SVCS INC,same month,2023-05
2023-05-01,91611,FSLR,FIRST SOLAR INC,same month,2023-05
2023-05-01,23206,GETY,GETTY IMAGES HOLDINGS INC,same month,2023-05
2023-05-01,85886,CNXN,PC CONNECTION INC,same month,2023-05
2023-05-01,20381,NVTS,NAVITAS SEMICONDUCTOR CORP,same month,2023-05
2023-05-01,76226,PARA,PARAMOUNT GLOBAL,same month,2023-05
2023-05-01,82272,MD,PEDIATRIX MEDICAL GROUP INC,same month,2023-05
2023-05-01,49680,DHR,DANAHER CORP,same month,2023-05
2023-05-01,13921,CUBI,CUSTOMERS BANCORP INC,same month,2023-05
2023-05-01,16989,KIDS,ORTHOPEDIATRICS CORP,same month,2023-05
2023-05-01,15527,LOB,LIVE OAK BANCSHARES INC,same month,2023-05
2023-05-01,16086,HTZ,HERTZ GLOBAL HOLDINGS INC NEW,same month,2023-05
2023-05-01,15793,PMTS,C P I CARD GROUP INC,same month,2023-05
2023-05-01,19404,FOUR,SHIFT4 PAYMENTS INC,same month,2023-05
2023-05-01,89508,KMX,CARMAX INC,same month,2023-05
2023-05-01,19316,SPHR,SPHERE ENTERTAINMENT CO,same month,2023-05
2023-05-01,90097,UCTT,ULTRA CLEAN HOLDINGS INC,same month,2023-05
2023-05-01,10696,FISV,FISERV INC,same month,2023-05
2023-05-01,91926,DAL,DELTA AIR LINES INC,same month,2023-05
2023-05-01,19577,RKT,ROCKET COMPANIES INC,same month,2023-05
2023-05-01,20820,MOND,MONDEE HOLDINGS INC,same month,2023-05
2023-05-01,60186,OMI,OWENS & MINOR INC NEW,same month,2023-05
2023-05-01,23352,AMPX,AMPRIUS TECHNOLOGIES INC,same month,2023-05
2023-05-01,91103,UAL,UNITED AIRLINES HOLDINGS INC,same month,2023-05
2023-05-01,77730,TSN,TYSON FOODS INC,same month,2023-05
2023-05-01,81220,NSIT,INSIGHT ENTERPRISES INC,same month,2023-05
2023-05-01,88182,ON,ON SEMICONDUCTOR CORP,same month,2023-05
2023-05-01,59328,INTC,INTEL CORP,same month,2023-05
2023-05-01,90564,PBH,PRESTIGE CONSUMER HEALTHCARE INC,same month,2023-05
2023-05-01,10693,EHC,ENCOMPASS HEALTH CORP,same month,2023-05
2023-05-01,80362,SCSC,SCANSOURCE INC,same month,2023-05
2023-05-01,79094,JBL,JABIL INC,same month,2023-05
2023-05-01,19593,MIR,MIRION TECHNOLOGIES INC,same month,2023-05
2023-05-01,19655,STEP,STEPSTONE GROUP INC,same month,2023-05
2023-05-01,14988,LBRDK,LIBERTY BROADBAND CORP,same month,2023-05
2023-05-01,77629,USPH,U S PHYSICAL THERAPY INC,same month,2023-05
2023-05-01,20196,UPST,UPSTART HOLDINGS INC,same month,2023-05
2023-05-01,22293,GLW,CORNING INC,same month,2023-05
2023-05-01,21027,BMEA,BIOMEA FUSION INC,same month,2023-05
2023-05-01,87077,ECPG,ENCORE CAPITAL GROUP INC,same month,2023-05
2023-05-01,15540,RILY,B RILEY FINANCIAL INC,same month,2023-05
2023-05-01,16939,MAXR,MAXAR TECHNOLOGIES INC,same month,2023-05
2023-05-01,15396,BW,BABCOCK & WILCOX ENTERPRISES INC,same month,2023-05
2023-05-01,92108,BX,BLACKSTONE INC,same month,2023-05
2023-05-01,81282,ACIW,A C I WORLDWIDE INC,same month,2023-05
2023-05-01,21020,AAL,AMERICAN AIRLINES GROUP INC,same month,2023-05
2023-05-01,77918,LFUS,LITTELFUSE INC,same month,2023-05
2023-05-01,84372,NCR,N C R CORP NEW,same month,2023-05
2023-05-01,76672,RDNT,RADNET INC,same month,2023-05
2023-05-01,19312,UWMC,U W M HOLDINGS CORP,same month,2023-05
2023-05-01,88284,CYH,COMMUNITY HEALTH SYS INC NEW,same month,2023-05
2023-05-01,19628,IRON,DISC MEDICINE INC,same month,2023-05
2023-05-01,66800,AIG,AMERICAN INTERNATIONAL GROUP INC,same month,2023-05
2023-05-01,76856,FCFS,FIRSTCASH HOLDINGS INC,same month,2023-05
2023-05-01,11481,EBIX,EBIX INC,same month,2023-05
2023-05-01,20923,EDR,ENDEAVOR GROUP HOLDINGS INC,same month,2023-05
2023-05-01,20870,RXDX,PROMETHEUS BIOSCIENCES INC,same month,2023-05
2023-05-01,64186,CI,CIGNA GROUP,same month,2023-05
2023-05-01,57808,VSH,VISHAY INTERTECHNOLOGY INC,same month,2023-05
2023-05-01,78081,LGND,LIGAND PHARMACEUTICALS INC,same month,2023-05
2023-05-01,81740,SBGI,SINCLAIR BROADCAST GROUP INC,same month,2023-05
2023-05-01,17133,AMEH,APOLLO MEDICAL HOLDINGS INC,same month,2023-05
2023-05-01,87426,LCII,L C I INDUSTRIES,same month,2023-05
2023-05-01,27334,CSL,CARLISLE COMPANIES,same month,2023-05
2023-05-01,93179,PPC,PILGRIMS PRIDE CORP NEW,same month,2023-05
2023-05-01,15643,RUN,SUNRUN INC,same month,2023-05
2023-05-01,22626,AMLX,AMYLYX PHARMACEUTICALS INC,same month,2023-05
2023-05-01,10158,AMRC,AMERESCO INC,same month,2023-05
2023-05-01,21594,DNUT,KRISPY KREME INC,same month,2023-05
2023-05-01,83883,OPCH,OPTION CARE HEALTH INC,same month,2023-05
2023-05-01,13949,CDW,C D W CORP NEW,same month,2023-05
2023-06-01,15291,ETSY,ETSY INC,same month,2023-06
2023-06-01,18134,UPWK,UPWORK INC,same month,2023-06
2023-06-01,75034,BKR,BAKER HUGHES CO,same month,2023-06
2023-06-01,21125,ZIP,ZIPRECRUITER INC,same month,2023-06
2023-06-01,85724,PRDO,PERDOCEO EDUCATION CORP,same month,2023-06
2023-06-01,17281,WHD,CACTUS INC,same month,2023-06
2023-06-01,18452,LYFT,LYFT INC,same month,2023-06
2023-06-01,20681,COUR,COURSERA INC,same month,2023-06
2023-06-01,75233,VGR,VECTOR GROUP LTD,same month,2023-06
2023-06-01,22248,UDMY,UDEMY INC,same month,2023-06
2023-06-01,92221,MELI,MERCADOLIBRE INC,same month,2023-06
2023-06-01,83124,CSGS,C S G SYSTEMS INTERNATIONAL INC,same month,2023-06
2023-06-01,15546,Z,ZILLOW GROUP INC,same month,2023-06
2023-06-01,73219,RGR,STURM RUGER & CO INC,same month,2023-06
2023-06-01,79248,THRM,GENTHERM INC,same month,2023-06
2023-06-01,85168,HLX,HELIX ENERGY SOLUTIONS GROUP INC,same month,2023-06
2023-06-01,18011,SONO,SONOS INC,same month,2023-06
2023-06-01,21614,DUOL,DUOLINGO INC,same month,2023-06
2023-06-01,19541,VITL,VITAL FARMS INC,same month,2023-06
2023-06-01,86783,BKNG,BOOKING HOLDINGS INC,same month,2023-06
2023-06-01,18725,RVLV,REVOLVE GROUP INC,same month,2023-06
2023-06-01,79491,WINA,WINMARK CORP,same month,2023-06
2023-06-01,76128,VICR,VICOR CORP,same month,2023-06
2023-06-01,16338,VVV,VALVOLINE INC,same month,2023-06
2023-06-01,15826,SQ,BLOCK INC,same month,2023-06
2023-06-01,57665,NKE,NIKE INC,same month,2023-06
2023-06-01,90971,IRBT,IROBOT CORP,same month,2023-06
2023-06-01,13318,YELP,YELP INC,same month,2023-06
2023-06-01,65700,USLM,UNITED STATES LIME MINERALS INC,same month,2023-06
2023-06-01,76261,EXPO,EXPONENT INC,same month,2023-06
2023-06-01,20190,ABNB,AIRBNB INC,same month,2023-06
2023-06-01,13625,SSTK,SHUTTERSTOCK INC,same month,2023-06
2023-06-01,18485,PINS,PINTEREST INC,same month,2023-06
2023-06-01,20189,DASH,DOORDASH INC,same month,2023-06
2023-06-01,86356,EBAY,EBAY INC,same month,2023-06
2023-06-01,47466,NYT,NEW YORK TIMES CO,same month,2023-06
2023-06-01,16595,SNAP,SNAP INC,same month,2023-06
2023-06-01,11884,IPAR,INTERMEDIATE PARFUMS INC,same month,2023-06
2023-06-01,14521,TNET,TRINET GROUP INC,same month,2023-06
2023-06-01,16309,TTD,TRADE DESK INC,same month,2023-06
2023-06-01,92852,LOPE,GRAND CANYON EDUCATION INC,same month,2023-06
2023-06-01,84010,USNA,USANA HEALTH SCIENCES INC,same month,2023-06
2023-06-01,84385,NSP,INSPERITY INC,same month,2023-06
2023-06-01,84788,AMZN,AMAZON COM INC,same month,2023-06
2023-06-01,15440,WING,WINGSTOP INC,same month,2023-06
2023-06-01,92203,LULU,LULULEMON ATHLETICA INC,same month,2023-06
2023-06-01,77637,FC,FRANKLIN COVEY CO,same month,2023-06
2023-06-01,21776,EXC,EXELON CORP,same month,2023-06
2023-06-01,64961,NXGN,NEXTGEN HEALTHCARE INC,same month,2023-06
2023-06-01,18063,EB,EVENTBRITE INC,same month,2023-06
2023-06-01,20447,PLTK,PLAYTIKA HOLDING CORP,same month,2023-06
2023-06-01,91606,CPRX,CATALYST PHARMACEUTICALS INC,same month,2023-06
2023-06-01,16668,ZYME,ZYMEWORKS INC DE,same month,2023-06
2023-06-01,85348,YUM,YUM BRANDS INC,same month,2023-06
2023-06-01,92753,ERII,ENERGY RECOVERY INC,same month,2023-06
2023-06-01,11775,JOUT,JOHNSON OUTDOORS INC,same month,2023-06
2023-06-01,18769,ADPT,ADAPTIVE BIOTECHNOLOGIES CORP,same month,2023-06
2023-06-01,75182,PII,POLARIS INC,same month,2023-06
2023-06-01,89031,AXON,AXON ENTERPRISE INC,same month,2023-06
2023-06-01,16555,UVV,UNIVERSAL CORP,same month,2023-06
2023-06-01,71985,SHYF,SHYFT GROUP INC,same month,2023-06
2023-06-01,76839,FIZZ,NATIONAL BEVERAGE CORP,same month,2023-06
2023-06-01,90248,DPZ,DOMINOS PIZZA INC,same month,2023-06
2023-06-01,79785,NVR,N V R INC,same month,2023-06
2023-06-01,90125,CORT,CORCEPT THERAPEUTICS INC,same month,2023-06
2023-06-01,48523,LANC,LANCASTER COLONY CORP,same month,2023-06
2023-06-01,20682,CPNG,COUPANG INC,same month,2023-06
2023-06-01,38659,GNTX,GENTEX CORP,same month,2023-06
2023-06-01,88031,MNST,MONSTER BEVERAGE CORP NEW,same month,2023-06
2023-06-01,90979,UAA,UNDER ARMOUR INC,same month,2023-06
2023-06-01,41080,CMI,CUMMINS INC,same month,2023-06
2023-06-01,21178,LMT,LOCKHEED MARTIN CORP,same month,2023-06
2023-06-01,88167,HSTM,HEALTHSTREAM INC,same month,2023-06
2023-06-01,19561,BA,BOEING CO,same month,2023-06
2023-06-01,90319,GOOGL,ALPHABET INC,same month,2023-06
2023-06-01,82634,SAM,BOSTON BEER INC,same month,2023-06
2023-06-01,77702,SBUX,STARBUCKS CORP,same month,2023-06
2023-06-01,79906,INCY,INCYTE CORP,same month,2023-06
2023-06-01,15850,MTCH,MATCH GROUP INC NEW,same month,2023-06
2023-06-01,14231,VEEV,VEEVA SYSTEMS INC,same month,2023-06
2023-06-01,14807,IRMD,IRADIMED CORP,same month,2023-06
2023-06-01,93263,CELH,CELSIUS HOLDINGS INC,same month,2023-06
2023-06-01,10145,HON,HONEYWELL INTERNATIONAL INC,same month,2023-06
2023-06-01,87657,EW,EDWARDS LIFESCIENCES CORP,same month,2023-06
2023-06-01,14495,ATEN,A10 NETWORKS INC,same month,2023-06
2023-06-01,21564,LZ,LEGALZOOM COM INC,same month,2023-06
2023-06-01,16967,CARG,CARGURUS INC,same month,2023-06
2023-06-01,14526,APOG,APOGEE ENTERPRISES INC,same month,2023-06
2023-06-01,56223,LPX,LOUISIANA PACIFIC CORP,same month,2023-06
2023-06-01,75828,EA,ELECTRONIC ARTS INC,same month,2023-06
2023-06-01,18576,UBER,UBER TECHNOLOGIES INC,same month,2023-06
2023-06-01,85424,DRQ,DRIL QUIP INC,same month,2023-06
2023-06-01,58975,OII,OCEANEERING INTERNATIONAL INC,same month,2023-06
2023-06-01,34497,NPK,NATIONAL PRESTO INDS INC,same month,2023-06
2023-06-01,80054,MED,MEDIFAST INC,same month,2023-06
2023-06-01,14245,FATE,FATE THERAPEUTICS INC,same month,2023-06
2023-06-01,21957,RELY,REMITLY GLOBAL INC,same month,2023-06
2023-06-01,15856,VYGR,VOYAGER THERAPEUTICS INC,same month,2023-06
2023-06-01,20659,VZIO,VIZIO HOLDING CORP,same month,2023-06
2023-06-01,16171,KNSL,KINSALE CAPITAL GROUP INC,same month,2023-06
2023-06-01,92213,RIOT,RIOT PLATFORMS INC,same month,2023-06
2023-06-01,14813,MARA,MARATHON DIGITAL HOLDINGS INC,same month,2023-06
2023-06-01,13105,ACHC,ACADIA HEALTHCARE CO INC,same month,2023-06
2023-06-01,15795,SGRY,SURGERY PARTNERS INC,same month,2023-06
2023-06-01,91611,FSLR,FIRST SOLAR INC,same month,2023-06
2023-06-01,14763,CTLT,CATALENT INC,same month,2023-06
2023-06-01,16917,BKI,BLACK KNIGHT INC,same month,2023-06
2023-06-01,53613,MU,MICRON TECHNOLOGY INC,same month,2023-06
2023-06-01,66384,WDC,WESTERN DIGITAL CORP,same month,2023-06
2023-06-01,17684,AHCO,ADAPTHEALTH CORP,same month,2023-06
2023-06-01,49680,DHR,DANAHER CORP,same month,2023-06
2023-06-01,84348,VSAT,VIASAT INC,same month,2023-06
2023-06-01,19312,UWMC,U W M HOLDINGS CORP,same month,2023-06
2023-06-01,82307,DVA,DAVITA INC,same month,2023-06
2023-06-01,66800,AIG,AMERICAN INTERNATIONAL GROUP INC,same month,2023-06
2023-06-01,88648,TTMI,TTM TECHNOLOGIES INC,same month,2023-06
2023-06-01,11481,EBIX,EBIX INC,same month,2023-06
2023-06-01,81621,HLIT,HARMONIC INC,same month,2023-06
2023-06-01,64186,CI,CIGNA GROUP,same month,2023-06
2023-06-01,20901,AGTI,AGILITI INC,same month,2023-06
2023-06-01,10200,RGEN,REPLIGEN CORP,same month,2023-06
2023-06-01,76856,FCFS,FIRSTCASH HOLDINGS INC,same month,2023-06
2023-06-01,19628,IRON,DISC MEDICINE INC,same month,2023-06
2023-06-01,57808,VSH,VISHAY INTERTECHNOLOGY INC,same month,2023-06
2023-06-01,93035,SEM,SELECT MEDICAL HOLDINGS CORP,same month,2023-06
2023-06-01,12266,CDMO,AVID BIOSERVICES INC,same month,2023-06
2023-06-01,91926,DAL,DELTA AIR LINES INC,same month,2023-06
2023-06-01,18579,AVTR,AVANTOR INC,same month,2023-06
2023-06-01,59328,INTC,INTEL CORP,same month,2023-06
2023-06-01,40125,DXC,D X C TECHNOLOGY CO,same month,2023-06
2023-06-01,60186,OMI,OWENS & MINOR INC NEW,same month,2023-06
2023-06-01,76226,PARA,PARAMOUNT GLOBAL,same month,2023-06
2023-06-01,22626,AMLX,AMYLYX PHARMACEUTICALS INC,same month,2023-06
2023-06-01,27334,CSL,CARLISLE COMPANIES,same month,2023-06
2023-06-01,91103,UAL,UNITED AIRLINES HOLDINGS INC,same month,2023-06
2023-06-01,29209,ARW,ARROW ELECTRONICS INC,same month,2023-06
2023-06-01,89508,KMX,CARMAX INC,same month,2023-06
2023-06-01,77730,TSN,TYSON FOODS INC,same month,2023-06
2023-06-01,90097,UCTT,ULTRA CLEAN HOLDINGS INC,same month,2023-06
2023-06-01,93179,PPC,PILGRIMS PRIDE CORP NEW,same month,2023-06
2023-06-01,88182,ON,ON SEMICONDUCTOR CORP,same month,2023-06
2023-06-01,20820,MOND,MONDEE HOLDINGS INC,same month,2023-06
2023-06-01,20870,RXDX,PROMETHEUS BIOSCIENCES INC,same month,2023-06
2023-06-01,85886,CNXN,PC CONNECTION INC,same month,2023-06
2023-06-01,79668,BDC,BELDEN INC NEW,same month,2023-06
2023-06-01,15643,RUN,SUNRUN INC,same month,2023-06
2023-06-01,19316,SPHR,SPHERE ENTERTAINMENT CO,same month,2023-06
2023-06-01,79094,JBL,JABIL INC,same month,2023-06
2023-06-01,91915,CNK,CINEMARK HOLDINGS INC,same month,2023-06
2023-06-01,10158,AMRC,AMERESCO INC,same month,2023-06
2023-06-01,20381,NVTS,NAVITAS SEMICONDUCTOR CORP,same month,2023-06
2023-06-01,13949,CDW,C D W CORP NEW,same month,2023-06
2023-06-01,81740,SBGI,SINCLAIR BROADCAST GROUP INC,same month,2023-06
2023-06-01,87426,LCII,L C I INDUSTRIES,same month,2023-06
2023-06-01,84372,NCR,N C R CORP NEW,same month,2023-06
2023-06-01,13921,CUBI,CUSTOMERS BANCORP INC,same month,2023-06
2023-06-01,82272,MD,PEDIATRIX MEDICAL GROUP INC,same month,2023-06
2023-06-01,16086,HTZ,HERTZ GLOBAL HOLDINGS INC NEW,same month,2023-06
2023-06-01,72338,NHC,NATIONAL HEALTHCARE CORP,same month,2023-06
2023-06-01,20339,AFRM,AFFIRM HOLDINGS INC,same month,2023-06
2023-06-01,10693,EHC,ENCOMPASS HEALTH CORP,same month,2023-06
2023-06-01,76185,TYL,TYLER TECHNOLOGIES INC,same month,2023-06
2023-06-01,80362,SCSC,SCANSOURCE INC,same month,2023-06
2023-06-01,15071,SYNH,SYNEOS HEALTH INC,same month,2023-06
2023-06-01,15527,LOB,LIVE OAK BANCSHARES INC,same month,2023-06
2023-06-01,21020,AAL,AMERICAN AIRLINES GROUP INC,same month,2023-06
2023-06-01,77918,LFUS,LITTELFUSE INC,same month,2023-06
2023-06-01,23352,AMPX,AMPRIUS TECHNOLOGIES INC,same month,2023-06
2023-06-01,52337,THC,TENET HEALTHCARE CORP,same month,2023-06
2023-06-01,21348,LFST,LIFESTANCE HEALTH GROUP INC,same month,2023-06
2023-06-01,19404,FOUR,SHIFT4 PAYMENTS INC,same month,2023-06
2023-06-01,81220,NSIT,INSIGHT ENTERPRISES INC,same month,2023-06
2023-06-01,16989,KIDS,ORTHOPEDIATRICS CORP,same month,2023-06
2023-06-01,14988,LBRDK,LIBERTY BROADBAND CORP,same month,2023-06
2023-06-01,92108,BX,BLACKSTONE INC,same month,2023-06
2023-06-01,20923,EDR,ENDEAVOR GROUP HOLDINGS INC,same month,2023-06
2023-06-01,20196,UPST,UPSTART HOLDINGS INC,same month,2023-06
2023-06-01,89003,FIS,FIDELITY NATIONAL INFO SVCS INC,same month,2023-06
2023-06-01,21594,DNUT,KRISPY KREME INC,same month,2023-06
2023-06-01,77629,USPH,U S PHYSICAL THERAPY INC,same month,2023-06
2023-06-01,19655,STEP,STEPSTONE GROUP INC,same month,2023-06
2023-06-01,21027,BMEA,BIOMEA FUSION INC,same month,2023-06
2023-06-01,19593,MIR,MIRION TECHNOLOGIES INC,same month,2023-06
2023-06-01,19577,RKT,ROCKET COMPANIES INC,same month,2023-06
2023-06-01,17133,AMEH,APOLLO MEDICAL HOLDINGS INC,same month,2023-06
2023-06-01,21876,TYGO,TIGO ENERGY INC,same month,2023-06
2023-06-01,21262,DAWN,DAY ONE BIOPHARMACEUTICALS INC,same month,2023-06
2023-06-01,19838,EVLV,EVOLV TECHNOLOGIES HOLDINGS INC,same month,2023-06
2023-06-01,20884,SCLX,SCILEX HOLDING CO,same month,2023-06
2023-06-01,16000,LSXMK,LIBERTY MEDIA CORP 3RD NEW,same month,2023-06
2023-06-01,88360,MRVL,MARVELL TECHNOLOGY INC,same month,2023-06
2023-06-01,21942,LWLG,LIGHTWAVE LOGIC INC,same month,2023-06
2023-06-01,10777,FCNCA,FIRST CITIZENS BANCSHARES INC NC,same month,2023-06
2023-06-01,14329,ARMK,ARAMARK,same month,2023-06
2023-06-01,26403,DIS,DISNEY WALT CO,same month,2023-06
2023-06-01,80050,UFPT,U F P TECHNOLOGIES INC,same month,2023-06
2023-06-01,84769,APH,AMPHENOL CORP NEW,same month,2023-06
2023-06-01,15221,RCKT,ROCKET PHARMACEUTICALS INC,same month,2023-06
2023-06-01,20357,IONQ,IONQ INC,same month,2023-06
2023-06-01,19751,LCID,LUCID GROUP INC,same month,2023-06
2023-07-01,21614,DUOL,DUOLINGO INC,same month,2023-07
2023-07-01,20681,COUR,COURSERA INC,same month,2023-07
2023-07-01,85724,PRDO,PERDOCEO EDUCATION CORP,same month,2023-07
2023-07-01,18134,UPWK,UPWORK INC,same month,2023-07
2023-07-01,15291,ETSY,ETSY INC,same month,2023-07
2023-07-01,22248,UDMY,UDEMY INC,same month,2023-07
2023-07-01,18452,LYFT,LYFT INC,same month,2023-07
2023-07-01,83124,CSGS,C S G SYSTEMS INTERNATIONAL INC,same month,2023-07
2023-07-01,92221,MELI,MERCADOLIBRE INC,same month,2023-07
2023-07-01,76128,VICR,VICOR CORP,same month,2023-07
2023-07-01,73219,RGR,STURM RUGER & CO INC,same month,2023-07
2023-07-01,79248,THRM,GENTHERM INC,same month,2023-07
2023-07-01,79491,WINA,WINMARK CORP,same month,2023-07
2023-07-01,65700,USLM,UNITED STATES LIME MINERALS INC,same month,2023-07
2023-07-01,75034,BKR,BAKER HUGHES CO,same month,2023-07
2023-07-01,85424,DRQ,DRIL QUIP INC,same month,2023-07
2023-07-01,20189,DASH,DOORDASH INC,same month,2023-07
2023-07-01,21125,ZIP,ZIPRECRUITER INC,same month,2023-07
2023-07-01,15826,SQ,BLOCK INC,same month,2023-07
2023-07-01,86783,BKNG,BOOKING HOLDINGS INC,same month,2023-07
2023-07-01,18011,SONO,SONOS INC,same month,2023-07
2023-07-01,21957,RELY,REMITLY GLOBAL INC,same month,2023-07
2023-07-01,18725,RVLV,REVOLVE GROUP INC,same month,2023-07
2023-07-01,16338,VVV,VALVOLINE INC,same month,2023-07
2023-07-01,76261,EXPO,EXPONENT INC,same month,2023-07
2023-07-01,20659,VZIO,VIZIO HOLDING CORP,same month,2023-07
2023-07-01,92852,LOPE,GRAND CANYON EDUCATION INC,same month,2023-07
2023-07-01,84010,USNA,USANA HEALTH SCIENCES INC,same month,2023-07
2023-07-01,13318,YELP,YELP INC,same month,2023-07
2023-07-01,15546,Z,ZILLOW GROUP INC,same month,2023-07
2023-07-01,80054,MED,MEDIFAST INC,same month,2023-07
2023-07-01,84788,AMZN,AMAZON COM INC,same month,2023-07
2023-07-01,13625,SSTK,SHUTTERSTOCK INC,same month,2023-07
2023-07-01,16309,TTD,TRADE DESK INC,same month,2023-07
2023-07-01,14521,TNET,TRINET GROUP INC,same month,2023-07
2023-07-01,75233,VGR,VECTOR GROUP LTD,same month,2023-07
2023-07-01,86356,EBAY,EBAY INC,same month,2023-07
2023-07-01,11884,IPAR,INTERMEDIATE PARFUMS INC,same month,2023-07
2023-07-01,18485,PINS,PINTEREST INC,same month,2023-07
2023-07-01,16595,SNAP,SNAP INC,same month,2023-07
2023-07-01,57665,NKE,NIKE INC,same month,2023-07
2023-07-01,20190,ABNB,AIRBNB INC,same month,2023-07
2023-07-01,15440,WING,WINGSTOP INC,same month,2023-07
2023-07-01,58975,OII,OCEANEERING INTERNATIONAL INC,same month,2023-07
2023-07-01,16171,KNSL,KINSALE CAPITAL GROUP INC,same month,2023-07
2023-07-01,18063,EB,EVENTBRITE INC,same month,2023-07
2023-07-01,76839,FIZZ,NATIONAL BEVERAGE CORP,same month,2023-07
2023-07-01,92203,LULU,LULULEMON ATHLETICA INC,same month,2023-07
2023-07-01,89031,AXON,AXON ENTERPRISE INC,same month,2023-07
2023-07-01,20447,PLTK,PLAYTIKA HOLDING CORP,same month,2023-07
2023-07-01,64961,NXGN,NEXTGEN HEALTHCARE INC,same month,2023-07
2023-07-01,47466,NYT,NEW YORK TIMES CO,same month,2023-07
2023-07-01,17281,WHD,CACTUS INC,same month,2023-07
2023-07-01,85168,HLX,HELIX ENERGY SOLUTIONS GROUP INC,same month,2023-07
2023-07-01,11775,JOUT,JOHNSON OUTDOORS INC,same month,2023-07
2023-07-01,90248,DPZ,DOMINOS PIZZA INC,same month,2023-07
2023-07-01,21564,LZ,LEGALZOOM COM INC,same month,2023-07
2023-07-01,85348,YUM,YUM BRANDS INC,same month,2023-07
2023-07-01,16668,ZYME,ZYMEWORKS INC DE,same month,2023-07
2023-07-01,84385,NSP,INSPERITY INC,same month,2023-07
2023-07-01,91606,CPRX,CATALYST PHARMACEUTICALS INC,same month,2023-07
2023-07-01,71985,SHYF,SHYFT GROUP INC,same month,2023-07
2023-07-01,93263,CELH,CELSIUS HOLDINGS INC,same month,2023-07
2023-07-01,90971,IRBT,IROBOT CORP,same month,2023-07
2023-07-01,88031,MNST,MONSTER BEVERAGE CORP NEW,same month,2023-07
2023-07-01,77637,FC,FRANKLIN COVEY CO,same month,2023-07
2023-07-01,90319,GOOGL,ALPHABET INC,same month,2023-07
2023-07-01,20682,CPNG,COUPANG INC,same month,2023-07
2023-07-01,90125,CORT,CORCEPT THERAPEUTICS INC,same month,2023-07
2023-07-01,88167,HSTM,HEALTHSTREAM INC,same month,2023-07
2023-07-01,18769,ADPT,ADAPTIVE BIOTECHNOLOGIES CORP,same month,2023-07
2023-07-01,16555,UVV,UNIVERSAL CORP,same month,2023-07
2023-07-01,77702,SBUX,STARBUCKS CORP,same month,2023-07
2023-07-01,21776,EXC,EXELON CORP,same month,2023-07
2023-07-01,75182,PII,POLARIS INC,same month,2023-07
2023-07-01,38659,GNTX,GENTEX CORP,same month,2023-07
2023-07-01,79785,NVR,N V R INC,same month,2023-07
2023-07-01,90979,UAA,UNDER ARMOUR INC,same month,2023-07
2023-07-01,21178,LMT,LOCKHEED MARTIN CORP,same month,2023-07
2023-07-01,19561,BA,BOEING CO,same month,2023-07
2023-07-01,48523,LANC,LANCASTER COLONY CORP,same month,2023-07
2023-07-01,10145,HON,HONEYWELL INTERNATIONAL INC,same month,2023-07
2023-07-01,79906,INCY,INCYTE CORP,same month,2023-07
2023-07-01,14495,ATEN,A10 NETWORKS INC,same month,2023-07
2023-07-01,41080,CMI,CUMMINS INC,same month,2023-07
2023-07-01,92753,ERII,ENERGY RECOVERY INC,same month,2023-07
2023-07-01,75828,EA,ELECTRONIC ARTS INC,same month,2023-07
2023-07-01,23568,MBC,MASTERBRAND INC,same month,2023-07
2023-07-01,78003,VTNR,VERTEX ENERGY INC,same month,2023-07
2023-07-01,88988,IDT,I D T CORP,same month,2023-07
2023-07-01,14985,BSIG,BRIGHTSPHERE INVESTMENT GRP INC,same month,2023-07
2023-07-01,18065,GTX,GARRETT MOTION INC,same month,2023-07
2023-07-01,90868,OFLX,OMEGA FLEX INC,same month,2023-07
2023-07-01,21122,FLYW,FLYWIRE CORP,same month,2023-07
2023-07-01,91688,EIG,EMPLOYERS HOLDINGS INC,same month,2023-07
2023-07-01,13249,PRLB,PROTO LABS INC,same month,2023-07
2023-07-01,21723,HOOD,ROBINHOOD MARKETS INC,same month,2023-07
2023-07-01,86102,FHI,FEDERATED HERMES INC,same month,2023-07
2023-07-01,84511,VCEL,VERICEL CORP,same month,2023-07
2023-07-01,83509,FCN,F T I CONSULTING INC,same month,2023-07
2023-07-01,13105,ACHC,ACADIA HEALTHCARE CO INC,same month,2023-07
2023-07-01,15795,SGRY,SURGERY PARTNERS INC,same month,2023-07
2023-07-01,17684,AHCO,ADAPTHEALTH CORP,same month,2023-07
2023-07-01,14813,MARA,MARATHON DIGITAL HOLDINGS INC,same month,2023-07
2023-07-01,14763,CTLT,CATALENT INC,same month,2023-07
2023-07-01,49680,DHR,DANAHER CORP,same month,2023-07
2023-07-01,20884,SCLX,SCILEX HOLDING CO,same month,2023-07
2023-07-01,11481,EBIX,EBIX INC,same month,2023-07
2023-07-01,16000,LSXMK,LIBERTY MEDIA CORP 3RD NEW,same month,2023-07
2023-07-01,92213,RIOT,RIOT PLATFORMS INC,same month,2023-07
2023-07-01,19628,IRON,DISC MEDICINE INC,same month,2023-07
2023-07-01,16917,BKI,BLACK KNIGHT INC,same month,2023-07
2023-07-01,18579,AVTR,AVANTOR INC,same month,2023-07
2023-07-01,64186,CI,CIGNA GROUP,same month,2023-07
2023-07-01,88648,TTMI,TTM TECHNOLOGIES INC,same month,2023-07
2023-07-01,91926,DAL,DELTA AIR LINES INC,same month,2023-07
2023-07-01,91103,UAL,UNITED AIRLINES HOLDINGS INC,same month,2023-07
2023-07-01,84769,APH,AMPHENOL CORP NEW,same month,2023-07
2023-07-01,66800,AIG,AMERICAN INTERNATIONAL GROUP INC,same month,2023-07
2023-07-01,93035,SEM,SELECT MEDICAL HOLDINGS CORP,same month,2023-07
2023-07-01,21876,TYGO,TIGO ENERGY INC,same month,2023-07
2023-07-01,27334,CSL,CARLISLE COMPANIES,same month,2023-07
2023-07-01,84372,NCR,N C R CORP NEW,same month,2023-07
2023-07-01,93179,PPC,PILGRIMS PRIDE CORP NEW,same month,2023-07
2023-07-01,14329,ARMK,ARAMARK,same month,2023-07
2023-07-01,21942,LWLG,LIGHTWAVE LOGIC INC,same month,2023-07
2023-07-01,82307,DVA,DAVITA INC,same month,2023-07
2023-07-01,26403,DIS,DISNEY WALT CO,same month,2023-07
2023-07-01,88360,MRVL,MARVELL TECHNOLOGY INC,same month,2023-07
2023-07-01,19316,SPHR,SPHERE ENTERTAINMENT CO,same month,2023-07
2023-07-01,13949,CDW,C D W CORP NEW,same month,2023-07
2023-07-01,76856,FCFS,FIRSTCASH HOLDINGS INC,same month,2023-07
2023-07-01,79094,JBL,JABIL INC,same month,2023-07
2023-07-01,10200,RGEN,REPLIGEN CORP,same month,2023-07
2023-07-01,88182,ON,ON SEMICONDUCTOR CORP,same month,2023-07
2023-07-01,20901,AGTI,AGILITI INC,same month,2023-07
2023-07-01,14988,LBRDK,LIBERTY BROADBAND CORP,same month,2023-07
2023-07-01,29209,ARW,ARROW ELECTRONICS INC,same month,2023-07
2023-07-01,20870,RXDX,PROMETHEUS BIOSCIENCES INC,carried forward from an earlier month,2023-06
2023-07-01,80362,SCSC,SCANSOURCE INC,same month,2023-07
2023-07-01,77730,TSN,TYSON FOODS INC,same month,2023-07
2023-07-01,89508,KMX,CARMAX INC,same month,2023-07
2023-07-01,90097,UCTT,ULTRA CLEAN HOLDINGS INC,same month,2023-07
2023-07-01,10693,EHC,ENCOMPASS HEALTH CORP,same month,2023-07
2023-07-01,20357,IONQ,IONQ INC,same month,2023-07
2023-07-01,57808,VSH,VISHAY INTERTECHNOLOGY INC,same month,2023-07
2023-07-01,19751,LCID,LUCID GROUP INC,same month,2023-07
2023-07-01,66384,WDC,WESTERN DIGITAL CORP,same month,2023-07
2023-07-01,76226,PARA,PARAMOUNT GLOBAL,same month,2023-07
2023-07-01,91611,FSLR,FIRST SOLAR INC,same month,2023-07
2023-07-01,79668,BDC,BELDEN INC NEW,same month,2023-07
2023-07-01,15643,RUN,SUNRUN INC,same month,2023-07
2023-07-01,21262,DAWN,DAY ONE BIOPHARMACEUTICALS INC,same month,2023-07
2023-07-01,53613,MU,MICRON TECHNOLOGY INC,same month,2023-07
2023-07-01,84348,VSAT,VIASAT INC,same month,2023-07
2023-07-01,59328,INTC,INTEL CORP,same month,2023-07
2023-07-01,10158,AMRC,AMERESCO INC,same month,2023-07
2023-07-01,82272,MD,PEDIATRIX MEDICAL GROUP INC,same month,2023-07
2023-07-01,12266,CDMO,AVID BIOSERVICES INC,same month,2023-07
2023-07-01,21020,AAL,AMERICAN AIRLINES GROUP INC,same month,2023-07
2023-07-01,80050,UFPT,U F P TECHNOLOGIES INC,same month,2023-07
2023-07-01,87426,LCII,L C I INDUSTRIES,same month,2023-07
2023-07-01,15221,RCKT,ROCKET PHARMACEUTICALS INC,same month,2023-07
2023-07-01,16086,HTZ,HERTZ GLOBAL HOLDINGS INC NEW,same month,2023-07
2023-07-01,40125,DXC,D X C TECHNOLOGY CO,same month,2023-07
2023-07-01,85886,CNXN,PC CONNECTION INC,same month,2023-07
2023-07-01,81740,SBGI,SINCLAIR INC,same month,2023-07
2023-07-01,91915,CNK,CINEMARK HOLDINGS INC,same month,2023-07
2023-07-01,20820,MOND,MONDEE HOLDINGS INC,same month,2023-07
2023-07-01,77918,LFUS,LITTELFUSE INC,same month,2023-07
2023-07-01,22626,AMLX,AMYLYX PHARMACEUTICALS INC,same month,2023-07
2023-07-01,15527,LOB,LIVE OAK BANCSHARES INC,same month,2023-07
2023-07-01,13921,CUBI,CUSTOMERS BANCORP INC,same month,2023-07
2023-07-01,60186,OMI,OWENS & MINOR INC NEW,same month,2023-07
2023-07-01,19593,MIR,MIRION TECHNOLOGIES INC,same month,2023-07
2023-07-01,81220,NSIT,INSIGHT ENTERPRISES INC,same month,2023-07
2023-07-01,20381,NVTS,NAVITAS SEMICONDUCTOR CORP,same month,2023-07
2023-07-01,20339,AFRM,AFFIRM HOLDINGS INC,same month,2023-07
2023-07-01,81621,HLIT,HARMONIC INC,same month,2023-07
2023-07-01,19655,STEP,STEPSTONE GROUP INC,same month,2023-07
2023-07-01,20196,UPST,UPSTART HOLDINGS INC,same month,2023-07
2023-07-01,19404,FOUR,SHIFT4 PAYMENTS INC,same month,2023-07
2023-07-01,23352,AMPX,AMPRIUS TECHNOLOGIES INC,same month,2023-07
2023-07-01,16989,KIDS,ORTHOPEDIATRICS CORP,same month,2023-07
2023-07-01,10777,FCNCA,FIRST CITIZENS BANCSHARES INC NC,same month,2023-07
2023-07-01,89986,APLD,APPLIED DIGITAL CORP,same month,2023-07
2023-07-01,10547,CLFD,CLEARFIELD INC,same month,2023-07
2023-07-01,27684,AVT,AVNET INC,same month,2023-07
2023-07-01,86047,AMKR,AMKOR TECHNOLOGY INC,same month,2023-07
2023-07-01,19484,PCVX,VAXCYTE INC,same month,2023-07
2023-07-01,86896,CBU,COMMUNITY BANK SYSTEM INC,same month,2023-07
2023-07-01,15948,NIC,NICOLET BANKSHARES INC,same month,2023-07
2023-07-01,10932,WBS,WEBSTER FINANCIAL CORP,same month,2023-07
2023-07-01,20057,VTRS,VIATRIS INC,same month,2023-07
2023-07-01,89395,PNFP,PINNACLE FINANCIAL PARTNERS INC,same month,2023-07
2023-07-01,25487,CAR,AVIS BUDGET GROUP INC,same month,2023-07
2023-07-01,89327,ABG,ASBURY AUTOMOTIVE GROUP INC,same month,2023-07
2023-07-01,11587,ATRI,ATRION CORP,same month,2023-07
2023-07-01,80072,VLY,VALLEY NATIONAL BANCORP,same month,2023-07
2023-07-01,83989,GTN,GRAY TELEVISION INC,same month,2023-07
2023-08-01,65700,USLM,UNITED STATES LIME MINERALS INC,same month,2023-08
2023-08-01,21614,DUOL,DUOLINGO INC,same month,2023-08
2023-08-01,85724,PRDO,PERDOCEO EDUCATION CORP,same month,2023-08
2023-08-01,20681,COUR,COURSERA INC,same month,2023-08
2023-08-01,22248,UDMY,UDEMY INC,same month,2023-08
2023-08-01,83124,CSGS,C S G SYSTEMS INTERNATIONAL INC,same month,2023-08
2023-08-01,73219,RGR,STURM RUGER & CO INC,same month,2023-08
2023-08-01,15291,ETSY,ETSY INC,same month,2023-08
2023-08-01,18134,UPWK,UPWORK INC,same month,2023-08
2023-08-01,79491,WINA,WINMARK CORP,same month,2023-08
2023-08-01,18452,LYFT,LYFT INC,same month,2023-08
2023-08-01,18065,GTX,GARRETT MOTION INC,same month,2023-08
2023-08-01,20189,DASH,DOORDASH INC,same month,2023-08
2023-08-01,92221,MELI,MERCADOLIBRE INC,same month,2023-08
2023-08-01,21125,ZIP,ZIPRECRUITER INC,same month,2023-08
2023-08-01,90868,OFLX,OMEGA FLEX INC,same month,2023-08
2023-08-01,13249,PRLB,PROTO LABS INC,same month,2023-08
2023-08-01,76128,VICR,VICOR CORP,same month,2023-08
2023-08-01,84010,USNA,USANA HEALTH SCIENCES INC,same month,2023-08
2023-08-01,18011,SONO,SONOS INC,same month,2023-08
2023-08-01,15826,SQ,BLOCK INC,same month,2023-08
2023-08-01,21957,RELY,REMITLY GLOBAL INC,same month,2023-08
2023-08-01,14985,BSIG,BRIGHTSPHERE INVESTMENT GRP INC,same month,2023-08
2023-08-01,92852,LOPE,GRAND CANYON EDUCATION INC,same month,2023-08
2023-08-01,84788,AMZN,AMAZON COM INC,same month,2023-08
2023-08-01,15440,WING,WINGSTOP INC,same month,2023-08
2023-08-01,86783,BKNG,BOOKING HOLDINGS INC,same month,2023-08
2023-08-01,79248,THRM,GENTHERM INC,same month,2023-08
2023-08-01,16171,KNSL,KINSALE CAPITAL GROUP INC,same month,2023-08
2023-08-01,76261,EXPO,EXPONENT INC,same month,2023-08
2023-08-01,13318,YELP,YELP INC,same month,2023-08
2023-08-01,21122,FLYW,FLYWIRE CORP,same month,2023-08
2023-08-01,75034,BKR,BAKER HUGHES CO,same month,2023-08
2023-08-01,16338,VVV,VALVOLINE INC,same month,2023-08
2023-08-01,86356,EBAY,EBAY INC,same month,2023-08
2023-08-01,91688,EIG,EMPLOYERS HOLDINGS INC,same month,2023-08
2023-08-01,75233,VGR,VECTOR GROUP LTD,same month,2023-08
2023-08-01,20447,PLTK,PLAYTIKA HOLDING CORP,same month,2023-08
2023-08-01,86102,FHI,FEDERATED HERMES INC,same month,2023-08
2023-08-01,18485,PINS,PINTEREST INC,same month,2023-08
2023-08-01,16309,TTD,TRADE DESK INC,same month,2023-08
2023-08-01,93263,CELH,CELSIUS HOLDINGS INC,same month,2023-08
2023-08-01,14521,TNET,TRINET GROUP INC,same month,2023-08
2023-08-01,84511,VCEL,VERICEL CORP,same month,2023-08
2023-08-01,57665,NKE,NIKE INC,same month,2023-08
2023-08-01,21564,LZ,LEGALZOOM COM INC,same month,2023-08
2023-08-01,80054,MED,MEDIFAST INC,same month,2023-08
2023-08-01,13625,SSTK,SHUTTERSTOCK INC,same month,2023-08
2023-08-01,92203,LULU,LULULEMON ATHLETICA INC,same month,2023-08
2023-08-01,16595,SNAP,SNAP INC,same month,2023-08
2023-08-01,76839,FIZZ,NATIONAL BEVERAGE CORP,same month,2023-08
2023-08-01,84385,NSP,INSPERITY INC,same month,2023-08
2023-08-01,88031,MNST,MONSTER BEVERAGE CORP NEW,same month,2023-08
2023-08-01,85424,DRQ,DRIL QUIP INC,same month,2023-08
2023-08-01,20659,VZIO,VIZIO HOLDING CORP,same month,2023-08
2023-08-01,15546,Z,ZILLOW GROUP INC,same month,2023-08
2023-08-01,90971,IRBT,IROBOT CORP,same month,2023-08
2023-08-01,85348,YUM,YUM BRANDS INC,same month,2023-08
2023-08-01,47466,NYT,NEW YORK TIMES CO,same month,2023-08
2023-08-01,77637,FC,FRANKLIN COVEY CO,same month,2023-08
2023-08-01,20190,ABNB,AIRBNB INC,same month,2023-08
2023-08-01,64961,NXGN,NEXTGEN HEALTHCARE INC,same month,2023-08
2023-08-01,11884,IPAR,INTERMEDIATE PARFUMS INC,same month,2023-08
2023-08-01,83509,FCN,F T I CONSULTING INC,same month,2023-08
2023-08-01,18725,RVLV,REVOLVE GROUP INC,same month,2023-08
2023-08-01,20682,CPNG,COUPANG INC,same month,2023-08
2023-08-01,90319,GOOGL,ALPHABET INC,same month,2023-08
2023-08-01,21723,HOOD,ROBINHOOD MARKETS INC,same month,2023-08
2023-08-01,89031,AXON,AXON ENTERPRISE INC,same month,2023-08
2023-08-01,18063,EB,EVENTBRITE INC,same month,2023-08
2023-08-01,88167,HSTM,HEALTHSTREAM INC,same month,2023-08
2023-08-01,77702,SBUX,STARBUCKS CORP,same month,2023-08
2023-08-01,23568,MBC,MASTERBRAND INC,same month,2023-08
2023-08-01,90125,CORT,CORCEPT THERAPEUTICS INC,same month,2023-08
2023-08-01,91606,CPRX,CATALYST PHARMACEUTICALS INC,same month,2023-08
2023-08-01,17281,WHD,CACTUS INC,same month,2023-08
2023-08-01,85168,HLX,HELIX ENERGY SOLUTIONS GROUP INC,same month,2023-08
2023-08-01,79785,NVR,N V R INC,same month,2023-08
2023-08-01,21178,LMT,LOCKHEED MARTIN CORP,same month,2023-08
2023-08-01,14495,ATEN,A10 NETWORKS INC,same month,2023-08
2023-08-01,58975,OII,OCEANEERING INTERNATIONAL INC,same month,2023-08
2023-08-01,48523,LANC,LANCASTER COLONY CORP,same month,2023-08
2023-08-01,16555,UVV,UNIVERSAL CORP,same month,2023-08
2023-08-01,10145,HON,HONEYWELL INTERNATIONAL INC,same month,2023-08
2023-08-01,41080,CMI,CUMMINS INC,same month,2023-08
2023-08-01,21361,HGTY,HAGERTY INC,same month,2023-08
2023-08-01,17688,GSHD,GOOSEHEAD INSURANCE INC,same month,2023-08
2023-08-01,68830,REX,REX AMERICAN RESOURCES CORP,same month,2023-08
2023-08-01,20646,OSCR,OSCAR HEALTH INC,same month,2023-08
2023-08-01,81665,GIC,GLOBAL INDUSTRIAL CO,same month,2023-08
2023-08-01,23679,SKWD,SKYWARD SPECIALTY INSUR GP INC,same month,2023-08
2023-08-01,41292,HCSG,HEALTHCARE SERVICES GROUP INC,same month,2023-08
2023-08-01,90963,AMSF,AMERISAFE INC,same month,2023-08
2023-08-01,16277,DFIN,DONNELLEY FINANCIAL SOL INC,same month,2023-08
2023-08-01,17367,LPRO,OPEN LENDING CORP,same month,2023-08
2023-08-01,13537,FRG,FRANCHISE GROUP INC,same month,2023-08
2023-08-01,13577,HY,HYSTER YALE MATERIALS HANDLG INC,same month,2023-08
2023-08-01,15937,EDIT,EDITAS MEDICINE INC,same month,2023-08
2023-08-01,85972,CRAI,C R A INTERNATIONAL INC,same month,2023-08
2023-08-01,75460,TNC,TENNANT CO,same month,2023-08
2023-08-01,13105,ACHC,ACADIA HEALTHCARE CO INC,same month,2023-08
2023-08-01,16917,BKI,BLACK KNIGHT INC,same month,2023-08
2023-08-01,17684,AHCO,ADAPTHEALTH CORP,same month,2023-08
2023-08-01,49680,DHR,DANAHER CORP,same month,2023-08
2023-08-01,14763,CTLT,CATALENT INC,same month,2023-08
2023-08-01,15795,SGRY,SURGERY PARTNERS INC,same month,2023-08
2023-08-01,20884,SCLX,SCILEX HOLDING CO,same month,2023-08
2023-08-01,16000,LSXMK,LIBERTY MEDIA CORP 3RD NEW,same month,2023-08
2023-08-01,88182,ON,ON SEMICONDUCTOR CORP,same month,2023-08
2023-08-01,18579,AVTR,AVANTOR INC,same month,2023-08
2023-08-01,84769,APH,AMPHENOL CORP NEW,same month,2023-08
2023-08-01,10200,RGEN,REPLIGEN CORP,same month,2023-08
2023-08-01,20057,VTRS,VIATRIS INC,same month,2023-08
2023-08-01,91926,DAL,DELTA AIR LINES INC,same month,2023-08
2023-08-01,89986,APLD,APPLIED DIGITAL CORP,same month,2023-08
2023-08-01,84372,NCR,N C R CORP NEW,same month,2023-08
2023-08-01,64186,CI,CIGNA GROUP,same month,2023-08
2023-08-01,19628,IRON,DISC MEDICINE INC,same month,2023-08
2023-08-01,14813,MARA,MARATHON DIGITAL HOLDINGS INC,same month,2023-08
2023-08-01,91103,UAL,UNITED AIRLINES HOLDINGS INC,same month,2023-08
2023-08-01,80362,SCSC,SCANSOURCE INC,same month,2023-08
2023-08-01,88648,TTMI,TTM TECHNOLOGIES INC,same month,2023-08
2023-08-01,21876,TYGO,TIGO ENERGY INC,same month,2023-08
2023-08-01,27684,AVT,AVNET INC,same month,2023-08
2023-08-01,11481,EBIX,EBIX INC,same month,2023-08
2023-08-01,93179,PPC,PILGRIMS PRIDE CORP NEW,same month,2023-08
2023-08-01,20357,IONQ,IONQ INC,same month,2023-08
2023-08-01,92213,RIOT,RIOT PLATFORMS INC,same month,2023-08
2023-08-01,14329,ARMK,ARAMARK,same month,2023-08
2023-08-01,86047,AMKR,AMKOR TECHNOLOGY INC,same month,2023-08
2023-08-01,88360,MRVL,MARVELL TECHNOLOGY INC,same month,2023-08
2023-08-01,11587,ATRI,ATRION CORP,same month,2023-08
2023-08-01,10932,WBS,WEBSTER FINANCIAL CORP,same month,2023-08
2023-08-01,66800,AIG,AMERICAN INTERNATIONAL GROUP INC,same month,2023-08
2023-08-01,93035,SEM,SELECT MEDICAL HOLDINGS CORP,same month,2023-08
2023-08-01,79094,JBL,JABIL INC,same month,2023-08
2023-08-01,19751,LCID,LUCID GROUP INC,same month,2023-08
2023-08-01,19316,SPHR,SPHERE ENTERTAINMENT CO,same month,2023-08
2023-08-01,26403,DIS,DISNEY WALT CO,same month,2023-08
2023-08-01,80072,VLY,VALLEY NATIONAL BANCORP,same month,2023-08
2023-08-01,14988,LBRDK,LIBERTY BROADBAND CORP,same month,2023-08
2023-08-01,90097,UCTT,ULTRA CLEAN HOLDINGS INC,same month,2023-08
2023-08-01,13949,CDW,C D W CORP NEW,same month,2023-08
2023-08-01,21942,LWLG,LIGHTWAVE LOGIC INC,same month,2023-08
2023-08-01,89395,PNFP,PINNACLE FINANCIAL PARTNERS INC,same month,2023-08
2023-08-01,77730,TSN,TYSON FOODS INC,same month,2023-08
2023-08-01,20901,AGTI,AGILITI INC,same month,2023-08
2023-08-01,83989,GTN,GRAY TELEVISION INC,same month,2023-08
2023-08-01,89327,ABG,ASBURY AUTOMOTIVE GROUP INC,same month,2023-08
2023-08-01,76226,PARA,PARAMOUNT GLOBAL,same month,2023-08
2023-08-01,15643,RUN,SUNRUN INC,same month,2023-08
2023-08-01,19484,PCVX,VAXCYTE INC,same month,2023-08
2023-08-01,76856,FCFS,FIRSTCASH HOLDINGS INC,same month,2023-08
2023-08-01,10158,AMRC,AMERESCO INC,same month,2023-08
2023-08-01,77918,LFUS,LITTELFUSE INC,same month,2023-08
2023-08-01,81220,NSIT,INSIGHT ENTERPRISES INC,same month,2023-08
2023-08-01,29209,ARW,ARROW ELECTRONICS INC,same month,2023-08
2023-08-01,10547,CLFD,CLEARFIELD INC,same month,2023-08
2023-08-01,27334,CSL,CARLISLE COMPANIES,same month,2023-08
2023-08-01,82307,DVA,DAVITA INC,same month,2023-08
2023-08-01,20381,NVTS,NAVITAS SEMICONDUCTOR CORP,same month,2023-08
2023-08-01,10693,EHC,ENCOMPASS HEALTH CORP,same month,2023-08
2023-08-01,15948,NIC,NICOLET BANKSHARES INC,same month,2023-08
2023-08-01,82272,MD,PEDIATRIX MEDICAL GROUP INC,same month,2023-08
2023-08-01,59328,INTC,INTEL CORP,same month,2023-08
2023-08-01,20196,UPST,UPSTART HOLDINGS INC,same month,2023-08
2023-08-01,21020,AAL,AMERICAN AIRLINES GROUP INC,same month,2023-08
2023-08-01,25487,CAR,AVIS BUDGET GROUP INC,same month,2023-08
2023-08-01,22626,AMLX,AMYLYX PHARMACEUTICALS INC,same month,2023-08
2023-08-01,20820,MOND,MONDEE HOLDINGS INC,same month,2023-08
2023-08-01,57808,VSH,VISHAY INTERTECHNOLOGY INC,same month,2023-08
2023-08-01,91611,FSLR,FIRST SOLAR INC,same month,2023-08
2023-08-01,89508,KMX,CARMAX INC,same month,2023-08
2023-08-01,80050,UFPT,U F P TECHNOLOGIES INC,same month,2023-08
2023-08-01,53613,MU,MICRON TECHNOLOGY INC,same month,2023-08
2023-08-01,19593,MIR,MIRION TECHNOLOGIES INC,same month,2023-08
2023-08-01,15527,LOB,LIVE OAK BANCSHARES INC,same month,2023-08
2023-08-01,66384,WDC,WESTERN DIGITAL CORP,same month,2023-08
2023-08-01,21262,DAWN,DAY ONE BIOPHARMACEUTICALS INC,same month,2023-08
2023-08-01,86896,CBU,COMMUNITY BANK SYSTEM INC,same month,2023-08
2023-08-01,16086,HTZ,HERTZ GLOBAL HOLDINGS INC NEW,same month,2023-08
2023-08-01,79668,BDC,BELDEN INC NEW,same month,2023-08
2023-08-01,91915,CNK,CINEMARK HOLDINGS INC,same month,2023-08
2023-08-01,23352,AMPX,AMPRIUS TECHNOLOGIES INC,same month,2023-08
2023-08-01,87426,LCII,L C I INDUSTRIES,same month,2023-08
2023-08-01,20339,AFRM,AFFIRM HOLDINGS INC,same month,2023-08
2023-08-01,15221,RCKT,ROCKET PHARMACEUTICALS INC,same month,2023-08
2023-08-01,85886,CNXN,PC CONNECTION INC,same month,2023-08
2023-08-01,84348,VSAT,VIASAT INC,same month,2023-08
2023-08-01,19655,STEP,STEPSTONE GROUP INC,same month,2023-08
2023-08-01,12266,CDMO,AVID BIOSERVICES INC,same month,2023-08
2023-08-01,90377,ONTO,ONTO INNOVATION INC,same month,2023-08
2023-08-01,78875,WOLF,WOLFSPEED INC,same month,2023-08
2023-08-01,17223,ADT,A D T INC,same month,2023-08
2023-08-01,76224,BHE,BENCHMARK ELECTRONICS INC,same month,2023-08
2023-08-01,91907,SMCI,SUPER MICRO COMPUTER INC,same month,2023-08
2023-08-01,10516,ADM,ARCHER DANIELS MIDLAND CO,same month,2023-08
2023-08-01,81696,DISH,DISH NETWORK CORP,same month,2023-08
2023-08-01,27633,R,RYDER SYSTEMS INC,same month,2023-08
2023-08-01,14882,CZR,CAESARS ENTERTAINMENT INC DE,same month,2023-08
2023-09-01,22248,UDMY,UDEMY INC,same month,2023-09
2023-09-01,21614,DUOL,DUOLINGO INC,same month,2023-09
2023-09-01,20681,COUR,COURSERA INC,same month,2023-09
2023-09-01,15291,ETSY,ETSY INC,same month,2023-09
2023-09-01,65700,USLM,UNITED STATES LIME MINERALS INC,same month,2023-09
2023-09-01,73219,RGR,STURM RUGER & CO INC,same month,2023-09
2023-09-01,13249,PRLB,PROTO LABS INC,same month,2023-09
2023-09-01,76128,VICR,VICOR CORP,same month,2023-09
2023-09-01,20189,DASH,DOORDASH INC,same month,2023-09
2023-09-01,18011,SONO,SONOS INC,same month,2023-09
2023-09-01,16338,VVV,VALVOLINE INC,same month,2023-09
2023-09-01,18065,GTX,GARRETT MOTION INC,same month,2023-09
2023-09-01,79491,WINA,WINMARK CORP,same month,2023-09
2023-09-01,85724,PRDO,PERDOCEO EDUCATION CORP,same month,2023-09
2023-09-01,83124,CSGS,C S G SYSTEMS INTERNATIONAL INC,same month,2023-09
2023-09-01,21125,ZIP,ZIPRECRUITER INC,same month,2023-09
2023-09-01,17367,LPRO,OPEN LENDING CORP,same month,2023-09
2023-09-01,84788,AMZN,AMAZON COM INC,same month,2023-09
2023-09-01,15440,WING,WINGSTOP INC,same month,2023-09
2023-09-01,21564,LZ,LEGALZOOM COM INC,same month,2023-09
2023-09-01,68830,REX,REX AMERICAN RESOURCES CORP,same month,2023-09
2023-09-01,13318,YELP,YELP INC,same month,2023-09
2023-09-01,18452,LYFT,LYFT INC,same month,2023-09
2023-09-01,41292,HCSG,HEALTHCARE SERVICES GROUP INC,same month,2023-09
2023-09-01,84010,USNA,USANA HEALTH SCIENCES INC,same month,2023-09
2023-09-01,76261,EXPO,EXPONENT INC,same month,2023-09
2023-09-01,75034,BKR,BAKER HUGHES CO,same month,2023-09
2023-09-01,86783,BKNG,BOOKING HOLDINGS INC,same month,2023-09
2023-09-01,86356,EBAY,EBAY INC,same month,2023-09
2023-09-01,90868,OFLX,OMEGA FLEX INC,same month,2023-09
2023-09-01,21361,HGTY,HAGERTY INC,same month,2023-09
2023-09-01,93263,CELH,CELSIUS HOLDINGS INC,same month,2023-09
2023-09-01,20447,PLTK,PLAYTIKA HOLDING CORP,same month,2023-09
2023-09-01,92221,MELI,MERCADOLIBRE INC,same month,2023-09
2023-09-01,76839,FIZZ,NATIONAL BEVERAGE CORP,same month,2023-09
2023-09-01,18485,PINS,PINTEREST INC,same month,2023-09
2023-09-01,81665,GIC,GLOBAL INDUSTRIAL CO,same month,2023-09
2023-09-01,14521,TNET,TRINET GROUP INC,same month,2023-09
2023-09-01,15826,SQ,BLOCK INC,same month,2023-09
2023-09-01,90963,AMSF,AMERISAFE INC,same month,2023-09
2023-09-01,90971,IRBT,IROBOT CORP,same month,2023-09
2023-09-01,92852,LOPE,GRAND CANYON EDUCATION INC,same month,2023-09
2023-09-01,16171,KNSL,KINSALE CAPITAL GROUP INC,same month,2023-09
2023-09-01,20646,OSCR,OSCAR HEALTH INC,same month,2023-09
2023-09-01,20659,VZIO,VIZIO HOLDING CORP,same month,2023-09
2023-09-01,16595,SNAP,SNAP INC,same month,2023-09
2023-09-01,85348,YUM,YUM BRANDS INC,same month,2023-09
2023-09-01,16309,TTD,TRADE DESK INC,same month,2023-09
2023-09-01,15937,EDIT,EDITAS MEDICINE INC,same month,2023-09
2023-09-01,75233,VGR,VECTOR GROUP LTD,same month,2023-09
2023-09-01,13625,SSTK,SHUTTERSTOCK INC,same month,2023-09
2023-09-01,15546,Z,ZILLOW GROUP INC,same month,2023-09
2023-09-01,84511,VCEL,VERICEL CORP,same month,2023-09
2023-09-01,92203,LULU,LULULEMON ATHLETICA INC,same month,2023-09
2023-09-01,90319,GOOGL,ALPHABET INC,same month,2023-09
2023-09-01,18134,UPWK,UPWORK INC,same month,2023-09
2023-09-01,57665,NKE,NIKE INC,same month,2023-09
2023-09-01,20190,ABNB,AIRBNB INC,same month,2023-09
2023-09-01,88031,MNST,MONSTER BEVERAGE CORP NEW,same month,2023-09
2023-09-01,17688,GSHD,GOOSEHEAD INSURANCE INC,same month,2023-09
2023-09-01,79248,THRM,GENTHERM INC,same month,2023-09
2023-09-01,21122,FLYW,FLYWIRE CORP,same month,2023-09
2023-09-01,86102,FHI,FEDERATED HERMES INC,same month,2023-09
2023-09-01,21178,LMT,LOCKHEED MARTIN CORP,same month,2023-09
2023-09-01,77702,SBUX,STARBUCKS CORP,same month,2023-09
2023-09-01,85972,CRAI,C R A INTERNATIONAL INC,same month,2023-09
2023-09-01,90125,CORT,CORCEPT THERAPEUTICS INC,same month,2023-09
2023-09-01,88167,HSTM,HEALTHSTREAM INC,same month,2023-09
2023-09-01,23679,SKWD,SKYWARD SPECIALTY INSUR GP INC,same month,2023-09
2023-09-01,47466,NYT,NEW YORK TIMES CO,same month,2023-09
2023-09-01,18063,EB,EVENTBRITE INC,same month,2023-09
2023-09-01,21723,HOOD,ROBINHOOD MARKETS INC,same month,2023-09
2023-09-01,91688,EIG,EMPLOYERS HOLDINGS INC,same month,2023-09
2023-09-01,18725,RVLV,REVOLVE GROUP INC,same month,2023-09
2023-09-01,20682,CPNG,COUPANG INC,same month,2023-09
2023-09-01,75460,TNC,TENNANT CO,same month,2023-09
2023-09-01,64961,NXGN,NEXTGEN HEALTHCARE INC,same month,2023-09
2023-09-01,11884,IPAR,INTERMEDIATE PARFUMS INC,same month,2023-09
2023-09-01,83509,FCN,F T I CONSULTING INC,same month,2023-09
2023-09-01,80054,MED,MEDIFAST INC,same month,2023-09
2023-09-01,89031,AXON,AXON ENTERPRISE INC,same month,2023-09
2023-09-01,21957,RELY,REMITLY GLOBAL INC,same month,2023-09
2023-09-01,23568,MBC,MASTERBRAND INC,same month,2023-09
2023-09-01,91606,CPRX,CATALYST PHARMACEUTICALS INC,same month,2023-09
2023-09-01,16277,DFIN,DONNELLEY FINANCIAL SOL INC,same month,2023-09
2023-09-01,13537,FRG,FRANCHISE GROUP INC,carried forward from an earlier month,2023-08
2023-09-01,10145,HON,HONEYWELL INTERNATIONAL INC,same month,2023-09
2023-09-01,14495,ATEN,A10 NETWORKS INC,same month,2023-09
2023-09-01,79785,NVR,N V R INC,same month,2023-09
2023-09-01,14985,BSIG,BRIGHTSPHERE INVESTMENT GRP INC,same month,2023-09
2023-09-01,13577,HY,HYSTER YALE MATERIALS HANDLG INC,same month,2023-09
2023-09-01,41080,CMI,CUMMINS INC,same month,2023-09
2023-09-01,17281,WHD,CACTUS INC,same month,2023-09
2023-09-01,82542,CCF,CHASE CORP,same month,2023-09
2023-09-01,18064,FTDR,FRONTDOOR INC,same month,2023-09
2023-09-01,56822,NWLI,NATIONAL WESTERN LIFE GROUP INC,same month,2023-09
2023-09-01,20657,ACVA,A C V AUCTIONS INC,same month,2023-09
2023-09-01,20441,ROVR,ROVER GROUP INC,same month,2023-09
2023-09-01,20315,PUBM,PUBMATIC INC,same month,2023-09
2023-09-01,23439,MBLY,MOBILEYE GLOBAL INC,same month,2023-09
2023-09-01,13105,ACHC,ACADIA HEALTHCARE CO INC,same month,2023-09
2023-09-01,16917,BKI,BLACK KNIGHT INC,same month,2023-09
2023-09-01,17684,AHCO,ADAPTHEALTH CORP,same month,2023-09
2023-09-01,14763,CTLT,CATALENT INC,same month,2023-09
2023-09-01,15795,SGRY,SURGERY PARTNERS INC,same month,2023-09
2023-09-01,20057,VTRS,VIATRIS INC,same month,2023-09
2023-09-01,14813,MARA,MARATHON DIGITAL HOLDINGS INC,same month,2023-09
2023-09-01,49680,DHR,DANAHER CORP,same month,2023-09
2023-09-01,89986,APLD,APPLIED DIGITAL CORP,same month,2023-09
2023-09-01,84372,NCR,N C R CORP NEW,same month,2023-09
2023-09-01,80362,SCSC,SCANSOURCE INC,same month,2023-09
2023-09-01,16000,LSXMK,LIBERTY MEDIA CORP 3RD NEW,same month,2023-09
2023-09-01,90377,ONTO,ONTO INNOVATION INC,same month,2023-09
2023-09-01,78875,WOLF,WOLFSPEED INC,same month,2023-09
2023-09-01,84769,APH,AMPHENOL CORP NEW,same month,2023-09
2023-09-01,13949,CDW,C D W CORP NEW,same month,2023-09
2023-09-01,27684,AVT,AVNET INC,same month,2023-09
2023-09-01,91926,DAL,DELTA AIR LINES INC,same month,2023-09
2023-09-01,19628,IRON,DISC MEDICINE INC,same month,2023-09
2023-09-01,18579,AVTR,AVANTOR INC,same month,2023-09
2023-09-01,88648,TTMI,TTM TECHNOLOGIES INC,same month,2023-09
2023-09-01,91103,UAL,UNITED AIRLINES HOLDINGS INC,same month,2023-09
2023-09-01,93035,SEM,SELECT MEDICAL HOLDINGS CORP,same month,2023-09
2023-09-01,10693,EHC,ENCOMPASS HEALTH CORP,same month,2023-09
2023-09-01,80072,VLY,VALLEY NATIONAL BANCORP,same month,2023-09
2023-09-01,14988,LBRDK,LIBERTY BROADBAND CORP,same month,2023-09
2023-09-01,79094,JBL,JABIL INC,same month,2023-09
2023-09-01,10932,WBS,WEBSTER FINANCIAL CORP,same month,2023-09
2023-09-01,88182,ON,ON SEMICONDUCTOR CORP,same month,2023-09
2023-09-01,10200,RGEN,REPLIGEN CORP,same month,2023-09
2023-09-01,81696,DISH,DISH NETWORK CORP,same month,2023-09
2023-09-01,14329,ARMK,ARAMARK,same month,2023-09
2023-09-01,11587,ATRI,ATRION CORP,same month,2023-09
2023-09-01,20901,AGTI,AGILITI INC,same month,2023-09
2023-09-01,19751,LCID,LUCID GROUP INC,same month,2023-09
2023-09-01,92213,RIOT,RIOT PLATFORMS INC,same month,2023-09
2023-09-01,83989,GTN,GRAY TELEVISION INC,same month,2023-09
2023-09-01,64186,CI,CIGNA GROUP,same month,2023-09
2023-09-01,14882,CZR,CAESARS ENTERTAINMENT INC DE,same month,2023-09
2023-09-01,26403,DIS,DISNEY WALT CO,same month,2023-09
2023-09-01,19316,SPHR,SPHERE ENTERTAINMENT CO,same month,2023-09
2023-09-01,81220,NSIT,INSIGHT ENTERPRISES INC,same month,2023-09
2023-09-01,15643,RUN,SUNRUN INC,same month,2023-09
2023-09-01,66800,AIG,AMERICAN INTERNATIONAL GROUP INC,same month,2023-09
2023-09-01,19593,MIR,MIRION TECHNOLOGIES INC,same month,2023-09
2023-09-01,93179,PPC,PILGRIMS PRIDE CORP NEW,same month,2023-09
2023-09-01,17223,ADT,A D T INC,same month,2023-09
2023-09-01,76856,FCFS,FIRSTCASH HOLDINGS INC,same month,2023-09
2023-09-01,82272,MD,PEDIATRIX MEDICAL GROUP INC,same month,2023-09
2023-09-01,86047,AMKR,AMKOR TECHNOLOGY INC,same month,2023-09
2023-09-01,77730,TSN,TYSON FOODS INC,same month,2023-09
2023-09-01,21942,LWLG,LIGHTWAVE LOGIC INC,same month,2023-09
2023-09-01,89327,ABG,ASBURY AUTOMOTIVE GROUP INC,same month,2023-09
2023-09-01,20357,IONQ,IONQ INC,same month,2023-09
2023-09-01,20339,AFRM,AFFIRM HOLDINGS INC,same month,2023-09
2023-09-01,88360,MRVL,MARVELL TECHNOLOGY INC,same month,2023-09
2023-09-01,10516,ADM,ARCHER DANIELS MIDLAND CO,same month,2023-09
2023-09-01,76226,PARA,PARAMOUNT GLOBAL,same month,2023-09
2023-09-01,82307,DVA,DAVITA INC,same month,2023-09
2023-09-01,76224,BHE,BENCHMARK ELECTRONICS INC,same month,2023-09
2023-09-01,90097,UCTT,ULTRA CLEAN HOLDINGS INC,same month,2023-09
2023-09-01,10158,AMRC,AMERESCO INC,same month,2023-09
2023-09-01,19484,PCVX,VAXCYTE INC,same month,2023-09
2023-09-01,27633,R,RYDER SYSTEMS INC,same month,2023-09
2023-09-01,80050,UFPT,U F P TECHNOLOGIES INC,same month,2023-09
2023-09-01,91915,CNK,CINEMARK HOLDINGS INC,same month,2023-09
2023-09-01,25487,CAR,AVIS BUDGET GROUP INC,same month,2023-09
2023-09-01,89508,KMX,CARMAX INC,same month,2023-09
2023-09-01,89395,PNFP,PINNACLE FINANCIAL PARTNERS INC,same month,2023-09
2023-09-01,12266,CDMO,AVID BIOSERVICES INC,same month,2023-09
2023-09-01,53613,MU,MICRON TECHNOLOGY INC,same month,2023-09
2023-09-01,21020,AAL,AMERICAN AIRLINES GROUP INC,same month,2023-09
2023-09-01,16086,HTZ,HERTZ GLOBAL HOLDINGS INC NEW,same month,2023-09
2023-09-01,66384,WDC,WESTERN DIGITAL CORP,same month,2023-09
2023-09-01,19655,STEP,STEPSTONE GROUP INC,same month,2023-09
2023-09-01,15527,LOB,LIVE OAK BANCSHARES INC,same month,2023-09
2023-09-01,29209,ARW,ARROW ELECTRONICS INC,same month,2023-09
2023-09-01,23670,GNLX,GENELUX CORP,same month,2023-09
2023-09-01,14328,AMC,A M C ENTERTAINMENT HOLDINGS INC,same month,2023-09
2023-09-01,18062,ELAN,ELANCO ANIMAL HEALTH INC,same month,2023-09
2023-09-01,87445,TDY,TELEDYNE TECHNOLOGIES,same month,2023-09
2023-09-01,22027,JXN,JACKSON FINANCIAL INC,same month,2023-09
2023-09-01,21909,LNZA,LANZATECH GLOBAL INC,same month,2023-09
2023-09-01,88281,CRL,CHARLES RIVER LABS INTL INC,same month,2023-09
2023-09-01,63773,TDS,TELEPHONE & DATA SYSTEMS INC,same month,2023-09
2023-09-01,21297,FYBR,FRONTIER COMMUNICATIONS PRINT,same month,2023-09
2023-09-01,75320,USM,UNITED STATES CELLULAR CORP,same month,2023-09
2023-09-01,18772,AKRO,AKERO THERAPEUTICS INC,same month,2023-09
2023-09-01,15724,PFGC,PERFORMANCE FOOD GROUP CO,same month,2023-09
2023-09-01,14708,VRDN,VIRIDIAN THERAPEUTICS INC,same month,2023-09
2023-09-01,85663,URI,UNITED RENTALS INC,same month,2023-09
2023-09-01,16499,PK,PARK HOTELS & RESORTS INC,same month,2023-09
2023-09-01,43350,SWK,STANLEY BLACK & DECKER INC,same month,2023-09
2023-09-01,22256,VTYX,VENTYX BIOSCIENCES INC,same month,2023-09
2023-09-01,93098,H,HYATT HOTELS CORP,same month,2023-09
2023-09-01,75854,LSCC,LATTICE SEMICONDUCTOR CORP,same month,2023-09
2023-09-01,16284,SMPL,SIMPLY GOOD FOODS CO,same month,2023-09
2023-09-01,11891,MGM,M G M RESORTS INTERNATIONAL,same month,2023-09
2023-09-01,19313,ELVN,ENLIVEN THERAPEUTICS INC,same month,2023-09
2023-09-01,13188,POST,POST HOLDINGS INC,same month,2023-09
2023-10-01,22248,UDMY,UDEMY INC,same month,2023-10
2023-10-01,21125,ZIP,ZIPRECRUITER INC,same month,2023-10
2023-10-01,82542,CCF,CHASE CORP,same month,2023-10
2023-10-01,18011,SONO,SONOS INC,same month,2023-10
2023-10-01,20441,ROVR,ROVER GROUP INC,same month,2023-10
2023-10-01,21614,DUOL,DUOLINGO INC,same month,2023-10
2023-10-01,20681,COUR,COURSERA INC,same month,2023-10
2023-10-01,73219,RGR,STURM RUGER & CO INC,same month,2023-10
2023-10-01,15291,ETSY,ETSY INC,same month,2023-10
2023-10-01,90971,IRBT,IROBOT CORP,same month,2023-10
2023-10-01,13249,PRLB,PROTO LABS INC,same month,2023-10
2023-10-01,13318,YELP,YELP INC,same month,2023-10
2023-10-01,65700,USLM,UNITED STATES LIME MINERALS INC,same month,2023-10
2023-10-01,20189,DASH,DOORDASH INC,same month,2023-10
2023-10-01,83124,CSGS,C S G SYSTEMS INTERNATIONAL INC,same month,2023-10
2023-10-01,18065,GTX,GARRETT MOTION INC,same month,2023-10
2023-10-01,18064,FTDR,FRONTDOOR INC,same month,2023-10
2023-10-01,76128,VICR,VICOR CORP,same month,2023-10
2023-10-01,21564,LZ,LEGALZOOM COM INC,same month,2023-10
2023-10-01,79491,WINA,WINMARK CORP,same month,2023-10
2023-10-01,41292,HCSG,HEALTHCARE SERVICES GROUP INC,same month,2023-10
2023-10-01,84788,AMZN,AMAZON COM INC,same month,2023-10
2023-10-01,18485,PINS,PINTEREST INC,same month,2023-10
2023-10-01,93263,CELH,CELSIUS HOLDINGS INC,same month,2023-10
2023-10-01,84010,USNA,USANA HEALTH SCIENCES INC,same month,2023-10
2023-10-01,16338,VVV,VALVOLINE INC,same month,2023-10
2023-10-01,75034,BKR,BAKER HUGHES CO,same month,2023-10
2023-10-01,20447,PLTK,PLAYTIKA HOLDING CORP,same month,2023-10
2023-10-01,17367,LPRO,OPEN LENDING CORP,same month,2023-10
2023-10-01,21361,HGTY,HAGERTY INC,same month,2023-10
2023-10-01,56822,NWLI,NATIONAL WESTERN LIFE GROUP INC,same month,2023-10
2023-10-01,68830,REX,REX AMERICAN RESOURCES CORP,same month,2023-10
2023-10-01,76261,EXPO,EXPONENT INC,same month,2023-10
2023-10-01,85724,PRDO,PERDOCEO EDUCATION CORP,same month,2023-10
2023-10-01,86356,EBAY,EBAY INC,same month,2023-10
2023-10-01,90963,AMSF,AMERISAFE INC,same month,2023-10
2023-10-01,76839,FIZZ,NATIONAL BEVERAGE CORP,same month,2023-10
2023-10-01,18452,LYFT,LYFT INC,same month,2023-10
2023-10-01,86783,BKNG,BOOKING HOLDINGS INC,same month,2023-10
2023-10-01,16595,SNAP,SNAP INC,same month,2023-10
2023-10-01,20659,VZIO,VIZIO HOLDING CORP,same month,2023-10
2023-10-01,90319,GOOGL,ALPHABET INC,same month,2023-10
2023-10-01,16171,KNSL,KINSALE CAPITAL GROUP INC,same month,2023-10
2023-10-01,47466,NYT,NEW YORK TIMES CO,same month,2023-10
2023-10-01,13625,SSTK,SHUTTERSTOCK INC,same month,2023-10
2023-10-01,85972,CRAI,C R A INTERNATIONAL INC,same month,2023-10
2023-10-01,15546,Z,ZILLOW GROUP INC,same month,2023-10
2023-10-01,81665,GIC,GLOBAL INDUSTRIAL CO,same month,2023-10
2023-10-01,16309,TTD,TRADE DESK INC,same month,2023-10
2023-10-01,15937,EDIT,EDITAS MEDICINE INC,same month,2023-10
2023-10-01,88031,MNST,MONSTER BEVERAGE CORP NEW,same month,2023-10
2023-10-01,18134,UPWK,UPWORK INC,same month,2023-10
2023-10-01,14521,TNET,TRINET GROUP INC,same month,2023-10
2023-10-01,92852,LOPE,GRAND CANYON EDUCATION INC,same month,2023-10
2023-10-01,20657,ACVA,A C V AUCTIONS INC,same month,2023-10
2023-10-01,92221,MELI,MERCADOLIBRE INC,same month,2023-10
2023-10-01,92203,LULU,LULULEMON ATHLETICA INC,same month,2023-10
2023-10-01,20682,CPNG,COUPANG INC,same month,2023-10
2023-10-01,20646,OSCR,OSCAR HEALTH INC,same month,2023-10
2023-10-01,90125,CORT,CORCEPT THERAPEUTICS INC,same month,2023-10
2023-10-01,85348,YUM,YUM BRANDS INC,same month,2023-10
2023-10-01,57665,NKE,NIKE INC,same month,2023-10
2023-10-01,20190,ABNB,AIRBNB INC,same month,2023-10
2023-10-01,75233,VGR,VECTOR GROUP LTD,same month,2023-10
2023-10-01,15826,SQ,BLOCK INC,same month,2023-10
2023-10-01,21178,LMT,LOCKHEED MARTIN CORP,same month,2023-10
2023-10-01,77702,SBUX,STARBUCKS CORP,same month,2023-10
2023-10-01,91606,CPRX,CATALYST PHARMACEUTICALS INC,same month,2023-10
2023-10-01,90868,OFLX,OMEGA FLEX INC,same month,2023-10
2023-10-01,80054,MED,MEDIFAST INC,same month,2023-10
2023-10-01,17281,WHD,CACTUS INC,same month,2023-10
2023-10-01,21122,FLYW,FLYWIRE CORP,same month,2023-10
2023-10-01,75460,TNC,TENNANT CO,same month,2023-10
2023-10-01,15440,WING,WINGSTOP INC,same month,2023-10
2023-10-01,79248,THRM,GENTHERM INC,same month,2023-10
2023-10-01,84511,VCEL,VERICEL CORP,same month,2023-10
2023-10-01,21723,HOOD,ROBINHOOD MARKETS INC,same month,2023-10
2023-10-01,86102,FHI,FEDERATED HERMES INC,same month,2023-10
2023-10-01,18725,RVLV,REVOLVE GROUP INC,same month,2023-10
2023-10-01,89031,AXON,AXON ENTERPRISE INC,same month,2023-10
2023-10-01,64961,NXGN,NEXTGEN HEALTHCARE INC,same month,2023-10
2023-10-01,17688,GSHD,GOOSEHEAD INSURANCE INC,same month,2023-10
2023-10-01,91688,EIG,EMPLOYERS HOLDINGS INC,same month,2023-10
2023-10-01,88167,HSTM,HEALTHSTREAM INC,same month,2023-10
2023-10-01,14495,ATEN,A10 NETWORKS INC,same month,2023-10
2023-10-01,18063,EB,EVENTBRITE INC,same month,2023-10
2023-10-01,83509,FCN,F T I CONSULTING INC,same month,2023-10
2023-10-01,41080,CMI,CUMMINS INC,same month,2023-10
2023-10-01,79785,NVR,N V R INC,same month,2023-10
2023-10-01,10145,HON,HONEYWELL INTERNATIONAL INC,same month,2023-10
2023-10-01,21957,RELY,REMITLY GLOBAL INC,same month,2023-10
2023-10-01,21967,THRN,THORNE HEALTHTECH INC,same month,2023-10
2023-10-01,92753,ERII,ENERGY RECOVERY INC,same month,2023-10
2023-10-01,71475,AWR,AMERICAN STATES WATER CO,same month,2023-10
2023-10-01,12366,BAH,BOOZ ALLEN HAMILTON HOLDING CORP,same month,2023-10
2023-10-01,86233,LEU,CENTRUS ENERGY CORP,same month,2023-10
2023-10-01,17812,EXPI,E X P WORLD HOLDINGS INC,same month,2023-10
2023-10-01,53859,MSEX,MIDDLESEX WATER CO,same month,2023-10
2023-10-01,13407,META,META PLATFORMS INC,same month,2023-10
2023-10-01,54253,MSA,M S A SAFETY INC,same month,2023-10
2023-10-01,84372,NCR,N C R CORP NEW,same month,2023-10
2023-10-01,23670,GNLX,GENELUX CORP,same month,2023-10
2023-10-01,15795,SGRY,SURGERY PARTNERS INC,same month,2023-10
2023-10-01,89986,APLD,APPLIED DIGITAL CORP,same month,2023-10
2023-10-01,87445,TDY,TELEDYNE TECHNOLOGIES,same month,2023-10
2023-10-01,20057,VTRS,VIATRIS INC,same month,2023-10
2023-10-01,90377,ONTO,ONTO INNOVATION INC,same month,2023-10
2023-10-01,79094,JBL,JABIL INC,same month,2023-10
2023-10-01,88281,CRL,CHARLES RIVER LABS INTL INC,same month,2023-10
2023-10-01,13105,ACHC,ACADIA HEALTHCARE CO INC,same month,2023-10
2023-10-01,78875,WOLF,WOLFSPEED INC,same month,2023-10
2023-10-01,80362,SCSC,SCANSOURCE INC,same month,2023-10
2023-10-01,22256,VTYX,VENTYX BIOSCIENCES INC,same month,2023-10
2023-10-01,14763,CTLT,CATALENT INC,same month,2023-10
2023-10-01,18579,AVTR,AVANTOR INC,same month,2023-10
2023-10-01,10693,EHC,ENCOMPASS HEALTH CORP,same month,2023-10
2023-10-01,16000,LSXMK,LIBERTY MEDIA CORP 3RD NEW,same month,2023-10
2023-10-01,14813,MARA,MARATHON DIGITAL HOLDINGS INC,same month,2023-10
2023-10-01,14328,AMC,A M C ENTERTAINMENT HOLDINGS INC,same month,2023-10
2023-10-01,16499,PK,PARK HOTELS & RESORTS INC,same month,2023-10
2023-10-01,91926,DAL,DELTA AIR LINES INC,same month,2023-10
2023-10-01,27684,AVT,AVNET INC,same month,2023-10
2023-10-01,76856,FCFS,FIRSTCASH HOLDINGS INC,same month,2023-10
2023-10-01,80072,VLY,VALLEY NATIONAL BANCORP,same month,2023-10
2023-10-01,13949,CDW,C D W CORP NEW,same month,2023-10
2023-10-01,10932,WBS,WEBSTER FINANCIAL CORP,same month,2023-10
2023-10-01,15643,RUN,SUNRUN INC,same month,2023-10
2023-10-01,18062,ELAN,ELANCO ANIMAL HEALTH INC,same month,2023-10
2023-10-01,91103,UAL,UNITED AIRLINES HOLDINGS INC,same month,2023-10
2023-10-01,49680,DHR,DANAHER CORP,same month,2023-10
2023-10-01,84769,APH,AMPHENOL CORP NEW,same month,2023-10
2023-10-01,82307,DVA,DAVITA INC,same month,2023-10
2023-10-01,26403,DIS,DISNEY WALT CO,same month,2023-10
2023-10-01,88648,TTMI,TTM TECHNOLOGIES INC,same month,2023-10
2023-10-01,82272,MD,PEDIATRIX MEDICAL GROUP INC,same month,2023-10
2023-10-01,14329,ARMK,ARAMARK,same month,2023-10
2023-10-01,17684,AHCO,ADAPTHEALTH CORP,same month,2023-10
2023-10-01,20339,AFRM,AFFIRM HOLDINGS INC,same month,2023-10
2023-10-01,66800,AIG,AMERICAN INTERNATIONAL GROUP INC,same month,2023-10
2023-10-01,93035,SEM,SELECT MEDICAL HOLDINGS CORP,same month,2023-10
2023-10-01,81696,DISH,DISH NETWORK CORP,same month,2023-10
2023-10-01,14882,CZR,CAESARS ENTERTAINMENT INC DE,same month,2023-10
2023-10-01,93098,H,HYATT HOTELS CORP,same month,2023-10
2023-10-01,19751,LCID,LUCID GROUP INC,same month,2023-10
2023-10-01,88182,ON,ON SEMICONDUCTOR CORP,same month,2023-10
2023-10-01,66384,WDC,WESTERN DIGITAL CORP,same month,2023-10
2023-10-01,10200,RGEN,REPLIGEN CORP,same month,2023-10
2023-10-01,64186,CI,CIGNA GROUP,same month,2023-10
2023-10-01,83989,GTN,GRAY TELEVISION INC,same month,2023-10
2023-10-01,16284,SMPL,SIMPLY GOOD FOODS CO,same month,2023-10
2023-10-01,19593,MIR,MIRION TECHNOLOGIES INC,same month,2023-10
2023-10-01,11587,ATRI,ATRION CORP,same month,2023-10
2023-10-01,75854,LSCC,LATTICE SEMICONDUCTOR CORP,same month,2023-10
2023-10-01,14988,LBRDK,LIBERTY BROADBAND CORP,same month,2023-10
2023-10-01,85663,URI,UNITED RENTALS INC,same month,2023-10
2023-10-01,12266,CDMO,AVID BIOSERVICES INC,same month,2023-10
2023-10-01,22027,JXN,JACKSON FINANCIAL INC,same month,2023-10
2023-10-01,76226,PARA,PARAMOUNT GLOBAL,same month,2023-10
2023-10-01,89327,ABG,ASBURY AUTOMOTIVE GROUP INC,same month,2023-10
2023-10-01,19316,SPHR,SPHERE ENTERTAINMENT CO,same month,2023-10
2023-10-01,77730,TSN,TYSON FOODS INC,same month,2023-10
2023-10-01,18772,AKRO,AKERO THERAPEUTICS INC,same month,2023-10
2023-10-01,19628,IRON,DISC MEDICINE INC,same month,2023-10
2023-10-01,11891,MGM,M G M RESORTS INTERNATIONAL,same month,2023-10
2023-10-01,21297,FYBR,FRONTIER COMMUNICATIONS PRINT,same month,2023-10
2023-10-01,80050,UFPT,U F P TECHNOLOGIES INC,same month,2023-10
2023-10-01,91915,CNK,CINEMARK HOLDINGS INC,same month,2023-10
2023-10-01,63773,TDS,TELEPHONE & DATA SYSTEMS INC,same month,2023-10
2023-10-01,92213,RIOT,RIOT PLATFORMS INC,same month,2023-10
2023-10-01,15724,PFGC,PERFORMANCE FOOD GROUP CO,same month,2023-10
2023-10-01,13188,POST,POST HOLDINGS INC,same month,2023-10
2023-10-01,81220,NSIT,INSIGHT ENTERPRISES INC,same month,2023-10
2023-10-01,10158,AMRC,AMERESCO INC,same month,2023-10
2023-10-01,19484,PCVX,VAXCYTE INC,same month,2023-10
2023-10-01,17223,ADT,A D T INC,same month,2023-10
2023-10-01,27633,R,RYDER SYSTEMS INC,same month,2023-10
2023-10-01,76224,BHE,BENCHMARK ELECTRONICS INC,same month,2023-10
2023-10-01,20901,AGTI,AGILITI INC,same month,2023-10
2023-10-01,21020,AAL,AMERICAN AIRLINES GROUP INC,same month,2023-10
2023-10-01,14708,VRDN,VIRIDIAN THERAPEUTICS INC,same month,2023-10
2023-10-01,89508,KMX,CARMAX INC,same month,2023-10
2023-10-01,75320,USM,UNITED STATES CELLULAR CORP,same month,2023-10
2023-10-01,53613,MU,MICRON TECHNOLOGY INC,same month,2023-10
2023-10-01,88360,MRVL,MARVELL TECHNOLOGY INC,same month,2023-10
2023-10-01,43350,SWK,STANLEY BLACK & DECKER INC,same month,2023-10
2023-10-01,10516,ADM,ARCHER DANIELS MIDLAND CO,same month,2023-10
2023-10-01,93179,PPC,PILGRIMS PRIDE CORP NEW,same month,2023-10
2023-10-01,16086,HTZ,HERTZ GLOBAL HOLDINGS INC NEW,same month,2023-10
2023-10-01,90097,UCTT,ULTRA CLEAN HOLDINGS INC,same month,2023-10
2023-10-01,19313,ELVN,ENLIVEN THERAPEUTICS INC,same month,2023-10
2023-10-01,89395,PNFP,PINNACLE FINANCIAL PARTNERS INC,same month,2023-10
2023-10-01,22220,NN,NEXTNAV INC,same month,2023-10
2023-10-01,18776,IMVT,IMMUNOVANT INC,same month,2023-10
2023-10-01,23063,AZPN,ASPEN TECHNOLOGY INC NEW,same month,2023-10
2023-10-01,19004,CABA,CABALETTA BIO INC,same month,2023-10
2023-10-01,79108,SANM,SANMINA CORP,same month,2023-10
2023-10-01,12308,CHTR,CHARTER COMMUNICATIONS INC NEW,same month,2023-10
2023-10-01,23206,GETY,GETTY IMAGES HOLDINGS INC,same month,2023-10
2023-10-01,27983,XRX,XEROX HOLDINGS CORP,same month,2023-10
2023-10-01,17864,BJ,B J S WHOLESALE CLUB HLDGS INC,same month,2023-10
2023-11-01,22248,UDMY,UDEMY INC,same month,2023-11
2023-11-01,82542,CCF,CHASE CORP,same month,2023-11
2023-11-01,18011,SONO,SONOS INC,same month,2023-11
2023-11-01,21125,ZIP,ZIPRECRUITER INC,same month,2023-11
2023-11-01,20681,COUR,COURSERA INC,same month,2023-11
2023-11-01,90971,IRBT,IROBOT CORP,same month,2023-11
2023-11-01,13318,YELP,YELP INC,same month,2023-11
2023-11-01,20441,ROVR,ROVER GROUP INC,same month,2023-11
2023-11-01,21614,DUOL,DUOLINGO INC,same month,2023-11
2023-11-01,15291,ETSY,ETSY INC,same month,2023-11
2023-11-01,76128,VICR,VICOR CORP,same month,2023-11
2023-11-01,20659,VZIO,VIZIO HOLDING CORP,same month,2023-11
2023-11-01,92753,ERII,ENERGY RECOVERY INC,same month,2023-11
2023-11-01,18065,GTX,GARRETT MOTION INC,same month,2023-11
2023-11-01,83124,CSGS,C S G SYSTEMS INTERNATIONAL INC,same month,2023-11
2023-11-01,84010,USNA,USANA HEALTH SCIENCES INC,same month,2023-11
2023-11-01,86233,LEU,CENTRUS ENERGY CORP,same month,2023-11
2023-11-01,21564,LZ,LEGALZOOM COM INC,same month,2023-11
2023-11-01,73219,RGR,STURM RUGER & CO INC,same month,2023-11
2023-11-01,20189,DASH,DOORDASH INC,same month,2023-11
2023-11-01,18485,PINS,PINTEREST INC,same month,2023-11
2023-11-01,76839,FIZZ,NATIONAL BEVERAGE CORP,same month,2023-11
2023-11-01,17812,EXPI,E X P WORLD HOLDINGS INC,same month,2023-11
2023-11-01,93263,CELH,CELSIUS HOLDINGS INC,same month,2023-11
2023-11-01,13249,PRLB,PROTO LABS INC,same month,2023-11
2023-11-01,12366,BAH,BOOZ ALLEN HAMILTON HOLDING CORP,same month,2023-11
2023-11-01,75034,BKR,BAKER HUGHES CO,same month,2023-11
2023-11-01,14521,TNET,TRINET GROUP INC,same month,2023-11
2023-11-01,18064,FTDR,FRONTDOOR INC,same month,2023-11
2023-11-01,86356,EBAY,EBAY INC,same month,2023-11
2023-11-01,16338,VVV,VALVOLINE INC,same month,2023-11
2023-11-01,71475,AWR,AMERICAN STATES WATER CO,same month,2023-11
2023-11-01,65700,USLM,UNITED STATES LIME MINERALS INC,same month,2023-11
2023-11-01,81665,GIC,GLOBAL INDUSTRIAL CO,same month,2023-11
2023-11-01,84788,AMZN,AMAZON COM INC,same month,2023-11
2023-11-01,47466,NYT,NEW YORK TIMES CO,same month,2023-11
2023-11-01,90319,GOOGL,ALPHABET INC,same month,2023-11
2023-11-01,20447,PLTK,PLAYTIKA HOLDING CORP,same month,2023-11
2023-11-01,86783,BKNG,BOOKING HOLDINGS INC,same month,2023-11
2023-11-01,17367,LPRO,OPEN LENDING CORP,same month,2023-11
2023-11-01,21361,HGTY,HAGERTY INC,same month,2023-11
2023-11-01,85724,PRDO,PERDOCEO EDUCATION CORP,same month,2023-11
2023-11-01,15546,Z,ZILLOW GROUP INC,same month,2023-11
2023-11-01,13407,META,META PLATFORMS INC,same month,2023-11
2023-11-01,18452,LYFT,LYFT INC,same month,2023-11
2023-11-01,79491,WINA,WINMARK CORP,same month,2023-11
2023-11-01,85972,CRAI,C R A INTERNATIONAL INC,same month,2023-11
2023-11-01,18134,UPWK,UPWORK INC,same month,2023-11
2023-11-01,16309,TTD,TRADE DESK INC,same month,2023-11
2023-11-01,92852,LOPE,GRAND CANYON EDUCATION INC,same month,2023-11
2023-11-01,90125,CORT,CORCEPT THERAPEUTICS INC,same month,2023-11
2023-11-01,21967,THRN,THORNE HEALTHTECH INC,carried forward from an earlier month,2023-10
2023-11-01,88031,MNST,MONSTER BEVERAGE CORP NEW,same month,2023-11
2023-11-01,53859,MSEX,MIDDLESEX WATER CO,same month,2023-11
2023-11-01,20657,ACVA,A C V AUCTIONS INC,same month,2023-11
2023-11-01,92221,MELI,MERCADOLIBRE INC,same month,2023-11
2023-11-01,76261,EXPO,EXPONENT INC,same month,2023-11
2023-11-01,20682,CPNG,COUPANG INC,same month,2023-11
2023-11-01,16171,KNSL,KINSALE CAPITAL GROUP INC,same month,2023-11
2023-11-01,20190,ABNB,AIRBNB INC,same month,2023-11
2023-11-01,16595,SNAP,SNAP INC,same month,2023-11
2023-11-01,15937,EDIT,EDITAS MEDICINE INC,same month,2023-11
2023-11-01,41292,HCSG,HEALTHCARE SERVICES GROUP INC,same month,2023-11
2023-11-01,90963,AMSF,AMERISAFE INC,same month,2023-11
2023-11-01,54253,MSA,M S A SAFETY INC,same month,2023-11
2023-11-01,21723,HOOD,ROBINHOOD MARKETS INC,same month,2023-11
2023-11-01,17281,WHD,CACTUS INC,same month,2023-11
2023-11-01,68830,REX,REX AMERICAN RESOURCES CORP,same month,2023-11
2023-11-01,75233,VGR,VECTOR GROUP LTD,same month,2023-11
2023-11-01,13625,SSTK,SHUTTERSTOCK INC,same month,2023-11
2023-11-01,18063,EB,EVENTBRITE INC,same month,2023-11
2023-11-01,18725,RVLV,REVOLVE GROUP INC,same month,2023-11
2023-11-01,79248,THRM,GENTHERM INC,same month,2023-11
2023-11-01,77702,SBUX,STARBUCKS CORP,same month,2023-11
2023-11-01,56822,NWLI,NATIONAL WESTERN LIFE GROUP INC,same month,2023-11
2023-11-01,91606,CPRX,CATALYST PHARMACEUTICALS INC,same month,2023-11
2023-11-01,80054,MED,MEDIFAST INC,same month,2023-11
2023-11-01,85348,YUM,YUM BRANDS INC,same month,2023-11
2023-11-01,64961,NXGN,NEXTGEN HEALTHCARE INC,same month,2023-11
2023-11-01,92203,LULU,LULULEMON ATHLETICA INC,same month,2023-11
2023-11-01,21122,FLYW,FLYWIRE CORP,same month,2023-11
2023-11-01,86102,FHI,FEDERATED HERMES INC,same month,2023-11
2023-11-01,89031,AXON,AXON ENTERPRISE INC,same month,2023-11
2023-11-01,14495,ATEN,A10 NETWORKS INC,same month,2023-11
2023-11-01,90868,OFLX,OMEGA FLEX INC,same month,2023-11
2023-11-01,41080,CMI,CUMMINS INC,same month,2023-11
2023-11-01,15826,SQ,BLOCK INC,same month,2023-11
2023-11-01,79785,NVR,N V R INC,same month,2023-11
2023-11-01,57665,NKE,NIKE INC,same month,2023-11
2023-11-01,84511,VCEL,VERICEL CORP,same month,2023-11
2023-11-01,21178,LMT,LOCKHEED MARTIN CORP,same month,2023-11
2023-11-01,20646,OSCR,OSCAR HEALTH INC,same month,2023-11
2023-11-01,75460,TNC,TENNANT CO,same month,2023-11
2023-11-01,81294,WDFC,WD 40 CO,same month,2023-11
2023-11-01,34497,NPK,NATIONAL PRESTO INDS INC,same month,2023-11
2023-11-01,75828,EA,ELECTRONIC ARTS INC,same month,2023-11
2023-11-01,91095,LQDT,LIQUIDITY SERVICES INC,same month,2023-11
2023-11-01,16617,PUMP,PROPETRO HOLDING CORP,same month,2023-11
2023-11-01,85040,SLP,SIMULATIONS PLUS INC,same month,2023-11
2023-11-01,16932,ROKU,ROKU INC,same month,2023-11
2023-11-01,84372,VYX,N C R VOYIX CORP,same month,2023-11
2023-11-01,15795,SGRY,SURGERY PARTNERS INC,same month,2023-11
2023-11-01,88281,CRL,CHARLES RIVER LABS INTL INC,same month,2023-11
2023-11-01,82307,DVA,DAVITA INC,same month,2023-11
2023-11-01,76856,FCFS,FIRSTCASH HOLDINGS INC,same month,2023-11
2023-11-01,87445,TDY,TELEDYNE TECHNOLOGIES,same month,2023-11
2023-11-01,82272,MD,PEDIATRIX MEDICAL GROUP INC,same month,2023-11
2023-11-01,16499,PK,PARK HOTELS & RESORTS INC,same month,2023-11
2023-11-01,79094,JBL,JABIL INC,same month,2023-11
2023-11-01,14813,MARA,MARATHON DIGITAL HOLDINGS INC,same month,2023-11
2023-11-01,23063,AZPN,ASPEN TECHNOLOGY INC NEW,same month,2023-11
2023-11-01,10693,EHC,ENCOMPASS HEALTH CORP,same month,2023-11
2023-11-01,20057,VTRS,VIATRIS INC,same month,2023-11
2023-11-01,15643,RUN,SUNRUN INC,same month,2023-11
2023-11-01,10932,WBS,WEBSTER FINANCIAL CORP,same month,2023-11
2023-11-01,14763,CTLT,CATALENT INC,same month,2023-11
2023-11-01,27684,AVT,AVNET INC,same month,2023-11
2023-11-01,13949,CDW,C D W CORP NEW,same month,2023-11
2023-11-01,80362,SCSC,SCANSOURCE INC,same month,2023-11
2023-11-01,91926,DAL,DELTA AIR LINES INC,same month,2023-11
2023-11-01,13105,ACHC,ACADIA HEALTHCARE CO INC,same month,2023-11
2023-11-01,78875,WOLF,WOLFSPEED INC,same month,2023-11
2023-11-01,80072,VLY,VALLEY NATIONAL BANCORP,same month,2023-11
2023-11-01,12308,CHTR,CHARTER COMMUNICATIONS INC NEW,same month,2023-11
2023-11-01,14329,ARMK,ARAMARK,same month,2023-11
2023-11-01,18062,ELAN,ELANCO ANIMAL HEALTH INC,same month,2023-11
2023-11-01,14328,AMC,A M C ENTERTAINMENT HOLDINGS INC,same month,2023-11
2023-11-01,14882,CZR,CAESARS ENTERTAINMENT INC DE,same month,2023-11
2023-11-01,91103,UAL,UNITED AIRLINES HOLDINGS INC,same month,2023-11
2023-11-01,19593,MIR,MIRION TECHNOLOGIES INC,same month,2023-11
2023-11-01,90377,ONTO,ONTO INNOVATION INC,same month,2023-11
2023-11-01,93098,H,HYATT HOTELS CORP,same month,2023-11
2023-11-01,26403,DIS,DISNEY WALT CO,same month,2023-11
2023-11-01,66800,AIG,AMERICAN INTERNATIONAL GROUP INC,same month,2023-11
2023-11-01,83989,GTN,GRAY TELEVISION INC,same month,2023-11
2023-11-01,93035,SEM,SELECT MEDICAL HOLDINGS CORP,same month,2023-11
2023-11-01,80050,UFPT,U F P TECHNOLOGIES INC,same month,2023-11
2023-11-01,20339,AFRM,AFFIRM HOLDINGS INC,same month,2023-11
2023-11-01,19004,CABA,CABALETTA BIO INC,same month,2023-11
2023-11-01,17864,BJ,B J S WHOLESALE CLUB HLDGS INC,same month,2023-11
2023-11-01,17684,AHCO,ADAPTHEALTH CORP,same month,2023-11
2023-11-01,89327,ABG,ASBURY AUTOMOTIVE GROUP INC,same month,2023-11
2023-11-01,79108,SANM,SANMINA CORP,same month,2023-11
2023-11-01,85663,URI,UNITED RENTALS INC,same month,2023-11
2023-11-01,75854,LSCC,LATTICE SEMICONDUCTOR CORP,same month,2023-11
2023-11-01,91915,CNK,CINEMARK HOLDINGS INC,same month,2023-11
2023-11-01,16284,SMPL,SIMPLY GOOD FOODS CO,same month,2023-11
2023-11-01,18776,IMVT,IMMUNOVANT INC,same month,2023-11
2023-11-01,11891,MGM,M G M RESORTS INTERNATIONAL,same month,2023-11
2023-11-01,11587,ATRI,ATRION CORP,same month,2023-11
2023-11-01,21020,AAL,AMERICAN AIRLINES GROUP INC,same month,2023-11
2023-11-01,88648,TTMI,TTM TECHNOLOGIES INC,same month,2023-11
2023-11-01,19316,SPHR,SPHERE ENTERTAINMENT CO,same month,2023-11
2023-11-01,76224,BHE,BENCHMARK ELECTRONICS INC,same month,2023-11
2023-11-01,84769,APH,AMPHENOL CORP NEW,same month,2023-11
2023-11-01,88182,ON,ON SEMICONDUCTOR CORP,same month,2023-11
2023-11-01,15724,PFGC,PERFORMANCE FOOD GROUP CO,same month,2023-11
2023-11-01,22256,VTYX,VENTYX BIOSCIENCES INC,same month,2023-11
2023-11-01,64186,CI,CIGNA GROUP,same month,2023-11
2023-11-01,19628,IRON,DISC MEDICINE INC,same month,2023-11
2023-11-01,16000,LSXMK,LIBERTY MEDIA CORP 3RD NEW,same month,2023-11
2023-11-01,27983,XRX,XEROX HOLDINGS CORP,same month,2023-11
2023-11-01,89508,KMX,CARMAX INC,same month,2023-11
2023-11-01,14988,LBRDK,LIBERTY BROADBAND CORP,same month,2023-11
2023-11-01,21297,FYBR,FRONTIER COMMUNICATIONS PRINT,same month,2023-11
2023-11-01,63773,TDS,TELEPHONE & DATA SYSTEMS INC,same month,2023-11
2023-11-01,77730,TSN,TYSON FOODS INC,same month,2023-11
2023-11-01,10158,AMRC,AMERESCO INC,same month,2023-11
2023-11-01,76226,PARA,PARAMOUNT GLOBAL,same month,2023-11
2023-11-01,92213,RIOT,RIOT PLATFORMS INC,same month,2023-11
2023-11-01,81220,NSIT,INSIGHT ENTERPRISES INC,same month,2023-11
2023-11-01,13188,POST,POST HOLDINGS INC,same month,2023-11
2023-11-01,10200,RGEN,REPLIGEN CORP,same month,2023-11
2023-11-01,18579,AVTR,AVANTOR INC,same month,2023-11
2023-11-01,20901,AGTI,AGILITI INC,same month,2023-11
2023-11-01,18772,AKRO,AKERO THERAPEUTICS INC,same month,2023-11
2023-11-01,43350,SWK,STANLEY BLACK & DECKER INC,same month,2023-11
2023-11-01,66384,WDC,WESTERN DIGITAL CORP,same month,2023-11
2023-11-01,49680,DHR,DANAHER CORP,same month,2023-11
2023-11-01,22027,JXN,JACKSON FINANCIAL INC,same month,2023-11
2023-11-01,14708,VRDN,VIRIDIAN THERAPEUTICS INC,same month,2023-11
2023-11-01,75320,USM,UNITED STATES CELLULAR CORP,same month,2023-11
2023-11-01,88360,MRVL,MARVELL TECHNOLOGY INC,same month,2023-11
2023-11-01,19484,PCVX,VAXCYTE INC,same month,2023-11
2023-11-01,93179,PPC,PILGRIMS PRIDE CORP NEW,same month,2023-11
2023-11-01,90097,UCTT,ULTRA CLEAN HOLDINGS INC,same month,2023-11
2023-11-01,10777,FCNCA,FIRST CITIZENS BANCSHARES INC NC,same month,2023-11
2023-11-01,91832,MDGL,MADRIGAL PHARMACEUTICALS INC,same month,2023-11
2023-11-01,19404,FOUR,SHIFT4 PAYMENTS INC,same month,2023-11
2023-11-01,21747,NUVL,NUVALENT INC,same month,2023-11
2023-11-01,11752,COHR,COHERENT CORP,same month,2023-11
2023-11-01,14503,OUT,OUTFRONT MEDIA INC,same month,2023-11
2023-11-01,89824,MODV,MODIVCARE INC,same month,2023-11
2023-11-01,20059,MRVI,MARAVAI LIFESCIENCES HLDGS INC,same month,2023-11
2023-11-01,65541,COO,COOPER COMPANIES INC,same month,2023-11
2023-11-01,15303,VKTX,VIKING THERAPEUTICS INC,same month,2023-11
2023-11-01,80563,PENN,PENN ENTERTAINMENT INC,same month,2023-11
2023-11-01,22976,WBD,WARNER BROS DISCOVERY INC,same month,2023-11
2023-11-01,61146,PAR,PAR TECHNOLOGY CORP,same month,2023-11
2023-11-01,21597,PECO,PHILLIPS EDISON & COMPANY INC,same month,2023-11
2023-12-01,86233,LEU,CENTRUS ENERGY CORP,same month,2023-12
2023-12-01,22248,UDMY,UDEMY INC,same month,2023-12
2023-12-01,20681,COUR,COURSERA INC,same month,2023-12
2023-12-01,76128,VICR,VICOR CORP,same month,2023-12
2023-12-01,18011,SONO,SONOS INC,same month,2023-12
2023-12-01,83124,CSGS,C S G SYSTEMS INTERNATIONAL INC,same month,2023-12
2023-12-01,91095,LQDT,LIQUIDITY SERVICES INC,same month,2023-12
2023-12-01,15291,ETSY,ETSY INC,same month,2023-12
2023-12-01,13318,YELP,YELP INC,same month,2023-12
2023-12-01,21125,ZIP,ZIPRECRUITER INC,same month,2023-12
2023-12-01,18065,GTX,GARRETT MOTION INC,same month,2023-12
2023-12-01,85724,PRDO,PERDOCEO EDUCATION CORP,same month,2023-12
2023-12-01,84010,USNA,USANA HEALTH SCIENCES INC,same month,2023-12
2023-12-01,20441,ROVR,ROVER GROUP INC,same month,2023-12
2023-12-01,17812,EXPI,E X P WORLD HOLDINGS INC,same month,2023-12
2023-12-01,21614,DUOL,DUOLINGO INC,same month,2023-12
2023-12-01,90971,IRBT,IROBOT CORP,same month,2023-12
2023-12-01,93263,CELH,CELSIUS HOLDINGS INC,same month,2023-12
2023-12-01,73219,RGR,STURM RUGER & CO INC,same month,2023-12
2023-12-01,18134,UPWK,UPWORK INC,same month,2023-12
2023-12-01,18485,PINS,PINTEREST INC,same month,2023-12
2023-12-01,92753,ERII,ENERGY RECOVERY INC,same month,2023-12
2023-12-01,21564,LZ,LEGALZOOM COM INC,same month,2023-12
2023-12-01,81665,GIC,GLOBAL INDUSTRIAL CO,same month,2023-12
2023-12-01,14521,TNET,TRINET GROUP INC,same month,2023-12
2023-12-01,76839,FIZZ,NATIONAL BEVERAGE CORP,same month,2023-12
2023-12-01,20189,DASH,DOORDASH INC,same month,2023-12
2023-12-01,86783,BKNG,BOOKING HOLDINGS INC,same month,2023-12
2023-12-01,92221,MELI,MERCADOLIBRE INC,same month,2023-12
2023-12-01,47466,NYT,NEW YORK TIMES CO,same month,2023-12
2023-12-01,86356,EBAY,EBAY INC,same month,2023-12
2023-12-01,84788,AMZN,AMAZON COM INC,same month,2023-12
2023-12-01,81294,WDFC,WD 40 CO,same month,2023-12
2023-12-01,20682,CPNG,COUPANG INC,same month,2023-12
2023-12-01,21361,HGTY,HAGERTY INC,same month,2023-12
2023-12-01,20659,VZIO,VIZIO HOLDING CORP,same month,2023-12
2023-12-01,12366,BAH,BOOZ ALLEN HAMILTON HOLDING CORP,same month,2023-12
2023-12-01,90319,GOOGL,ALPHABET INC,same month,2023-12
2023-12-01,18452,LYFT,LYFT INC,same month,2023-12
2023-12-01,56822,NWLI,NATIONAL WESTERN LIFE GROUP INC,same month,2023-12
2023-12-01,65700,USLM,UNITED STATES LIME MINERALS INC,same month,2023-12
2023-12-01,79491,WINA,WINMARK CORP,same month,2023-12
2023-12-01,85972,CRAI,C R A INTERNATIONAL INC,same month,2023-12
2023-12-01,88031,MNST,MONSTER BEVERAGE CORP NEW,same month,2023-12
2023-12-01,85040,SLP,SIMULATIONS PLUS INC,same month,2023-12
2023-12-01,75828,EA,ELECTRONIC ARTS INC,same month,2023-12
2023-12-01,16309,TTD,TRADE DESK INC,same month,2023-12
2023-12-01,13407,META,META PLATFORMS INC,same month,2023-12
2023-12-01,15546,Z,ZILLOW GROUP INC,same month,2023-12
2023-12-01,16171,KNSL,KINSALE CAPITAL GROUP INC,same month,2023-12
2023-12-01,92852,LOPE,GRAND CANYON EDUCATION INC,same month,2023-12
2023-12-01,16617,PUMP,PROPETRO HOLDING CORP,same month,2023-12
2023-12-01,54253,MSA,M S A SAFETY INC,same month,2023-12
2023-12-01,16932,ROKU,ROKU INC,same month,2023-12
2023-12-01,89031,AXON,AXON ENTERPRISE INC,same month,2023-12
2023-12-01,71475,AWR,AMERICAN STATES WATER CO,same month,2023-12
2023-12-01,20447,PLTK,PLAYTIKA HOLDING CORP,same month,2023-12
2023-12-01,75034,BKR,BAKER HUGHES CO,same month,2023-12
2023-12-01,90125,CORT,CORCEPT THERAPEUTICS INC,same month,2023-12
2023-12-01,17367,LPRO,OPEN LENDING CORP,same month,2023-12
2023-12-01,21723,HOOD,ROBINHOOD MARKETS INC,same month,2023-12
2023-12-01,90963,AMSF,AMERISAFE INC,same month,2023-12
2023-12-01,13249,PRLB,PROTO LABS INC,same month,2023-12
2023-12-01,21122,FLYW,FLYWIRE CORP,same month,2023-12
2023-12-01,18063,EB,EVENTBRITE INC,same month,2023-12
2023-12-01,91606,CPRX,CATALYST PHARMACEUTICALS INC,same month,2023-12
2023-12-01,75233,VGR,VECTOR GROUP LTD,same month,2023-12
2023-12-01,18064,FTDR,FRONTDOOR INC,same month,2023-12
2023-12-01,16595,SNAP,SNAP INC,same month,2023-12
2023-12-01,17281,WHD,CACTUS INC,same month,2023-12
2023-12-01,80054,MED,MEDIFAST INC,same month,2023-12
2023-12-01,15937,EDIT,EDITAS MEDICINE INC,same month,2023-12
2023-12-01,79248,THRM,GENTHERM INC,same month,2023-12
2023-12-01,20657,ACVA,A C V AUCTIONS INC,same month,2023-12
2023-12-01,92203,LULU,LULULEMON ATHLETICA INC,same month,2023-12
2023-12-01,41292,HCSG,HEALTHCARE SERVICES GROUP INC,same month,2023-12
2023-12-01,20190,ABNB,AIRBNB INC,same month,2023-12
2023-12-01,86102,FHI,FEDERATED HERMES INC,same month,2023-12
2023-12-01,76261,EXPO,EXPONENT INC,same month,2023-12
2023-12-01,53859,MSEX,MIDDLESEX WATER CO,same month,2023-12
2023-12-01,15826,SQ,BLOCK INC,same month,2023-12
2023-12-01,77702,SBUX,STARBUCKS CORP,same month,2023-12
2023-12-01,84511,VCEL,VERICEL CORP,same month,2023-12
2023-12-01,90868,OFLX,OMEGA FLEX INC,same month,2023-12
2023-12-01,13625,SSTK,SHUTTERSTOCK INC,same month,2023-12
2023-12-01,85348,YUM,YUM BRANDS INC,same month,2023-12
2023-12-01,79785,NVR,N V R INC,same month,2023-12
2023-12-01,57665,NKE,NIKE INC,same month,2023-12
2023-12-01,68830,REX,REX AMERICAN RESOURCES CORP,same month,2023-12
2023-12-01,14495,ATEN,A10 NETWORKS INC,same month,2023-12
2023-12-01,82542,CCF,CHASE CORP,carried forward from an earlier month,2023-11
2023-12-01,64961,NXGN,NEXTGEN HEALTHCARE INC,carried forward from an earlier month,2023-11
2023-12-01,13019,GNE,GENIE ENERGY LTD,same month,2023-12
2023-12-01,18940,PTON,PELOTON INTERACTIVE INC,same month,2023-12
2023-12-01,64785,AGX,ARGAN INC,same month,2023-12
2023-12-01,49373,HRB,BLOCK H & R INC,same month,2023-12
2023-12-01,21896,TOST,TOAST INC,same month,2023-12
2023-12-01,90409,HURN,HURON CONSULTING GROUP INC,same month,2023-12
2023-12-01,16874,ACEL,ACCEL ENTERTAINMENT INC,same month,2023-12
2023-12-01,14359,XNCR,XENCOR INC,same month,2023-12
2023-12-01,15795,SGRY,SURGERY PARTNERS INC,same month,2023-12
2023-12-01,82307,DVA,DAVITA INC,same month,2023-12
2023-12-01,88281,CRL,CHARLES RIVER LABS INTL INC,same month,2023-12
2023-12-01,91832,MDGL,MADRIGAL PHARMACEUTICALS INC,same month,2023-12
2023-12-01,84372,VYX,N C R VOYIX CORP,same month,2023-12
2023-12-01,65541,COO,COOPER COMPANIES INC,same month,2023-12
2023-12-01,11752,COHR,COHERENT CORP,same month,2023-12
2023-12-01,91926,DAL,DELTA AIR LINES INC,same month,2023-12
2023-12-01,10932,WBS,WEBSTER FINANCIAL CORP,same month,2023-12
2023-12-01,16499,PK,PARK HOTELS & RESORTS INC,same month,2023-12
2023-12-01,23063,AZPN,ASPEN TECHNOLOGY INC NEW,same month,2023-12
2023-12-01,76856,FCFS,FIRSTCASH HOLDINGS INC,same month,2023-12
2023-12-01,21747,NUVL,NUVALENT INC,same month,2023-12
2023-12-01,14813,MARA,MARATHON DIGITAL HOLDINGS INC,same month,2023-12
2023-12-01,87445,TDY,TELEDYNE TECHNOLOGIES,same month,2023-12
2023-12-01,19404,FOUR,SHIFT4 PAYMENTS INC,same month,2023-12
2023-12-01,91103,UAL,UNITED AIRLINES HOLDINGS INC,same month,2023-12
2023-12-01,80050,UFPT,U F P TECHNOLOGIES INC,same month,2023-12
2023-12-01,82272,MD,PEDIATRIX MEDICAL GROUP INC,same month,2023-12
2023-12-01,80362,SCSC,SCANSOURCE INC,same month,2023-12
2023-12-01,19593,MIR,MIRION TECHNOLOGIES INC,same month,2023-12
2023-12-01,26403,DIS,DISNEY WALT CO,same month,2023-12
2023-12-01,80072,VLY,VALLEY NATIONAL BANCORP,same month,2023-12
2023-12-01,21597,PECO,PHILLIPS EDISON & COMPANY INC,same month,2023-12
2023-12-01,22976,WBD,WARNER BROS DISCOVERY INC,same month,2023-12
2023-12-01,93035,SEM,SELECT MEDICAL HOLDINGS CORP,same month,2023-12
2023-12-01,14328,AMC,A M C ENTERTAINMENT HOLDINGS INC,same month,2023-12
2023-12-01,20057,VTRS,VIATRIS INC,same month,2023-12
2023-12-01,21020,AAL,AMERICAN AIRLINES GROUP INC,same month,2023-12
2023-12-01,93098,H,HYATT HOTELS CORP,same month,2023-12
2023-12-01,14329,ARMK,ARAMARK,same month,2023-12
2023-12-01,15643,RUN,SUNRUN INC,same month,2023-12
2023-12-01,14882,CZR,CAESARS ENTERTAINMENT INC DE,same month,2023-12
2023-12-01,14763,CTLT,CATALENT INC,same month,2023-12
2023-12-01,18062,ELAN,ELANCO ANIMAL HEALTH INC,same month,2023-12
2023-12-01,10693,EHC,ENCOMPASS HEALTH CORP,same month,2023-12
2023-12-01,15303,VKTX,VIKING THERAPEUTICS INC,same month,2023-12
2023-12-01,14503,OUT,OUTFRONT MEDIA INC,same month,2023-12
2023-12-01,10777,FCNCA,FIRST CITIZENS BANCSHARES INC NC,same month,2023-12
2023-12-01,88648,TTMI,TTM TECHNOLOGIES INC,same month,2023-12
2023-12-01,79108,SANM,SANMINA CORP,same month,2023-12
2023-12-01,80563,PENN,PENN ENTERTAINMENT INC,same month,2023-12
2023-12-01,85663,URI,UNITED RENTALS INC,same month,2023-12
2023-12-01,89327,ABG,ASBURY AUTOMOTIVE GROUP INC,same month,2023-12
2023-12-01,17684,AHCO,ADAPTHEALTH CORP,same month,2023-12
2023-12-01,11891,MGM,M G M RESORTS INTERNATIONAL,same month,2023-12
2023-12-01,83989,GTN,GRAY TELEVISION INC,same month,2023-12
2023-12-01,27684,AVT,AVNET INC,same month,2023-12
2023-12-01,20059,MRVI,MARAVAI LIFESCIENCES HLDGS INC,same month,2023-12
2023-12-01,17864,BJ,B J S WHOLESALE CLUB HLDGS INC,same month,2023-12
2023-12-01,19316,SPHR,SPHERE ENTERTAINMENT CO,same month,2023-12
2023-12-01,19004,CABA,CABALETTA BIO INC,same month,2023-12
2023-12-01,92213,RIOT,RIOT PLATFORMS INC,same month,2023-12
2023-12-01,19628,IRON,DISC MEDICINE INC,same month,2023-12
2023-12-01,18776,IMVT,IMMUNOVANT INC,same month,2023-12
2023-12-01,76224,BHE,BENCHMARK ELECTRONICS INC,same month,2023-12
2023-12-01,76226,PARA,PARAMOUNT GLOBAL,same month,2023-12
2023-12-01,66800,AIG,AMERICAN INTERNATIONAL GROUP INC,same month,2023-12
2023-12-01,84769,APH,AMPHENOL CORP NEW,same month,2023-12
2023-12-01,13105,ACHC,ACADIA HEALTHCARE CO INC,same month,2023-12
2023-12-01,61146,PAR,PAR TECHNOLOGY CORP,same month,2023-12
2023-12-01,21297,FYBR,FRONTIER COMMUNICATIONS PRINT,same month,2023-12
2023-12-01,89508,KMX,CARMAX INC,same month,2023-12
2023-12-01,91915,CNK,CINEMARK HOLDINGS INC,same month,2023-12
2023-12-01,13949,CDW,C D W CORP NEW,same month,2023-12
2023-12-01,12308,CHTR,CHARTER COMMUNICATIONS INC NEW,same month,2023-12
2023-12-01,79094,JBL,JABIL INC,same month,2023-12
2023-12-01,10158,AMRC,AMERESCO INC,same month,2023-12
2023-12-01,20901,AGTI,AGILITI INC,same month,2023-12
2023-12-01,88182,ON,ON SEMICONDUCTOR CORP,same month,2023-12
2023-12-01,90377,ONTO,ONTO INNOVATION INC,same month,2023-12
2023-12-01,10200,RGEN,REPLIGEN CORP,same month,2023-12
2023-12-01,78875,WOLF,WOLFSPEED INC,same month,2023-12
2023-12-01,77730,TSN,TYSON FOODS INC,same month,2023-12
2023-12-01,13188,POST,POST HOLDINGS INC,same month,2023-12
2023-12-01,20339,AFRM,AFFIRM HOLDINGS INC,same month,2023-12
2023-12-01,14708,VRDN,VIRIDIAN THERAPEUTICS INC,same month,2023-12
2023-12-01,27983,XRX,XEROX HOLDINGS CORP,same month,2023-12
2023-12-01,75854,LSCC,LATTICE SEMICONDUCTOR CORP,same month,2023-12
2023-12-01,16284,SMPL,SIMPLY GOOD FOODS CO,same month,2023-12
2023-12-01,15724,PFGC,PERFORMANCE FOOD GROUP CO,same month,2023-12
2023-12-01,88360,MRVL,MARVELL TECHNOLOGY INC,same month,2023-12
2023-12-01,16000,LSXMK,LIBERTY MEDIA CORP 3RD NEW,same month,2023-12
2023-12-01,49680,DHR,DANAHER CORP,same month,2023-12
2023-12-01,90097,UCTT,ULTRA CLEAN HOLDINGS INC,same month,2023-12
2023-12-01,60871,ADI,ANALOG DEVICES INC,same month,2023-12
2023-12-01,11154,PLAB,PHOTRONICS INC,same month,2023-12
2023-12-01,78987,MCHP,MICROCHIP TECHNOLOGY INC,same month,2023-12
2023-12-01,15408,KHC,KRAFT HEINZ CO,same month,2023-12
2023-12-01,19187,CLSK,CLEANSPARK INC,same month,2023-12
2023-12-01,84348,VSAT,VIASAT INC,same month,2023-12
2023-12-01,17133,AMEH,APOLLO MEDICAL HOLDINGS INC,same month,2023-12
2023-12-01,89070,ZBH,ZIMMER BIOMET HOLDINGS INC,same month,2023-12
2023-12-01,15221,RCKT,ROCKET PHARMACEUTICALS INC,same month,2023-12
2023-12-01,86211,MSTR,MICROSTRATEGY INC,same month,2023-12
2023-12-01,52337,THC,TENET HEALTHCARE CORP,same month,2023-12
2023-12-01,61567,HXL,HEXCEL CORP NEW,same month,2023-12
2023-12-01,22079,LTH,LIFE TIME GROUP HOLDINGS INC,same month,2023-12
2023-12-01,77462,M,MACYS INC,same month,2023-12
2023-12-01,12060,GE,GENERAL ELECTRIC CO,same month,2023-12
2024-01-01,13019,GNE,GENIE ENERGY LTD,same month,2024-01
2024-01-01,86233,LEU,CENTRUS ENERGY CORP,same month,2024-01
2024-01-01,20681,COUR,COURSERA INC,same month,2024-01
2024-01-01,18011,SONO,SONOS INC,same month,2024-01
2024-01-01,76128,VICR,VICOR CORP,same month,2024-01
2024-01-01,90971,IRBT,IROBOT CORP,same month,2024-01
2024-01-01,22248,UDMY,UDEMY INC,same month,2024-01
2024-01-01,83124,CSGS,C S G SYSTEMS INTERNATIONAL INC,same month,2024-01
2024-01-01,15291,ETSY,ETSY INC,same month,2024-01
2024-01-01,16617,PUMP,PROPETRO HOLDING CORP,same month,2024-01
2024-01-01,76839,FIZZ,NATIONAL BEVERAGE CORP,same month,2024-01
2024-01-01,21614,DUOL,DUOLINGO INC,same month,2024-01
2024-01-01,93263,CELH,CELSIUS HOLDINGS INC,same month,2024-01
2024-01-01,92753,ERII,ENERGY RECOVERY INC,same month,2024-01
2024-01-01,21896,TOST,TOAST INC,same month,2024-01
2024-01-01,85724,PRDO,PERDOCEO EDUCATION CORP,same month,2024-01
2024-01-01,84511,VCEL,VERICEL CORP,same month,2024-01
2024-01-01,18485,PINS,PINTEREST INC,same month,2024-01
2024-01-01,56822,NWLI,NATIONAL WESTERN LIFE GROUP INC,same month,2024-01
2024-01-01,75233,VGR,VECTOR GROUP LTD,same month,2024-01
2024-01-01,90125,CORT,CORCEPT THERAPEUTICS INC,same month,2024-01
2024-01-01,18940,PTON,PELOTON INTERACTIVE INC,same month,2024-01
2024-01-01,81665,GIC,GLOBAL INDUSTRIAL CO,same month,2024-01
2024-01-01,16932,ROKU,ROKU INC,same month,2024-01
2024-01-01,18134,UPWK,UPWORK INC,same month,2024-01
2024-01-01,18065,GTX,GARRETT MOTION INC,same month,2024-01
2024-01-01,21125,ZIP,ZIPRECRUITER INC,same month,2024-01
2024-01-01,13318,YELP,YELP INC,same month,2024-01
2024-01-01,14521,TNET,TRINET GROUP INC,same month,2024-01
2024-01-01,92221,MELI,MERCADOLIBRE INC,same month,2024-01
2024-01-01,84010,USNA,USANA HEALTH SCIENCES INC,same month,2024-01
2024-01-01,91606,CPRX,CATALYST PHARMACEUTICALS INC,same month,2024-01
2024-01-01,90319,GOOGL,ALPHABET INC,same month,2024-01
2024-01-01,81294,WDFC,WD 40 CO,same month,2024-01
2024-01-01,16309,TTD,TRADE DESK INC,same month,2024-01
2024-01-01,79491,WINA,WINMARK CORP,same month,2024-01
2024-01-01,20682,CPNG,COUPANG INC,same month,2024-01
2024-01-01,84788,AMZN,AMAZON COM INC,same month,2024-01
2024-01-01,17281,WHD,CACTUS INC,same month,2024-01
2024-01-01,13249,PRLB,PROTO LABS INC,same month,2024-01
2024-01-01,89031,AXON,AXON ENTERPRISE INC,same month,2024-01
2024-01-01,21361,HGTY,HAGERTY INC,same month,2024-01
2024-01-01,20659,VZIO,VIZIO HOLDING CORP,same month,2024-01
2024-01-01,54253,MSA,M S A SAFETY INC,same month,2024-01
2024-01-01,20189,DASH,DOORDASH INC,same month,2024-01
2024-01-01,20441,ROVR,ROVER GROUP INC,same month,2024-01
2024-01-01,86356,EBAY,EBAY INC,same month,2024-01
2024-01-01,92203,LULU,LULULEMON ATHLETICA INC,same month,2024-01
2024-01-01,21564,LZ,LEGALZOOM COM INC,same month,2024-01
2024-01-01,13407,META,META PLATFORMS INC,same month,2024-01
2024-01-01,20447,PLTK,PLAYTIKA HOLDING CORP,same month,2024-01
2024-01-01,90409,HURN,HURON CONSULTING GROUP INC,same month,2024-01
2024-01-01,14495,ATEN,A10 NETWORKS INC,same month,2024-01
2024-01-01,88031,MNST,MONSTER BEVERAGE CORP NEW,same month,2024-01
2024-01-01,79248,THRM,GENTHERM INC,same month,2024-01
2024-01-01,16595,SNAP,SNAP INC,same month,2024-01
2024-01-01,75034,BKR,BAKER HUGHES CO,same month,2024-01
2024-01-01,12366,BAH,BOOZ ALLEN HAMILTON HOLDING CORP,same month,2024-01
2024-01-01,15826,SQ,BLOCK INC,same month,2024-01
2024-01-01,17812,EXPI,E X P WORLD HOLDINGS INC,same month,2024-01
2024-01-01,86783,BKNG,BOOKING HOLDINGS INC,same month,2024-01
2024-01-01,18452,LYFT,LYFT INC,same month,2024-01
2024-01-01,85972,CRAI,C R A INTERNATIONAL INC,same month,2024-01
2024-01-01,47466,NYT,NEW YORK TIMES CO,same month,2024-01
2024-01-01,20190,ABNB,AIRBNB INC,same month,2024-01
2024-01-01,79785,NVR,N V R INC,same month,2024-01
2024-01-01,80054,MED,MEDIFAST INC,same month,2024-01
2024-01-01,16171,KNSL,KINSALE CAPITAL GROUP INC,same month,2024-01
2024-01-01,85040,SLP,SIMULATIONS PLUS INC,same month,2024-01
2024-01-01,65700,USLM,UNITED STATES LIME MINERALS INC,same month,2024-01
2024-01-01,77702,SBUX,STARBUCKS CORP,same month,2024-01
2024-01-01,18063,EB,EVENTBRITE INC,same month,2024-01
2024-01-01,21122,FLYW,FLYWIRE CORP,same month,2024-01
2024-01-01,57665,NKE,NIKE INC,same month,2024-01
2024-01-01,85348,YUM,YUM BRANDS INC,same month,2024-01
2024-01-01,16965,FOR,FORESTAR GROUP INC NEW,same month,2024-01
2024-01-01,63715,POWL,POWELL INDUSTRIES INC,same month,2024-01
2024-01-01,13878,MDXG,MIMEDX GROUP INC,same month,2024-01
2024-01-01,19358,NARI,INARI MEDICAL INC,same month,2024-01
2024-01-01,90177,ACAD,ACADIA PHARMACEUTICALS,same month,2024-01
2024-01-01,22199,COCO,VITA COCO CO INC,same month,2024-01
2024-01-01,17155,QTRX,QUANTERIX CORP,same month,2024-01
2024-01-01,82634,SAM,BOSTON BEER INC,same month,2024-01
2024-01-01,88351,INSM,INSMED INC,same month,2024-01
2024-01-01,11884,IPAR,INTERMEDIATE PARFUMS INC,same month,2024-01
2024-01-01,91733,AVAV,AEROVIRONMENT INC,same month,2024-01
2024-01-01,21962,SOVO,SOVOS BRANDS INC,same month,2024-01
2024-01-01,14273,CHGG,CHEGG INC,same month,2024-01
2024-01-01,89946,AEL,AMERICAN EQUITY INVT LIFE HLDG C,same month,2024-01
2024-01-01,14325,TNDM,TANDEM DIABETES CARE INC,same month,2024-01
2024-01-01,16290,FLGT,FULGENT GENETICS INC,same month,2024-01
2024-01-01,92635,NX,QUANEX BUILDING PRODUCTS CORP,same month,2024-01
2024-01-01,90178,ALNY,ALNYLAM PHARMACEUTICALS INC,same month,2024-01
2024-01-01,39538,MAT,MATTEL INC,same month,2024-01
2024-01-01,18145,YETI,YETI HOLDINGS INC,same month,2024-01
2024-01-01,58975,OII,OCEANEERING INTERNATIONAL INC,same month,2024-01
2024-01-01,85272,AEHR,AEHR TEST SYSTEMS,same month,2024-01
2024-01-01,90856,ATRC,ATRICURE INC,same month,2024-01
2024-01-01,83534,NBIX,NEUROCRINE BIOSCIENCES INC,same month,2024-01
2024-01-01,19635,HRMY,HARMONY BIOSCIENCES HLDGS INC,same month,2024-01
2024-01-01,14813,MARA,MARATHON DIGITAL HOLDINGS INC,same month,2024-01
2024-01-01,19187,CLSK,CLEANSPARK INC,same month,2024-01
2024-01-01,86211,MSTR,MICROSTRATEGY INC,same month,2024-01
2024-01-01,84348,VSAT,VIASAT INC,same month,2024-01
2024-01-01,91832,MDGL,MADRIGAL PHARMACEUTICALS INC,same month,2024-01
2024-01-01,15795,SGRY,SURGERY PARTNERS INC,same month,2024-01
2024-01-01,92213,RIOT,RIOT PLATFORMS INC,same month,2024-01
2024-01-01,91926,DAL,DELTA AIR LINES INC,same month,2024-01
2024-01-01,19593,MIR,MIRION TECHNOLOGIES INC,same month,2024-01
2024-01-01,22976,WBD,WARNER BROS DISCOVERY INC,same month,2024-01
2024-01-01,21747,NUVL,NUVALENT INC,same month,2024-01
2024-01-01,10932,WBS,WEBSTER FINANCIAL CORP,same month,2024-01
2024-01-01,23063,AZPN,ASPEN TECHNOLOGY INC NEW,same month,2024-01
2024-01-01,93098,H,HYATT HOTELS CORP,same month,2024-01
2024-01-01,11154,PLAB,PHOTRONICS INC,same month,2024-01
2024-01-01,15643,RUN,SUNRUN INC,same month,2024-01
2024-01-01,14763,CTLT,CATALENT INC,same month,2024-01
2024-01-01,91103,UAL,UNITED AIRLINES HOLDINGS INC,same month,2024-01
2024-01-01,14328,AMC,A M C ENTERTAINMENT HOLDINGS INC,same month,2024-01
2024-01-01,11752,COHR,COHERENT CORP,same month,2024-01
2024-01-01,76856,FCFS,FIRSTCASH HOLDINGS INC,same month,2024-01
2024-01-01,19628,IRON,DISC MEDICINE INC,same month,2024-01
2024-01-01,60871,ADI,ANALOG DEVICES INC,same month,2024-01
2024-01-01,20901,AGTI,AGILITI INC,same month,2024-01
2024-01-01,11891,MGM,M G M RESORTS INTERNATIONAL,same month,2024-01
2024-01-01,65541,COO,COOPER COMPANIES INC,same month,2024-01
2024-01-01,22079,LTH,LIFE TIME GROUP HOLDINGS INC,same month,2024-01
2024-01-01,88281,CRL,CHARLES RIVER LABS INTL INC,same month,2024-01
2024-01-01,15303,VKTX,VIKING THERAPEUTICS INC,same month,2024-01
2024-01-01,26403,DIS,DISNEY WALT CO,same month,2024-01
2024-01-01,87445,TDY,TELEDYNE TECHNOLOGIES,same month,2024-01
2024-01-01,14708,VRDN,VIRIDIAN THERAPEUTICS INC,same month,2024-01
2024-01-01,17133,AMEH,APOLLO MEDICAL HOLDINGS INC,same month,2024-01
2024-01-01,14882,CZR,CAESARS ENTERTAINMENT INC DE,same month,2024-01
2024-01-01,12060,GE,GENERAL ELECTRIC CO,same month,2024-01
2024-01-01,10693,EHC,ENCOMPASS HEALTH CORP,same month,2024-01
2024-01-01,15221,RCKT,ROCKET PHARMACEUTICALS INC,same month,2024-01
2024-01-01,89327,ABG,ASBURY AUTOMOTIVE GROUP INC,same month,2024-01
2024-01-01,83989,GTN,GRAY TELEVISION INC,same month,2024-01
2024-01-01,61567,HXL,HEXCEL CORP NEW,same month,2024-01
2024-01-01,21597,PECO,PHILLIPS EDISON & COMPANY INC,same month,2024-01
2024-01-01,10158,AMRC,AMERESCO INC,same month,2024-01
2024-01-01,17864,BJ,B J S WHOLESALE CLUB HLDGS INC,same month,2024-01
2024-01-01,82272,MD,PEDIATRIX MEDICAL GROUP INC,same month,2024-01
2024-01-01,14503,OUT,OUTFRONT MEDIA INC,same month,2024-01
2024-01-01,78875,WOLF,WOLFSPEED INC,same month,2024-01
2024-01-01,80362,SCSC,SCANSOURCE INC,same month,2024-01
2024-01-01,90097,UCTT,ULTRA CLEAN HOLDINGS INC,same month,2024-01
2024-01-01,89508,KMX,CARMAX INC,same month,2024-01
2024-01-01,15408,KHC,KRAFT HEINZ CO,same month,2024-01
2024-01-01,85663,URI,UNITED RENTALS INC,same month,2024-01
2024-01-01,10200,RGEN,REPLIGEN CORP,same month,2024-01
2024-01-01,20059,MRVI,MARAVAI LIFESCIENCES HLDGS INC,same month,2024-01
2024-01-01,21020,AAL,AMERICAN AIRLINES GROUP INC,same month,2024-01
2024-01-01,19004,CABA,CABALETTA BIO INC,same month,2024-01
2024-01-01,88648,TTMI,TTM TECHNOLOGIES INC,same month,2024-01
2024-01-01,88182,ON,ON SEMICONDUCTOR CORP,same month,2024-01
2024-01-01,66800,AIG,AMERICAN INTERNATIONAL GROUP INC,same month,2024-01
2024-01-01,84769,APH,AMPHENOL CORP NEW,same month,2024-01
2024-01-01,80050,UFPT,U F P TECHNOLOGIES INC,same month,2024-01
2024-01-01,18776,IMVT,IMMUNOVANT INC,same month,2024-01
2024-01-01,18062,ELAN,ELANCO ANIMAL HEALTH INC,same month,2024-01
2024-01-01,77462,M,MACYS INC,same month,2024-01
2024-01-01,27684,AVT,AVNET INC,same month,2024-01
2024-01-01,21297,FYBR,FRONTIER COMMUNICATIONS PRINT,same month,2024-01
2024-01-01,80563,PENN,PENN ENTERTAINMENT INC,same month,2024-01
2024-01-01,78987,MCHP,MICROCHIP TECHNOLOGY INC,same month,2024-01
2024-01-01,13188,POST,POST HOLDINGS INC,same month,2024-01
2024-01-01,14329,ARMK,ARAMARK,same month,2024-01
2024-01-01,19404,FOUR,SHIFT4 PAYMENTS INC,same month,2024-01
2024-01-01,61146,PAR,PAR TECHNOLOGY CORP,same month,2024-01
2024-01-01,19316,SPHR,SPHERE ENTERTAINMENT CO,same month,2024-01
2024-01-01,93035,SEM,SELECT MEDICAL HOLDINGS CORP,same month,2024-01
2024-01-01,89986,APLD,APPLIED DIGITAL CORP,same month,2024-01
2024-01-01,23941,CAVA,CAVA GROUP INC,same month,2024-01
2024-01-01,11370,ENV,ENVESTNET INC,same month,2024-01
2024-01-01,76795,ZBRA,ZEBRA TECHNOLOGIES CORP,same month,2024-01
2024-01-01,21909,LNZA,LANZATECH GLOBAL INC,same month,2024-01
2024-01-01,21348,LFST,LIFESTANCE HEALTH GROUP INC,same month,2024-01
2024-01-01,21825,NPWR,N E T POWER INC,same month,2024-01
2024-01-01,28804,ALK,ALASKA AIRGROUP INC,same month,2024-01
2024-01-01,21556,INDI,INDIE SEMICONDUCTOR INC,same month,2024-01
2024-01-01,81696,DISH,DISH NETWORK CORP,same month,2024-01
2024-01-01,22092,KD,KYNDRYL HOLDINGS INC,same month,2024-01
2024-01-01,23206,GETY,GETTY IMAGES HOLDINGS INC,same month,2024-01
2024-01-01,15456,FL,FOOT LOCKER INC,same month,2024-01
2024-01-01,23432,PRME,PRIME MEDICINE INC,same month,2024-01
2024-01-01,21359,MCW,MISTER CAR WASH INC,same month,2024-01
2024-01-01,20791,EWTX,EDGEWISE THERAPEUTICS INC,same month,2024-01
2024-01-01,48961,DSGR,DISTRIBUTION SOLUTIONS GROUP INC,same month,2024-01
2024-01-01,14338,HLT,HILTON WORLDWIDE HOLDINGS INC,same month,2024-01
2024-01-01,18961,SWTX,SPRINGWORKS THERAPEUTICS INC,same month,2024-01
2024-01-01,21890,BROS,DUTCH BROS INC,same month,2024-01
2024-01-01,20998,BOWL,BOWLERO CORP,same month,2024-01
2024-01-01,15272,SEDG,SOLAREDGE TECHNOLOGIES INC,same month,2024-01
2024-01-01,89626,CME,C M E GROUP INC,same month,2024-01
2024-01-01,79116,TCBK,TRICO BANCSHARES,same month,2024-01
2024-01-01,15478,TRU,TRANSUNION,same month,2024-01
2024-01-01,92780,HCI,H C I GROUP INC,same month,2024-01
2024-01-01,15058,SLNO,SOLENO THERAPEUTICS INC,same month,2024-01
2024-02-01,86233,LEU,CENTRUS ENERGY CORP,same month,2024-02
2024-02-01,22199,COCO,VITA COCO CO INC,same month,2024-02
2024-02-01,84511,VCEL,VERICEL CORP,same month,2024-02
2024-02-01,90125,CORT,CORCEPT THERAPEUTICS INC,same month,2024-02
2024-02-01,19358,NARI,INARI MEDICAL INC,same month,2024-02
2024-02-01,13878,MDXG,MIMEDX GROUP INC,same month,2024-02
2024-02-01,17155,QTRX,QUANTERIX CORP,same month,2024-02
2024-02-01,90177,ACAD,ACADIA PHARMACEUTICALS,same month,2024-02
2024-02-01,76128,VICR,VICOR CORP,same month,2024-02
2024-02-01,88351,INSM,INSMED INC,same month,2024-02
2024-02-01,16965,FOR,FORESTAR GROUP INC NEW,same month,2024-02
2024-02-01,14325,TNDM,TANDEM DIABETES CARE INC,same month,2024-02
2024-02-01,91606,CPRX,CATALYST PHARMACEUTICALS INC,same month,2024-02
2024-02-01,18011,SONO,SONOS INC,same month,2024-02
2024-02-01,19635,HRMY,HARMONY BIOSCIENCES HLDGS INC,same month,2024-02
2024-02-01,83534,NBIX,NEUROCRINE BIOSCIENCES INC,same month,2024-02
2024-02-01,90178,ALNY,ALNYLAM PHARMACEUTICALS INC,same month,2024-02
2024-02-01,56822,NWLI,NATIONAL WESTERN LIFE GROUP INC,same month,2024-02
2024-02-01,16290,FLGT,FULGENT GENETICS INC,same month,2024-02
2024-02-01,20681,COUR,COURSERA INC,same month,2024-02
2024-02-01,21896,TOST,TOAST INC,same month,2024-02
2024-02-01,16932,ROKU,ROKU INC,same month,2024-02
2024-02-01,92753,ERII,ENERGY RECOVERY INC,same month,2024-02
2024-02-01,63715,POWL,POWELL INDUSTRIES INC,same month,2024-02
2024-02-01,75233,VGR,VECTOR GROUP LTD,same month,2024-02
2024-02-01,79491,WINA,WINMARK CORP,same month,2024-02
2024-02-01,14273,CHGG,CHEGG INC,same month,2024-02
2024-02-01,89031,AXON,AXON ENTERPRISE INC,same month,2024-02
2024-02-01,82634,SAM,BOSTON BEER INC,same month,2024-02
2024-02-01,11884,IPAR,INTERMEDIATE PARFUMS INC,same month,2024-02
2024-02-01,22248,UDMY,UDEMY INC,same month,2024-02
2024-02-01,17281,WHD,CACTUS INC,same month,2024-02
2024-02-01,90319,GOOGL,ALPHABET INC,same month,2024-02
2024-02-01,91733,AVAV,AEROVIRONMENT INC,same month,2024-02
2024-02-01,13249,PRLB,PROTO LABS INC,same month,2024-02
2024-02-01,93263,CELH,CELSIUS HOLDINGS INC,same month,2024-02
2024-02-01,15291,ETSY,ETSY INC,same month,2024-02
2024-02-01,90856,ATRC,ATRICURE INC,same month,2024-02
2024-02-01,18940,PTON,PELOTON INTERACTIVE INC,same month,2024-02
2024-02-01,21614,DUOL,DUOLINGO INC,same month,2024-02
2024-02-01,18145,YETI,YETI HOLDINGS INC,same month,2024-02
2024-02-01,16309,TTD,TRADE DESK INC,same month,2024-02
2024-02-01,54253,MSA,M S A SAFETY INC,same month,2024-02
2024-02-01,84010,USNA,USANA HEALTH SCIENCES INC,same month,2024-02
2024-02-01,92221,MELI,MERCADOLIBRE INC,same month,2024-02
2024-02-01,83124,CSGS,C S G SYSTEMS INTERNATIONAL INC,same month,2024-02
2024-02-01,18485,PINS,PINTEREST INC,same month,2024-02
2024-02-01,84788,AMZN,AMAZON COM INC,same month,2024-02
2024-02-01,18065,GTX,GARRETT MOTION INC,same month,2024-02
2024-02-01,21962,SOVO,SOVOS BRANDS INC,same month,2024-02
2024-02-01,20682,CPNG,COUPANG INC,same month,2024-02
2024-02-01,92203,LULU,LULULEMON ATHLETICA INC,same month,2024-02
2024-02-01,58975,OII,OCEANEERING INTERNATIONAL INC,same month,2024-02
2024-02-01,18134,UPWK,UPWORK INC,same month,2024-02
2024-02-01,16595,SNAP,SNAP INC,same month,2024-02
2024-02-01,13318,YELP,YELP INC,same month,2024-02
2024-02-01,89946,AEL,AMERICAN EQUITY INVT LIFE HLDG C,same month,2024-02
2024-02-01,39538,MAT,MATTEL INC,same month,2024-02
2024-02-01,75034,BKR,BAKER HUGHES CO,same month,2024-02
2024-02-01,14495,ATEN,A10 NETWORKS INC,same month,2024-02
2024-02-01,16617,PUMP,PROPETRO HOLDING CORP,same month,2024-02
2024-02-01,14521,TNET,TRINET GROUP INC,same month,2024-02
2024-02-01,20659,VZIO,VIZIO HOLDING CORP,same month,2024-02
2024-02-01,76839,FIZZ,NATIONAL BEVERAGE CORP,same month,2024-02
2024-02-01,15826,SQ,BLOCK INC,same month,2024-02
2024-02-01,81665,GIC,GLOBAL INDUSTRIAL CO,same month,2024-02
2024-02-01,92635,NX,QUANEX BUILDING PRODUCTS CORP,same month,2024-02
2024-02-01,79248,THRM,GENTHERM INC,same month,2024-02
2024-02-01,20447,PLTK,PLAYTIKA HOLDING CORP,same month,2024-02
2024-02-01,18452,LYFT,LYFT INC,same month,2024-02
2024-02-01,81294,WDFC,WD 40 CO,same month,2024-02
2024-02-01,20189,DASH,DOORDASH INC,same month,2024-02
2024-02-01,88031,MNST,MONSTER BEVERAGE CORP NEW,same month,2024-02
2024-02-01,85724,PRDO,PERDOCEO EDUCATION CORP,same month,2024-02
2024-02-01,86356,EBAY,EBAY INC,same month,2024-02
2024-02-01,21125,ZIP,ZIPRECRUITER INC,same month,2024-02
2024-02-01,77702,SBUX,STARBUCKS CORP,same month,2024-02
2024-02-01,16543,VREX,VAREX IMAGING CORP,same month,2024-02
2024-02-01,15302,VIRT,VIRTU FINANCIAL INC,same month,2024-02
2024-02-01,16386,IRTC,IRHYTHM TECHNOLOGIES INC,same month,2024-02
2024-02-01,81254,SNEX,STONEX GROUP INC,same month,2024-02
2024-02-01,18190,AXNX,AXONICS INC,same month,2024-02
2024-02-01,18908,TXG,10X GENOMICS INC,same month,2024-02
2024-02-01,15534,NTRA,NATERA INC,same month,2024-02
2024-02-01,16260,MEDP,MEDPACE HOLDINGS INC,same month,2024-02
2024-02-01,17799,INSP,INSPIRE MEDICAL SYSTEMS INC,same month,2024-02
2024-02-01,91503,LMAT,LEMAITRE VASCULAR INC,same month,2024-02
2024-02-01,79906,INCY,INCYTE CORP,same month,2024-02
2024-02-01,90664,DXCM,DEXCOM INC,same month,2024-02
2024-02-01,18013,ARLO,ARLO TECHNOLOGIES INC,same month,2024-02
2024-02-01,22111,JNJ,JOHNSON & JOHNSON,same month,2024-02
2024-02-01,85002,SRPT,SAREPTA THERAPEUTICS INC,same month,2024-02
2024-02-01,90162,GNW,GENWORTH FINANCIAL INC,same month,2024-02
2024-02-01,15454,GKOS,GLAUKOS CORP,same month,2024-02
2024-02-01,50876,LLY,LILLY ELI & CO,same month,2024-02
2024-02-01,22879,EMBC,EMBECTA CORP,same month,2024-02
2024-02-01,88352,ISRG,INTUITIVE SURGICAL INC,same month,2024-02
2024-02-01,14229,OMF,ONEMAIN HOLDINGS INC,same month,2024-02
2024-02-01,23681,NXT,NEXTRACKER INC,same month,2024-02
2024-02-01,11701,IMKTA,INGLES MARKETS INC,same month,2024-02
2024-02-01,14813,MARA,MARATHON DIGITAL HOLDINGS INC,same month,2024-02
2024-02-01,92213,RIOT,RIOT PLATFORMS INC,same month,2024-02
2024-02-01,23941,CAVA,CAVA GROUP INC,same month,2024-02
2024-02-01,19187,CLSK,CLEANSPARK INC,same month,2024-02
2024-02-01,86211,MSTR,MICROSTRATEGY INC,same month,2024-02
2024-02-01,11370,ENV,ENVESTNET INC,same month,2024-02
2024-02-01,22092,KD,KYNDRYL HOLDINGS INC,same month,2024-02
2024-02-01,19593,MIR,MIRION TECHNOLOGIES INC,same month,2024-02
2024-02-01,15478,TRU,TRANSUNION,same month,2024-02
2024-02-01,21556,INDI,INDIE SEMICONDUCTOR INC,same month,2024-02
2024-02-01,15643,RUN,SUNRUN INC,same month,2024-02
2024-02-01,28804,ALK,ALASKA AIRGROUP INC,same month,2024-02
2024-02-01,10932,WBS,WEBSTER FINANCIAL CORP,same month,2024-02
2024-02-01,11752,COHR,COHERENT CORP,same month,2024-02
2024-02-01,23063,AZPN,ASPEN TECHNOLOGY INC NEW,same month,2024-02
2024-02-01,93098,H,HYATT HOTELS CORP,same month,2024-02
2024-02-01,91832,MDGL,MADRIGAL PHARMACEUTICALS INC,same month,2024-02
2024-02-01,90097,UCTT,ULTRA CLEAN HOLDINGS INC,same month,2024-02
2024-02-01,21359,MCW,MISTER CAR WASH INC,same month,2024-02
2024-02-01,14763,CTLT,CATALENT INC,same month,2024-02
2024-02-01,22079,LTH,LIFE TIME GROUP HOLDINGS INC,same month,2024-02
2024-02-01,15795,SGRY,SURGERY PARTNERS INC,same month,2024-02
2024-02-01,15221,RCKT,ROCKET PHARMACEUTICALS INC,same month,2024-02
2024-02-01,91926,DAL,DELTA AIR LINES INC,same month,2024-02
2024-02-01,15058,SLNO,SOLENO THERAPEUTICS INC,same month,2024-02
2024-02-01,18776,IMVT,IMMUNOVANT INC,same month,2024-02
2024-02-01,14338,HLT,HILTON WORLDWIDE HOLDINGS INC,same month,2024-02
2024-02-01,18961,SWTX,SPRINGWORKS THERAPEUTICS INC,same month,2024-02
2024-02-01,91103,UAL,UNITED AIRLINES HOLDINGS INC,same month,2024-02
2024-02-01,15303,VKTX,VIKING THERAPEUTICS INC,same month,2024-02
2024-02-01,19628,IRON,DISC MEDICINE INC,same month,2024-02
2024-02-01,21747,NUVL,NUVALENT INC,same month,2024-02
2024-02-01,21348,LFST,LIFESTANCE HEALTH GROUP INC,same month,2024-02
2024-02-01,76856,FCFS,FIRSTCASH HOLDINGS INC,same month,2024-02
2024-02-01,89626,CME,C M E GROUP INC,same month,2024-02
2024-02-01,20791,EWTX,EDGEWISE THERAPEUTICS INC,same month,2024-02
2024-02-01,76795,ZBRA,ZEBRA TECHNOLOGIES CORP,same month,2024-02
2024-02-01,14708,VRDN,VIRIDIAN THERAPEUTICS INC,same month,2024-02
2024-02-01,83989,GTN,GRAY TELEVISION INC,same month,2024-02
2024-02-01,19004,CABA,CABALETTA BIO INC,same month,2024-02
2024-02-01,17864,BJ,B J S WHOLESALE CLUB HLDGS INC,same month,2024-02
2024-02-01,92780,HCI,H C I GROUP INC,same month,2024-02
2024-02-01,15272,SEDG,SOLAREDGE TECHNOLOGIES INC,same month,2024-02
2024-02-01,48961,DSGR,DISTRIBUTION SOLUTIONS GROUP INC,same month,2024-02
2024-02-01,60871,ADI,ANALOG DEVICES INC,same month,2024-02
2024-02-01,14882,CZR,CAESARS ENTERTAINMENT INC DE,same month,2024-02
2024-02-01,89327,ABG,ASBURY AUTOMOTIVE GROUP INC,same month,2024-02
2024-02-01,66800,AIG,AMERICAN INTERNATIONAL GROUP INC,same month,2024-02
2024-02-01,87445,TDY,TELEDYNE TECHNOLOGIES,same month,2024-02
2024-02-01,84348,VSAT,VIASAT INC,same month,2024-02
2024-02-01,20059,MRVI,MARAVAI LIFESCIENCES HLDGS INC,same month,2024-02
2024-02-01,26403,DIS,DISNEY WALT CO,same month,2024-02
2024-02-01,12060,GE,GENERAL ELECTRIC CO,same month,2024-02
2024-02-01,20998,BOWL,BOWLERO CORP,same month,2024-02
2024-02-01,21597,PECO,PHILLIPS EDISON & COMPANY INC,same month,2024-02
2024-02-01,17133,AMEH,APOLLO MEDICAL HOLDINGS INC,same month,2024-02
2024-02-01,10693,EHC,ENCOMPASS HEALTH CORP,same month,2024-02
2024-02-01,61567,HXL,HEXCEL CORP NEW,same month,2024-02
2024-02-01,20901,AGTI,AGILITI INC,same month,2024-02
2024-02-01,88648,TTMI,TTM TECHNOLOGIES INC,same month,2024-02
2024-02-01,85663,URI,UNITED RENTALS INC,same month,2024-02
2024-02-01,21890,BROS,DUTCH BROS INC,same month,2024-02
2024-02-01,11891,MGM,M G M RESORTS INTERNATIONAL,same month,2024-02
2024-02-01,79116,TCBK,TRICO BANCSHARES,same month,2024-02
2024-02-01,89508,KMX,CARMAX INC,same month,2024-02
2024-02-01,81666,HA,HAWAIIAN HOLDINGS INC,same month,2024-02
2024-02-01,76185,TYL,TYLER TECHNOLOGIES INC,same month,2024-02
2024-02-01,19599,QS,QUANTUMSCAPE CORP,same month,2024-02
2024-02-01,21617,ALIT,ALIGHT INC,same month,2024-02
2024-02-01,12591,APO,APOLLO GLOBAL MANAGEMENT INC NEW,same month,2024-02
2024-02-01,80191,ALB,ALBEMARLE CORP,same month,2024-02
2024-02-01,25487,CAR,AVIS BUDGET GROUP INC,same month,2024-02
2024-02-01,20898,RXRX,RECURSION PHARMACEUTICALS INC,same month,2024-02
2024-02-01,16086,HTZ,HERTZ GLOBAL HOLDINGS INC NEW,same month,2024-02
2024-02-01,20067,SOFI,SOFI TECHNOLOGIES INC,same month,2024-02
2024-02-01,90542,EYPT,EYEPOINT PHARMACEUTICALS INC,same month,2024-02
2024-02-01,20342,DRVN,DRIVEN BRANDS HOLDINGS INC,same month,2024-02
2024-02-01,86778,MKSI,M K S INSTRUMENTS INC,same month,2024-02
2024-02-01,16498,HGV,HILTON GRAND VACATIONS INC,same month,2024-02
2024-02-01,58683,LUV,SOUTHWEST AIRLINES CO,same month,2024-02
2024-02-01,19484,PCVX,VAXCYTE INC,same month,2024-02
2024-02-01,27562,CBRL,CRACKER BARREL OLD COUNTRY STORE,same month,2024-02
2024-02-01,20357,IONQ,IONQ INC,same month,2024-02
2024-02-01,23978,SVV,SAVERS VALUE VILLAGE INC,same month,2024-02
2024-02-01,86228,RSG,REPUBLIC SERVICES INC,same month,2024-02
2024-02-01,19084,BILL,B I L L HOLDINGS INC,same month,2024-02
2024-02-01,18898,KRUS,KURA SUSHI USA INC,same month,2024-02
2024-02-01,17357,TH,TARGET HOSPITALITY CORP,same month,2024-02
2024-02-01,83621,ANSS,ANSYS INC,same month,2024-02
2024-02-01,15222,IOVA,IOVANCE BIOTHERAPEUTICS INC,same month,2024-02
2024-02-01,16655,CVNA,CARVANA CO,same month,2024-02
2024-02-01,16005,SYRE,SPYRE THERAPEUTICS INC,same month,2024-02
2024-02-01,85913,MAR,MARRIOTT INTERNATIONAL INC NEW,same month,2024-02
2024-02-01,18676,TMDX,TRANSMEDICS GROUP INC,same month,2024-02
2024-02-01,16140,TWLO,TWILIO INC,same month,2024-02
2024-02-01,89397,VRNT,VERINT SYSTEMS INC,same month,2024-02
2024-02-01,15782,WSC,WILLSCOT MOBILE MINI HLDGS CORP,same month,2024-02
2024-02-01,19825,DYN,DYNE THERAPEUTICS INC,same month,2024-02
2024-02-01,20652,SNCY,SUN COUNTRY AIRLINES HLDGS INC,same month,2024-02
2024-02-01,22085,PTLO,PORTILLOS INC,same month,2024-02
2024-03-01,13878,MDXG,MIMEDX GROUP INC,same month,2024-03
2024-03-01,84511,VCEL,VERICEL CORP,same month,2024-03
2024-03-01,16386,IRTC,IRHYTHM TECHNOLOGIES INC,same month,2024-03
2024-03-01,90177,ACAD,ACADIA PHARMACEUTICALS,same month,2024-03
2024-03-01,90125,CORT,CORCEPT THERAPEUTICS INC,same month,2024-03
2024-03-01,16543,VREX,VAREX IMAGING CORP,same month,2024-03
2024-03-01,88351,INSM,INSMED INC,same month,2024-03
2024-03-01,90178,ALNY,ALNYLAM PHARMACEUTICALS INC,same month,2024-03
2024-03-01,19358,NARI,INARI MEDICAL INC,same month,2024-03
2024-03-01,15534,NTRA,NATERA INC,same month,2024-03
2024-03-01,19635,HRMY,HARMONY BIOSCIENCES HLDGS INC,same month,2024-03
2024-03-01,16965,FOR,FORESTAR GROUP INC NEW,same month,2024-03
2024-03-01,91606,CPRX,CATALYST PHARMACEUTICALS INC,same month,2024-03
2024-03-01,83534,NBIX,NEUROCRINE BIOSCIENCES INC,same month,2024-03
2024-03-01,90664,DXCM,DEXCOM INC,same month,2024-03
2024-03-01,18908,TXG,10X GENOMICS INC,same month,2024-03
2024-03-01,15302,VIRT,VIRTU FINANCIAL INC,same month,2024-03
2024-03-01,18190,AXNX,AXONICS INC,same month,2024-03
2024-03-01,16260,MEDP,MEDPACE HOLDINGS INC,same month,2024-03
2024-03-01,14325,TNDM,TANDEM DIABETES CARE INC,same month,2024-03
2024-03-01,81254,SNEX,STONEX GROUP INC,same month,2024-03
2024-03-01,17799,INSP,INSPIRE MEDICAL SYSTEMS INC,same month,2024-03
2024-03-01,50876,LLY,LILLY ELI & CO,same month,2024-03
2024-03-01,90162,GNW,GENWORTH FINANCIAL INC,same month,2024-03
2024-03-01,14229,OMF,ONEMAIN HOLDINGS INC,same month,2024-03
2024-03-01,16932,ROKU,ROKU INC,same month,2024-03
2024-03-01,79906,INCY,INCYTE CORP,same month,2024-03
2024-03-01,22199,COCO,VITA COCO CO INC,same month,2024-03
2024-03-01,90856,ATRC,ATRICURE INC,same month,2024-03
2024-03-01,13249,PRLB,PROTO LABS INC,same month,2024-03
2024-03-01,14273,CHGG,CHEGG INC,same month,2024-03
2024-03-01,92753,ERII,ENERGY RECOVERY INC,same month,2024-03
2024-03-01,15454,GKOS,GLAUKOS CORP,same month,2024-03
2024-03-01,22111,JNJ,JOHNSON & JOHNSON,same month,2024-03
2024-03-01,18011,SONO,SONOS INC,same month,2024-03
2024-03-01,85002,SRPT,SAREPTA THERAPEUTICS INC,same month,2024-03
2024-03-01,88352,ISRG,INTUITIVE SURGICAL INC,same month,2024-03
2024-03-01,22879,EMBC,EMBECTA CORP,same month,2024-03
2024-03-01,89031,AXON,AXON ENTERPRISE INC,same month,2024-03
2024-03-01,21896,TOST,TOAST INC,same month,2024-03
2024-03-01,91503,LMAT,LEMAITRE VASCULAR INC,same month,2024-03
2024-03-01,90319,GOOGL,ALPHABET INC,same month,2024-03
2024-03-01,16290,FLGT,FULGENT GENETICS INC,same month,2024-03
2024-03-01,14495,ATEN,A10 NETWORKS INC,same month,2024-03
2024-03-01,17155,QTRX,QUANTERIX CORP,same month,2024-03
2024-03-01,17281,WHD,CACTUS INC,same month,2024-03
2024-03-01,63715,POWL,POWELL INDUSTRIES INC,same month,2024-03
2024-03-01,18013,ARLO,ARLO TECHNOLOGIES INC,same month,2024-03
2024-03-01,91733,AVAV,AEROVIRONMENT INC,same month,2024-03
2024-03-01,23681,NXT,NEXTRACKER INC,same month,2024-03
2024-03-01,20681,COUR,COURSERA INC,same month,2024-03
2024-03-01,18134,UPWK,UPWORK INC,same month,2024-03
2024-03-01,93263,CELH,CELSIUS HOLDINGS INC,same month,2024-03
2024-03-01,75233,VGR,VECTOR GROUP LTD,same month,2024-03
2024-03-01,18485,PINS,PINTEREST INC,same month,2024-03
2024-03-01,79491,WINA,WINMARK CORP,same month,2024-03
2024-03-01,75034,BKR,BAKER HUGHES CO,same month,2024-03
2024-03-01,92221,MELI,MERCADOLIBRE INC,same month,2024-03
2024-03-01,81665,GIC,GLOBAL INDUSTRIAL CO,same month,2024-03
2024-03-01,11701,IMKTA,INGLES MARKETS INC,same month,2024-03
2024-03-01,58975,OII,OCEANEERING INTERNATIONAL INC,same month,2024-03
2024-03-01,21614,DUOL,DUOLINGO INC,same month,2024-03
2024-03-01,16595,SNAP,SNAP INC,same month,2024-03
2024-03-01,54253,MSA,M S A SAFETY INC,same month,2024-03
2024-03-01,56822,NWLI,NATIONAL WESTERN LIFE GROUP INC,same month,2024-03
2024-03-01,84788,AMZN,AMAZON COM INC,same month,2024-03
2024-03-01,84010,USNA,USANA HEALTH SCIENCES INC,same month,2024-03
2024-03-01,92203,LULU,LULULEMON ATHLETICA INC,same month,2024-03
2024-03-01,20659,VZIO,VIZIO HOLDING CORP,same month,2024-03
2024-03-01,76128,VICR,VICOR CORP,same month,2024-03
2024-03-01,18065,GTX,GARRETT MOTION INC,same month,2024-03
2024-03-01,16617,PUMP,PROPETRO HOLDING CORP,same month,2024-03
2024-03-01,20682,CPNG,COUPANG INC,same month,2024-03
2024-03-01,92635,NX,QUANEX BUILDING PRODUCTS CORP,same month,2024-03
2024-03-01,76839,FIZZ,NATIONAL BEVERAGE CORP,same month,2024-03
2024-03-01,82634,SAM,BOSTON BEER INC,same month,2024-03
2024-03-01,39538,MAT,MATTEL INC,same month,2024-03
2024-03-01,16309,TTD,TRADE DESK INC,same month,2024-03
2024-03-01,89946,AEL,AMERICAN EQUITY INVT LIFE HLDG C,same month,2024-03
2024-03-01,13919,AMBC,AMBAC FINANCIAL GROUP INC,same month,2024-03
2024-03-01,41187,HE,HAWAIIAN ELECTRIC INDUSTRIES INC,same month,2024-03
2024-03-01,14688,AMPH,AMPHASTAR PHARMACEUTICALS INC,same month,2024-03
2024-03-01,15332,CWEN,CLEARWAY ENERGY INC,same month,2024-03
2024-03-01,14601,NAVI,NAVIENT CORP,same month,2024-03
2024-03-01,82702,AMRX,AMNEAL PHARMACEUTICALS INC,same month,2024-03
2024-03-01,22812,BRBR,BELLRING BRANDS INC NEW,same month,2024-03
2024-03-01,90423,INVA,THERAVANCE INC,same month,2024-03
2024-03-01,60186,OMI,OWENS & MINOR INC NEW,same month,2024-03
2024-03-01,12515,BKU,BANKUNITED INC,same month,2024-03
2024-03-01,85741,HOPE,HOPE BANCORP INC,same month,2024-03
2024-03-01,87318,EGBN,EAGLE BANCORP INC,same month,2024-03
2024-03-01,79382,PFC,PREMIER FINANCIAL CORP,same month,2024-03
2024-03-01,21892,PRCT,PROCEPT BIOROBOTICS CORP,same month,2024-03
2024-03-01,11499,CECO,C E C O ENVIRONMENTAL CORP,same month,2024-03
2024-03-01,18214,TWST,TWIST BIOSCIENCE CORP,same month,2024-03
2024-03-01,16967,CARG,CARGURUS INC,same month,2024-03
2024-03-01,15400,ENR,ENERGIZER HOLDINGS INC NEW,same month,2024-03
2024-03-01,14432,ITCI,INTRA CELLULAR THERAPIES INC,same month,2024-03
2024-03-01,92050,PODD,INSULET CORP,same month,2024-03
2024-03-01,83414,SASR,SANDY SPRING BANCORP INC,same month,2024-03
2024-03-01,14813,MARA,MARATHON DIGITAL HOLDINGS INC,same month,2024-03
2024-03-01,92213,RIOT,RIOT PLATFORMS INC,same month,2024-03
2024-03-01,19084,BILL,B I L L HOLDINGS INC,same month,2024-03
2024-03-01,20357,IONQ,IONQ INC,same month,2024-03
2024-03-01,19599,QS,QUANTUMSCAPE CORP,same month,2024-03
2024-03-01,86211,MSTR,MICROSTRATEGY INC,same month,2024-03
2024-03-01,19187,CLSK,CLEANSPARK INC,same month,2024-03
2024-03-01,11370,ENV,ENVESTNET INC,same month,2024-03
2024-03-01,12591,APO,APOLLO GLOBAL MANAGEMENT INC NEW,same month,2024-03
2024-03-01,76185,TYL,TYLER TECHNOLOGIES INC,same month,2024-03
2024-03-01,20067,SOFI,SOFI TECHNOLOGIES INC,same month,2024-03
2024-03-01,15478,TRU,TRANSUNION,same month,2024-03
2024-03-01,81666,HA,HAWAIIAN HOLDINGS INC,same month,2024-03
2024-03-01,21556,INDI,INDIE SEMICONDUCTOR INC,same month,2024-03
2024-03-01,80191,ALB,ALBEMARLE CORP,same month,2024-03
2024-03-01,22092,KD,KYNDRYL HOLDINGS INC,same month,2024-03
2024-03-01,93098,H,HYATT HOTELS CORP,same month,2024-03
2024-03-01,18776,IMVT,IMMUNOVANT INC,same month,2024-03
2024-03-01,90097,UCTT,ULTRA CLEAN HOLDINGS INC,same month,2024-03
2024-03-01,15303,VKTX,VIKING THERAPEUTICS INC,same month,2024-03
2024-03-01,22079,LTH,LIFE TIME GROUP HOLDINGS INC,same month,2024-03
2024-03-01,86228,RSG,REPUBLIC SERVICES INC,same month,2024-03
2024-03-01,21359,MCW,MISTER CAR WASH INC,same month,2024-03
2024-03-01,15058,SLNO,SOLENO THERAPEUTICS INC,same month,2024-03
2024-03-01,11752,COHR,COHERENT CORP,same month,2024-03
2024-03-01,14338,HLT,HILTON WORLDWIDE HOLDINGS INC,same month,2024-03
2024-03-01,89626,CME,C M E GROUP INC,same month,2024-03
2024-03-01,16086,HTZ,HERTZ GLOBAL HOLDINGS INC NEW,same month,2024-03
2024-03-01,17357,TH,TARGET HOSPITALITY CORP,same month,2024-03
2024-03-01,85913,MAR,MARRIOTT INTERNATIONAL INC NEW,same month,2024-03
2024-03-01,15222,IOVA,IOVANCE BIOTHERAPEUTICS INC,same month,2024-03
2024-03-01,21617,ALIT,ALIGHT INC,same month,2024-03
2024-03-01,20342,DRVN,DRIVEN BRANDS HOLDINGS INC,same month,2024-03
2024-03-01,20898,RXRX,RECURSION PHARMACEUTICALS INC,same month,2024-03
2024-03-01,90542,EYPT,EYEPOINT PHARMACEUTICALS INC,same month,2024-03
2024-03-01,18898,KRUS,KURA SUSHI USA INC,same month,2024-03
2024-03-01,19484,PCVX,VAXCYTE INC,same month,2024-03
2024-03-01,15221,RCKT,ROCKET PHARMACEUTICALS INC,same month,2024-03
2024-03-01,91832,MDGL,MADRIGAL PHARMACEUTICALS INC,same month,2024-03
2024-03-01,28804,ALK,ALASKA AIRGROUP INC,same month,2024-03
2024-03-01,21747,NUVL,NUVALENT INC,same month,2024-03
2024-03-01,16140,TWLO,TWILIO INC,same month,2024-03
2024-03-01,16498,HGV,HILTON GRAND VACATIONS INC,same month,2024-03
2024-03-01,18961,SWTX,SPRINGWORKS THERAPEUTICS INC,same month,2024-03
2024-03-01,19825,DYN,DYNE THERAPEUTICS INC,same month,2024-03
2024-03-01,58683,LUV,SOUTHWEST AIRLINES CO,same month,2024-03
2024-03-01,22085,PTLO,PORTILLOS INC,same month,2024-03
2024-03-01,15272,SEDG,SOLAREDGE TECHNOLOGIES INC,same month,2024-03
2024-03-01,23941,CAVA,CAVA GROUP INC,same month,2024-03
2024-03-01,15795,SGRY,SURGERY PARTNERS INC,same month,2024-03
2024-03-01,19004,CABA,CABALETTA BIO INC,same month,2024-03
2024-03-01,10932,WBS,WEBSTER FINANCIAL CORP,same month,2024-03
2024-03-01,76856,FCFS,FIRSTCASH HOLDINGS INC,same month,2024-03
2024-03-01,19628,IRON,DISC MEDICINE INC,same month,2024-03
2024-03-01,19593,MIR,MIRION TECHNOLOGIES INC,same month,2024-03
2024-03-01,20791,EWTX,EDGEWISE THERAPEUTICS INC,same month,2024-03
2024-03-01,86778,MKSI,M K S INSTRUMENTS INC,same month,2024-03
2024-03-01,83621,ANSS,ANSYS INC,same month,2024-03
2024-03-01,15643,RUN,SUNRUN INC,same month,2024-03
2024-03-01,23978,SVV,SAVERS VALUE VILLAGE INC,same month,2024-03
2024-03-01,84348,VSAT,VIASAT INC,same month,2024-03
2024-03-01,20059,MRVI,MARAVAI LIFESCIENCES HLDGS INC,same month,2024-03
2024-03-01,92780,HCI,H C I GROUP INC,same month,2024-03
2024-03-01,20998,BOWL,BOWLERO CORP,same month,2024-03
2024-03-01,66800,AIG,AMERICAN INTERNATIONAL GROUP INC,same month,2024-03
2024-03-01,20652,SNCY,SUN COUNTRY AIRLINES HLDGS INC,same month,2024-03
2024-03-01,21348,LFST,LIFESTANCE HEALTH GROUP INC,same month,2024-03
2024-03-01,14708,VRDN,VIRIDIAN THERAPEUTICS INC,same month,2024-03
2024-03-01,25487,CAR,AVIS BUDGET GROUP INC,same month,2024-03
2024-03-01,23063,AZPN,ASPEN TECHNOLOGY INC NEW,same month,2024-03
2024-03-01,17864,BJ,B J S WHOLESALE CLUB HLDGS INC,same month,2024-03
2024-03-01,23054,SOUN,SOUNDHOUND AI INC,same month,2024-03
2024-03-01,20126,JOBY,JOBY AVIATION INC,same month,2024-03
2024-03-01,16649,OKTA,OKTA INC,same month,2024-03
2024-03-01,19565,NCNO,NCINO INC NEW,same month,2024-03
2024-03-01,20193,AI,C3 AI INC,same month,2024-03
2024-03-01,21415,S,SENTINELONE INC,same month,2024-03
2024-03-01,18580,FSLY,FASTLY INC,same month,2024-03
2024-03-01,90505,LVS,LAS VEGAS SANDS CORP,same month,2024-03
2024-03-01,20646,OSCR,OSCAR HEALTH INC,same month,2024-03
2024-03-01,19505,JAMF,JAMF HOLDING CORP,same month,2024-03
2024-03-01,22424,HCP,HASHICORP INC,same month,2024-03
2024-03-01,63467,BRO,BROWN & BROWN INC,same month,2024-03
2024-03-01,17478,SPGI,S & P GLOBAL INC,same month,2024-03
2024-03-01,15416,ATXS,ASTRIA THERAPEUTICS INC,same month,2024-03
2024-03-01,21358,CFLT,CONFLUENT INC,same month,2024-03
2024-03-01,15490,LITE,LUMENTUM HOLDINGS INC,same month,2024-03
2024-03-01,22268,SG,SWEETGREEN INC,same month,2024-03
2024-03-01,64390,PGR,PROGRESSIVE CORP OH,same month,2024-03
2024-03-01,92469,SATS,ECHOSTAR CORP,same month,2024-03
2024-03-01,23147,IE,IVANHOE ELECTRIC INC,same month,2024-03
2024-03-01,19547,CERE,CEREVEL THERAPEUTICS HLDGS INC,same month,2024-03
2024-03-01,19497,LMND,LEMONADE INC,same month,2024-03
2024-03-01,20464,EVEX,EVE HOLDING INC,same month,2024-03
2024-03-01,83509,FCN,F T I CONSULTING INC,same month,2024-03
2024-03-01,65294,RLI,R L I CORP,same month,2024-03
2024-03-01,21713,EVCM,EVERCOMMERCE INC,same month,2024-03
2024-03-01,23432,PRME,PRIME MEDICINE INC,same month,2024-03
2024-03-01,20657,ACVA,A C V AUCTIONS INC,same month,2024-03
2024-03-01,91611,FSLR,FIRST SOLAR INC,same month,2024-03
2024-04-01,41187,HE,HAWAIIAN ELECTRIC INDUSTRIES INC,same month,2024-04
2024-04-01,15332,CWEN,CLEARWAY ENERGY INC,same month,2024-04
2024-04-01,90177,ACAD,ACADIA PHARMACEUTICALS,same month,2024-04
2024-04-01,16386,IRTC,IRHYTHM TECHNOLOGIES INC,same month,2024-04
2024-04-01,90125,CORT,CORCEPT THERAPEUTICS INC,same month,2024-04
2024-04-01,88351,INSM,INSMED INC,same month,2024-04
2024-04-01,84511,VCEL,VERICEL CORP,same month,2024-04
2024-04-01,16543,VREX,VAREX IMAGING CORP,same month,2024-04
2024-04-01,14601,NAVI,NAVIENT CORP,same month,2024-04
2024-04-01,90178,ALNY,ALNYLAM PHARMACEUTICALS INC,same month,2024-04
2024-04-01,14688,AMPH,AMPHASTAR PHARMACEUTICALS INC,same month,2024-04
2024-04-01,13878,MDXG,MIMEDX GROUP INC,same month,2024-04
2024-04-01,18908,TXG,10X GENOMICS INC,same month,2024-04
2024-04-01,15534,NTRA,NATERA INC,same month,2024-04
2024-04-01,90423,INVA,THERAVANCE INC,same month,2024-04
2024-04-01,14229,OMF,ONEMAIN HOLDINGS INC,same month,2024-04
2024-04-01,81254,SNEX,STONEX GROUP INC,same month,2024-04
2024-04-01,14432,ITCI,INTRA CELLULAR THERAPIES INC,same month,2024-04
2024-04-01,90664,DXCM,DEXCOM INC,same month,2024-04
2024-04-01,79906,INCY,INCYTE CORP,same month,2024-04
2024-04-01,15454,GKOS,GLAUKOS CORP,same month,2024-04
2024-04-01,22812,BRBR,BELLRING BRANDS INC NEW,same month,2024-04
2024-04-01,91606,CPRX,CATALYST PHARMACEUTICALS INC,same month,2024-04
2024-04-01,15302,VIRT,VIRTU FINANCIAL INC,same month,2024-04
2024-04-01,18214,TWST,TWIST BIOSCIENCE CORP,same month,2024-04
2024-04-01,16260,MEDP,MEDPACE HOLDINGS INC,same month,2024-04
2024-04-01,50876,LLY,LILLY ELI & CO,same month,2024-04
2024-04-01,90162,GNW,GENWORTH FINANCIAL INC,same month,2024-04
2024-04-01,22879,EMBC,EMBECTA CORP,same month,2024-04
2024-04-01,19635,HRMY,HARMONY BIOSCIENCES HLDGS INC,same month,2024-04
2024-04-01,21896,TOST,TOAST INC,same month,2024-04
2024-04-01,16967,CARG,CARGURUS INC,same month,2024-04
2024-04-01,85002,SRPT,SAREPTA THERAPEUTICS INC,same month,2024-04
2024-04-01,18190,AXNX,AXONICS INC,same month,2024-04
2024-04-01,79382,PFC,PREMIER FINANCIAL CORP,same month,2024-04
2024-04-01,11499,CECO,C E C O ENVIRONMENTAL CORP,same month,2024-04
2024-04-01,17799,INSP,INSPIRE MEDICAL SYSTEMS INC,same month,2024-04
2024-04-01,83414,SASR,SANDY SPRING BANCORP INC,same month,2024-04
2024-04-01,13249,PRLB,PROTO LABS INC,same month,2024-04
2024-04-01,90856,ATRC,ATRICURE INC,same month,2024-04
2024-04-01,92050,PODD,INSULET CORP,same month,2024-04
2024-04-01,16932,ROKU,ROKU INC,same month,2024-04
2024-04-01,89031,AXON,AXON ENTERPRISE INC,same month,2024-04
2024-04-01,14325,TNDM,TANDEM DIABETES CARE INC,same month,2024-04
2024-04-01,12515,BKU,BANKUNITED INC,same month,2024-04
2024-04-01,22199,COCO,VITA COCO CO INC,same month,2024-04
2024-04-01,92753,ERII,ENERGY RECOVERY INC,same month,2024-04
2024-04-01,14273,CHGG,CHEGG INC,same month,2024-04
2024-04-01,88352,ISRG,INTUITIVE SURGICAL INC,same month,2024-04
2024-04-01,16965,FOR,FORESTAR GROUP INC NEW,same month,2024-04
2024-04-01,60186,OMI,OWENS & MINOR INC NEW,same month,2024-04
2024-04-01,83534,NBIX,NEUROCRINE BIOSCIENCES INC,same month,2024-04
2024-04-01,15400,ENR,ENERGIZER HOLDINGS INC NEW,same month,2024-04
2024-04-01,22111,JNJ,JOHNSON & JOHNSON,same month,2024-04
2024-04-01,18011,SONO,SONOS INC,same month,2024-04
2024-04-01,85741,HOPE,HOPE BANCORP INC,same month,2024-04
2024-04-01,91503,LMAT,LEMAITRE VASCULAR INC,same month,2024-04
2024-04-01,23681,NXT,NEXTRACKER INC,same month,2024-04
2024-04-01,90319,GOOGL,ALPHABET INC,same month,2024-04
2024-04-01,81665,GIC,GLOBAL INDUSTRIAL CO,same month,2024-04
2024-04-01,18065,GTX,GARRETT MOTION INC,same month,2024-04
2024-04-01,17281,WHD,CACTUS INC,same month,2024-04
2024-04-01,21892,PRCT,PROCEPT BIOROBOTICS CORP,same month,2024-04
2024-04-01,93263,CELH,CELSIUS HOLDINGS INC,same month,2024-04
2024-04-01,63715,POWL,POWELL INDUSTRIES INC,same month,2024-04
2024-04-01,84010,USNA,USANA HEALTH SCIENCES INC,same month,2024-04
2024-04-01,19358,NARI,INARI MEDICAL INC,same month,2024-04
2024-04-01,75233,VGR,VECTOR GROUP LTD,same month,2024-04
2024-04-01,16595,SNAP,SNAP INC,same month,2024-04
2024-04-01,20659,VZIO,VIZIO HOLDING CORP,same month,2024-04
2024-04-01,14495,ATEN,A10 NETWORKS INC,same month,2024-04
2024-04-01,18485,PINS,PINTEREST INC,same month,2024-04
2024-04-01,75034,BKR,BAKER HUGHES CO,same month,2024-04
2024-04-01,92221,MELI,MERCADOLIBRE INC,same month,2024-04
2024-04-01,18013,ARLO,ARLO TECHNOLOGIES INC,same month,2024-04
2024-04-01,20681,COUR,COURSERA INC,same month,2024-04
2024-04-01,84788,AMZN,AMAZON COM INC,same month,2024-04
2024-04-01,76839,FIZZ,NATIONAL BEVERAGE CORP,same month,2024-04
2024-04-01,92203,LULU,LULULEMON ATHLETICA INC,same month,2024-04
2024-04-01,21614,DUOL,DUOLINGO INC,same month,2024-04
2024-04-01,20682,CPNG,COUPANG INC,same month,2024-04
2024-04-01,79491,WINA,WINMARK CORP,same month,2024-04
2024-04-01,11701,IMKTA,INGLES MARKETS INC,same month,2024-04
2024-04-01,17155,QTRX,QUANTERIX CORP,same month,2024-04
2024-04-01,17317,EOLS,EVOLUS INC,same month,2024-04
2024-04-01,89653,PFS,PROVIDENT FINANCIAL SVCS INC,same month,2024-04
2024-04-01,91348,ATEC,ALPHATEC HOLDINGS INC,same month,2024-04
2024-04-01,89964,NNI,NELNET INC,same month,2024-04
2024-04-01,86820,CFFN,CAPITOL FEDERAL FINANCIAL INC,same month,2024-04
2024-04-01,19577,RKT,ROCKET COMPANIES INC,same month,2024-04
2024-04-01,18043,AMAL,AMALGAMATED FINANCIAL CORP,same month,2024-04
2024-04-01,85621,MTD,METTLER TOLEDO INTERNATIONAL INC,same month,2024-04
2024-04-01,23744,CR,CRANE CO NEW,same month,2024-04
2024-04-01,20057,VTRS,VIATRIS INC,same month,2024-04
2024-04-01,13877,IBTX,INDEPENDENT BANK GROUP INC,same month,2024-04
2024-04-01,16829,RDFN,REDFIN CORP,same month,2024-04
2024-04-01,92716,DCOM,DIME COMMUNITY BANCSHRS INC NEW,same month,2024-04
2024-04-01,21124,OGN,ORGANON & CO,same month,2024-04
2024-04-01,93304,FIBK,FIRST INTERSTATE BANCSYSTEM INC,same month,2024-04
2024-04-01,89736,HTLF,HEARTLAND FINANCIAL USA INC,same month,2024-04
2024-04-01,14813,MARA,MARATHON DIGITAL HOLDINGS INC,same month,2024-04
2024-04-01,92213,RIOT,RIOT PLATFORMS INC,same month,2024-04
2024-04-01,23054,SOUN,SOUNDHOUND AI INC,same month,2024-04
2024-04-01,86211,MSTR,MICROSTRATEGY INC,same month,2024-04
2024-04-01,20357,IONQ,IONQ INC,same month,2024-04
2024-04-01,19084,BILL,B I L L HOLDINGS INC,same month,2024-04
2024-04-01,19187,CLSK,CLEANSPARK INC,same month,2024-04
2024-04-01,19599,QS,QUANTUMSCAPE CORP,same month,2024-04
2024-04-01,19565,NCNO,NCINO INC NEW,same month,2024-04
2024-04-01,90505,LVS,LAS VEGAS SANDS CORP,same month,2024-04
2024-04-01,20126,JOBY,JOBY AVIATION INC,same month,2024-04
2024-04-01,11370,ENV,ENVESTNET INC,same month,2024-04
2024-04-01,76185,TYL,TYLER TECHNOLOGIES INC,same month,2024-04
2024-04-01,21556,INDI,INDIE SEMICONDUCTOR INC,same month,2024-04
2024-04-01,22079,LTH,LIFE TIME GROUP HOLDINGS INC,same month,2024-04
2024-04-01,80191,ALB,ALBEMARLE CORP,same month,2024-04
2024-04-01,22092,KD,KYNDRYL HOLDINGS INC,same month,2024-04
2024-04-01,15478,TRU,TRANSUNION,same month,2024-04
2024-04-01,18776,IMVT,IMMUNOVANT INC,same month,2024-04
2024-04-01,15303,VKTX,VIKING THERAPEUTICS INC,same month,2024-04
2024-04-01,15058,SLNO,SOLENO THERAPEUTICS INC,same month,2024-04
2024-04-01,17357,TH,TARGET HOSPITALITY CORP,same month,2024-04
2024-04-01,12591,APO,APOLLO GLOBAL MANAGEMENT INC NEW,same month,2024-04
2024-04-01,20067,SOFI,SOFI TECHNOLOGIES INC,same month,2024-04
2024-04-01,11752,COHR,COHERENT CORP,same month,2024-04
2024-04-01,92469,SATS,ECHOSTAR CORP,same month,2024-04
2024-04-01,23147,IE,IVANHOE ELECTRIC INC,same month,2024-04
2024-04-01,22268,SG,SWEETGREEN INC,same month,2024-04
2024-04-01,90542,EYPT,EYEPOINT PHARMACEUTICALS INC,same month,2024-04
2024-04-01,20646,OSCR,OSCAR HEALTH INC,same month,2024-04
2024-04-01,18580,FSLY,FASTLY INC,same month,2024-04
2024-04-01,19497,LMND,LEMONADE INC,same month,2024-04
2024-04-01,93098,H,HYATT HOTELS CORP,same month,2024-04
2024-04-01,18898,KRUS,KURA SUSHI USA INC,same month,2024-04
2024-04-01,15222,IOVA,IOVANCE BIOTHERAPEUTICS INC,same month,2024-04
2024-04-01,86228,RSG,REPUBLIC SERVICES INC,same month,2024-04
2024-04-01,21359,MCW,MISTER CAR WASH INC,same month,2024-04
2024-04-01,21617,ALIT,ALIGHT INC,same month,2024-04
2024-04-01,21358,CFLT,CONFLUENT INC,same month,2024-04
2024-04-01,19825,DYN,DYNE THERAPEUTICS INC,same month,2024-04
2024-04-01,19505,JAMF,JAMF HOLDING CORP,same month,2024-04
2024-04-01,15416,ATXS,ASTRIA THERAPEUTICS INC,same month,2024-04
2024-04-01,15221,RCKT,ROCKET PHARMACEUTICALS INC,same month,2024-04
2024-04-01,20898,RXRX,RECURSION PHARMACEUTICALS INC,same month,2024-04
2024-04-01,22424,HCP,HASHICORP INC,same month,2024-04
2024-04-01,63467,BRO,BROWN & BROWN INC,same month,2024-04
2024-04-01,20657,ACVA,A C V AUCTIONS INC,same month,2024-04
2024-04-01,90097,UCTT,ULTRA CLEAN HOLDINGS INC,same month,2024-04
2024-04-01,20342,DRVN,DRIVEN BRANDS HOLDINGS INC,same month,2024-04
2024-04-01,19547,CERE,CEREVEL THERAPEUTICS HLDGS INC,same month,2024-04
2024-04-01,19484,PCVX,VAXCYTE INC,same month,2024-04
2024-04-01,14338,HLT,HILTON WORLDWIDE HOLDINGS INC,same month,2024-04
2024-04-01,20464,EVEX,EVE HOLDING INC,same month,2024-04
2024-04-01,16086,HTZ,HERTZ GLOBAL HOLDINGS INC NEW,same month,2024-04
2024-04-01,85913,MAR,MARRIOTT INTERNATIONAL INC NEW,same month,2024-04
2024-04-01,21747,NUVL,NUVALENT INC,same month,2024-04
2024-04-01,22085,PTLO,PORTILLOS INC,same month,2024-04
2024-04-01,17478,SPGI,S & P GLOBAL INC,same month,2024-04
2024-04-01,20791,EWTX,EDGEWISE THERAPEUTICS INC,same month,2024-04
2024-04-01,19004,CABA,CABALETTA BIO INC,same month,2024-04
2024-04-01,91611,FSLR,FIRST SOLAR INC,same month,2024-04
2024-04-01,91832,MDGL,MADRIGAL PHARMACEUTICALS INC,same month,2024-04
2024-04-01,28804,ALK,ALASKA AIRGROUP INC,same month,2024-04
2024-04-01,23432,PRME,PRIME MEDICINE INC,same month,2024-04
2024-04-01,15490,LITE,LUMENTUM HOLDINGS INC,same month,2024-04
2024-04-01,89626,CME,C M E GROUP INC,same month,2024-04
2024-04-01,18961,SWTX,SPRINGWORKS THERAPEUTICS INC,same month,2024-04
2024-04-01,20059,MRVI,MARAVAI LIFESCIENCES HLDGS INC,same month,2024-04
2024-04-01,19628,IRON,DISC MEDICINE INC,same month,2024-04
2024-04-01,64390,PGR,PROGRESSIVE CORP OH,same month,2024-04
2024-04-01,21713,EVCM,EVERCOMMERCE INC,same month,2024-04
2024-04-01,19593,MIR,MIRION TECHNOLOGIES INC,same month,2024-04
2024-04-01,15643,RUN,SUNRUN INC,same month,2024-04
2024-04-01,10932,WBS,WEBSTER FINANCIAL CORP,same month,2024-04
2024-04-01,84348,VSAT,VIASAT INC,same month,2024-04
2024-04-01,86778,MKSI,M K S INSTRUMENTS INC,same month,2024-04
2024-04-01,83509,FCN,F T I CONSULTING INC,same month,2024-04
2024-04-01,23063,AZPN,ASPEN TECHNOLOGY INC NEW,same month,2024-04
2024-04-01,21415,S,SENTINELONE INC,same month,2024-04
2024-04-01,16498,HGV,HILTON GRAND VACATIONS INC,same month,2024-04
2024-04-01,25487,CAR,AVIS BUDGET GROUP INC,same month,2024-04
2024-04-01,65294,RLI,R L I CORP,same month,2024-04
2024-04-01,58683,LUV,SOUTHWEST AIRLINES CO,same month,2024-04
2024-04-01,14708,VRDN,VIRIDIAN THERAPEUTICS INC,same month,2024-04
2024-04-01,66800,AIG,AMERICAN INTERNATIONAL GROUP INC,same month,2024-04
2024-04-01,15795,SGRY,SURGERY PARTNERS INC,same month,2024-04
2024-04-01,16649,OKTA,OKTA INC,same month,2024-04
2024-04-01,21348,LFST,LIFESTANCE HEALTH GROUP INC,same month,2024-04
2024-04-01,20295,CIFR,CIPHER MINING INC,same month,2024-04
2024-04-01,22220,NN,NEXTNAV INC,same month,2024-04
2024-04-01,82670,TGTX,T G THERAPEUTICS INC,same month,2024-04
2024-04-01,21262,DAWN,DAY ONE BIOPHARMACEUTICALS INC,same month,2024-04
2024-04-01,85517,CHH,CHOICE HOTELS INTERNATIONAL INC,same month,2024-04
2024-04-01,21825,NPWR,N E T POWER INC,same month,2024-04
2024-04-01,20468,SANA,SANA BIOTECHNOLOGY INC,same month,2024-04
2024-04-01,80069,ARWR,ARROWHEAD PHARMACEUTICALS INC,same month,2024-04
2024-04-01,19201,RVMD,REVOLUTION MEDICINES INC,same month,2024-04
2024-04-01,21342,VERA,VERA THERAPEUTICS INC,same month,2024-04
2024-04-01,17125,DNLI,DENALI THERAPEUTICS INC,same month,2024-04
2024-04-01,13739,BFAM,BRIGHT HORIZONS FAM SOL INC NEW,same month,2024-04
2024-05-01,41187,HE,HAWAIIAN ELECTRIC INDUSTRIES INC,same month,2024-05
2024-05-01,15332,CWEN,CLEARWAY ENERGY INC,same month,2024-05
2024-05-01,17317,EOLS,EVOLUS INC,same month,2024-05
2024-05-01,14601,NAVI,NAVIENT CORP,same month,2024-05
2024-05-01,16386,IRTC,IRHYTHM TECHNOLOGIES INC,same month,2024-05
2024-05-01,84511,VCEL,VERICEL CORP,same month,2024-05
2024-05-01,14432,ITCI,INTRA CELLULAR THERAPIES INC,same month,2024-05
2024-05-01,16829,RDFN,REDFIN CORP,same month,2024-05
2024-05-01,90423,INVA,THERAVANCE INC,same month,2024-05
2024-05-01,88351,INSM,INSMED INC,same month,2024-05
2024-05-01,89964,NNI,NELNET INC,same month,2024-05
2024-05-01,91606,CPRX,CATALYST PHARMACEUTICALS INC,same month,2024-05
2024-05-01,90177,ACAD,ACADIA PHARMACEUTICALS,same month,2024-05
2024-05-01,14229,OMF,ONEMAIN HOLDINGS INC,same month,2024-05
2024-05-01,21124,OGN,ORGANON & CO,same month,2024-05
2024-05-01,16543,VREX,VAREX IMAGING CORP,same month,2024-05
2024-05-01,90125,CORT,CORCEPT THERAPEUTICS INC,same month,2024-05
2024-05-01,20057,VTRS,VIATRIS INC,same month,2024-05
2024-05-01,15534,NTRA,NATERA INC,same month,2024-05
2024-05-01,21896,TOST,TOAST INC,same month,2024-05
2024-05-01,22812,BRBR,BELLRING BRANDS INC NEW,same month,2024-05
2024-05-01,19577,RKT,ROCKET COMPANIES INC,same month,2024-05
2024-05-01,18214,TWST,TWIST BIOSCIENCE CORP,same month,2024-05
2024-05-01,91348,ATEC,ALPHATEC HOLDINGS INC,same month,2024-05
2024-05-01,90162,GNW,GENWORTH FINANCIAL INC,same month,2024-05
2024-05-01,90664,DXCM,DEXCOM INC,same month,2024-05
2024-05-01,18908,TXG,10X GENOMICS INC,same month,2024-05
2024-05-01,85002,SRPT,SAREPTA THERAPEUTICS INC,same month,2024-05
2024-05-01,13249,PRLB,PROTO LABS INC,same month,2024-05
2024-05-01,17799,INSP,INSPIRE MEDICAL SYSTEMS INC,same month,2024-05
2024-05-01,90178,ALNY,ALNYLAM PHARMACEUTICALS INC,same month,2024-05
2024-05-01,79906,INCY,INCYTE CORP,same month,2024-05
2024-05-01,15454,GKOS,GLAUKOS CORP,same month,2024-05
2024-05-01,90856,ATRC,ATRICURE INC,same month,2024-05
2024-05-01,81665,GIC,GLOBAL INDUSTRIAL CO,same month,2024-05
2024-05-01,89031,AXON,AXON ENTERPRISE INC,same month,2024-05
2024-05-01,14688,AMPH,AMPHASTAR PHARMACEUTICALS INC,same month,2024-05
2024-05-01,92753,ERII,ENERGY RECOVERY INC,same month,2024-05
2024-05-01,50876,LLY,LILLY ELI & CO,same month,2024-05
2024-05-01,81254,SNEX,STONEX GROUP INC,same month,2024-05
2024-05-01,18011,SONO,SONOS INC,same month,2024-05
2024-05-01,85621,MTD,METTLER TOLEDO INTERNATIONAL INC,same month,2024-05
2024-05-01,14325,TNDM,TANDEM DIABETES CARE INC,same month,2024-05
2024-05-01,16260,MEDP,MEDPACE HOLDINGS INC,same month,2024-05
2024-05-01,76839,FIZZ,NATIONAL BEVERAGE CORP,same month,2024-05
2024-05-01,22199,COCO,VITA COCO CO INC,same month,2024-05
2024-05-01,88352,ISRG,INTUITIVE SURGICAL INC,same month,2024-05
2024-05-01,16932,ROKU,ROKU INC,same month,2024-05
2024-05-01,18190,AXNX,AXONICS INC,same month,2024-05
2024-05-01,16967,CARG,CARGURUS INC,same month,2024-05
2024-05-01,92050,PODD,INSULET CORP,same month,2024-05
2024-05-01,79382,PFC,PREMIER FINANCIAL CORP,same month,2024-05
2024-05-01,23681,NXT,NEXTRACKER INC,same month,2024-05
2024-05-01,93263,CELH,CELSIUS HOLDINGS INC,same month,2024-05
2024-05-01,19635,HRMY,HARMONY BIOSCIENCES HLDGS INC,same month,2024-05
2024-05-01,20659,VZIO,VIZIO HOLDING CORP,same month,2024-05
2024-05-01,18485,PINS,PINTEREST INC,same month,2024-05
2024-05-01,60186,OMI,OWENS & MINOR INC NEW,same month,2024-05
2024-05-01,13877,IBTX,INDEPENDENT BANK GROUP INC,same month,2024-05
2024-05-01,13878,MDXG,MIMEDX GROUP INC,same month,2024-05
2024-05-01,15302,VIRT,VIRTU FINANCIAL INC,same month,2024-05
2024-05-01,84010,USNA,USANA HEALTH SCIENCES INC,same month,2024-05
2024-05-01,91503,LMAT,LEMAITRE VASCULAR INC,same month,2024-05
2024-05-01,15400,ENR,ENERGIZER HOLDINGS INC NEW,same month,2024-05
2024-05-01,22111,JNJ,JOHNSON & JOHNSON,same month,2024-05
2024-05-01,93304,FIBK,FIRST INTERSTATE BANCSYSTEM INC,same month,2024-05
2024-05-01,14495,ATEN,A10 NETWORKS INC,same month,2024-05
2024-05-01,92221,MELI,MERCADOLIBRE INC,same month,2024-05
2024-05-01,18013,ARLO,ARLO TECHNOLOGIES INC,same month,2024-05
2024-05-01,90319,GOOGL,ALPHABET INC,same month,2024-05
2024-05-01,16965,FOR,FORESTAR GROUP INC NEW,same month,2024-05
2024-05-01,17281,WHD,CACTUS INC,same month,2024-05
2024-05-01,89653,PFS,PROVIDENT FINANCIAL SVCS INC,same month,2024-05
2024-05-01,11499,CECO,C E C O ENVIRONMENTAL CORP,same month,2024-05
2024-05-01,19358,NARI,INARI MEDICAL INC,same month,2024-05
2024-05-01,21614,DUOL,DUOLINGO INC,same month,2024-05
2024-05-01,84788,AMZN,AMAZON COM INC,same month,2024-05
2024-05-01,12515,BKU,BANKUNITED INC,same month,2024-05
2024-05-01,20681,COUR,COURSERA INC,same month,2024-05
2024-05-01,21892,PRCT,PROCEPT BIOROBOTICS CORP,same month,2024-05
2024-05-01,92203,LULU,LULULEMON ATHLETICA INC,same month,2024-05
2024-05-01,16595,SNAP,SNAP INC,same month,2024-05
2024-05-01,23744,CR,CRANE CO NEW,same month,2024-05
2024-05-01,63715,POWL,POWELL INDUSTRIES INC,same month,2024-05
2024-05-01,18065,GTX,GARRETT MOTION INC,same month,2024-05
2024-05-01,83414,SASR,SANDY SPRING BANCORP INC,same month,2024-05
2024-05-01,24296,NATL,N C R ATLEOS CORP,same month,2024-05
2024-05-01,13919,AMBC,AMBAC FINANCIAL GROUP INC,same month,2024-05
2024-05-01,83642,CNOB,CONNECTONE BANCORP INC NEW,same month,2024-05
2024-05-01,19859,MAX,MEDIAALPHA INC,same month,2024-05
2024-05-01,92326,CVI,C V R ENERGY,same month,2024-05
2024-05-01,75320,USM,UNITED STATES CELLULAR CORP,same month,2024-05
2024-05-01,18566,SILK,SILK ROAD MEDICAL INC,same month,2024-05
2024-05-01,14941,AVNS,AVANOS MEDICAL INC,same month,2024-05
2024-05-01,18456,SWAV,SHOCKWAVE MEDICAL INC,same month,2024-05
2024-05-01,18938,HIMS,HIMS & HERS HEALTH INC,same month,2024-05
2024-05-01,64785,AGX,ARGAN INC,same month,2024-05
2024-05-01,81593,COOP,MR COOPER GROUP INC,same month,2024-05
2024-05-01,91215,DK,DELEK U S HOLDINGS INC NEW,same month,2024-05
2024-05-01,75070,WKC,WORLD KINECT CORP,same month,2024-05
2024-05-01,14813,MARA,MARATHON DIGITAL HOLDINGS INC,same month,2024-05
2024-05-01,92213,RIOT,RIOT PLATFORMS INC,same month,2024-05
2024-05-01,19187,CLSK,CLEANSPARK INC,same month,2024-05
2024-05-01,20357,IONQ,IONQ INC,same month,2024-05
2024-05-01,19084,BILL,B I L L HOLDINGS INC,same month,2024-05
2024-05-01,22220,NN,NEXTNAV INC,same month,2024-05
2024-05-01,19599,QS,QUANTUMSCAPE CORP,same month,2024-05
2024-05-01,84348,VSAT,VIASAT INC,same month,2024-05
2024-05-01,91611,FSLR,FIRST SOLAR INC,same month,2024-05
2024-05-01,76185,TYL,TYLER TECHNOLOGIES INC,same month,2024-05
2024-05-01,90505,LVS,LAS VEGAS SANDS CORP,same month,2024-05
2024-05-01,21556,INDI,INDIE SEMICONDUCTOR INC,same month,2024-05
2024-05-01,22079,LTH,LIFE TIME GROUP HOLDINGS INC,same month,2024-05
2024-05-01,20126,JOBY,JOBY AVIATION INC,same month,2024-05
2024-05-01,15303,VKTX,VIKING THERAPEUTICS INC,same month,2024-05
2024-05-01,92469,SATS,ECHOSTAR CORP,same month,2024-05
2024-05-01,11370,ENV,ENVESTNET INC,same month,2024-05
2024-05-01,18776,IMVT,IMMUNOVANT INC,same month,2024-05
2024-05-01,22092,KD,KYNDRYL HOLDINGS INC,same month,2024-05
2024-05-01,80191,ALB,ALBEMARLE CORP,same month,2024-05
2024-05-01,20468,SANA,SANA BIOTECHNOLOGY INC,same month,2024-05
2024-05-01,15058,SLNO,SOLENO THERAPEUTICS INC,same month,2024-05
2024-05-01,90542,EYPT,EYEPOINT PHARMACEUTICALS INC,same month,2024-05
2024-05-01,15222,IOVA,IOVANCE BIOTHERAPEUTICS INC,same month,2024-05
2024-05-01,19825,DYN,DYNE THERAPEUTICS INC,same month,2024-05
2024-05-01,21262,DAWN,DAY ONE BIOPHARMACEUTICALS INC,same month,2024-05
2024-05-01,12591,APO,APOLLO GLOBAL MANAGEMENT INC NEW,same month,2024-05
2024-05-01,20898,RXRX,RECURSION PHARMACEUTICALS INC,same month,2024-05
2024-05-01,20067,SOFI,SOFI TECHNOLOGIES INC,same month,2024-05
2024-05-01,19201,RVMD,REVOLUTION MEDICINES INC,same month,2024-05
2024-05-01,22268,SG,SWEETGREEN INC,same month,2024-05
2024-05-01,23147,IE,IVANHOE ELECTRIC INC,same month,2024-05
2024-05-01,17357,TH,TARGET HOSPITALITY CORP,same month,2024-05
2024-05-01,19565,NCNO,NCINO INC NEW,same month,2024-05
2024-05-01,15221,RCKT,ROCKET PHARMACEUTICALS INC,same month,2024-05
2024-05-01,21342,VERA,VERA THERAPEUTICS INC,same month,2024-05
2024-05-01,19484,PCVX,VAXCYTE INC,same month,2024-05
2024-05-01,19547,CERE,CEREVEL THERAPEUTICS HLDGS INC,same month,2024-05
2024-05-01,21825,NPWR,N E T POWER INC,same month,2024-05
2024-05-01,15478,TRU,TRANSUNION,same month,2024-05
2024-05-01,22424,HCP,HASHICORP INC,same month,2024-05
2024-05-01,21747,NUVL,NUVALENT INC,same month,2024-05
2024-05-01,11752,COHR,COHERENT CORP,same month,2024-05
2024-05-01,91832,MDGL,MADRIGAL PHARMACEUTICALS INC,same month,2024-05
2024-05-01,86228,RSG,REPUBLIC SERVICES INC,same month,2024-05
2024-05-01,20791,EWTX,EDGEWISE THERAPEUTICS INC,same month,2024-05
2024-05-01,20464,EVEX,EVE HOLDING INC,same month,2024-05
2024-05-01,18580,FSLY,FASTLY INC,same month,2024-05
2024-05-01,20059,MRVI,MARAVAI LIFESCIENCES HLDGS INC,same month,2024-05
2024-05-01,19505,JAMF,JAMF HOLDING CORP,same month,2024-05
2024-05-01,20646,OSCR,OSCAR HEALTH INC,same month,2024-05
2024-05-01,86211,MSTR,MICROSTRATEGY INC,same month,2024-05
2024-05-01,80069,ARWR,ARROWHEAD PHARMACEUTICALS INC,same month,2024-05
2024-05-01,17125,DNLI,DENALI THERAPEUTICS INC,same month,2024-05
2024-05-01,19497,LMND,LEMONADE INC,same month,2024-05
2024-05-01,19628,IRON,DISC MEDICINE INC,same month,2024-05
2024-05-01,18961,SWTX,SPRINGWORKS THERAPEUTICS INC,same month,2024-05
2024-05-01,15490,LITE,LUMENTUM HOLDINGS INC,same month,2024-05
2024-05-01,21359,MCW,MISTER CAR WASH INC,same month,2024-05
2024-05-01,28804,ALK,ALASKA AIRGROUP INC,same month,2024-05
2024-05-01,93098,H,HYATT HOTELS CORP,same month,2024-05
2024-05-01,18898,KRUS,KURA SUSHI USA INC,same month,2024-05
2024-05-01,89626,CME,C M E GROUP INC,same month,2024-05
2024-05-01,21348,LFST,LIFESTANCE HEALTH GROUP INC,same month,2024-05
2024-05-01,23063,AZPN,ASPEN TECHNOLOGY INC NEW,same month,2024-05
2024-05-01,21617,ALIT,ALIGHT INC,same month,2024-05
2024-05-01,20657,ACVA,A C V AUCTIONS INC,same month,2024-05
2024-05-01,85517,CHH,CHOICE HOTELS INTERNATIONAL INC,same month,2024-05
2024-05-01,90097,UCTT,ULTRA CLEAN HOLDINGS INC,same month,2024-05
2024-05-01,21713,EVCM,EVERCOMMERCE INC,same month,2024-05
2024-05-01,17478,SPGI,S & P GLOBAL INC,same month,2024-05
2024-05-01,13739,BFAM,BRIGHT HORIZONS FAM SOL INC NEW,same month,2024-05
2024-05-01,22085,PTLO,PORTILLOS INC,same month,2024-05
2024-05-01,64390,PGR,PROGRESSIVE CORP OH,same month,2024-05
2024-05-01,86778,MKSI,M K S INSTRUMENTS INC,same month,2024-05
2024-05-01,83509,FCN,F T I CONSULTING INC,same month,2024-05
2024-05-01,14708,VRDN,VIRIDIAN THERAPEUTICS INC,same month,2024-05
2024-05-01,85913,MAR,MARRIOTT INTERNATIONAL INC NEW,same month,2024-05
2024-05-01,63467,BRO,BROWN & BROWN INC,same month,2024-05
2024-05-01,21358,CFLT,CONFLUENT INC,same month,2024-05
2024-05-01,65294,RLI,R L I CORP,same month,2024-05
2024-05-01,16498,HGV,HILTON GRAND VACATIONS INC,same month,2024-05
2024-05-01,14338,HLT,HILTON WORLDWIDE HOLDINGS INC,same month,2024-05
2024-05-01,19862,ROOT,ROOT INC,same month,2024-05
2024-05-01,22265,RIVN,RIVIAN AUTOMOTIVE INC,same month,2024-05
2024-05-01,81666,HA,HAWAIIAN HOLDINGS INC,same month,2024-05
2024-05-01,19794,U,UNITY SOFTWARE INC,same month,2024-05
2024-05-01,21563,JANX,JANUX THERAPEUTICS INC,same month,2024-05
2024-05-01,15533,IBRX,IMMUNITYBIO INC,same month,2024-05
2024-05-01,16591,LAUR,LAUREATE EDUCATION INC,same month,2024-05
2024-05-01,20196,UPST,UPSTART HOLDINGS INC,same month,2024-05
2024-05-01,20452,ENVX,ENOVIX CORP,same month,2024-05
2024-05-01,19542,ALXO,ALX ONCOLOGY HOLDINGS INC,same month,2024-05
2024-05-01,10104,ORCL,ORACLE CORP,same month,2024-05
2024-05-01,24085,LLYVK,LIBERTY MEDIA CORP 3RD NEW,same month,2024-05
2024-05-01,17949,BE,BLOOM ENERGY CORP,same month,2024-05
2024-05-01,21207,NEM,NEWMONT CORP,same month,2024-05
2024-05-01,21023,AILE,ILEARNINGENGINES INC,same month,2024-05
2024-05-01,19356,ZNTL,ZENTALIS PHARMACEUTICALS INC,same month,2024-05
2024-05-01,79026,CHDN,CHURCHILL DOWNS INC,same month,2024-05
2024-06-01,41187,HE,HAWAIIAN ELECTRIC INDUSTRIES INC,same month,2024-06
2024-06-01,17317,EOLS,EVOLUS INC,same month,2024-06
2024-06-01,14601,NAVI,NAVIENT CORP,same month,2024-06
2024-06-01,24296,NATL,N C R ATLEOS CORP,same month,2024-06
2024-06-01,14229,OMF,ONEMAIN HOLDINGS INC,same month,2024-06
2024-06-01,84511,VCEL,VERICEL CORP,same month,2024-06
2024-06-01,16386,IRTC,IRHYTHM TECHNOLOGIES INC,same month,2024-06
2024-06-01,16829,RDFN,REDFIN CORP,same month,2024-06
2024-06-01,21896,TOST,TOAST INC,same month,2024-06
2024-06-01,14432,ITCI,INTRA CELLULAR THERAPIES INC,same month,2024-06
2024-06-01,19859,MAX,MEDIAALPHA INC,same month,2024-06
2024-06-01,92326,CVI,C V R ENERGY,same month,2024-06
2024-06-01,90423,INVA,THERAVANCE INC,same month,2024-06
2024-06-01,13249,PRLB,PROTO LABS INC,same month,2024-06
2024-06-01,89964,NNI,NELNET INC,same month,2024-06
2024-06-01,18938,HIMS,HIMS & HERS HEALTH INC,same month,2024-06
2024-06-01,90177,ACAD,ACADIA PHARMACEUTICALS,same month,2024-06
2024-06-01,15534,NTRA,NATERA INC,same month,2024-06
2024-06-01,14325,TNDM,TANDEM DIABETES CARE INC,same month,2024-06
2024-06-01,75070,WKC,WORLD KINECT CORP,same month,2024-06
2024-06-01,22812,BRBR,BELLRING BRANDS INC NEW,same month,2024-06
2024-06-01,90125,CORT,CORCEPT THERAPEUTICS INC,same month,2024-06
2024-06-01,18566,SILK,SILK ROAD MEDICAL INC,same month,2024-06
2024-06-01,90162,GNW,GENWORTH FINANCIAL INC,same month,2024-06
2024-06-01,81254,SNEX,STONEX GROUP INC,same month,2024-06
2024-06-01,21124,OGN,ORGANON & CO,same month,2024-06
2024-06-01,22199,COCO,VITA COCO CO INC,same month,2024-06
2024-06-01,20057,VTRS,VIATRIS INC,same month,2024-06
2024-06-01,18456,SWAV,SHOCKWAVE MEDICAL INC,carried forward from an earlier month,2024-05
2024-06-01,83642,CNOB,CONNECTONE BANCORP INC NEW,same month,2024-06
2024-06-01,18908,TXG,10X GENOMICS INC,same month,2024-06
2024-06-01,85002,SRPT,SAREPTA THERAPEUTICS INC,same month,2024-06
2024-06-01,90664,DXCM,DEXCOM INC,same month,2024-06
2024-06-01,81593,COOP,MR COOPER GROUP INC,same month,2024-06
2024-06-01,19577,RKT,ROCKET COMPANIES INC,same month,2024-06
2024-06-01,91348,ATEC,ALPHATEC HOLDINGS INC,same month,2024-06
2024-06-01,91215,DK,DELEK U S HOLDINGS INC NEW,same month,2024-06
2024-06-01,64785,AGX,ARGAN INC,same month,2024-06
2024-06-01,23681,NXT,NEXTRACKER INC,same month,2024-06
2024-06-01,15332,CWEN,CLEARWAY ENERGY INC,same month,2024-06
2024-06-01,18011,SONO,SONOS INC,same month,2024-06
2024-06-01,17799,INSP,INSPIRE MEDICAL SYSTEMS INC,same month,2024-06
2024-06-01,89031,AXON,AXON ENTERPRISE INC,same month,2024-06
2024-06-01,90178,ALNY,ALNYLAM PHARMACEUTICALS INC,same month,2024-06
2024-06-01,15454,GKOS,GLAUKOS CORP,same month,2024-06
2024-06-01,16932,ROKU,ROKU INC,same month,2024-06
2024-06-01,76839,FIZZ,NATIONAL BEVERAGE CORP,same month,2024-06
2024-06-01,81665,GIC,GLOBAL INDUSTRIAL CO,same month,2024-06
2024-06-01,16967,CARG,CARGURUS INC,same month,2024-06
2024-06-01,14941,AVNS,AVANOS MEDICAL INC,same month,2024-06
2024-06-01,85621,MTD,METTLER TOLEDO INTERNATIONAL INC,same month,2024-06
2024-06-01,16260,MEDP,MEDPACE HOLDINGS INC,same month,2024-06
2024-06-01,14688,AMPH,AMPHASTAR PHARMACEUTICALS INC,same month,2024-06
2024-06-01,50876,LLY,LILLY ELI & CO,same month,2024-06
2024-06-01,88351,INSM,INSMED INC,same month,2024-06
2024-06-01,79906,INCY,INCYTE CORP,same month,2024-06
2024-06-01,88352,ISRG,INTUITIVE SURGICAL INC,same month,2024-06
2024-06-01,15302,VIRT,VIRTU FINANCIAL INC,same month,2024-06
2024-06-01,13919,AMBC,AMBAC FINANCIAL GROUP INC,same month,2024-06
2024-06-01,18485,PINS,PINTEREST INC,same month,2024-06
2024-06-01,19635,HRMY,HARMONY BIOSCIENCES HLDGS INC,same month,2024-06
2024-06-01,91503,LMAT,LEMAITRE VASCULAR INC,same month,2024-06
2024-06-01,20659,VZIO,VIZIO HOLDING CORP,same month,2024-06
2024-06-01,92050,PODD,INSULET CORP,same month,2024-06
2024-06-01,79382,PFC,PREMIER FINANCIAL CORP,same month,2024-06
2024-06-01,91606,CPRX,CATALYST PHARMACEUTICALS INC,same month,2024-06
2024-06-01,93304,FIBK,FIRST INTERSTATE BANCSYSTEM INC,same month,2024-06
2024-06-01,21614,DUOL,DUOLINGO INC,same month,2024-06
2024-06-01,20681,COUR,COURSERA INC,same month,2024-06
2024-06-01,18190,AXNX,AXONICS INC,same month,2024-06
2024-06-01,93263,CELH,CELSIUS HOLDINGS INC,same month,2024-06
2024-06-01,90856,ATRC,ATRICURE INC,same month,2024-06
2024-06-01,15400,ENR,ENERGIZER HOLDINGS INC NEW,same month,2024-06
2024-06-01,22111,JNJ,JOHNSON & JOHNSON,same month,2024-06
2024-06-01,92753,ERII,ENERGY RECOVERY INC,same month,2024-06
2024-06-01,18214,TWST,TWIST BIOSCIENCE CORP,same month,2024-06
2024-06-01,16595,SNAP,SNAP INC,same month,2024-06
2024-06-01,60186,OMI,OWENS & MINOR INC NEW,same month,2024-06
2024-06-01,92221,MELI,MERCADOLIBRE INC,same month,2024-06
2024-06-01,18013,ARLO,ARLO TECHNOLOGIES INC,same month,2024-06
2024-06-01,89653,PFS,PROVIDENT FINANCIAL SVCS INC,same month,2024-06
2024-06-01,18065,GTX,GARRETT MOTION INC,same month,2024-06
2024-06-01,90319,GOOGL,ALPHABET INC,same month,2024-06
2024-06-01,84788,AMZN,AMAZON COM INC,same month,2024-06
2024-06-01,14495,ATEN,A10 NETWORKS INC,same month,2024-06
2024-06-01,92203,LULU,LULULEMON ATHLETICA INC,same month,2024-06
2024-06-01,17281,WHD,CACTUS INC,same month,2024-06
2024-06-01,63715,POWL,POWELL INDUSTRIES INC,same month,2024-06
2024-06-01,89574,PRAA,P R A GROUP INC,same month,2024-06
2024-06-01,22879,EMBC,EMBECTA CORP,same month,2024-06
2024-06-01,84275,UNFI,UNITED NATURAL FOODS INC,same month,2024-06
2024-06-01,16924,DCPH,DECIPHERA PHARMACEUTICALS INC,same month,2024-06
2024-06-01,90037,HTH,HILLTOP HOLDINGS INC,same month,2024-06
2024-06-01,21361,HGTY,HAGERTY INC,same month,2024-06
2024-06-01,19541,VITL,VITAL FARMS INC,same month,2024-06
2024-06-01,18808,PHR,PHREESIA INC,same month,2024-06
2024-06-01,13410,SUPN,SUPERNUS PHARMACEUTICALS INC,same month,2024-06
2024-06-01,21606,CTKB,CYTEK BIOSCIENCES INC,same month,2024-06
2024-06-01,21122,FLYW,FLYWIRE CORP,same month,2024-06
2024-06-01,13625,SSTK,SHUTTERSTOCK INC,same month,2024-06
2024-06-01,92213,RIOT,RIOT PLATFORMS INC,same month,2024-06
2024-06-01,14813,MARA,MARATHON DIGITAL HOLDINGS INC,same month,2024-06
2024-06-01,20357,IONQ,IONQ INC,same month,2024-06
2024-06-01,19084,BILL,B I L L HOLDINGS INC,same month,2024-06
2024-06-01,84348,VSAT,VIASAT INC,same month,2024-06
2024-06-01,22265,RIVN,RIVIAN AUTOMOTIVE INC,same month,2024-06
2024-06-01,91611,FSLR,FIRST SOLAR INC,same month,2024-06
2024-06-01,19599,QS,QUANTUMSCAPE CORP,same month,2024-06
2024-06-01,19187,CLSK,CLEANSPARK INC,same month,2024-06
2024-06-01,21556,INDI,INDIE SEMICONDUCTOR INC,same month,2024-06
2024-06-01,22220,NN,NEXTNAV INC,same month,2024-06
2024-06-01,22092,KD,KYNDRYL HOLDINGS INC,same month,2024-06
2024-06-01,90505,LVS,LAS VEGAS SANDS CORP,same month,2024-06
2024-06-01,22079,LTH,LIFE TIME GROUP HOLDINGS INC,same month,2024-06
2024-06-01,76185,TYL,TYLER TECHNOLOGIES INC,same month,2024-06
2024-06-01,23063,AZPN,ASPEN TECHNOLOGY INC NEW,same month,2024-06
2024-06-01,92469,SATS,ECHOSTAR CORP,same month,2024-06
2024-06-01,18776,IMVT,IMMUNOVANT INC,same month,2024-06
2024-06-01,22268,SG,SWEETGREEN INC,same month,2024-06
2024-06-01,21023,AILE,ILEARNINGENGINES INC,same month,2024-06
2024-06-01,21563,JANX,JANUX THERAPEUTICS INC,same month,2024-06
2024-06-01,81666,HA,HAWAIIAN HOLDINGS INC,same month,2024-06
2024-06-01,80191,ALB,ALBEMARLE CORP,same month,2024-06
2024-06-01,20468,SANA,SANA BIOTECHNOLOGY INC,same month,2024-06
2024-06-01,15058,SLNO,SOLENO THERAPEUTICS INC,same month,2024-06
2024-06-01,16591,LAUR,LAUREATE EDUCATION INC,same month,2024-06
2024-06-01,19201,RVMD,REVOLUTION MEDICINES INC,same month,2024-06
2024-06-01,19825,DYN,DYNE THERAPEUTICS INC,same month,2024-06
2024-06-01,17949,BE,BLOOM ENERGY CORP,same month,2024-06
2024-06-01,19484,PCVX,VAXCYTE INC,same month,2024-06
2024-06-01,19547,CERE,CEREVEL THERAPEUTICS HLDGS INC,same month,2024-06
2024-06-01,24085,LLYVK,LIBERTY MEDIA CORP 3RD NEW,same month,2024-06
2024-06-01,15221,RCKT,ROCKET PHARMACEUTICALS INC,same month,2024-06
2024-06-01,21747,NUVL,NUVALENT INC,same month,2024-06
2024-06-01,91832,MDGL,MADRIGAL PHARMACEUTICALS INC,same month,2024-06
2024-06-01,20791,EWTX,EDGEWISE THERAPEUTICS INC,same month,2024-06
2024-06-01,21342,VERA,VERA THERAPEUTICS INC,same month,2024-06
2024-06-01,23147,IE,IVANHOE ELECTRIC INC,same month,2024-06
2024-06-01,86211,MSTR,MICROSTRATEGY INC,same month,2024-06
2024-06-01,20898,RXRX,RECURSION PHARMACEUTICALS INC,same month,2024-06
2024-06-01,21825,NPWR,N E T POWER INC,same month,2024-06
2024-06-01,12591,APO,APOLLO GLOBAL MANAGEMENT INC NEW,same month,2024-06
2024-06-01,20452,ENVX,ENOVIX CORP,same month,2024-06
2024-06-01,19356,ZNTL,ZENTALIS PHARMACEUTICALS INC,same month,2024-06
2024-06-01,19565,NCNO,NCINO INC NEW,same month,2024-06
2024-06-01,20059,MRVI,MARAVAI LIFESCIENCES HLDGS INC,same month,2024-06
2024-06-01,17125,DNLI,DENALI THERAPEUTICS INC,same month,2024-06
2024-06-01,18961,SWTX,SPRINGWORKS THERAPEUTICS INC,same month,2024-06
2024-06-01,80069,ARWR,ARROWHEAD PHARMACEUTICALS INC,same month,2024-06
2024-06-01,19628,IRON,DISC MEDICINE INC,same month,2024-06
2024-06-01,86228,RSG,REPUBLIC SERVICES INC,same month,2024-06
2024-06-01,20196,UPST,UPSTART HOLDINGS INC,same month,2024-06
2024-06-01,15303,VKTX,VIKING THERAPEUTICS INC,same month,2024-06
2024-06-01,21713,EVCM,EVERCOMMERCE INC,same month,2024-06
2024-06-01,79026,CHDN,CHURCHILL DOWNS INC,same month,2024-06
2024-06-01,21359,MCW,MISTER CAR WASH INC,same month,2024-06
2024-06-01,19794,U,UNITY SOFTWARE INC,same month,2024-06
2024-06-01,11370,ENV,ENVESTNET INC,same month,2024-06
2024-06-01,21262,DAWN,DAY ONE BIOPHARMACEUTICALS INC,same month,2024-06
2024-06-01,21207,NEM,NEWMONT CORP,same month,2024-06
2024-06-01,21348,LFST,LIFESTANCE HEALTH GROUP INC,same month,2024-06
2024-06-01,17357,TH,TARGET HOSPITALITY CORP,same month,2024-06
2024-06-01,10104,ORCL,ORACLE CORP,same month,2024-06
2024-06-01,89626,CME,C M E GROUP INC,same month,2024-06
2024-06-01,28804,ALK,ALASKA AIRGROUP INC,same month,2024-06
2024-06-01,18898,KRUS,KURA SUSHI USA INC,same month,2024-06
2024-06-01,14708,VRDN,VIRIDIAN THERAPEUTICS INC,same month,2024-06
2024-06-01,19505,JAMF,JAMF HOLDING CORP,same month,2024-06
2024-06-01,83509,FCN,F T I CONSULTING INC,same month,2024-06
2024-06-01,20067,SOFI,SOFI TECHNOLOGIES INC,same month,2024-06
2024-06-01,64390,PGR,PROGRESSIVE CORP OH,same month,2024-06
2024-06-01,15222,IOVA,IOVANCE BIOTHERAPEUTICS INC,same month,2024-06
2024-06-01,19497,LMND,LEMONADE INC,same month,2024-06
2024-06-01,85517,CHH,CHOICE HOTELS INTERNATIONAL INC,same month,2024-06
2024-06-01,15478,TRU,TRANSUNION,same month,2024-06
2024-06-01,11752,COHR,COHERENT CORP,same month,2024-06
2024-06-01,93098,H,HYATT HOTELS CORP,same month,2024-06
2024-06-01,18580,FSLY,FASTLY INC,same month,2024-06
2024-06-01,17478,SPGI,S & P GLOBAL INC,same month,2024-06
2024-06-01,78875,WOLF,WOLFSPEED INC,same month,2024-06
2024-06-01,23054,SOUN,SOUNDHOUND AI INC,same month,2024-06
2024-06-01,21927,DJT,TRUMP MEDIA & TECH GRP CORP,same month,2024-06
2024-06-01,60871,ADI,ANALOG DEVICES INC,same month,2024-06
2024-06-01,87086,PRFT,PERFICIENT INC,same month,2024-06
2024-06-01,22088,FLNC,FLUENCE ENERGY INC,same month,2024-06
2024-06-01,75607,GEN,GEN DIGITAL INC,same month,2024-06
2024-06-01,89301,GME,GAMESTOP CORP NEW,same month,2024-06
2024-06-01,19489,PCT,PURECYCLE TECHNOLOGIES INC,same month,2024-06
2024-06-01,19081,SITM,SITIME CORP,same month,2024-06
2024-06-01,22976,WBD,WARNER BROS DISCOVERY INC,same month,2024-06
2024-06-01,78987,MCHP,MICROCHIP TECHNOLOGY INC,same month,2024-06
2024-06-01,91184,GYRE,GYRE THERAPEUTICS INC,same month,2024-06
2024-06-01,20420,CGEM,CULLINAN THERAPEUTICS INC,same month,2024-06
2024-06-01,19433,MP,M P MATERIALS CORP,same month,2024-06
2024-06-01,18772,AKRO,AKERO THERAPEUTICS INC,same month,2024-06
2024-06-01,15540,RILY,B RILEY FINANCIAL INC,same month,2024-06
2024-06-01,88648,TTMI,TTM TECHNOLOGIES INC,same month,2024-06
2024-06-01,20891,ULCC,FRONTIER GROUP HOLDINGS INC,same month,2024-06
2024-06-01,49373,HRB,BLOCK H & R INC,same month,2024-06
2024-06-01,23432,PRME,PRIME MEDICINE INC,same month,2024-06
2024-07-01,41187,HE,HAWAIIAN ELECTRIC INDUSTRIES INC,same month,2024-07
2024-07-01,89574,PRAA,P R A GROUP INC,same month,2024-07
2024-07-01,14601,NAVI,NAVIENT CORP,same month,2024-07
2024-07-01,17317,EOLS,EVOLUS INC,same month,2024-07
2024-07-01,24296,NATL,N C R ATLEOS CORP,same month,2024-07
2024-07-01,22879,EMBC,EMBECTA CORP,same month,2024-07
2024-07-01,91215,DK,DELEK U S HOLDINGS INC NEW,same month,2024-07
2024-07-01,14229,OMF,ONEMAIN HOLDINGS INC,same month,2024-07
2024-07-01,84511,VCEL,VERICEL CORP,same month,2024-07
2024-07-01,18566,SILK,SILK ROAD MEDICAL INC,same month,2024-07
2024-07-01,89964,NNI,NELNET INC,same month,2024-07
2024-07-01,21896,TOST,TOAST INC,same month,2024-07
2024-07-01,75070,WKC,WORLD KINECT CORP,same month,2024-07
2024-07-01,90162,GNW,GENWORTH FINANCIAL INC,same month,2024-07
2024-07-01,14432,ITCI,INTRA CELLULAR THERAPIES INC,same month,2024-07
2024-07-01,19859,MAX,MEDIAALPHA INC,same month,2024-07
2024-07-01,13410,SUPN,SUPERNUS PHARMACEUTICALS INC,same month,2024-07
2024-07-01,14325,TNDM,TANDEM DIABETES CARE INC,same month,2024-07
2024-07-01,16829,RDFN,REDFIN CORP,same month,2024-07
2024-07-01,22812,BRBR,BELLRING BRANDS INC NEW,same month,2024-07
2024-07-01,18938,HIMS,HIMS & HERS HEALTH INC,same month,2024-07
2024-07-01,13249,PRLB,PROTO LABS INC,same month,2024-07
2024-07-01,15534,NTRA,NATERA INC,same month,2024-07
2024-07-01,81254,SNEX,STONEX GROUP INC,same month,2024-07
2024-07-01,19541,VITL,VITAL FARMS INC,same month,2024-07
2024-07-01,21124,OGN,ORGANON & CO,same month,2024-07
2024-07-01,19577,RKT,ROCKET COMPANIES INC,same month,2024-07
2024-07-01,22199,COCO,VITA COCO CO INC,same month,2024-07
2024-07-01,90125,CORT,CORCEPT THERAPEUTICS INC,same month,2024-07
2024-07-01,90664,DXCM,DEXCOM INC,same month,2024-07
2024-07-01,81593,COOP,MR COOPER GROUP INC,same month,2024-07
2024-07-01,92326,CVI,C V R ENERGY,same month,2024-07
2024-07-01,16386,IRTC,IRHYTHM TECHNOLOGIES INC,same month,2024-07
2024-07-01,18011,SONO,SONOS INC,same month,2024-07
2024-07-01,90423,INVA,THERAVANCE INC,same month,2024-07
2024-07-01,18808,PHR,PHREESIA INC,same month,2024-07
2024-07-01,15332,CWEN,CLEARWAY ENERGY INC,same month,2024-07
2024-07-01,90037,HTH,HILLTOP HOLDINGS INC,same month,2024-07
2024-07-01,20057,VTRS,VIATRIS INC,same month,2024-07
2024-07-01,14941,AVNS,AVANOS MEDICAL INC,same month,2024-07
2024-07-01,23681,NXT,NEXTRACKER INC,same month,2024-07
2024-07-01,13625,SSTK,SHUTTERSTOCK INC,same month,2024-07
2024-07-01,90178,ALNY,ALNYLAM PHARMACEUTICALS INC,same month,2024-07
2024-07-01,17799,INSP,INSPIRE MEDICAL SYSTEMS INC,same month,2024-07
2024-07-01,64785,AGX,ARGAN INC,same month,2024-07
2024-07-01,15454,GKOS,GLAUKOS CORP,same month,2024-07
2024-07-01,18908,TXG,10X GENOMICS INC,same month,2024-07
2024-07-01,85621,MTD,METTLER TOLEDO INTERNATIONAL INC,same month,2024-07
2024-07-01,90177,ACAD,ACADIA PHARMACEUTICALS,same month,2024-07
2024-07-01,85002,SRPT,SAREPTA THERAPEUTICS INC,same month,2024-07
2024-07-01,16932,ROKU,ROKU INC,same month,2024-07
2024-07-01,19635,HRMY,HARMONY BIOSCIENCES HLDGS INC,same month,2024-07
2024-07-01,89031,AXON,AXON ENTERPRISE INC,same month,2024-07
2024-07-01,18485,PINS,PINTEREST INC,same month,2024-07
2024-07-01,16967,CARG,CARGURUS INC,same month,2024-07
2024-07-01,91503,LMAT,LEMAITRE VASCULAR INC,same month,2024-07
2024-07-01,21606,CTKB,CYTEK BIOSCIENCES INC,same month,2024-07
2024-07-01,92050,PODD,INSULET CORP,same month,2024-07
2024-07-01,60186,OMI,OWENS & MINOR INC NEW,same month,2024-07
2024-07-01,16924,DCPH,DECIPHERA PHARMACEUTICALS INC,carried forward from an earlier month,2024-06
2024-07-01,14688,AMPH,AMPHASTAR PHARMACEUTICALS INC,same month,2024-07
2024-07-01,16260,MEDP,MEDPACE HOLDINGS INC,same month,2024-07
2024-07-01,91348,ATEC,ALPHATEC HOLDINGS INC,same month,2024-07
2024-07-01,21614,DUOL,DUOLINGO INC,same month,2024-07
2024-07-01,79906,INCY,INCYTE CORP,same month,2024-07
2024-07-01,50876,LLY,LILLY ELI & CO,same month,2024-07
2024-07-01,76839,FIZZ,NATIONAL BEVERAGE CORP,same month,2024-07
2024-07-01,93263,CELH,CELSIUS HOLDINGS INC,same month,2024-07
2024-07-01,81665,GIC,GLOBAL INDUSTRIAL CO,same month,2024-07
2024-07-01,88352,ISRG,INTUITIVE SURGICAL INC,same month,2024-07
2024-07-01,22111,JNJ,JOHNSON & JOHNSON,same month,2024-07
2024-07-01,92221,MELI,MERCADOLIBRE INC,same month,2024-07
2024-07-01,15400,ENR,ENERGIZER HOLDINGS INC NEW,same month,2024-07
2024-07-01,83642,CNOB,CONNECTONE BANCORP INC NEW,same month,2024-07
2024-07-01,18013,ARLO,ARLO TECHNOLOGIES INC,same month,2024-07
2024-07-01,16595,SNAP,SNAP INC,same month,2024-07
2024-07-01,84275,UNFI,UNITED NATURAL FOODS INC,same month,2024-07
2024-07-01,21122,FLYW,FLYWIRE CORP,same month,2024-07
2024-07-01,21361,HGTY,HAGERTY INC,same month,2024-07
2024-07-01,14495,ATEN,A10 NETWORKS INC,same month,2024-07
2024-07-01,15302,VIRT,VIRTU FINANCIAL INC,same month,2024-07
2024-07-01,84788,AMZN,AMAZON COM INC,same month,2024-07
2024-07-01,90319,GOOGL,ALPHABET INC,same month,2024-07
2024-07-01,20659,VZIO,VIZIO HOLDING CORP,same month,2024-07
2024-07-01,88351,INSM,INSMED INC,same month,2024-07
2024-07-01,18190,AXNX,AXONICS INC,same month,2024-07
2024-07-01,18065,GTX,GARRETT MOTION INC,same month,2024-07
2024-07-01,22323,CATX,PERSPECTIVE THERAPEUTICS INC,same month,2024-07
2024-07-01,86820,CFFN,CAPITOL FEDERAL FINANCIAL INC,same month,2024-07
2024-07-01,22027,JXN,JACKSON FINANCIAL INC,same month,2024-07
2024-07-01,92780,HCI,H C I GROUP INC,same month,2024-07
2024-07-01,20315,PUBM,PUBMATIC INC,same month,2024-07
2024-07-01,89482,BANC,BANC OF CALIFORNIA INC,same month,2024-07
2024-07-01,13908,PFSI,PENNYMAC FINANCIAL SVCS INC NEW,same month,2024-07
2024-07-01,14960,ENVA,ENOVA INTERNATIONAL INC,same month,2024-07
2024-07-01,21125,ZIP,ZIPRECRUITER INC,same month,2024-07
2024-07-01,15585,TDOC,TELADOC HEALTH INC,same month,2024-07
2024-07-01,21357,DOCS,DOXIMITY INC,same month,2024-07
2024-07-01,72726,STT,STATE STREET CORP,same month,2024-07
2024-07-01,21762,RXST,RXSIGHT INC,same month,2024-07
2024-07-01,92213,RIOT,RIOT PLATFORMS INC,same month,2024-07
2024-07-01,14813,MARA,MARATHON DIGITAL HOLDINGS INC,same month,2024-07
2024-07-01,22265,RIVN,RIVIAN AUTOMOTIVE INC,same month,2024-07
2024-07-01,21023,AILE,ILEARNINGENGINES INC,same month,2024-07
2024-07-01,19084,BILL,B I L L HOLDINGS INC,same month,2024-07
2024-07-01,21927,DJT,TRUMP MEDIA & TECH GRP CORP,same month,2024-07
2024-07-01,78875,WOLF,WOLFSPEED INC,same month,2024-07
2024-07-01,20357,IONQ,IONQ INC,same month,2024-07
2024-07-01,89301,GME,GAMESTOP CORP NEW,same month,2024-07
2024-07-01,21556,INDI,INDIE SEMICONDUCTOR INC,same month,2024-07
2024-07-01,78987,MCHP,MICROCHIP TECHNOLOGY INC,same month,2024-07
2024-07-01,90505,LVS,LAS VEGAS SANDS CORP,same month,2024-07
2024-07-01,22220,NN,NEXTNAV INC,same month,2024-07
2024-07-01,91611,FSLR,FIRST SOLAR INC,same month,2024-07
2024-07-01,18776,IMVT,IMMUNOVANT INC,same month,2024-07
2024-07-01,92469,SATS,ECHOSTAR CORP,same month,2024-07
2024-07-01,21563,JANX,JANUX THERAPEUTICS INC,same month,2024-07
2024-07-01,15058,SLNO,SOLENO THERAPEUTICS INC,same month,2024-07
2024-07-01,20452,ENVX,ENOVIX CORP,same month,2024-07
2024-07-01,22079,LTH,LIFE TIME GROUP HOLDINGS INC,same month,2024-07
2024-07-01,80191,ALB,ALBEMARLE CORP,same month,2024-07
2024-07-01,20468,SANA,SANA BIOTECHNOLOGY INC,same month,2024-07
2024-07-01,19825,DYN,DYNE THERAPEUTICS INC,same month,2024-07
2024-07-01,76185,TYL,TYLER TECHNOLOGIES INC,same month,2024-07
2024-07-01,19201,RVMD,REVOLUTION MEDICINES INC,same month,2024-07
2024-07-01,20898,RXRX,RECURSION PHARMACEUTICALS INC,same month,2024-07
2024-07-01,19484,PCVX,VAXCYTE INC,same month,2024-07
2024-07-01,19489,PCT,PURECYCLE TECHNOLOGIES INC,same month,2024-07
2024-07-01,60871,ADI,ANALOG DEVICES INC,same month,2024-07
2024-07-01,22268,SG,SWEETGREEN INC,same month,2024-07
2024-07-01,21747,NUVL,NUVALENT INC,same month,2024-07
2024-07-01,15221,RCKT,ROCKET PHARMACEUTICALS INC,same month,2024-07
2024-07-01,22092,KD,KYNDRYL HOLDINGS INC,same month,2024-07
2024-07-01,19547,CERE,CEREVEL THERAPEUTICS HLDGS INC,same month,2024-07
2024-07-01,16591,LAUR,LAUREATE EDUCATION INC,same month,2024-07
2024-07-01,21713,EVCM,EVERCOMMERCE INC,same month,2024-07
2024-07-01,24085,LLYVK,LIBERTY MEDIA CORP 3RD NEW,same month,2024-07
2024-07-01,91832,MDGL,MADRIGAL PHARMACEUTICALS INC,same month,2024-07
2024-07-01,20791,EWTX,EDGEWISE THERAPEUTICS INC,same month,2024-07
2024-07-01,18961,SWTX,SPRINGWORKS THERAPEUTICS INC,same month,2024-07
2024-07-01,20420,CGEM,CULLINAN THERAPEUTICS INC,same month,2024-07
2024-07-01,21825,NPWR,N E T POWER INC,same month,2024-07
2024-07-01,91184,GYRE,GYRE THERAPEUTICS INC,same month,2024-07
2024-07-01,23147,IE,IVANHOE ELECTRIC INC,same month,2024-07
2024-07-01,21342,VERA,VERA THERAPEUTICS INC,same month,2024-07
2024-07-01,75607,GEN,GEN DIGITAL INC,same month,2024-07
2024-07-01,19081,SITM,SITIME CORP,same month,2024-07
2024-07-01,23063,AZPN,ASPEN TECHNOLOGY INC NEW,same month,2024-07
2024-07-01,18772,AKRO,AKERO THERAPEUTICS INC,same month,2024-07
2024-07-01,12591,APO,APOLLO GLOBAL MANAGEMENT INC NEW,same month,2024-07
2024-07-01,17125,DNLI,DENALI THERAPEUTICS INC,same month,2024-07
2024-07-01,21359,MCW,MISTER CAR WASH INC,same month,2024-07
2024-07-01,80069,ARWR,ARROWHEAD PHARMACEUTICALS INC,same month,2024-07
2024-07-01,88648,TTMI,TTM TECHNOLOGIES INC,same month,2024-07
2024-07-01,19794,U,UNITY SOFTWARE INC,same month,2024-07
2024-07-01,20196,UPST,UPSTART HOLDINGS INC,same month,2024-07
2024-07-01,15303,VKTX,VIKING THERAPEUTICS INC,same month,2024-07
2024-07-01,19433,MP,M P MATERIALS CORP,same month,2024-07
2024-07-01,19187,CLSK,CLEANSPARK INC,same month,2024-07
2024-07-01,19628,IRON,DISC MEDICINE INC,same month,2024-07
2024-07-01,19505,JAMF,JAMF HOLDING CORP,same month,2024-07
2024-07-01,17949,BE,BLOOM ENERGY CORP,same month,2024-07
2024-07-01,49373,HRB,BLOCK H & R INC,same month,2024-07
2024-07-01,86228,RSG,REPUBLIC SERVICES INC,same month,2024-07
2024-07-01,87086,PRFT,PERFICIENT INC,same month,2024-07
2024-07-01,84348,VSAT,VIASAT INC,same month,2024-07
2024-07-01,83509,FCN,F T I CONSULTING INC,same month,2024-07
2024-07-01,22976,WBD,WARNER BROS DISCOVERY INC,same month,2024-07
2024-07-01,10104,ORCL,ORACLE CORP,same month,2024-07
2024-07-01,21262,DAWN,DAY ONE BIOPHARMACEUTICALS INC,same month,2024-07
2024-07-01,17357,TH,TARGET HOSPITALITY CORP,same month,2024-07
2024-07-01,89626,CME,C M E GROUP INC,same month,2024-07
2024-07-01,14708,VRDN,VIRIDIAN THERAPEUTICS INC,same month,2024-07
2024-07-01,21207,NEM,NEWMONT CORP,same month,2024-07
2024-07-01,20059,MRVI,MARAVAI LIFESCIENCES HLDGS INC,same month,2024-07
2024-07-01,19497,LMND,LEMONADE INC,same month,2024-07
2024-07-01,15222,IOVA,IOVANCE BIOTHERAPEUTICS INC,same month,2024-07
2024-07-01,19565,NCNO,NCINO INC NEW,same month,2024-07
2024-07-01,18580,FSLY,FASTLY INC,same month,2024-07
2024-07-01,11752,COHR,COHERENT CORP,same month,2024-07
2024-07-01,64390,PGR,PROGRESSIVE CORP OH,same month,2024-07
2024-07-01,15478,TRU,TRANSUNION,same month,2024-07
2024-07-01,24655,HUT,HUT 8 CORP,same month,2024-07
2024-07-01,89986,APLD,APPLIED DIGITAL CORP,same month,2024-07
2024-07-01,91907,SMCI,SUPER MICRO COMPUTER INC,same month,2024-07
2024-07-01,20126,JOBY,JOBY AVIATION INC,same month,2024-07
2024-07-01,23379,LVWR,LIVEWIRE GROUP INC,same month,2024-07
2024-07-01,93436,TSLA,TESLA INC,same month,2024-07
2024-07-01,17959,CRNX,CRINETICS PHARMACEUTICALS INC,same month,2024-07
2024-07-01,80563,PENN,PENN ENTERTAINMENT INC,same month,2024-07
2024-07-01,24509,CRGX,CARGO THERAPEUTICS INC,same month,2024-07
2024-07-01,35991,ROG,ROGERS CORP,same month,2024-07
2024-07-01,77453,JACK,JACK IN THE BOX INC,same month,2024-07
2024-07-01,19813,TNGX,TANGO THERAPEUTICS INC,same month,2024-07
2024-07-01,21648,INST,INSTRUCTURE HOLDINGS INC,same month,2024-07
2024-07-01,17892,DNTH,DIANTHUS THERAPEUTICS INC,same month,2024-07
2024-07-01,19313,ELVN,ENLIVEN THERAPEUTICS INC,same month,2024-07
2024-07-01,19070,ETNB,89BIO INC,same month,2024-07
2024-07-01,20292,FDMT,4D MOLECULAR THERAPEUTICS INC,same month,2024-07
2024-07-01,48653,HUM,HUMANA INC,same month,2024-07
2024-08-01,14601,NAVI,NAVIENT CORP,same month,2024-08
2024-08-01,24296,NATL,N C R ATLEOS CORP,same month,2024-08
2024-08-01,17317,EOLS,EVOLUS INC,same month,2024-08
2024-08-01,81254,SNEX,STONEX GROUP INC,same month,2024-08
2024-08-01,14229,OMF,ONEMAIN HOLDINGS INC,same month,2024-08
2024-08-01,19859,MAX,MEDIAALPHA INC,same month,2024-08
2024-08-01,92780,HCI,H C I GROUP INC,same month,2024-08
2024-08-01,91215,DK,DELEK U S HOLDINGS INC NEW,same month,2024-08
2024-08-01,84511,VCEL,VERICEL CORP,same month,2024-08
2024-08-01,18566,SILK,SILK ROAD MEDICAL INC,same month,2024-08
2024-08-01,89964,NNI,NELNET INC,same month,2024-08
2024-08-01,19541,VITL,VITAL FARMS INC,same month,2024-08
2024-08-01,22879,EMBC,EMBECTA CORP,same month,2024-08
2024-08-01,75070,WKC,WORLD KINECT CORP,same month,2024-08
2024-08-01,89574,PRAA,P R A GROUP INC,same month,2024-08
2024-08-01,20315,PUBM,PUBMATIC INC,same month,2024-08
2024-08-01,21896,TOST,TOAST INC,same month,2024-08
2024-08-01,13410,SUPN,SUPERNUS PHARMACEUTICALS INC,same month,2024-08
2024-08-01,64785,AGX,ARGAN INC,same month,2024-08
2024-08-01,14432,ITCI,INTRA CELLULAR THERAPIES INC,same month,2024-08
2024-08-01,16829,RDFN,REDFIN CORP,same month,2024-08
2024-08-01,14325,TNDM,TANDEM DIABETES CARE INC,same month,2024-08
2024-08-01,90162,GNW,GENWORTH FINANCIAL INC,same month,2024-08
2024-08-01,13249,PRLB,PROTO LABS INC,same month,2024-08
2024-08-01,21762,RXST,RXSIGHT INC,same month,2024-08
2024-08-01,18938,HIMS,HIMS & HERS HEALTH INC,same month,2024-08
2024-08-01,22812,BRBR,BELLRING BRANDS INC NEW,same month,2024-08
2024-08-01,86820,CFFN,CAPITOL FEDERAL FINANCIAL INC,same month,2024-08
2024-08-01,15534,NTRA,NATERA INC,same month,2024-08
2024-08-01,22027,JXN,JACKSON FINANCIAL INC,same month,2024-08
2024-08-01,15585,TDOC,TELADOC HEALTH INC,same month,2024-08
2024-08-01,19635,HRMY,HARMONY BIOSCIENCES HLDGS INC,same month,2024-08
2024-08-01,16386,IRTC,IRHYTHM TECHNOLOGIES INC,same month,2024-08
2024-08-01,90178,ALNY,ALNYLAM PHARMACEUTICALS INC,same month,2024-08
2024-08-01,16967,CARG,CARGURUS INC,same month,2024-08
2024-08-01,90037,HTH,HILLTOP HOLDINGS INC,same month,2024-08
2024-08-01,91503,LMAT,LEMAITRE VASCULAR INC,same month,2024-08
2024-08-01,18011,SONO,SONOS INC,same month,2024-08
2024-08-01,90125,CORT,CORCEPT THERAPEUTICS INC,same month,2024-08
2024-08-01,13908,PFSI,PENNYMAC FINANCIAL SVCS INC NEW,same month,2024-08
2024-08-01,21124,OGN,ORGANON & CO,same month,2024-08
2024-08-01,85002,SRPT,SAREPTA THERAPEUTICS INC,same month,2024-08
2024-08-01,15454,GKOS,GLAUKOS CORP,same month,2024-08
2024-08-01,18808,PHR,PHREESIA INC,same month,2024-08
2024-08-01,21357,DOCS,DOXIMITY INC,same month,2024-08
2024-08-01,22199,COCO,VITA COCO CO INC,same month,2024-08
2024-08-01,23681,NXT,NEXTRACKER INC,same month,2024-08
2024-08-01,16932,ROKU,ROKU INC,same month,2024-08
2024-08-01,92050,PODD,INSULET CORP,same month,2024-08
2024-08-01,17799,INSP,INSPIRE MEDICAL SYSTEMS INC,same month,2024-08
2024-08-01,90664,DXCM,DEXCOM INC,same month,2024-08
2024-08-01,85621,MTD,METTLER TOLEDO INTERNATIONAL INC,same month,2024-08
2024-08-01,81593,COOP,MR COOPER GROUP INC,same month,2024-08
2024-08-01,14688,AMPH,AMPHASTAR PHARMACEUTICALS INC,same month,2024-08
2024-08-01,20057,VTRS,VIATRIS INC,same month,2024-08
2024-08-01,21361,HGTY,HAGERTY INC,same month,2024-08
2024-08-01,50876,LLY,LILLY ELI & CO,same month,2024-08
2024-08-01,15332,CWEN,CLEARWAY ENERGY INC,same month,2024-08
2024-08-01,89482,BANC,BANC OF CALIFORNIA INC,same month,2024-08
2024-08-01,18485,PINS,PINTEREST INC,same month,2024-08
2024-08-01,19577,RKT,ROCKET COMPANIES INC,same month,2024-08
2024-08-01,21614,DUOL,DUOLINGO INC,same month,2024-08
2024-08-01,13625,SSTK,SHUTTERSTOCK INC,same month,2024-08
2024-08-01,72726,STT,STATE STREET CORP,same month,2024-08
2024-08-01,15400,ENR,ENERGIZER HOLDINGS INC NEW,same month,2024-08
2024-08-01,90177,ACAD,ACADIA PHARMACEUTICALS,same month,2024-08
2024-08-01,14960,ENVA,ENOVA INTERNATIONAL INC,same month,2024-08
2024-08-01,89031,AXON,AXON ENTERPRISE INC,same month,2024-08
2024-08-01,41187,HE,HAWAIIAN ELECTRIC INDUSTRIES INC,same month,2024-08
2024-08-01,90423,INVA,THERAVANCE INC,same month,2024-08
2024-08-01,76839,FIZZ,NATIONAL BEVERAGE CORP,same month,2024-08
2024-08-01,91348,ATEC,ALPHATEC HOLDINGS INC,same month,2024-08
2024-08-01,16260,MEDP,MEDPACE HOLDINGS INC,same month,2024-08
2024-08-01,16595,SNAP,SNAP INC,same month,2024-08
2024-08-01,21606,CTKB,CYTEK BIOSCIENCES INC,same month,2024-08
2024-08-01,88352,ISRG,INTUITIVE SURGICAL INC,same month,2024-08
2024-08-01,22111,JNJ,JOHNSON & JOHNSON,same month,2024-08
2024-08-01,92221,MELI,MERCADOLIBRE INC,same month,2024-08
2024-08-01,79906,INCY,INCYTE CORP,same month,2024-08
2024-08-01,18908,TXG,10X GENOMICS INC,same month,2024-08
2024-08-01,93263,CELH,CELSIUS HOLDINGS INC,same month,2024-08
2024-08-01,90319,GOOGL,ALPHABET INC,same month,2024-08
2024-08-01,18013,ARLO,ARLO TECHNOLOGIES INC,same month,2024-08
2024-08-01,84788,AMZN,AMAZON COM INC,same month,2024-08
2024-08-01,18065,GTX,GARRETT MOTION INC,same month,2024-08
2024-08-01,92326,CVI,C V R ENERGY,same month,2024-08
2024-08-01,14495,ATEN,A10 NETWORKS INC,same month,2024-08
2024-08-01,15302,VIRT,VIRTU FINANCIAL INC,same month,2024-08
2024-08-01,14941,AVNS,AVANOS MEDICAL INC,same month,2024-08
2024-08-01,78841,EGY,VAALCO ENERGY INC,same month,2024-08
2024-08-01,17880,EVER,EVERQUOTE INC,same month,2024-08
2024-08-01,17929,UGI,U G I CORP NEW,same month,2024-08
2024-08-01,24175,KLG,W K KELLOGG CO,same month,2024-08
2024-08-01,49015,LNC,LINCOLN NATIONAL CORP,same month,2024-08
2024-08-01,24969,AVA,AVISTA CORP,same month,2024-08
2024-08-01,19488,RNA,AVIDITY BIOSCIENCES INC,same month,2024-08
2024-08-01,80169,AGM,FEDERAL AGRICULTURAL MORT CORP,same month,2024-08
2024-08-01,82702,AMRX,AMNEAL PHARMACEUTICALS INC,same month,2024-08
2024-08-01,14797,CDNA,CAREDX INC,same month,2024-08
2024-08-01,58334,NWN,NORTHWEST NATURAL HOLDING CO,same month,2024-08
2024-08-01,92213,RIOT,RIOT PLATFORMS INC,same month,2024-08
2024-08-01,14813,MARA,MARATHON DIGITAL HOLDINGS INC,same month,2024-08
2024-08-01,24655,HUT,HUT 8 CORP,same month,2024-08
2024-08-01,78987,MCHP,MICROCHIP TECHNOLOGY INC,same month,2024-08
2024-08-01,22265,RIVN,RIVIAN AUTOMOTIVE INC,same month,2024-08
2024-08-01,21023,AILE,ILEARNINGENGINES INC,same month,2024-08
2024-08-01,89301,GME,GAMESTOP CORP NEW,same month,2024-08
2024-08-01,21927,DJT,TRUMP MEDIA & TECH GRP CORP,same month,2024-08
2024-08-01,20357,IONQ,IONQ INC,same month,2024-08
2024-08-01,90505,LVS,LAS VEGAS SANDS CORP,same month,2024-08
2024-08-01,20126,JOBY,JOBY AVIATION INC,same month,2024-08
2024-08-01,22220,NN,NEXTNAV INC,same month,2024-08
2024-08-01,18776,IMVT,IMMUNOVANT INC,same month,2024-08
2024-08-01,19084,BILL,B I L L HOLDINGS INC,same month,2024-08
2024-08-01,20452,ENVX,ENOVIX CORP,same month,2024-08
2024-08-01,15058,SLNO,SOLENO THERAPEUTICS INC,same month,2024-08
2024-08-01,21563,JANX,JANUX THERAPEUTICS INC,same month,2024-08
2024-08-01,23379,LVWR,LIVEWIRE GROUP INC,same month,2024-08
2024-08-01,19825,DYN,DYNE THERAPEUTICS INC,same month,2024-08
2024-08-01,91611,FSLR,FIRST SOLAR INC,same month,2024-08
2024-08-01,17125,DNLI,DENALI THERAPEUTICS INC,same month,2024-08
2024-08-01,80191,ALB,ALBEMARLE CORP,same month,2024-08
2024-08-01,19484,PCVX,VAXCYTE INC,same month,2024-08
2024-08-01,20468,SANA,SANA BIOTECHNOLOGY INC,same month,2024-08
2024-08-01,92469,SATS,ECHOSTAR CORP,same month,2024-08
2024-08-01,19201,RVMD,REVOLUTION MEDICINES INC,same month,2024-08
2024-08-01,21556,INDI,INDIE SEMICONDUCTOR INC,same month,2024-08
2024-08-01,19489,PCT,PURECYCLE TECHNOLOGIES INC,same month,2024-08
2024-08-01,21648,INST,INSTRUCTURE HOLDINGS INC,same month,2024-08
2024-08-01,21747,NUVL,NUVALENT INC,same month,2024-08
2024-08-01,15221,RCKT,ROCKET PHARMACEUTICALS INC,same month,2024-08
2024-08-01,17959,CRNX,CRINETICS PHARMACEUTICALS INC,same month,2024-08
2024-08-01,80069,ARWR,ARROWHEAD PHARMACEUTICALS INC,same month,2024-08
2024-08-01,19547,CERE,CEREVEL THERAPEUTICS HLDGS INC,same month,2024-08
2024-08-01,20898,RXRX,RECURSION PHARMACEUTICALS INC,same month,2024-08
2024-08-01,77453,JACK,JACK IN THE BOX INC,same month,2024-08
2024-08-01,75607,GEN,GEN DIGITAL INC,same month,2024-08
2024-08-01,91832,MDGL,MADRIGAL PHARMACEUTICALS INC,same month,2024-08
2024-08-01,24085,LLYVK,LIBERTY MEDIA CORP 3RD NEW,same month,2024-08
2024-08-01,20791,EWTX,EDGEWISE THERAPEUTICS INC,same month,2024-08
2024-08-01,18961,SWTX,SPRINGWORKS THERAPEUTICS INC,same month,2024-08
2024-08-01,76185,TYL,TYLER TECHNOLOGIES INC,same month,2024-08
2024-08-01,19794,U,UNITY SOFTWARE INC,same month,2024-08
2024-08-01,48653,HUM,HUMANA INC,same month,2024-08
2024-08-01,16591,LAUR,LAUREATE EDUCATION INC,same month,2024-08
2024-08-01,80563,PENN,PENN ENTERTAINMENT INC,same month,2024-08
2024-08-01,17892,DNTH,DIANTHUS THERAPEUTICS INC,same month,2024-08
2024-08-01,24509,CRGX,CARGO THERAPEUTICS INC,same month,2024-08
2024-08-01,21713,EVCM,EVERCOMMERCE INC,same month,2024-08
2024-08-01,91184,GYRE,GYRE THERAPEUTICS INC,same month,2024-08
2024-08-01,20420,CGEM,CULLINAN THERAPEUTICS INC,same month,2024-08
2024-08-01,23147,IE,IVANHOE ELECTRIC INC,same month,2024-08
2024-08-01,18772,AKRO,AKERO THERAPEUTICS INC,same month,2024-08
2024-08-01,22092,KD,KYNDRYL HOLDINGS INC,same month,2024-08
2024-08-01,19813,TNGX,TANGO THERAPEUTICS INC,same month,2024-08
2024-08-01,84348,VSAT,VIASAT INC,same month,2024-08
2024-08-01,15303,VKTX,VIKING THERAPEUTICS INC,same month,2024-08
2024-08-01,20292,FDMT,4D MOLECULAR THERAPEUTICS INC,same month,2024-08
2024-08-01,21342,VERA,VERA THERAPEUTICS INC,same month,2024-08
2024-08-01,19070,ETNB,89BIO INC,same month,2024-08
2024-08-01,19628,IRON,DISC MEDICINE INC,same month,2024-08
2024-08-01,19313,ELVN,ENLIVEN THERAPEUTICS INC,same month,2024-08
2024-08-01,22079,LTH,LIFE TIME GROUP HOLDINGS INC,same month,2024-08
2024-08-01,19187,CLSK,CLEANSPARK INC,same month,2024-08
2024-08-01,22976,WBD,WARNER BROS DISCOVERY INC,same month,2024-08
2024-08-01,19433,MP,M P MATERIALS CORP,same month,2024-08
2024-08-01,12591,APO,APOLLO GLOBAL MANAGEMENT INC NEW,same month,2024-08
2024-08-01,83509,FCN,F T I CONSULTING INC,same month,2024-08
2024-08-01,21359,MCW,MISTER CAR WASH INC,same month,2024-08
2024-08-01,23063,AZPN,ASPEN TECHNOLOGY INC NEW,same month,2024-08
2024-08-01,86228,RSG,REPUBLIC SERVICES INC,same month,2024-08
2024-08-01,14708,VRDN,VIRIDIAN THERAPEUTICS INC,same month,2024-08
2024-08-01,22268,SG,SWEETGREEN INC,same month,2024-08
2024-08-01,60871,ADI,ANALOG DEVICES INC,same month,2024-08
2024-08-01,17949,BE,BLOOM ENERGY CORP,same month,2024-08
2024-08-01,19565,NCNO,NCINO INC NEW,same month,2024-08
2024-08-01,88648,TTMI,TTM TECHNOLOGIES INC,same month,2024-08
2024-08-01,91907,SMCI,SUPER MICRO COMPUTER INC,same month,2024-08
2024-08-01,87086,PRFT,PERFICIENT INC,same month,2024-08
2024-08-01,78875,WOLF,WOLFSPEED INC,same month,2024-08
2024-08-01,49373,HRB,BLOCK H & R INC,same month,2024-08
2024-08-01,15222,IOVA,IOVANCE BIOTHERAPEUTICS INC,same month,2024-08
2024-08-01,89626,CME,C M E GROUP INC,same month,2024-08
2024-08-01,93436,TSLA,TESLA INC,same month,2024-08
2024-08-01,17357,TH,TARGET HOSPITALITY CORP,same month,2024-08
2024-08-01,35991,ROG,ROGERS CORP,same month,2024-08
2024-08-01,21262,DAWN,DAY ONE BIOPHARMACEUTICALS INC,same month,2024-08
2024-08-01,20059,MRVI,MARAVAI LIFESCIENCES HLDGS INC,same month,2024-08
2024-08-01,18580,FSLY,FASTLY INC,same month,2024-08
2024-08-01,16680,QXO,Q X O INC,same month,2024-08
2024-08-01,20295,CIFR,CIPHER MINING INC,same month,2024-08
2024-08-01,86580,NVDA,NVIDIA CORP,same month,2024-08
2024-08-01,23054,SOUN,SOUNDHOUND AI INC,same month,2024-08
2024-08-01,24698,CORZ,CORE SCIENTIFIC INC NEW,same month,2024-08
2024-08-01,19599,QS,QUANTUMSCAPE CORP,same month,2024-08
2024-08-01,19076,ASTS,A S T SPACEMOBILE INC,same month,2024-08
2024-08-01,20325,SMR,NUSCALE POWER CORP,same month,2024-08
2024-08-01,19849,SMMT,SUMMIT THERAPEUTICS INC,same month,2024-08
2024-08-01,14988,LBRDK,LIBERTY BROADBAND CORP,same month,2024-08
2024-08-01,14882,CZR,CAESARS ENTERTAINMENT INC DE,same month,2024-08
2024-09-01,24296,NATL,N C R ATLEOS CORP,same month,2024-09
2024-09-01,14601,NAVI,NAVIENT CORP,same month,2024-09
2024-09-01,81254,SNEX,STONEX GROUP INC,same month,2024-09
2024-09-01,89964,NNI,NELNET INC,same month,2024-09
2024-09-01,17317,EOLS,EVOLUS INC,same month,2024-09
2024-09-01,14229,OMF,ONEMAIN HOLDINGS INC,same month,2024-09
2024-09-01,92780,HCI,H C I GROUP INC,same month,2024-09
2024-09-01,86820,CFFN,CAPITOL FEDERAL FINANCIAL INC,same month,2024-09
2024-09-01,19541,VITL,VITAL FARMS INC,same month,2024-09
2024-09-01,21896,TOST,TOAST INC,same month,2024-09
2024-09-01,49015,LNC,LINCOLN NATIONAL CORP,same month,2024-09
2024-09-01,14432,ITCI,INTRA CELLULAR THERAPIES INC,same month,2024-09
2024-09-01,19859,MAX,MEDIAALPHA INC,same month,2024-09
2024-09-01,15332,CWEN,CLEARWAY ENERGY INC,same month,2024-09
2024-09-01,89574,PRAA,P R A GROUP INC,same month,2024-09
2024-09-01,64785,AGX,ARGAN INC,same month,2024-09
2024-09-01,14797,CDNA,CAREDX INC,same month,2024-09
2024-09-01,90125,CORT,CORCEPT THERAPEUTICS INC,same month,2024-09
2024-09-01,18566,SILK,SILK ROAD MEDICAL INC,same month,2024-09
2024-09-01,84511,VCEL,VERICEL CORP,same month,2024-09
2024-09-01,75070,WKC,WORLD KINECT CORP,same month,2024-09
2024-09-01,14325,TNDM,TANDEM DIABETES CARE INC,same month,2024-09
2024-09-01,90162,GNW,GENWORTH FINANCIAL INC,same month,2024-09
2024-09-01,18938,HIMS,HIMS & HERS HEALTH INC,same month,2024-09
2024-09-01,15534,NTRA,NATERA INC,same month,2024-09
2024-09-01,22027,JXN,JACKSON FINANCIAL INC,same month,2024-09
2024-09-01,13410,SUPN,SUPERNUS PHARMACEUTICALS INC,same month,2024-09
2024-09-01,17929,UGI,U G I CORP NEW,same month,2024-09
2024-09-01,17880,EVER,EVERQUOTE INC,same month,2024-09
2024-09-01,91503,LMAT,LEMAITRE VASCULAR INC,same month,2024-09
2024-09-01,90178,ALNY,ALNYLAM PHARMACEUTICALS INC,same month,2024-09
2024-09-01,80169,AGM,FEDERAL AGRICULTURAL MORT CORP,same month,2024-09
2024-09-01,21124,OGN,ORGANON & CO,same month,2024-09
2024-09-01,22879,EMBC,EMBECTA CORP,same month,2024-09
2024-09-01,22199,COCO,VITA COCO CO INC,same month,2024-09
2024-09-01,24175,KLG,W K KELLOGG CO,same month,2024-09
2024-09-01,13249,PRLB,PROTO LABS INC,same month,2024-09
2024-09-01,19635,HRMY,HARMONY BIOSCIENCES HLDGS INC,same month,2024-09
2024-09-01,16829,RDFN,REDFIN CORP,same month,2024-09
2024-09-01,18808,PHR,PHREESIA INC,same month,2024-09
2024-09-01,18011,SONO,SONOS INC,same month,2024-09
2024-09-01,22812,BRBR,BELLRING BRANDS INC NEW,same month,2024-09
2024-09-01,90037,HTH,HILLTOP HOLDINGS INC,same month,2024-09
2024-09-01,85002,SRPT,SAREPTA THERAPEUTICS INC,same month,2024-09
2024-09-01,91215,DK,DELEK U S HOLDINGS INC NEW,same month,2024-09
2024-09-01,85621,MTD,METTLER TOLEDO INTERNATIONAL INC,same month,2024-09
2024-09-01,15585,TDOC,TELADOC HEALTH INC,same month,2024-09
2024-09-01,76839,FIZZ,NATIONAL BEVERAGE CORP,same month,2024-09
2024-09-01,15454,GKOS,GLAUKOS CORP,same month,2024-09
2024-09-01,21357,DOCS,DOXIMITY INC,same month,2024-09
2024-09-01,23681,NXT,NEXTRACKER INC,same month,2024-09
2024-09-01,16386,IRTC,IRHYTHM TECHNOLOGIES INC,same month,2024-09
2024-09-01,82702,AMRX,AMNEAL PHARMACEUTICALS INC,same month,2024-09
2024-09-01,20057,VTRS,VIATRIS INC,same month,2024-09
2024-09-01,50876,LLY,LILLY ELI & CO,same month,2024-09
2024-09-01,17799,INSP,INSPIRE MEDICAL SYSTEMS INC,same month,2024-09
2024-09-01,18485,PINS,PINTEREST INC,same month,2024-09
2024-09-01,14960,ENVA,ENOVA INTERNATIONAL INC,same month,2024-09
2024-09-01,81593,COOP,MR COOPER GROUP INC,same month,2024-09
2024-09-01,72726,STT,STATE STREET CORP,same month,2024-09
2024-09-01,16967,CARG,CARGURUS INC,same month,2024-09
2024-09-01,92050,PODD,INSULET CORP,same month,2024-09
2024-09-01,15400,ENR,ENERGIZER HOLDINGS INC NEW,same month,2024-09
2024-09-01,79906,INCY,INCYTE CORP,same month,2024-09
2024-09-01,22111,JNJ,JOHNSON & JOHNSON,same month,2024-09
2024-09-01,21361,HGTY,HAGERTY INC,same month,2024-09
2024-09-01,16260,MEDP,MEDPACE HOLDINGS INC,same month,2024-09
2024-09-01,89031,AXON,AXON ENTERPRISE INC,same month,2024-09
2024-09-01,88352,ISRG,INTUITIVE SURGICAL INC,same month,2024-09
2024-09-01,21762,RXST,RXSIGHT INC,same month,2024-09
2024-09-01,92221,MELI,MERCADOLIBRE INC,same month,2024-09
2024-09-01,89482,BANC,BANC OF CALIFORNIA INC,same month,2024-09
2024-09-01,91348,ATEC,ALPHATEC HOLDINGS INC,same month,2024-09
2024-09-01,16595,SNAP,SNAP INC,same month,2024-09
2024-09-01,13625,SSTK,SHUTTERSTOCK INC,same month,2024-09
2024-09-01,58334,NWN,NORTHWEST NATURAL HOLDING CO,same month,2024-09
2024-09-01,93263,CELH,CELSIUS HOLDINGS INC,same month,2024-09
2024-09-01,18013,ARLO,ARLO TECHNOLOGIES INC,same month,2024-09
2024-09-01,13908,PFSI,PENNYMAC FINANCIAL SVCS INC NEW,same month,2024-09
2024-09-01,21606,CTKB,CYTEK BIOSCIENCES INC,same month,2024-09
2024-09-01,24969,AVA,AVISTA CORP,same month,2024-09
2024-09-01,84788,AMZN,AMAZON COM INC,same month,2024-09
2024-09-01,21614,DUOL,DUOLINGO INC,same month,2024-09
2024-09-01,90177,ACAD,ACADIA PHARMACEUTICALS,same month,2024-09
2024-09-01,90319,GOOGL,ALPHABET INC,same month,2024-09
2024-09-01,18065,GTX,GARRETT MOTION INC,same month,2024-09
2024-09-01,14495,ATEN,A10 NETWORKS INC,same month,2024-09
2024-09-01,90423,INVA,THERAVANCE INC,same month,2024-09
2024-09-01,16932,ROKU,ROKU INC,same month,2024-09
2024-09-01,76712,AES,A E S CORP,same month,2024-09
2024-09-01,19956,WGS,GENEDX HOLDINGS CORP,same month,2024-09
2024-09-01,24688,BTSG,BRIGHTSPRING HEALTH SERVICES INC,same month,2024-09
2024-09-01,21892,PRCT,PROCEPT BIOROBOTICS CORP,same month,2024-09
2024-09-01,87077,ECPG,ENCORE CAPITAL GROUP INC,same month,2024-09
2024-09-01,36281,SEB,SEABOARD CORP,same month,2024-09
2024-09-01,18785,STOK,STOKE THERAPEUTICS INC,same month,2024-09
2024-09-01,89258,PRU,PRUDENTIAL FINANCIAL INC,same month,2024-09
2024-09-01,16277,DFIN,DONNELLEY FINANCIAL SOL INC,same month,2024-09
2024-09-01,21723,HOOD,ROBINHOOD MARKETS INC,same month,2024-09
2024-09-01,88159,EXEL,EXELIXIS INC,same month,2024-09
2024-09-01,16680,QXO,Q X O INC,same month,2024-09
2024-09-01,92213,RIOT,RIOT PLATFORMS INC,same month,2024-09
2024-09-01,14813,MARA,MARATHON DIGITAL HOLDINGS INC,same month,2024-09
2024-09-01,24655,HUT,HUT 8 CORP,same month,2024-09
2024-09-01,24698,CORZ,CORE SCIENTIFIC INC NEW,same month,2024-09
2024-09-01,22265,RIVN,RIVIAN AUTOMOTIVE INC,same month,2024-09
2024-09-01,19794,U,UNITY SOFTWARE INC,same month,2024-09
2024-09-01,21927,DJT,TRUMP MEDIA & TECH GRP CORP,same month,2024-09
2024-09-01,19076,ASTS,A S T SPACEMOBILE INC,same month,2024-09
2024-09-01,19599,QS,QUANTUMSCAPE CORP,same month,2024-09
2024-09-01,86580,NVDA,NVIDIA CORP,same month,2024-09
2024-09-01,89301,GME,GAMESTOP CORP NEW,same month,2024-09
2024-09-01,19084,BILL,B I L L HOLDINGS INC,same month,2024-09
2024-09-01,20325,SMR,NUSCALE POWER CORP,same month,2024-09
2024-09-01,20126,JOBY,JOBY AVIATION INC,same month,2024-09
2024-09-01,18776,IMVT,IMMUNOVANT INC,same month,2024-09
2024-09-01,90505,LVS,LAS VEGAS SANDS CORP,same month,2024-09
2024-09-01,20452,ENVX,ENOVIX CORP,same month,2024-09
2024-09-01,15058,SLNO,SOLENO THERAPEUTICS INC,same month,2024-09
2024-09-01,15303,VKTX,VIKING THERAPEUTICS INC,same month,2024-09
2024-09-01,19187,CLSK,CLEANSPARK INC,same month,2024-09
2024-09-01,20357,IONQ,IONQ INC,same month,2024-09
2024-09-01,21563,JANX,JANUX THERAPEUTICS INC,same month,2024-09
2024-09-01,80191,ALB,ALBEMARLE CORP,same month,2024-09
2024-09-01,23379,LVWR,LIVEWIRE GROUP INC,same month,2024-09
2024-09-01,20468,SANA,SANA BIOTECHNOLOGY INC,same month,2024-09
2024-09-01,19489,PCT,PURECYCLE TECHNOLOGIES INC,same month,2024-09
2024-09-01,78987,MCHP,MICROCHIP TECHNOLOGY INC,same month,2024-09
2024-09-01,92469,SATS,ECHOSTAR CORP,same month,2024-09
2024-09-01,20898,RXRX,RECURSION PHARMACEUTICALS INC,same month,2024-09
2024-09-01,17125,DNLI,DENALI THERAPEUTICS INC,same month,2024-09
2024-09-01,77453,JACK,JACK IN THE BOX INC,same month,2024-09
2024-09-01,19825,DYN,DYNE THERAPEUTICS INC,same month,2024-09
2024-09-01,15222,IOVA,IOVANCE BIOTHERAPEUTICS INC,same month,2024-09
2024-09-01,19484,PCVX,VAXCYTE INC,same month,2024-09
2024-09-01,21747,NUVL,NUVALENT INC,same month,2024-09
2024-09-01,19849,SMMT,SUMMIT THERAPEUTICS INC,same month,2024-09
2024-09-01,15221,RCKT,ROCKET PHARMACEUTICALS INC,same month,2024-09
2024-09-01,17959,CRNX,CRINETICS PHARMACEUTICALS INC,same month,2024-09
2024-09-01,24085,LLYVK,LIBERTY MEDIA CORP 3RD NEW,same month,2024-09
2024-09-01,80069,ARWR,ARROWHEAD PHARMACEUTICALS INC,same month,2024-09
2024-09-01,20791,EWTX,EDGEWISE THERAPEUTICS INC,same month,2024-09
2024-09-01,23147,IE,IVANHOE ELECTRIC INC,same month,2024-09
2024-09-01,91184,GYRE,GYRE THERAPEUTICS INC,same month,2024-09
2024-09-01,24509,CRGX,CARGO THERAPEUTICS INC,same month,2024-09
2024-09-01,18961,SWTX,SPRINGWORKS THERAPEUTICS INC,same month,2024-09
2024-09-01,20292,FDMT,4D MOLECULAR THERAPEUTICS INC,same month,2024-09
2024-09-01,17892,DNTH,DIANTHUS THERAPEUTICS INC,same month,2024-09
2024-09-01,91832,MDGL,MADRIGAL PHARMACEUTICALS INC,same month,2024-09
2024-09-01,20420,CGEM,CULLINAN THERAPEUTICS INC,same month,2024-09
2024-09-01,14988,LBRDK,LIBERTY BROADBAND CORP,same month,2024-09
2024-09-01,18772,AKRO,AKERO THERAPEUTICS INC,same month,2024-09
2024-09-01,19433,MP,M P MATERIALS CORP,same month,2024-09
2024-09-01,91907,SMCI,SUPER MICRO COMPUTER INC,same month,2024-09
2024-09-01,19813,TNGX,TANGO THERAPEUTICS INC,same month,2024-09
2024-09-01,22220,NN,NEXTNAV INC,same month,2024-09
2024-09-01,19070,ETNB,89BIO INC,same month,2024-09
2024-09-01,19628,IRON,DISC MEDICINE INC,same month,2024-09
2024-09-01,76185,TYL,TYLER TECHNOLOGIES INC,same month,2024-09
2024-09-01,22976,WBD,WARNER BROS DISCOVERY INC,same month,2024-09
2024-09-01,21342,VERA,VERA THERAPEUTICS INC,same month,2024-09
2024-09-01,19313,ELVN,ENLIVEN THERAPEUTICS INC,same month,2024-09
2024-09-01,16591,LAUR,LAUREATE EDUCATION INC,same month,2024-09
2024-09-01,83509,FCN,F T I CONSULTING INC,same month,2024-09
2024-09-01,19201,RVMD,REVOLUTION MEDICINES INC,same month,2024-09
2024-09-01,17357,TH,TARGET HOSPITALITY CORP,same month,2024-09
2024-09-01,21359,MCW,MISTER CAR WASH INC,same month,2024-09
2024-09-01,86228,RSG,REPUBLIC SERVICES INC,same month,2024-09
2024-09-01,48653,HUM,HUMANA INC,same month,2024-09
2024-09-01,22079,LTH,LIFE TIME GROUP HOLDINGS INC,same month,2024-09
2024-09-01,12591,APO,APOLLO GLOBAL MANAGEMENT INC NEW,same month,2024-09
2024-09-01,23063,AZPN,ASPEN TECHNOLOGY INC NEW,same month,2024-09
2024-09-01,91611,FSLR,FIRST SOLAR INC,same month,2024-09
2024-09-01,14708,VRDN,VIRIDIAN THERAPEUTICS INC,same month,2024-09
2024-09-01,21262,DAWN,DAY ONE BIOPHARMACEUTICALS INC,same month,2024-09
2024-09-01,22092,KD,KYNDRYL HOLDINGS INC,same month,2024-09
2024-09-01,89626,CME,C M E GROUP INC,same month,2024-09
2024-09-01,22268,SG,SWEETGREEN INC,same month,2024-09
2024-09-01,49373,HRB,BLOCK H & R INC,same month,2024-09
2024-09-01,18580,FSLY,FASTLY INC,same month,2024-09
2024-09-01,75607,GEN,GEN DIGITAL INC,same month,2024-09
2024-09-01,60599,LUMN,LUMEN TECHOLOGIES INC,same month,2024-09
2024-09-01,18192,GDYN,GRID DYNAMICS HOLDINGS INC,same month,2024-09
2024-09-01,81666,HA,HAWAIIAN HOLDINGS INC,same month,2024-09
2024-09-01,21415,S,SENTINELONE INC,same month,2024-09
2024-09-01,15287,CRBP,CORBUS PHARMACEUTICALS HLD INC,same month,2024-09
2024-09-01,21594,DNUT,KRISPY KREME INC,same month,2024-09
2024-09-01,13210,EPAM,EPAM SYSTEMS INC,same month,2024-09
2024-09-01,15490,LITE,LUMENTUM HOLDINGS INC,same month,2024-09
2024-09-01,89297,CCOI,COGENT COMMUNICATIONS HLDS INC,same month,2024-09
2024-09-01,19228,BEAM,BEAM THERAPEUTICS INC,same month,2024-09
2024-09-01,79094,JBL,JABIL INC,same month,2024-09
2024-09-01,16000,LSXMK,LIBERTY MEDIA CORP 3RD NEW,same month,2024-09
2024-09-01,23978,SVV,SAVERS VALUE VILLAGE INC,same month,2024-09
2024-09-01,14097,FOXF,FOX FACTORY HOLDING CORP,same month,2024-09
2024-09-01,15452,EVH,EVOLENT HEALTH INC,same month,2024-09
2024-09-01,52329,J,JACOBS SOLUTIONS INC,same month,2024-09
2024-09-01,24766,NOC,NORTHROP GRUMMAN CORP,same month,2024-09
2024-09-01,19894,GATO,GATOS SILVER INC,same month,2024-09
2024-09-01,18656,IDYA,IDEAYA BIOSCIENCES INC,same month,2024-09
2024-10-01,24296,NATL,N C R ATLEOS CORP,same month,2024-10
2024-10-01,81254,SNEX,STONEX GROUP INC,same month,2024-10
2024-10-01,17317,EOLS,EVOLUS INC,same month,2024-10
2024-10-01,19541,VITL,VITAL FARMS INC,same month,2024-10
2024-10-01,89964,NNI,NELNET INC,same month,2024-10
2024-10-01,14601,NAVI,NAVIENT CORP,same month,2024-10
2024-10-01,14229,OMF,ONEMAIN HOLDINGS INC,same month,2024-10
2024-10-01,86820,CFFN,CAPITOL FEDERAL FINANCIAL INC,same month,2024-10
2024-10-01,49015,LNC,LINCOLN NATIONAL CORP,same month,2024-10
2024-10-01,14797,CDNA,CAREDX INC,same month,2024-10
2024-10-01,21896,TOST,TOAST INC,same month,2024-10
2024-10-01,14432,ITCI,INTRA CELLULAR THERAPIES INC,same month,2024-10
2024-10-01,19859,MAX,MEDIAALPHA INC,same month,2024-10
2024-10-01,13410,SUPN,SUPERNUS PHARMACEUTICALS INC,same month,2024-10
2024-10-01,18566,SILK,SILK ROAD MEDICAL INC,carried forward from an earlier month,2024-09
2024-10-01,18938,HIMS,HIMS & HERS HEALTH INC,same month,2024-10
2024-10-01,90125,CORT,CORCEPT THERAPEUTICS INC,same month,2024-10
2024-10-01,15534,NTRA,NATERA INC,same month,2024-10
2024-10-01,21892,PRCT,PROCEPT BIOROBOTICS CORP,same month,2024-10
2024-10-01,84511,VCEL,VERICEL CORP,same month,2024-10
2024-10-01,89574,PRAA,P R A GROUP INC,same month,2024-10
2024-10-01,36281,SEB,SEABOARD CORP,same month,2024-10
2024-10-01,14325,TNDM,TANDEM DIABETES CARE INC,same month,2024-10
2024-10-01,17929,UGI,U G I CORP NEW,same month,2024-10
2024-10-01,85002,SRPT,SAREPTA THERAPEUTICS INC,same month,2024-10
2024-10-01,22199,COCO,VITA COCO CO INC,same month,2024-10
2024-10-01,87077,ECPG,ENCORE CAPITAL GROUP INC,same month,2024-10
2024-10-01,19956,WGS,GENEDX HOLDINGS CORP,same month,2024-10
2024-10-01,76839,FIZZ,NATIONAL BEVERAGE CORP,same month,2024-10
2024-10-01,22027,JXN,JACKSON FINANCIAL INC,same month,2024-10
2024-10-01,21361,HGTY,HAGERTY INC,same month,2024-10
2024-10-01,64785,AGX,ARGAN INC,same month,2024-10
2024-10-01,80169,AGM,FEDERAL AGRICULTURAL MORT CORP,same month,2024-10
2024-10-01,88159,EXEL,EXELIXIS INC,same month,2024-10
2024-10-01,13249,PRLB,PROTO LABS INC,same month,2024-10
2024-10-01,90162,GNW,GENWORTH FINANCIAL INC,same month,2024-10
2024-10-01,15332,CWEN,CLEARWAY ENERGY INC,same month,2024-10
2024-10-01,92780,HCI,H C I GROUP INC,same month,2024-10
2024-10-01,90178,ALNY,ALNYLAM PHARMACEUTICALS INC,same month,2024-10
2024-10-01,21124,OGN,ORGANON & CO,same month,2024-10
2024-10-01,19635,HRMY,HARMONY BIOSCIENCES HLDGS INC,same month,2024-10
2024-10-01,91503,LMAT,LEMAITRE VASCULAR INC,same month,2024-10
2024-10-01,18808,PHR,PHREESIA INC,same month,2024-10
2024-10-01,18011,SONO,SONOS INC,same month,2024-10
2024-10-01,90037,HTH,HILLTOP HOLDINGS INC,same month,2024-10
2024-10-01,22879,EMBC,EMBECTA CORP,same month,2024-10
2024-10-01,91348,ATEC,ALPHATEC HOLDINGS INC,same month,2024-10
2024-10-01,16277,DFIN,DONNELLEY FINANCIAL SOL INC,same month,2024-10
2024-10-01,85621,MTD,METTLER TOLEDO INTERNATIONAL INC,same month,2024-10
2024-10-01,89258,PRU,PRUDENTIAL FINANCIAL INC,same month,2024-10
2024-10-01,14960,ENVA,ENOVA INTERNATIONAL INC,same month,2024-10
2024-10-01,50876,LLY,LILLY ELI & CO,same month,2024-10
2024-10-01,75070,WKC,WORLD KINECT CORP,same month,2024-10
2024-10-01,15454,GKOS,GLAUKOS CORP,same month,2024-10
2024-10-01,91215,DK,DELEK U S HOLDINGS INC NEW,same month,2024-10
2024-10-01,15400,ENR,ENERGIZER HOLDINGS INC NEW,same month,2024-10
2024-10-01,21357,DOCS,DOXIMITY INC,same month,2024-10
2024-10-01,21723,HOOD,ROBINHOOD MARKETS INC,same month,2024-10
2024-10-01,16829,RDFN,REDFIN CORP,same month,2024-10
2024-10-01,22812,BRBR,BELLRING BRANDS INC NEW,same month,2024-10
2024-10-01,82702,AMRX,AMNEAL PHARMACEUTICALS INC,same month,2024-10
2024-10-01,20057,VTRS,VIATRIS INC,same month,2024-10
2024-10-01,76712,AES,A E S CORP,same month,2024-10
2024-10-01,17799,INSP,INSPIRE MEDICAL SYSTEMS INC,same month,2024-10
2024-10-01,88352,ISRG,INTUITIVE SURGICAL INC,same month,2024-10
2024-10-01,18485,PINS,PINTEREST INC,same month,2024-10
2024-10-01,90177,ACAD,ACADIA PHARMACEUTICALS,same month,2024-10
2024-10-01,89031,AXON,AXON ENTERPRISE INC,same month,2024-10
2024-10-01,79906,INCY,INCYTE CORP,same month,2024-10
2024-10-01,92221,MELI,MERCADOLIBRE INC,same month,2024-10
2024-10-01,16967,CARG,CARGURUS INC,same month,2024-10
2024-10-01,22111,JNJ,JOHNSON & JOHNSON,same month,2024-10
2024-10-01,21762,RXST,RXSIGHT INC,same month,2024-10
2024-10-01,81593,COOP,MR COOPER GROUP INC,same month,2024-10
2024-10-01,16386,IRTC,IRHYTHM TECHNOLOGIES INC,same month,2024-10
2024-10-01,89482,BANC,BANC OF CALIFORNIA INC,same month,2024-10
2024-10-01,72726,STT,STATE STREET CORP,same month,2024-10
2024-10-01,21614,DUOL,DUOLINGO INC,same month,2024-10
2024-10-01,23681,NXT,NEXTRACKER INC,same month,2024-10
2024-10-01,18065,GTX,GARRETT MOTION INC,same month,2024-10
2024-10-01,16260,MEDP,MEDPACE HOLDINGS INC,same month,2024-10
2024-10-01,84788,AMZN,AMAZON COM INC,same month,2024-10
2024-10-01,24175,KLG,W K KELLOGG CO,same month,2024-10
2024-10-01,24688,BTSG,BRIGHTSPRING HEALTH SERVICES INC,same month,2024-10
2024-10-01,90319,GOOGL,ALPHABET INC,same month,2024-10
2024-10-01,13625,SSTK,SHUTTERSTOCK INC,same month,2024-10
2024-10-01,18013,ARLO,ARLO TECHNOLOGIES INC,same month,2024-10
2024-10-01,14495,ATEN,A10 NETWORKS INC,same month,2024-10
2024-10-01,92050,PODD,INSULET CORP,same month,2024-10
2024-10-01,90423,INVA,THERAVANCE INC,same month,2024-10
2024-10-01,58334,NWN,NORTHWEST NATURAL HOLDING CO,same month,2024-10
2024-10-01,13796,HROW,HARROW INC,same month,2024-10
2024-10-01,84275,UNFI,UNITED NATURAL FOODS INC,same month,2024-10
2024-10-01,19502,WBA,WALGREENS BOOTS ALLIANCE INC,same month,2024-10
2024-10-01,18214,TWST,TWIST BIOSCIENCE CORP,same month,2024-10
2024-10-01,17787,EQH,EQUITABLE HOLDINGS INC,same month,2024-10
2024-10-01,80306,BCRX,BIOCRYST PHARMACEUTICALS INC,same month,2024-10
2024-10-01,90285,MNKD,MANNKIND CORP,same month,2024-10
2024-10-01,19333,RSI,RUSH STREET INTERACTIVE INC,same month,2024-10
2024-10-01,70519,C,CITIGROUP INC,same month,2024-10
2024-10-01,16680,QXO,Q X O INC,same month,2024-10
2024-10-01,14813,MARA,MARA HOLDINGS INC,same month,2024-10
2024-10-01,92213,RIOT,RIOT PLATFORMS INC,same month,2024-10
2024-10-01,24655,HUT,HUT 8 CORP,same month,2024-10
2024-10-01,24698,CORZ,CORE SCIENTIFIC INC NEW,same month,2024-10
2024-10-01,19187,CLSK,CLEANSPARK INC,same month,2024-10
2024-10-01,19794,U,UNITY SOFTWARE INC,same month,2024-10
2024-10-01,19076,ASTS,A S T SPACEMOBILE INC,same month,2024-10
2024-10-01,19084,BILL,B I L L HOLDINGS INC,same month,2024-10
2024-10-01,22265,RIVN,RIVIAN AUTOMOTIVE INC,same month,2024-10
2024-10-01,20357,IONQ,IONQ INC,same month,2024-10
2024-10-01,21927,DJT,TRUMP MEDIA & TECH GRP CORP,same month,2024-10
2024-10-01,19599,QS,QUANTUMSCAPE CORP,same month,2024-10
2024-10-01,89301,GME,GAMESTOP CORP NEW,same month,2024-10
2024-10-01,60599,LUMN,LUMEN TECHOLOGIES INC,same month,2024-10
2024-10-01,22976,WBD,WARNER BROS DISCOVERY INC,same month,2024-10
2024-10-01,90505,LVS,LAS VEGAS SANDS CORP,same month,2024-10
2024-10-01,81666,HA,HAWAIIAN HOLDINGS INC,carried forward from an earlier month,2024-09
2024-10-01,15303,VKTX,VIKING THERAPEUTICS INC,same month,2024-10
2024-10-01,20325,SMR,NUSCALE POWER CORP,same month,2024-10
2024-10-01,18776,IMVT,IMMUNOVANT INC,same month,2024-10
2024-10-01,91907,SMCI,SUPER MICRO COMPUTER INC,same month,2024-10
2024-10-01,79094,JBL,JABIL INC,same month,2024-10
2024-10-01,21563,JANX,JANUX THERAPEUTICS INC,same month,2024-10
2024-10-01,20126,JOBY,JOBY AVIATION INC,same month,2024-10
2024-10-01,86580,NVDA,NVIDIA CORP,same month,2024-10
2024-10-01,92469,SATS,ECHOSTAR CORP,same month,2024-10
2024-10-01,15058,SLNO,SOLENO THERAPEUTICS INC,same month,2024-10
2024-10-01,80191,ALB,ALBEMARLE CORP,same month,2024-10
2024-10-01,23379,LVWR,LIVEWIRE GROUP INC,same month,2024-10
2024-10-01,77453,JACK,JACK IN THE BOX INC,same month,2024-10
2024-10-01,19849,SMMT,SUMMIT THERAPEUTICS INC,same month,2024-10
2024-10-01,24085,LLYVK,LIBERTY MEDIA CORP 3RD NEW,same month,2024-10
2024-10-01,17125,DNLI,DENALI THERAPEUTICS INC,same month,2024-10
2024-10-01,89297,CCOI,COGENT COMMUNICATIONS HLDS INC,same month,2024-10
2024-10-01,19484,PCVX,VAXCYTE INC,same month,2024-10
2024-10-01,19825,DYN,DYNE THERAPEUTICS INC,same month,2024-10
2024-10-01,21415,S,SENTINELONE INC,same month,2024-10
2024-10-01,20452,ENVX,ENOVIX CORP,same month,2024-10
2024-10-01,21747,NUVL,NUVALENT INC,same month,2024-10
2024-10-01,15222,IOVA,IOVANCE BIOTHERAPEUTICS INC,same month,2024-10
2024-10-01,20791,EWTX,EDGEWISE THERAPEUTICS INC,same month,2024-10
2024-10-01,15221,RCKT,ROCKET PHARMACEUTICALS INC,same month,2024-10
2024-10-01,23978,SVV,SAVERS VALUE VILLAGE INC,same month,2024-10
2024-10-01,19228,BEAM,BEAM THERAPEUTICS INC,same month,2024-10
2024-10-01,15490,LITE,LUMENTUM HOLDINGS INC,same month,2024-10
2024-10-01,20898,RXRX,RECURSION PHARMACEUTICALS INC,same month,2024-10
2024-10-01,17959,CRNX,CRINETICS PHARMACEUTICALS INC,same month,2024-10
2024-10-01,14988,LBRDK,LIBERTY BROADBAND CORP,same month,2024-10
2024-10-01,19489,PCT,PURECYCLE TECHNOLOGIES INC,same month,2024-10
2024-10-01,91184,GYRE,GYRE THERAPEUTICS INC,same month,2024-10
2024-10-01,24509,CRGX,CARGO THERAPEUTICS INC,same month,2024-10
2024-10-01,18192,GDYN,GRID DYNAMICS HOLDINGS INC,same month,2024-10
2024-10-01,91832,MDGL,MADRIGAL PHARMACEUTICALS INC,same month,2024-10
2024-10-01,14097,FOXF,FOX FACTORY HOLDING CORP,same month,2024-10
2024-10-01,18961,SWTX,SPRINGWORKS THERAPEUTICS INC,same month,2024-10
2024-10-01,21594,DNUT,KRISPY KREME INC,same month,2024-10
2024-10-01,13210,EPAM,EPAM SYSTEMS INC,same month,2024-10
2024-10-01,20420,CGEM,CULLINAN THERAPEUTICS INC,same month,2024-10
2024-10-01,91611,FSLR,FIRST SOLAR INC,same month,2024-10
2024-10-01,19433,MP,M P MATERIALS CORP,same month,2024-10
2024-10-01,52329,J,JACOBS SOLUTIONS INC,same month,2024-10
2024-10-01,17892,DNTH,DIANTHUS THERAPEUTICS INC,same month,2024-10
2024-10-01,18772,AKRO,AKERO THERAPEUTICS INC,same month,2024-10
2024-10-01,23147,IE,IVANHOE ELECTRIC INC,same month,2024-10
2024-10-01,19628,IRON,DISC MEDICINE INC,same month,2024-10
2024-10-01,21342,VERA,VERA THERAPEUTICS INC,same month,2024-10
2024-10-01,83509,FCN,F T I CONSULTING INC,same month,2024-10
2024-10-01,24766,NOC,NORTHROP GRUMMAN CORP,same month,2024-10
2024-10-01,22220,NN,NEXTNAV INC,same month,2024-10
2024-10-01,19313,ELVN,ENLIVEN THERAPEUTICS INC,same month,2024-10
2024-10-01,18656,IDYA,IDEAYA BIOSCIENCES INC,same month,2024-10
2024-10-01,22092,KD,KYNDRYL HOLDINGS INC,same month,2024-10
2024-10-01,19894,GATO,GATOS SILVER INC,same month,2024-10
2024-10-01,16591,LAUR,LAUREATE EDUCATION INC,same month,2024-10
2024-10-01,19070,ETNB,89BIO INC,same month,2024-10
2024-10-01,12591,APO,APOLLO GLOBAL MANAGEMENT INC NEW,same month,2024-10
2024-10-01,19201,RVMD,REVOLUTION MEDICINES INC,same month,2024-10
2024-10-01,19813,TNGX,TANGO THERAPEUTICS INC,same month,2024-10
2024-10-01,15452,EVH,EVOLENT HEALTH INC,same month,2024-10
2024-10-01,23063,AZPN,ASPEN TECHNOLOGY INC NEW,same month,2024-10
2024-10-01,78987,MCHP,MICROCHIP TECHNOLOGY INC,same month,2024-10
2024-10-01,80069,ARWR,ARROWHEAD PHARMACEUTICALS INC,same month,2024-10
2024-10-01,21359,MCW,MISTER CAR WASH INC,same month,2024-10
2024-10-01,14708,VRDN,VIRIDIAN THERAPEUTICS INC,same month,2024-10
2024-10-01,21262,DAWN,DAY ONE BIOPHARMACEUTICALS INC,same month,2024-10
2024-10-01,86228,RSG,REPUBLIC SERVICES INC,same month,2024-10
2024-10-01,76185,TYL,TYLER TECHNOLOGIES INC,same month,2024-10
2024-10-01,89626,CME,C M E GROUP INC,same month,2024-10
2024-10-01,17357,TH,TARGET HOSPITALITY CORP,same month,2024-10
2024-10-01,21331,AUR,AURORA INNOVATION INC,same month,2024-10
2024-10-01,89986,APLD,APPLIED DIGITAL CORP,same month,2024-10
2024-10-01,87445,TDY,TELEDYNE TECHNOLOGIES,same month,2024-10
2024-10-01,91937,TMUS,T MOBILE U S INC,same month,2024-10
2024-10-01,24875,ALAB,ASTERA LABS INC,same month,2024-10
2024-10-01,11154,PLAB,PHOTRONICS INC,same month,2024-10
2024-10-01,79841,FWRD,FORWARD AIR CORP,same month,2024-10
2024-10-01,24173,VSTS,VESTIS CORP,same month,2024-10
2024-10-01,23425,SBC,SBC MEDICAL GROUP HOLDINGS INC,same month,2024-10
2024-10-01,16343,YUMC,YUM CHINA HOLDINGS INC,same month,2024-10
2024-11-01,24296,NATL,N C R ATLEOS CORP,same month,2024-11
2024-11-01,89574,PRAA,P R A GROUP INC,same month,2024-11
2024-11-01,19541,VITL,VITAL FARMS INC,same month,2024-11
2024-11-01,89964,NNI,NELNET INC,same month,2024-11
2024-11-01,14601,NAVI,NAVIENT CORP,same month,2024-11
2024-11-01,17317,EOLS,EVOLUS INC,same month,2024-11
2024-11-01,81254,SNEX,STONEX GROUP INC,same month,2024-11
2024-11-01,21896,TOST,TOAST INC,same month,2024-11
2024-11-01,80306,BCRX,BIOCRYST PHARMACEUTICALS INC,same month,2024-11
2024-11-01,13796,HROW,HARROW INC,same month,2024-11
2024-11-01,14797,CDNA,CAREDX INC,same month,2024-11
2024-11-01,90285,MNKD,MANNKIND CORP,same month,2024-11
2024-11-01,14960,ENVA,ENOVA INTERNATIONAL INC,same month,2024-11
2024-11-01,90125,CORT,CORCEPT THERAPEUTICS INC,same month,2024-11
2024-11-01,21892,PRCT,PROCEPT BIOROBOTICS CORP,same month,2024-11
2024-11-01,87077,ECPG,ENCORE CAPITAL GROUP INC,same month,2024-11
2024-11-01,36281,SEB,SEABOARD CORP,same month,2024-11
2024-11-01,13410,SUPN,SUPERNUS PHARMACEUTICALS INC,same month,2024-11
2024-11-01,22027,JXN,JACKSON FINANCIAL INC,same month,2024-11
2024-11-01,15534,NTRA,NATERA INC,same month,2024-11
2024-11-01,14432,ITCI,INTRA CELLULAR THERAPIES INC,same month,2024-11
2024-11-01,80169,AGM,FEDERAL AGRICULTURAL MORT CORP,same month,2024-11
2024-11-01,84275,UNFI,UNITED NATURAL FOODS INC,same month,2024-11
2024-11-01,15332,CWEN,CLEARWAY ENERGY INC,same month,2024-11
2024-11-01,18938,HIMS,HIMS & HERS HEALTH INC,same month,2024-11
2024-11-01,49015,LNC,LINCOLN NATIONAL CORP,same month,2024-11
2024-11-01,21124,OGN,ORGANON & CO,same month,2024-11
2024-11-01,90162,GNW,GENWORTH FINANCIAL INC,same month,2024-11
2024-11-01,76839,FIZZ,NATIONAL BEVERAGE CORP,same month,2024-11
2024-11-01,14325,TNDM,TANDEM DIABETES CARE INC,same month,2024-11
2024-11-01,22199,COCO,VITA COCO CO INC,same month,2024-11
2024-11-01,17929,UGI,U G I CORP NEW,same month,2024-11
2024-11-01,14229,OMF,ONEMAIN HOLDINGS INC,same month,2024-11
2024-11-01,85002,SRPT,SAREPTA THERAPEUTICS INC,same month,2024-11
2024-11-01,90178,ALNY,ALNYLAM PHARMACEUTICALS INC,same month,2024-11
2024-11-01,18214,TWST,TWIST BIOSCIENCE CORP,same month,2024-11
2024-11-01,17787,EQH,EQUITABLE HOLDINGS INC,same month,2024-11
2024-11-01,19859,MAX,MEDIAALPHA INC,same month,2024-11
2024-11-01,90037,HTH,HILLTOP HOLDINGS INC,same month,2024-11
2024-11-01,18011,SONO,SONOS INC,same month,2024-11
2024-11-01,16277,DFIN,DONNELLEY FINANCIAL SOL INC,same month,2024-11
2024-11-01,22879,EMBC,EMBECTA CORP,same month,2024-11
2024-11-01,18808,PHR,PHREESIA INC,same month,2024-11
2024-11-01,15400,ENR,ENERGIZER HOLDINGS INC NEW,same month,2024-11
2024-11-01,89258,PRU,PRUDENTIAL FINANCIAL INC,same month,2024-11
2024-11-01,85621,MTD,METTLER TOLEDO INTERNATIONAL INC,same month,2024-11
2024-11-01,88159,EXEL,EXELIXIS INC,same month,2024-11
2024-11-01,64785,AGX,ARGAN INC,same month,2024-11
2024-11-01,19635,HRMY,HARMONY BIOSCIENCES HLDGS INC,same month,2024-11
2024-11-01,79906,INCY,INCYTE CORP,same month,2024-11
2024-11-01,90177,ACAD,ACADIA PHARMACEUTICALS,same month,2024-11
2024-11-01,91503,LMAT,LEMAITRE VASCULAR INC,same month,2024-11
2024-11-01,15454,GKOS,GLAUKOS CORP,same month,2024-11
2024-11-01,19333,RSI,RUSH STREET INTERACTIVE INC,same month,2024-11
2024-11-01,84511,VCEL,VERICEL CORP,same month,2024-11
2024-11-01,20057,VTRS,VIATRIS INC,same month,2024-11
2024-11-01,21723,HOOD,ROBINHOOD MARKETS INC,same month,2024-11
2024-11-01,82702,AMRX,AMNEAL PHARMACEUTICALS INC,same month,2024-11
2024-11-01,50876,LLY,LILLY ELI & CO,same month,2024-11
2024-11-01,89031,AXON,AXON ENTERPRISE INC,same month,2024-11
2024-11-01,91215,DK,DELEK U S HOLDINGS INC NEW,same month,2024-11
2024-11-01,75070,WKC,WORLD KINECT CORP,same month,2024-11
2024-11-01,21357,DOCS,DOXIMITY INC,same month,2024-11
2024-11-01,88352,ISRG,INTUITIVE SURGICAL INC,same month,2024-11
2024-11-01,18485,PINS,PINTEREST INC,same month,2024-11
2024-11-01,76712,AES,A E S CORP,same month,2024-11
2024-11-01,17799,INSP,INSPIRE MEDICAL SYSTEMS INC,same month,2024-11
2024-11-01,72726,STT,STATE STREET CORP,same month,2024-11
2024-11-01,19502,WBA,WALGREENS BOOTS ALLIANCE INC,same month,2024-11
2024-11-01,92221,MELI,MERCADOLIBRE INC,same month,2024-11
2024-11-01,86820,CFFN,CAPITOL FEDERAL FINANCIAL INC,same month,2024-11
2024-11-01,18065,GTX,GARRETT MOTION INC,same month,2024-11
2024-11-01,22812,BRBR,BELLRING BRANDS INC NEW,same month,2024-11
2024-11-01,16829,RDFN,REDFIN CORP,same month,2024-11
2024-11-01,21361,HGTY,HAGERTY INC,same month,2024-11
2024-11-01,24688,BTSG,BRIGHTSPRING HEALTH SERVICES INC,same month,2024-11
2024-11-01,89482,BANC,BANC OF CALIFORNIA INC,same month,2024-11
2024-11-01,70519,C,CITIGROUP INC,same month,2024-11
2024-11-01,16260,MEDP,MEDPACE HOLDINGS INC,same month,2024-11
2024-11-01,90319,GOOGL,ALPHABET INC,same month,2024-11
2024-11-01,22111,JNJ,JOHNSON & JOHNSON,same month,2024-11
2024-11-01,21614,DUOL,DUOLINGO INC,same month,2024-11
2024-11-01,58334,NWN,NORTHWEST NATURAL HOLDING CO,same month,2024-11
2024-11-01,84788,AMZN,AMAZON COM INC,same month,2024-11
2024-11-01,18013,ARLO,ARLO TECHNOLOGIES INC,same month,2024-11
2024-11-01,14495,ATEN,A10 NETWORKS INC,same month,2024-11
2024-11-01,21762,RXST,RXSIGHT INC,same month,2024-11
2024-11-01,81593,COOP,MR COOPER GROUP INC,same month,2024-11
2024-11-01,13625,SSTK,SHUTTERSTOCK INC,same month,2024-11
2024-11-01,16816,BHF,BRIGHTHOUSE FINANCIAL INC,same month,2024-11
2024-11-01,82779,NVAX,NOVAVAX INC,same month,2024-11
2024-11-01,15831,AXSM,AXSOME THERAPEUTICS INC,same month,2024-11
2024-11-01,23064,ACDC,PROFRAC HOLDING CORP,same month,2024-11
2024-11-01,15302,VIRT,VIRTU FINANCIAL INC,same month,2024-11
2024-11-01,13116,CIVI,CIVITAS RESOURCES INC,same month,2024-11
2024-11-01,14558,ALLY,ALLY FINANCIAL INC,same month,2024-11
2024-11-01,76709,IDXX,I D E X X LABORATORIES INC,same month,2024-11
2024-11-01,24877,SOLV,SOLVENTUM CORP,same month,2024-11
2024-11-01,17684,AHCO,ADAPTHEALTH CORP,same month,2024-11
2024-11-01,89217,AAP,ADVANCE AUTO PARTS INC,same month,2024-11
2024-11-01,16680,QXO,Q X O INC,same month,2024-11
2024-11-01,14813,MARA,MARA HOLDINGS INC,same month,2024-11
2024-11-01,21331,AUR,AURORA INNOVATION INC,same month,2024-11
2024-11-01,91907,SMCI,SUPER MICRO COMPUTER INC,same month,2024-11
2024-11-01,24698,CORZ,CORE SCIENTIFIC INC NEW,same month,2024-11
2024-11-01,24655,HUT,HUT 8 CORP,same month,2024-11
2024-11-01,92213,RIOT,RIOT PLATFORMS INC,same month,2024-11
2024-11-01,89986,APLD,APPLIED DIGITAL CORP,same month,2024-11
2024-11-01,19187,CLSK,CLEANSPARK INC,same month,2024-11
2024-11-01,19084,BILL,B I L L HOLDINGS INC,same month,2024-11
2024-11-01,19794,U,UNITY SOFTWARE INC,same month,2024-11
2024-11-01,19076,ASTS,A S T SPACEMOBILE INC,same month,2024-11
2024-11-01,19599,QS,QUANTUMSCAPE CORP,same month,2024-11
2024-11-01,21927,DJT,TRUMP MEDIA & TECH GRP CORP,same month,2024-11
2024-11-01,22265,RIVN,RIVIAN AUTOMOTIVE INC,same month,2024-11
2024-11-01,89301,GME,GAMESTOP CORP NEW,same month,2024-11
2024-11-01,24875,ALAB,ASTERA LABS INC,same month,2024-11
2024-11-01,60599,LUMN,LUMEN TECHOLOGIES INC,same month,2024-11
2024-11-01,90505,LVS,LAS VEGAS SANDS CORP,same month,2024-11
2024-11-01,15303,VKTX,VIKING THERAPEUTICS INC,same month,2024-11
2024-11-01,23379,LVWR,LIVEWIRE GROUP INC,same month,2024-11
2024-11-01,21415,S,SENTINELONE INC,same month,2024-11
2024-11-01,20325,SMR,NUSCALE POWER CORP,same month,2024-11
2024-11-01,77453,JACK,JACK IN THE BOX INC,same month,2024-11
2024-11-01,22976,WBD,WARNER BROS DISCOVERY INC,same month,2024-11
2024-11-01,20357,IONQ,IONQ INC,same month,2024-11
2024-11-01,24085,LLYVK,LIBERTY MEDIA CORP 3RD NEW,same month,2024-11
2024-11-01,21563,JANX,JANUX THERAPEUTICS INC,same month,2024-11
2024-11-01,79094,JBL,JABIL INC,same month,2024-11
2024-11-01,18776,IMVT,IMMUNOVANT INC,same month,2024-11
2024-11-01,19849,SMMT,SUMMIT THERAPEUTICS INC,same month,2024-11
2024-11-01,21359,MCW,MISTER CAR WASH INC,same month,2024-11
2024-11-01,19484,PCVX,VAXCYTE INC,same month,2024-11
2024-11-01,23978,SVV,SAVERS VALUE VILLAGE INC,same month,2024-11
2024-11-01,80191,ALB,ALBEMARLE CORP,same month,2024-11
2024-11-01,20791,EWTX,EDGEWISE THERAPEUTICS INC,same month,2024-11
2024-11-01,15058,SLNO,SOLENO THERAPEUTICS INC,same month,2024-11
2024-11-01,79841,FWRD,FORWARD AIR CORP,same month,2024-11
2024-11-01,21747,NUVL,NUVALENT INC,same month,2024-11
2024-11-01,17125,DNLI,DENALI THERAPEUTICS INC,same month,2024-11
2024-11-01,15222,IOVA,IOVANCE BIOTHERAPEUTICS INC,same month,2024-11
2024-11-01,19825,DYN,DYNE THERAPEUTICS INC,same month,2024-11
2024-11-01,23063,AZPN,ASPEN TECHNOLOGY INC NEW,same month,2024-11
2024-11-01,15221,RCKT,ROCKET PHARMACEUTICALS INC,same month,2024-11
2024-11-01,91937,TMUS,T MOBILE U S INC,same month,2024-11
2024-11-01,89297,CCOI,COGENT COMMUNICATIONS HLDS INC,same month,2024-11
2024-11-01,24509,CRGX,CARGO THERAPEUTICS INC,same month,2024-11
2024-11-01,91184,GYRE,GYRE THERAPEUTICS INC,same month,2024-11
2024-11-01,19489,PCT,PURECYCLE TECHNOLOGIES INC,same month,2024-11
2024-11-01,91832,MDGL,MADRIGAL PHARMACEUTICALS INC,same month,2024-11
2024-11-01,19228,BEAM,BEAM THERAPEUTICS INC,same month,2024-11
2024-11-01,15490,LITE,LUMENTUM HOLDINGS INC,same month,2024-11
2024-11-01,18772,AKRO,AKERO THERAPEUTICS INC,same month,2024-11
2024-11-01,20452,ENVX,ENOVIX CORP,same month,2024-11
2024-11-01,17959,CRNX,CRINETICS PHARMACEUTICALS INC,same month,2024-11
2024-11-01,20898,RXRX,RECURSION PHARMACEUTICALS INC,same month,2024-11
2024-11-01,20420,CGEM,CULLINAN THERAPEUTICS INC,same month,2024-11
2024-11-01,23147,IE,IVANHOE ELECTRIC INC,same month,2024-11
2024-11-01,21342,VERA,VERA THERAPEUTICS INC,same month,2024-11
2024-11-01,19628,IRON,DISC MEDICINE INC,same month,2024-11
2024-11-01,19433,MP,M P MATERIALS CORP,same month,2024-11
2024-11-01,21594,DNUT,KRISPY KREME INC,same month,2024-11
2024-11-01,52329,J,JACOBS SOLUTIONS INC,same month,2024-11
2024-11-01,18961,SWTX,SPRINGWORKS THERAPEUTICS INC,same month,2024-11
2024-11-01,24173,VSTS,VESTIS CORP,same month,2024-11
2024-11-01,22220,NN,NEXTNAV INC,same month,2024-11
2024-11-01,17892,DNTH,DIANTHUS THERAPEUTICS INC,same month,2024-11
2024-11-01,13210,EPAM,EPAM SYSTEMS INC,same month,2024-11
2024-11-01,19313,ELVN,ENLIVEN THERAPEUTICS INC,same month,2024-11
2024-11-01,18656,IDYA,IDEAYA BIOSCIENCES INC,same month,2024-11
2024-11-01,19894,GATO,GATOS SILVER INC,same month,2024-11
2024-11-01,16591,LAUR,LAUREATE EDUCATION INC,same month,2024-11
2024-11-01,18192,GDYN,GRID DYNAMICS HOLDINGS INC,same month,2024-11
2024-11-01,83509,FCN,F T I CONSULTING INC,same month,2024-11
2024-11-01,87445,TDY,TELEDYNE TECHNOLOGIES,same month,2024-11
2024-11-01,19070,ETNB,89BIO INC,same month,2024-11
2024-11-01,86580,NVDA,NVIDIA CORP,same month,2024-11
2024-11-01,12591,APO,APOLLO GLOBAL MANAGEMENT INC NEW,same month,2024-11
2024-11-01,19201,RVMD,REVOLUTION MEDICINES INC,same month,2024-11
2024-11-01,21262,DAWN,DAY ONE BIOPHARMACEUTICALS INC,same month,2024-11
2024-11-01,22092,KD,KYNDRYL HOLDINGS INC,same month,2024-11
2024-11-01,11154,PLAB,PHOTRONICS INC,same month,2024-11
2024-11-01,86228,RSG,REPUBLIC SERVICES INC,same month,2024-11
2024-11-01,14988,LBRDK,LIBERTY BROADBAND CORP,same month,2024-11
2024-11-01,16343,YUMC,YUM CHINA HOLDINGS INC,same month,2024-11
2024-11-01,24766,NOC,NORTHROP GRUMMAN CORP,same month,2024-11
2024-11-01,80069,ARWR,ARROWHEAD PHARMACEUTICALS INC,same month,2024-11
2024-11-01,14708,VRDN,VIRIDIAN THERAPEUTICS INC,same month,2024-11
2024-11-01,91611,FSLR,FIRST SOLAR INC,same month,2024-11
2024-11-01,15452,EVH,EVOLENT HEALTH INC,same month,2024-11
2024-11-01,23054,SOUN,SOUNDHOUND AI INC,same month,2024-11
2024-11-01,86211,MSTR,MICROSTRATEGY INC,same month,2024-11
2024-11-01,87759,WULF,TERAWULF INC,same month,2024-11
2024-11-01,13527,FIVE,FIVE BELOW INC,same month,2024-11
2024-11-01,90542,EYPT,EYEPOINT PHARMACEUTICALS INC,same month,2024-11
2024-11-01,19862,ROOT,ROOT INC,same month,2024-11
2024-11-01,19593,MIR,MIRION TECHNOLOGIES INC,same month,2024-11
2024-11-01,90126,CYTK,CYTOKINETICS INC,same month,2024-11
2024-11-01,16140,TWLO,TWILIO INC,same month,2024-11
2024-11-01,24064,APGE,APOGEE THERAPEUTICS INC,same month,2024-11
2024-12-01,24296,NATL,N C R ATLEOS CORP,same month,2024-12
2024-12-01,87077,ECPG,ENCORE CAPITAL GROUP INC,same month,2024-12
2024-12-01,89964,NNI,NELNET INC,same month,2024-12
2024-12-01,81254,SNEX,STONEX GROUP INC,same month,2024-12
2024-12-01,15302,VIRT,VIRTU FINANCIAL INC,same month,2024-12
2024-12-01,19541,VITL,VITAL FARMS INC,same month,2024-12
2024-12-01,21896,TOST,TOAST INC,same month,2024-12
2024-12-01,14601,NAVI,NAVIENT CORP,same month,2024-12
2024-12-01,80306,BCRX,BIOCRYST PHARMACEUTICALS INC,same month,2024-12
2024-12-01,13796,HROW,HARROW INC,same month,2024-12
2024-12-01,14797,CDNA,CAREDX INC,same month,2024-12
2024-12-01,15332,CWEN,CLEARWAY ENERGY INC,same month,2024-12
2024-12-01,90037,HTH,HILLTOP HOLDINGS INC,same month,2024-12
2024-12-01,82779,NVAX,NOVAVAX INC,same month,2024-12
2024-12-01,90285,MNKD,MANNKIND CORP,same month,2024-12
2024-12-01,13410,SUPN,SUPERNUS PHARMACEUTICALS INC,same month,2024-12
2024-12-01,16816,BHF,BRIGHTHOUSE FINANCIAL INC,same month,2024-12
2024-12-01,21892,PRCT,PROCEPT BIOROBOTICS CORP,same month,2024-12
2024-12-01,90162,GNW,GENWORTH FINANCIAL INC,same month,2024-12
2024-12-01,18214,TWST,TWIST BIOSCIENCE CORP,same month,2024-12
2024-12-01,14229,OMF,ONEMAIN HOLDINGS INC,same month,2024-12
2024-12-01,21124,OGN,ORGANON & CO,same month,2024-12
2024-12-01,49015,LNC,LINCOLN NATIONAL CORP,same month,2024-12
2024-12-01,90125,CORT,CORCEPT THERAPEUTICS INC,same month,2024-12
2024-12-01,36281,SEB,SEABOARD CORP,same month,2024-12
2024-12-01,14325,TNDM,TANDEM DIABETES CARE INC,same month,2024-12
2024-12-01,16277,DFIN,DONNELLEY FINANCIAL SOL INC,same month,2024-12
2024-12-01,15831,AXSM,AXSOME THERAPEUTICS INC,same month,2024-12
2024-12-01,15534,NTRA,NATERA INC,same month,2024-12
2024-12-01,22879,EMBC,EMBECTA CORP,same month,2024-12
2024-12-01,14432,ITCI,INTRA CELLULAR THERAPIES INC,same month,2024-12
2024-12-01,80169,AGM,FEDERAL AGRICULTURAL MORT CORP,same month,2024-12
2024-12-01,90178,ALNY,ALNYLAM PHARMACEUTICALS INC,same month,2024-12
2024-12-01,84275,UNFI,UNITED NATURAL FOODS INC,same month,2024-12
2024-12-01,14960,ENVA,ENOVA INTERNATIONAL INC,same month,2024-12
2024-12-01,22199,COCO,VITA COCO CO INC,same month,2024-12
2024-12-01,18938,HIMS,HIMS & HERS HEALTH INC,same month,2024-12
2024-12-01,82702,AMRX,AMNEAL PHARMACEUTICALS INC,same month,2024-12
2024-12-01,24877,SOLV,SOLVENTUM CORP,same month,2024-12
2024-12-01,15400,ENR,ENERGIZER HOLDINGS INC NEW,same month,2024-12
2024-12-01,76839,FIZZ,NATIONAL BEVERAGE CORP,same month,2024-12
2024-12-01,15454,GKOS,GLAUKOS CORP,same month,2024-12
2024-12-01,76709,IDXX,I D E X X LABORATORIES INC,same month,2024-12
2024-12-01,64785,AGX,ARGAN INC,same month,2024-12
2024-12-01,75070,WKC,WORLD KINECT CORP,same month,2024-12
2024-12-01,18011,SONO,SONOS INC,same month,2024-12
2024-12-01,89031,AXON,AXON ENTERPRISE INC,same month,2024-12
2024-12-01,89258,PRU,PRUDENTIAL FINANCIAL INC,same month,2024-12
2024-12-01,17317,EOLS,EVOLUS INC,same month,2024-12
2024-12-01,17684,AHCO,ADAPTHEALTH CORP,same month,2024-12
2024-12-01,79906,INCY,INCYTE CORP,same month,2024-12
2024-12-01,13116,CIVI,CIVITAS RESOURCES INC,same month,2024-12
2024-12-01,91215,DK,DELEK U S HOLDINGS INC NEW,same month,2024-12
2024-12-01,89217,AAP,ADVANCE AUTO PARTS INC,same month,2024-12
2024-12-01,21762,RXST,RXSIGHT INC,same month,2024-12
2024-12-01,16829,RDFN,REDFIN CORP,same month,2024-12
2024-12-01,72726,STT,STATE STREET CORP,same month,2024-12
2024-12-01,91503,LMAT,LEMAITRE VASCULAR INC,same month,2024-12
2024-12-01,21723,HOOD,ROBINHOOD MARKETS INC,same month,2024-12
2024-12-01,84511,VCEL,VERICEL CORP,same month,2024-12
2024-12-01,88159,EXEL,EXELIXIS INC,same month,2024-12
2024-12-01,17799,INSP,INSPIRE MEDICAL SYSTEMS INC,same month,2024-12
2024-12-01,86820,CFFN,CAPITOL FEDERAL FINANCIAL INC,same month,2024-12
2024-12-01,22812,BRBR,BELLRING BRANDS INC NEW,same month,2024-12
2024-12-01,89482,BANC,BANC OF CALIFORNIA INC,same month,2024-12
2024-12-01,88352,ISRG,INTUITIVE SURGICAL INC,same month,2024-12
2024-12-01,85002,SRPT,SAREPTA THERAPEUTICS INC,same month,2024-12
2024-12-01,19635,HRMY,HARMONY BIOSCIENCES HLDGS INC,same month,2024-12
2024-12-01,14558,ALLY,ALLY FINANCIAL INC,same month,2024-12
2024-12-01,50876,LLY,LILLY ELI & CO,same month,2024-12
2024-12-01,21361,HGTY,HAGERTY INC,same month,2024-12
2024-12-01,76712,AES,A E S CORP,same month,2024-12
2024-12-01,92221,MELI,MERCADOLIBRE INC,same month,2024-12
2024-12-01,18485,PINS,PINTEREST INC,same month,2024-12
2024-12-01,21614,DUOL,DUOLINGO INC,same month,2024-12
2024-12-01,90177,ACAD,ACADIA PHARMACEUTICALS,same month,2024-12
2024-12-01,21357,DOCS,DOXIMITY INC,same month,2024-12
2024-12-01,85621,MTD,METTLER TOLEDO INTERNATIONAL INC,same month,2024-12
2024-12-01,18065,GTX,GARRETT MOTION INC,same month,2024-12
2024-12-01,70519,C,CITIGROUP INC,same month,2024-12
2024-12-01,18013,ARLO,ARLO TECHNOLOGIES INC,same month,2024-12
2024-12-01,14495,ATEN,A10 NETWORKS INC,same month,2024-12
2024-12-01,20057,VTRS,VIATRIS INC,same month,2024-12
2024-12-01,90319,GOOGL,ALPHABET INC,same month,2024-12
2024-12-01,19333,RSI,RUSH STREET INTERACTIVE INC,same month,2024-12
2024-12-01,13625,SSTK,SHUTTERSTOCK INC,same month,2024-12
2024-12-01,19502,WBA,WALGREENS BOOTS ALLIANCE INC,same month,2024-12
2024-12-01,22027,JXN,JACKSON FINANCIAL INC,same month,2024-12
2024-12-01,16260,MEDP,MEDPACE HOLDINGS INC,same month,2024-12
2024-12-01,79499,INOD,INNODATA INC,same month,2024-12
2024-12-01,10158,AMRC,AMERESCO INC,same month,2024-12
2024-12-01,92753,ERII,ENERGY RECOVERY INC,same month,2024-12
2024-12-01,90454,MKTX,MARKETAXESS HLDGS INC,same month,2024-12
2024-12-01,21123,PAY,PAYMENTUS HOLDINGS INC,same month,2024-12
2024-12-01,15456,FL,FOOT LOCKER INC,same month,2024-12
2024-12-01,86819,ATLC,ATLANTICUS HOLDINGS CORP,same month,2024-12
2024-12-01,90701,LAZ,LAZARD INC,same month,2024-12
2024-12-01,13249,PRLB,PROTO LABS INC,same month,2024-12
2024-12-01,85059,FIX,COMFORT SYSTEMS USA INC,same month,2024-12
2024-12-01,85796,SCS,STEELCASE INC,same month,2024-12
2024-12-01,86211,MSTR,MICROSTRATEGY INC,same month,2024-12
2024-12-01,16680,QXO,Q X O INC,same month,2024-12
2024-12-01,91907,SMCI,SUPER MICRO COMPUTER INC,same month,2024-12
2024-12-01,14813,MARA,MARA HOLDINGS INC,same month,2024-12
2024-12-01,21331,AUR,AURORA INNOVATION INC,same month,2024-12
2024-12-01,24655,HUT,HUT 8 CORP,same month,2024-12
2024-12-01,89986,APLD,APPLIED DIGITAL CORP,same month,2024-12
2024-12-01,92213,RIOT,RIOT PLATFORMS INC,same month,2024-12
2024-12-01,19187,CLSK,CLEANSPARK INC,same month,2024-12
2024-12-01,24698,CORZ,CORE SCIENTIFIC INC NEW,same month,2024-12
2024-12-01,23054,SOUN,SOUNDHOUND AI INC,same month,2024-12
2024-12-01,19794,U,UNITY SOFTWARE INC,same month,2024-12
2024-12-01,19084,BILL,B I L L HOLDINGS INC,same month,2024-12
2024-12-01,87759,WULF,TERAWULF INC,same month,2024-12
2024-12-01,22220,NN,NEXTNAV INC,same month,2024-12
2024-12-01,21927,DJT,TRUMP MEDIA & TECH GRP CORP,same month,2024-12
2024-12-01,19076,ASTS,A S T SPACEMOBILE INC,same month,2024-12
2024-12-01,19599,QS,QUANTUMSCAPE CORP,same month,2024-12
2024-12-01,20357,IONQ,IONQ INC,same month,2024-12
2024-12-01,22265,RIVN,RIVIAN AUTOMOTIVE INC,same month,2024-12
2024-12-01,23379,LVWR,LIVEWIRE GROUP INC,same month,2024-12
2024-12-01,89301,GME,GAMESTOP CORP NEW,same month,2024-12
2024-12-01,24085,LLYVK,LIBERTY MEDIA CORP 3RD NEW,same month,2024-12
2024-12-01,19849,SMMT,SUMMIT THERAPEUTICS INC,same month,2024-12
2024-12-01,19484,PCVX,VAXCYTE INC,same month,2024-12
2024-12-01,23978,SVV,SAVERS VALUE VILLAGE INC,same month,2024-12
2024-12-01,15303,VKTX,VIKING THERAPEUTICS INC,same month,2024-12
2024-12-01,21747,NUVL,NUVALENT INC,same month,2024-12
2024-12-01,91832,MDGL,MADRIGAL PHARMACEUTICALS INC,same month,2024-12
2024-12-01,22976,WBD,WARNER BROS DISCOVERY INC,same month,2024-12
2024-12-01,19201,RVMD,REVOLUTION MEDICINES INC,same month,2024-12
2024-12-01,21415,S,SENTINELONE INC,same month,2024-12
2024-12-01,18776,IMVT,IMMUNOVANT INC,same month,2024-12
2024-12-01,90505,LVS,LAS VEGAS SANDS CORP,same month,2024-12
2024-12-01,20791,EWTX,EDGEWISE THERAPEUTICS INC,same month,2024-12
2024-12-01,20325,SMR,NUSCALE POWER CORP,same month,2024-12
2024-12-01,79094,JBL,JABIL INC,same month,2024-12
2024-12-01,80191,ALB,ALBEMARLE CORP,same month,2024-12
2024-12-01,13210,EPAM,EPAM SYSTEMS INC,same month,2024-12
2024-12-01,19593,MIR,MIRION TECHNOLOGIES INC,same month,2024-12
2024-12-01,21563,JANX,JANUX THERAPEUTICS INC,same month,2024-12
2024-12-01,19825,DYN,DYNE THERAPEUTICS INC,same month,2024-12
2024-12-01,21342,VERA,VERA THERAPEUTICS INC,same month,2024-12
2024-12-01,17959,CRNX,CRINETICS PHARMACEUTICALS INC,same month,2024-12
2024-12-01,22092,KD,KYNDRYL HOLDINGS INC,same month,2024-12
2024-12-01,18772,AKRO,AKERO THERAPEUTICS INC,same month,2024-12
2024-12-01,24064,APGE,APOGEE THERAPEUTICS INC,same month,2024-12
2024-12-01,13527,FIVE,FIVE BELOW INC,same month,2024-12
2024-12-01,89297,CCOI,COGENT COMMUNICATIONS HLDS INC,same month,2024-12
2024-12-01,15058,SLNO,SOLENO THERAPEUTICS INC,same month,2024-12
2024-12-01,15221,RCKT,ROCKET PHARMACEUTICALS INC,same month,2024-12
2024-12-01,19628,IRON,DISC MEDICINE INC,same month,2024-12
2024-12-01,15222,IOVA,IOVANCE BIOTHERAPEUTICS INC,same month,2024-12
2024-12-01,91611,FSLR,FIRST SOLAR INC,same month,2024-12
2024-12-01,19489,PCT,PURECYCLE TECHNOLOGIES INC,same month,2024-12
2024-12-01,17125,DNLI,DENALI THERAPEUTICS INC,same month,2024-12
2024-12-01,16591,LAUR,LAUREATE EDUCATION INC,same month,2024-12
2024-12-01,18961,SWTX,SPRINGWORKS THERAPEUTICS INC,same month,2024-12
2024-12-01,19228,BEAM,BEAM THERAPEUTICS INC,same month,2024-12
2024-12-01,52329,J,JACOBS SOLUTIONS INC,same month,2024-12
2024-12-01,19313,ELVN,ENLIVEN THERAPEUTICS INC,same month,2024-12
2024-12-01,18656,IDYA,IDEAYA BIOSCIENCES INC,same month,2024-12
2024-12-01,14988,LBRDK,LIBERTY BROADBAND CORP,same month,2024-12
2024-12-01,20898,RXRX,RECURSION PHARMACEUTICALS INC,same month,2024-12
2024-12-01,23147,IE,IVANHOE ELECTRIC INC,same month,2024-12
2024-12-01,19894,GATO,GATOS SILVER INC,same month,2024-12
2024-12-01,19070,ETNB,89BIO INC,same month,2024-12
2024-12-01,90126,CYTK,CYTOKINETICS INC,same month,2024-12
2024-12-01,91184,GYRE,GYRE THERAPEUTICS INC,same month,2024-12
2024-12-01,91937,TMUS,T MOBILE U S INC,same month,2024-12
2024-12-01,21262,DAWN,DAY ONE BIOPHARMACEUTICALS INC,same month,2024-12
2024-12-01,24875,ALAB,ASTERA LABS INC,same month,2024-12
2024-12-01,86228,RSG,REPUBLIC SERVICES INC,same month,2024-12
2024-12-01,23063,AZPN,ASPEN TECHNOLOGY INC NEW,same month,2024-12
2024-12-01,19433,MP,M P MATERIALS CORP,same month,2024-12
2024-12-01,16140,TWLO,TWILIO INC,same month,2024-12
2024-12-01,12591,APO,APOLLO GLOBAL MANAGEMENT INC NEW,same month,2024-12
2024-12-01,80069,ARWR,ARROWHEAD PHARMACEUTICALS INC,same month,2024-12
2024-12-01,20452,ENVX,ENOVIX CORP,same month,2024-12
2024-12-01,14708,VRDN,VIRIDIAN THERAPEUTICS INC,same month,2024-12
2024-12-01,21359,MCW,MISTER CAR WASH INC,same month,2024-12
2024-12-01,24173,VSTS,VESTIS CORP,same month,2024-12
2024-12-01,15452,EVH,EVOLENT HEALTH INC,same month,2024-12
2024-12-01,86580,NVDA,NVIDIA CORP,same month,2024-12
2024-12-01,19862,ROOT,ROOT INC,same month,2024-12
2024-12-01,24766,NOC,NORTHROP GRUMMAN CORP,same month,2024-12
2024-12-01,77453,JACK,JACK IN THE BOX INC,same month,2024-12
2024-12-01,83509,FCN,F T I CONSULTING INC,same month,2024-12
2024-12-01,21594,DNUT,KRISPY KREME INC,same month,2024-12
2024-12-01,18192,GDYN,GRID DYNAMICS HOLDINGS INC,same month,2024-12
2024-12-01,20295,CIFR,CIPHER MINING INC,same month,2024-12
2024-12-01,21090,RCAT,RED CAT HOLDINGS INC,same month,2024-12
2024-12-01,15014,PLAY,DAVE & BUSTERS ENTERTAINMENT INC,same month,2024-12
2024-12-01,20126,JOBY,JOBY AVIATION INC,same month,2024-12
2024-12-01,87356,TKO,T K O GROUP HOLDINGS INC,same month,2024-12
2024-12-01,17821,SRRK,SCHOLAR ROCK HOLDING CORP,same month,2024-12
2024-12-01,20834,LBPH,LONGBOARD PHARMACEUTICALS INC,same month,2024-12
2024-12-01,20876,SYM,SYMBOTIC INC,same month,2024-12
2024-12-01,24275,NMRA,NEUMORA THERAPEUTICS INC,same month,2024-12
2024-12-01,21556,INDI,INDIE SEMICONDUCTOR INC,same month,2024-12
2025-01-01,79499,INOD,INNODATA INC,same month,2025-01
2025-01-01,13796,HROW,HARROW INC,same month,2025-01
2025-01-01,82779,NVAX,NOVAVAX INC,same month,2025-01
2025-01-01,80306,BCRX,BIOCRYST PHARMACEUTICALS INC,same month,2025-01
2025-01-01,14797,CDNA,CAREDX INC,same month,2025-01
2025-01-01,90037,HTH,HILLTOP HOLDINGS INC,same month,2025-01
2025-01-01,75070,WKC,WORLD KINECT CORP,same month,2025-01
2025-01-01,87077,ECPG,ENCORE CAPITAL GROUP INC,same month,2025-01
2025-01-01,86819,ATLC,ATLANTICUS HOLDINGS CORP,same month,2025-01
2025-01-01,15332,CWEN,CLEARWAY ENERGY INC,same month,2025-01
2025-01-01,81254,SNEX,STONEX GROUP INC,same month,2025-01
2025-01-01,89964,NNI,NELNET INC,same month,2025-01
2025-01-01,19541,VITL,VITAL FARMS INC,same month,2025-01
2025-01-01,10158,AMRC,AMERESCO INC,same month,2025-01
2025-01-01,90125,CORT,CORCEPT THERAPEUTICS INC,same month,2025-01
2025-01-01,14601,NAVI,NAVIENT CORP,same month,2025-01
2025-01-01,15302,VIRT,VIRTU FINANCIAL INC,same month,2025-01
2025-01-01,18938,HIMS,HIMS & HERS HEALTH INC,same month,2025-01
2025-01-01,21896,TOST,TOAST INC,same month,2025-01
2025-01-01,82702,AMRX,AMNEAL PHARMACEUTICALS INC,same month,2025-01
2025-01-01,21124,OGN,ORGANON & CO,same month,2025-01
2025-01-01,15534,NTRA,NATERA INC,same month,2025-01
2025-01-01,24296,NATL,N C R ATLEOS CORP,same month,2025-01
2025-01-01,15831,AXSM,AXSOME THERAPEUTICS INC,same month,2025-01
2025-01-01,64785,AGX,ARGAN INC,same month,2025-01
2025-01-01,21892,PRCT,PROCEPT BIOROBOTICS CORP,same month,2025-01
2025-01-01,84275,UNFI,UNITED NATURAL FOODS INC,same month,2025-01
2025-01-01,90162,GNW,GENWORTH FINANCIAL INC,same month,2025-01
2025-01-01,16829,RDFN,REDFIN CORP,same month,2025-01
2025-01-01,16816,BHF,BRIGHTHOUSE FINANCIAL INC,same month,2025-01
2025-01-01,13410,SUPN,SUPERNUS PHARMACEUTICALS INC,same month,2025-01
2025-01-01,21123,PAY,PAYMENTUS HOLDINGS INC,same month,2025-01
2025-01-01,14229,OMF,ONEMAIN HOLDINGS INC,same month,2025-01
2025-01-01,22879,EMBC,EMBECTA CORP,same month,2025-01
2025-01-01,21723,HOOD,ROBINHOOD MARKETS INC,same month,2025-01
2025-01-01,80169,AGM,FEDERAL AGRICULTURAL MORT CORP,same month,2025-01
2025-01-01,17684,AHCO,ADAPTHEALTH CORP,same month,2025-01
2025-01-01,79906,INCY,INCYTE CORP,same month,2025-01
2025-01-01,85059,FIX,COMFORT SYSTEMS USA INC,same month,2025-01
2025-01-01,36281,SEB,SEABOARD CORP,same month,2025-01
2025-01-01,49015,LNC,LINCOLN NATIONAL CORP,same month,2025-01
2025-01-01,89031,AXON,AXON ENTERPRISE INC,same month,2025-01
2025-01-01,15400,ENR,ENERGIZER HOLDINGS INC NEW,same month,2025-01
2025-01-01,85796,SCS,STEELCASE INC,same month,2025-01
2025-01-01,18214,TWST,TWIST BIOSCIENCE CORP,same month,2025-01
2025-01-01,90701,LAZ,LAZARD INC,same month,2025-01
2025-01-01,14325,TNDM,TANDEM DIABETES CARE INC,same month,2025-01
2025-01-01,89258,PRU,PRUDENTIAL FINANCIAL INC,same month,2025-01
2025-01-01,14960,ENVA,ENOVA INTERNATIONAL INC,same month,2025-01
2025-01-01,89482,BANC,BANC OF CALIFORNIA INC,same month,2025-01
2025-01-01,22812,BRBR,BELLRING BRANDS INC NEW,same month,2025-01
2025-01-01,16277,DFIN,DONNELLEY FINANCIAL SOL INC,same month,2025-01
2025-01-01,90285,MNKD,MANNKIND CORP,same month,2025-01
2025-01-01,90454,MKTX,MARKETAXESS HLDGS INC,same month,2025-01
2025-01-01,88159,EXEL,EXELIXIS INC,same month,2025-01
2025-01-01,92753,ERII,ENERGY RECOVERY INC,same month,2025-01
2025-01-01,21614,DUOL,DUOLINGO INC,same month,2025-01
2025-01-01,76709,IDXX,I D E X X LABORATORIES INC,same month,2025-01
2025-01-01,14495,ATEN,A10 NETWORKS INC,same month,2025-01
2025-01-01,13249,PRLB,PROTO LABS INC,same month,2025-01
2025-01-01,90178,ALNY,ALNYLAM PHARMACEUTICALS INC,same month,2025-01
2025-01-01,15454,GKOS,GLAUKOS CORP,same month,2025-01
2025-01-01,72726,STT,STATE STREET CORP,same month,2025-01
2025-01-01,14558,ALLY,ALLY FINANCIAL INC,same month,2025-01
2025-01-01,88352,ISRG,INTUITIVE SURGICAL INC,same month,2025-01
2025-01-01,76839,FIZZ,NATIONAL BEVERAGE CORP,same month,2025-01
2025-01-01,20057,VTRS,VIATRIS INC,same month,2025-01
2025-01-01,84511,VCEL,VERICEL CORP,same month,2025-01
2025-01-01,92221,MELI,MERCADOLIBRE INC,same month,2025-01
2025-01-01,21361,HGTY,HAGERTY INC,same month,2025-01
2025-01-01,24877,SOLV,SOLVENTUM CORP,same month,2025-01
2025-01-01,91503,LMAT,LEMAITRE VASCULAR INC,same month,2025-01
2025-01-01,19333,RSI,RUSH STREET INTERACTIVE INC,same month,2025-01
2025-01-01,17799,INSP,INSPIRE MEDICAL SYSTEMS INC,same month,2025-01
2025-01-01,70519,C,CITIGROUP INC,same month,2025-01
2025-01-01,18065,GTX,GARRETT MOTION INC,same month,2025-01
2025-01-01,85621,MTD,METTLER TOLEDO INTERNATIONAL INC,same month,2025-01
2025-01-01,21357,DOCS,DOXIMITY INC,same month,2025-01
2025-01-01,15456,FL,FOOT LOCKER INC,same month,2025-01
2025-01-01,89574,PRAA,P R A GROUP INC,same month,2025-01
2025-01-01,91095,LQDT,LIQUIDITY SERVICES INC,same month,2025-01
2025-01-01,18769,ADPT,ADAPTIVE BIOTECHNOLOGIES CORP,same month,2025-01
2025-01-01,14440,TVTX,TRAVERE THERAPEUTICS INC,same month,2025-01
2025-01-01,20447,PLTK,PLAYTIKA HOLDING CORP,same month,2025-01
2025-01-01,18135,GH,GUARDANT HEALTH INC,same month,2025-01
2025-01-01,54114,MLKN,MILLERKNOLL INC,same month,2025-01
2025-01-01,14239,COMM,COMMSCOPE HOLDING CO INC,same month,2025-01
2025-01-01,88446,ILMN,ILLUMINA INC,same month,2025-01
2025-01-01,16673,KNTK,KINETIK HOLDINGS INC,same month,2025-01
2025-01-01,92050,PODD,INSULET CORP,same month,2025-01
2025-01-01,75694,TECH,BIO TECHNE CORP,same month,2025-01
2025-01-01,89110,OMCL,OMNICELL INC,same month,2025-01
2025-01-01,24459,PBI,PITNEY BOWES INC,same month,2025-01
2025-01-01,81621,HLIT,HARMONIC INC,same month,2025-01
2025-01-01,47941,TGNA,TEGNA INC,same month,2025-01
2025-01-01,16648,SNDR,SCHNEIDER NATIONAL INC,same month,2025-01
2025-01-01,90856,ATRC,ATRICURE INC,same month,2025-01
2025-01-01,16432,GT,GOODYEAR TIRE & RUBBER CO,same month,2025-01
2025-01-01,82694,EME,EMCOR GROUP INC,same month,2025-01
2025-01-01,78081,LGND,LIGAND PHARMACEUTICALS INC,same month,2025-01
2025-01-01,16680,QXO,Q X O INC,same month,2025-01
2025-01-01,86211,MSTR,MICROSTRATEGY INC,same month,2025-01
2025-01-01,91907,SMCI,SUPER MICRO COMPUTER INC,same month,2025-01
2025-01-01,14813,MARA,MARA HOLDINGS INC,same month,2025-01
2025-01-01,23054,SOUN,SOUNDHOUND AI INC,same month,2025-01
2025-01-01,24655,HUT,HUT 8 CORP,same month,2025-01
2025-01-01,21331,AUR,AURORA INNOVATION INC,same month,2025-01
2025-01-01,19187,CLSK,CLEANSPARK INC,same month,2025-01
2025-01-01,87759,WULF,TERAWULF INC,same month,2025-01
2025-01-01,23978,SVV,SAVERS VALUE VILLAGE INC,same month,2025-01
2025-01-01,92213,RIOT,RIOT PLATFORMS INC,same month,2025-01
2025-01-01,89986,APLD,APPLIED DIGITAL CORP,same month,2025-01
2025-01-01,21927,DJT,TRUMP MEDIA & TECH GRP CORP,same month,2025-01
2025-01-01,21090,RCAT,RED CAT HOLDINGS INC,same month,2025-01
2025-01-01,22265,RIVN,RIVIAN AUTOMOTIVE INC,same month,2025-01
2025-01-01,19599,QS,QUANTUMSCAPE CORP,same month,2025-01
2025-01-01,24698,CORZ,CORE SCIENTIFIC INC NEW,same month,2025-01
2025-01-01,89301,GME,GAMESTOP CORP NEW,same month,2025-01
2025-01-01,19084,BILL,B I L L HOLDINGS INC,same month,2025-01
2025-01-01,19794,U,UNITY SOFTWARE INC,same month,2025-01
2025-01-01,22220,NN,NEXTNAV INC,same month,2025-01
2025-01-01,19849,SMMT,SUMMIT THERAPEUTICS INC,same month,2025-01
2025-01-01,19076,ASTS,A S T SPACEMOBILE INC,same month,2025-01
2025-01-01,80191,ALB,ALBEMARLE CORP,same month,2025-01
2025-01-01,19484,PCVX,VAXCYTE INC,same month,2025-01
2025-01-01,19489,PCT,PURECYCLE TECHNOLOGIES INC,same month,2025-01
2025-01-01,15014,PLAY,DAVE & BUSTERS ENTERTAINMENT INC,same month,2025-01
2025-01-01,21415,S,SENTINELONE INC,same month,2025-01
2025-01-01,91832,MDGL,MADRIGAL PHARMACEUTICALS INC,same month,2025-01
2025-01-01,23147,IE,IVANHOE ELECTRIC INC,same month,2025-01
2025-01-01,18776,IMVT,IMMUNOVANT INC,same month,2025-01
2025-01-01,15058,SLNO,SOLENO THERAPEUTICS INC,same month,2025-01
2025-01-01,24085,LLYVK,LIBERTY MEDIA CORP 3RD NEW,same month,2025-01
2025-01-01,90505,LVS,LAS VEGAS SANDS CORP,same month,2025-01
2025-01-01,21747,NUVL,NUVALENT INC,same month,2025-01
2025-01-01,19894,GATO,GATOS SILVER INC,same month,2025-01
2025-01-01,18772,AKRO,AKERO THERAPEUTICS INC,same month,2025-01
2025-01-01,20325,SMR,NUSCALE POWER CORP,same month,2025-01
2025-01-01,89297,CCOI,COGENT COMMUNICATIONS HLDS INC,same month,2025-01
2025-01-01,13527,FIVE,FIVE BELOW INC,same month,2025-01
2025-01-01,20876,SYM,SYMBOTIC INC,same month,2025-01
2025-01-01,17821,SRRK,SCHOLAR ROCK HOLDING CORP,same month,2025-01
2025-01-01,19628,IRON,DISC MEDICINE INC,same month,2025-01
2025-01-01,19201,RVMD,REVOLUTION MEDICINES INC,same month,2025-01
2025-01-01,18656,IDYA,IDEAYA BIOSCIENCES INC,same month,2025-01
2025-01-01,17959,CRNX,CRINETICS PHARMACEUTICALS INC,same month,2025-01
2025-01-01,20126,JOBY,JOBY AVIATION INC,same month,2025-01
2025-01-01,19825,DYN,DYNE THERAPEUTICS INC,same month,2025-01
2025-01-01,86228,RSG,REPUBLIC SERVICES INC,same month,2025-01
2025-01-01,15303,VKTX,VIKING THERAPEUTICS INC,same month,2025-01
2025-01-01,24275,NMRA,NEUMORA THERAPEUTICS INC,same month,2025-01
2025-01-01,20791,EWTX,EDGEWISE THERAPEUTICS INC,same month,2025-01
2025-01-01,15221,RCKT,ROCKET PHARMACEUTICALS INC,same month,2025-01
2025-01-01,24064,APGE,APOGEE THERAPEUTICS INC,same month,2025-01
2025-01-01,19070,ETNB,89BIO INC,same month,2025-01
2025-01-01,18961,SWTX,SPRINGWORKS THERAPEUTICS INC,same month,2025-01
2025-01-01,15222,IOVA,IOVANCE BIOTHERAPEUTICS INC,same month,2025-01
2025-01-01,21342,VERA,VERA THERAPEUTICS INC,same month,2025-01
2025-01-01,20357,IONQ,IONQ INC,same month,2025-01
2025-01-01,80069,ARWR,ARROWHEAD PHARMACEUTICALS INC,same month,2025-01
2025-01-01,23063,AZPN,ASPEN TECHNOLOGY INC NEW,same month,2025-01
2025-01-01,21563,JANX,JANUX THERAPEUTICS INC,same month,2025-01
2025-01-01,19593,MIR,MIRION TECHNOLOGIES INC,same month,2025-01
2025-01-01,22092,KD,KYNDRYL HOLDINGS INC,same month,2025-01
2025-01-01,19313,ELVN,ENLIVEN THERAPEUTICS INC,same month,2025-01
2025-01-01,87356,TKO,T K O GROUP HOLDINGS INC,same month,2025-01
2025-01-01,90126,CYTK,CYTOKINETICS INC,same month,2025-01
2025-01-01,20898,RXRX,RECURSION PHARMACEUTICALS INC,same month,2025-01
2025-01-01,19228,BEAM,BEAM THERAPEUTICS INC,same month,2025-01
2025-01-01,17125,DNLI,DENALI THERAPEUTICS INC,same month,2025-01
2025-01-01,91611,FSLR,FIRST SOLAR INC,same month,2025-01
2025-01-01,91184,GYRE,GYRE THERAPEUTICS INC,same month,2025-01
2025-01-01,52329,J,JACOBS SOLUTIONS INC,same month,2025-01
2025-01-01,19433,MP,M P MATERIALS CORP,same month,2025-01
2025-01-01,24875,ALAB,ASTERA LABS INC,same month,2025-01
2025-01-01,14708,VRDN,VIRIDIAN THERAPEUTICS INC,same month,2025-01
2025-01-01,22976,WBD,WARNER BROS DISCOVERY INC,same month,2025-01
2025-01-01,15452,EVH,EVOLENT HEALTH INC,same month,2025-01
2025-01-01,20452,ENVX,ENOVIX CORP,same month,2025-01
2025-01-01,16591,LAUR,LAUREATE EDUCATION INC,same month,2025-01
2025-01-01,21262,DAWN,DAY ONE BIOPHARMACEUTICALS INC,same month,2025-01
2025-01-01,86580,NVDA,NVIDIA CORP,same month,2025-01
2025-01-01,14988,LBRDK,LIBERTY BROADBAND CORP,same month,2025-01
2025-01-01,16140,TWLO,TWILIO INC,same month,2025-01
2025-01-01,79094,JBL,JABIL INC,same month,2025-01
2025-01-01,21359,MCW,MISTER CAR WASH INC,same month,2025-01
2025-01-01,24173,VSTS,VESTIS CORP,same month,2025-01
2025-01-01,83509,FCN,F T I CONSULTING INC,same month,2025-01
2025-01-01,21594,DNUT,KRISPY KREME INC,same month,2025-01
2025-01-01,91937,TMUS,T MOBILE U S INC,same month,2025-01
2025-01-01,24766,NOC,NORTHROP GRUMMAN CORP,same month,2025-01
2025-01-01,22204,FWRG,FIRST WATCH RESTAURANT GROUP INC,same month,2025-01
2025-01-01,20464,EVEX,EVE HOLDING INC,same month,2025-01
2025-01-01,22313,LUNR,INTUITIVE MACHINES INC,same month,2025-01
2025-01-01,19565,NCNO,NCINO INC NEW,same month,2025-01
2025-01-01,20207,ACHR,ARCHER AVIATION INC,same month,2025-01
2025-01-01,23263,QBTS,D WAVE QUANTUM INC,same month,2025-01
2025-01-01,21825,NPWR,N E T POWER INC,same month,2025-01
2025-01-01,19986,PRAX,PRAXIS PRECISION MEDICINES INC,same month,2025-01
2025-01-01,19405,ZI,ZOOMINFO TECHNOLOGIES INC,same month,2025-01
2025-02-01,13796,HROW,HARROW INC,same month,2025-02
2025-02-01,79499,INOD,INNODATA INC,same month,2025-02
2025-02-01,14797,CDNA,CAREDX INC,same month,2025-02
2025-02-01,80306,BCRX,BIOCRYST PHARMACEUTICALS INC,same month,2025-02
2025-02-01,18769,ADPT,ADAPTIVE BIOTECHNOLOGIES CORP,same month,2025-02
2025-02-01,18135,GH,GUARDANT HEALTH INC,same month,2025-02
2025-02-01,14440,TVTX,TRAVERE THERAPEUTICS INC,same month,2025-02
2025-02-01,18938,HIMS,HIMS & HERS HEALTH INC,same month,2025-02
2025-02-01,75070,WKC,WORLD KINECT CORP,same month,2025-02
2025-02-01,82702,AMRX,AMNEAL PHARMACEUTICALS INC,same month,2025-02
2025-02-01,86819,ATLC,ATLANTICUS HOLDINGS CORP,same month,2025-02
2025-02-01,14239,COMM,COMMSCOPE HOLDING CO INC,same month,2025-02
2025-02-01,89574,PRAA,P R A GROUP INC,same month,2025-02
2025-02-01,15332,CWEN,CLEARWAY ENERGY INC,same month,2025-02
2025-02-01,91095,LQDT,LIQUIDITY SERVICES INC,same month,2025-02
2025-02-01,64785,AGX,ARGAN INC,same month,2025-02
2025-02-01,90037,HTH,HILLTOP HOLDINGS INC,same month,2025-02
2025-02-01,90125,CORT,CORCEPT THERAPEUTICS INC,same month,2025-02
2025-02-01,88446,ILMN,ILLUMINA INC,same month,2025-02
2025-02-01,21123,PAY,PAYMENTUS HOLDINGS INC,same month,2025-02
2025-02-01,15534,NTRA,NATERA INC,same month,2025-02
2025-02-01,14229,OMF,ONEMAIN HOLDINGS INC,same month,2025-02
2025-02-01,87077,ECPG,ENCORE CAPITAL GROUP INC,same month,2025-02
2025-02-01,82779,NVAX,NOVAVAX INC,same month,2025-02
2025-02-01,81254,SNEX,STONEX GROUP INC,same month,2025-02
2025-02-01,22879,EMBC,EMBECTA CORP,same month,2025-02
2025-02-01,19541,VITL,VITAL FARMS INC,same month,2025-02
2025-02-01,78081,LGND,LIGAND PHARMACEUTICALS INC,same month,2025-02
2025-02-01,89964,NNI,NELNET INC,same month,2025-02
2025-02-01,21124,OGN,ORGANON & CO,same month,2025-02
2025-02-01,84275,UNFI,UNITED NATURAL FOODS INC,same month,2025-02
2025-02-01,92050,PODD,INSULET CORP,same month,2025-02
2025-02-01,21723,HOOD,ROBINHOOD MARKETS INC,same month,2025-02
2025-02-01,89482,BANC,BANC OF CALIFORNIA INC,same month,2025-02
2025-02-01,14325,TNDM,TANDEM DIABETES CARE INC,same month,2025-02
2025-02-01,85059,FIX,COMFORT SYSTEMS USA INC,same month,2025-02
2025-02-01,21896,TOST,TOAST INC,same month,2025-02
2025-02-01,16673,KNTK,KINETIK HOLDINGS INC,same month,2025-02
2025-02-01,15302,VIRT,VIRTU FINANCIAL INC,same month,2025-02
2025-02-01,16648,SNDR,SCHNEIDER NATIONAL INC,same month,2025-02
2025-02-01,16829,RDFN,REDFIN CORP,same month,2025-02
2025-02-01,89110,OMCL,OMNICELL INC,same month,2025-02
2025-02-01,81621,HLIT,HARMONIC INC,same month,2025-02
2025-02-01,17684,AHCO,ADAPTHEALTH CORP,same month,2025-02
2025-02-01,20447,PLTK,PLAYTIKA HOLDING CORP,same month,2025-02
2025-02-01,79906,INCY,INCYTE CORP,same month,2025-02
2025-02-01,90162,GNW,GENWORTH FINANCIAL INC,same month,2025-02
2025-02-01,89031,AXON,AXON ENTERPRISE INC,same month,2025-02
2025-02-01,24459,PBI,PITNEY BOWES INC,same month,2025-02
2025-02-01,18214,TWST,TWIST BIOSCIENCE CORP,same month,2025-02
2025-02-01,54114,MLKN,MILLERKNOLL INC,same month,2025-02
2025-02-01,47941,TGNA,TEGNA INC,same month,2025-02
2025-02-01,13410,SUPN,SUPERNUS PHARMACEUTICALS INC,same month,2025-02
2025-02-01,15400,ENR,ENERGIZER HOLDINGS INC NEW,same month,2025-02
2025-02-01,16432,GT,GOODYEAR TIRE & RUBBER CO,same month,2025-02
2025-02-01,75694,TECH,BIO TECHNE CORP,same month,2025-02
2025-02-01,88159,EXEL,EXELIXIS INC,same month,2025-02
2025-02-01,14495,ATEN,A10 NETWORKS INC,same month,2025-02
2025-02-01,80169,AGM,FEDERAL AGRICULTURAL MORT CORP,same month,2025-02
2025-02-01,24296,NATL,N C R ATLEOS CORP,same month,2025-02
2025-02-01,92753,ERII,ENERGY RECOVERY INC,same month,2025-02
2025-02-01,90856,ATRC,ATRICURE INC,same month,2025-02
2025-02-01,82694,EME,EMCOR GROUP INC,same month,2025-02
2025-02-01,21614,DUOL,DUOLINGO INC,same month,2025-02
2025-02-01,20057,VTRS,VIATRIS INC,same month,2025-02
2025-02-01,14960,ENVA,ENOVA INTERNATIONAL INC,same month,2025-02
2025-02-01,90285,MNKD,MANNKIND CORP,same month,2025-02
2025-02-01,89258,PRU,PRUDENTIAL FINANCIAL INC,same month,2025-02
2025-02-01,15831,AXSM,AXSOME THERAPEUTICS INC,same month,2025-02
2025-02-01,15454,GKOS,GLAUKOS CORP,same month,2025-02
2025-02-01,49015,LNC,LINCOLN NATIONAL CORP,same month,2025-02
2025-02-01,85796,SCS,STEELCASE INC,same month,2025-02
2025-02-01,70519,C,CITIGROUP INC,same month,2025-02
2025-02-01,21361,HGTY,HAGERTY INC,same month,2025-02
2025-02-01,21892,PRCT,PROCEPT BIOROBOTICS CORP,same month,2025-02
2025-02-01,19333,RSI,RUSH STREET INTERACTIVE INC,same month,2025-02
2025-02-01,90454,MKTX,MARKETAXESS HLDGS INC,same month,2025-02
2025-02-01,72726,STT,STATE STREET CORP,same month,2025-02
2025-02-01,36281,SEB,SEABOARD CORP,same month,2025-02
2025-02-01,76709,IDXX,I D E X X LABORATORIES INC,same month,2025-02
2025-02-01,84511,VCEL,VERICEL CORP,same month,2025-02
2025-02-01,22812,BRBR,BELLRING BRANDS INC NEW,same month,2025-02
2025-02-01,16277,DFIN,DONNELLEY FINANCIAL SOL INC,same month,2025-02
2025-02-01,15456,FL,FOOT LOCKER INC,same month,2025-02
2025-02-01,92221,MELI,MERCADOLIBRE INC,same month,2025-02
2025-02-01,16816,BHF,BRIGHTHOUSE FINANCIAL INC,same month,2025-02
2025-02-01,14601,NAVI,NAVIENT CORP,same month,2025-02
2025-02-01,13249,PRLB,PROTO LABS INC,same month,2025-02
2025-02-01,85621,MTD,METTLER TOLEDO INTERNATIONAL INC,same month,2025-02
2025-02-01,19956,WGS,GENEDX HOLDINGS CORP,same month,2025-02
2025-02-01,77175,AMSC,AMERICAN SUPERCONDUCTOR CORP,same month,2025-02
2025-02-01,19081,SITM,SITIME CORP,same month,2025-02
2025-02-01,92040,FOLD,AMICUS THERAPEUTICS INC,same month,2025-02
2025-02-01,22088,FLNC,FLUENCE ENERGY INC,same month,2025-02
2025-02-01,90423,INVA,THERAVANCE INC,same month,2025-02
2025-02-01,22423,CRGY,CRESCENT ENERGY CO,same month,2025-02
2025-02-01,75603,CRUS,CIRRUS LOGIC INC,same month,2025-02
2025-02-01,89800,NTGR,NETGEAR INC,same month,2025-02
2025-02-01,16689,BTU,PEABODY ENERGY CORP NEW,same month,2025-02
2025-02-01,75320,USM,UNITED STATES CELLULAR CORP,same month,2025-02
2025-02-01,23978,SVV,SAVERS VALUE VILLAGE INC,same month,2025-02
2025-02-01,16680,QXO,Q X O INC,same month,2025-02
2025-02-01,21927,DJT,TRUMP MEDIA & TECH GRP CORP,same month,2025-02
2025-02-01,19599,QS,QUANTUMSCAPE CORP,same month,2025-02
2025-02-01,89301,GME,GAMESTOP CORP NEW,same month,2025-02
2025-02-01,23054,SOUN,SOUNDHOUND AI INC,same month,2025-02
2025-02-01,86211,MSTR,MICROSTRATEGY INC,same month,2025-02
2025-02-01,22265,RIVN,RIVIAN AUTOMOTIVE INC,same month,2025-02
2025-02-01,91907,SMCI,SUPER MICRO COMPUTER INC,same month,2025-02
2025-02-01,20464,EVEX,EVE HOLDING INC,same month,2025-02
2025-02-01,22204,FWRG,FIRST WATCH RESTAURANT GROUP INC,same month,2025-02
2025-02-01,91832,MDGL,MADRIGAL PHARMACEUTICALS INC,same month,2025-02
2025-02-01,14813,MARA,MARA HOLDINGS INC,same month,2025-02
2025-02-01,19849,SMMT,SUMMIT THERAPEUTICS INC,same month,2025-02
2025-02-01,19484,PCVX,VAXCYTE INC,same month,2025-02
2025-02-01,89297,CCOI,COGENT COMMUNICATIONS HLDS INC,same month,2025-02
2025-02-01,15058,SLNO,SOLENO THERAPEUTICS INC,same month,2025-02
2025-02-01,80191,ALB,ALBEMARLE CORP,same month,2025-02
2025-02-01,24655,HUT,HUT 8 CORP,same month,2025-02
2025-02-01,19794,U,UNITY SOFTWARE INC,same month,2025-02
2025-02-01,19187,CLSK,CLEANSPARK INC,same month,2025-02
2025-02-01,19489,PCT,PURECYCLE TECHNOLOGIES INC,same month,2025-02
2025-02-01,23063,AZPN,ASPEN TECHNOLOGY INC NEW,same month,2025-02
2025-02-01,90505,LVS,LAS VEGAS SANDS CORP,same month,2025-02
2025-02-01,19076,ASTS,A S T SPACEMOBILE INC,same month,2025-02
2025-02-01,22313,LUNR,INTUITIVE MACHINES INC,same month,2025-02
2025-02-01,91611,FSLR,FIRST SOLAR INC,same month,2025-02
2025-02-01,18776,IMVT,IMMUNOVANT INC,same month,2025-02
2025-02-01,23263,QBTS,D WAVE QUANTUM INC,same month,2025-02
2025-02-01,89986,APLD,APPLIED DIGITAL CORP,same month,2025-02
2025-02-01,15014,PLAY,DAVE & BUSTERS ENTERTAINMENT INC,same month,2025-02
2025-02-01,19084,BILL,B I L L HOLDINGS INC,same month,2025-02
2025-02-01,13527,FIVE,FIVE BELOW INC,same month,2025-02
2025-02-01,92213,RIOT,RIOT PLATFORMS INC,same month,2025-02
2025-02-01,22220,NN,NEXTNAV INC,same month,2025-02
2025-02-01,24085,LLYVK,LIBERTY MEDIA CORP 3RD NEW,same month,2025-02
2025-02-01,21415,S,SENTINELONE INC,same month,2025-02
2025-02-01,21747,NUVL,NUVALENT INC,same month,2025-02
2025-02-01,86228,RSG,REPUBLIC SERVICES INC,same month,2025-02
2025-02-01,21331,AUR,AURORA INNOVATION INC,same month,2025-02
2025-02-01,19894,GATO,GATOS SILVER INC,carried forward from an earlier month,2025-01
2025-02-01,18772,AKRO,AKERO THERAPEUTICS INC,same month,2025-02
2025-02-01,19628,IRON,DISC MEDICINE INC,same month,2025-02
2025-02-01,20207,ACHR,ARCHER AVIATION INC,same month,2025-02
2025-02-01,18656,IDYA,IDEAYA BIOSCIENCES INC,same month,2025-02
2025-02-01,24698,CORZ,CORE SCIENTIFIC INC NEW,same month,2025-02
2025-02-01,19986,PRAX,PRAXIS PRECISION MEDICINES INC,same month,2025-02
2025-02-01,20876,SYM,SYMBOTIC INC,same month,2025-02
2025-02-01,18961,SWTX,SPRINGWORKS THERAPEUTICS INC,same month,2025-02
2025-02-01,21342,VERA,VERA THERAPEUTICS INC,same month,2025-02
2025-02-01,17959,CRNX,CRINETICS PHARMACEUTICALS INC,same month,2025-02
2025-02-01,20126,JOBY,JOBY AVIATION INC,same month,2025-02
2025-02-01,19825,DYN,DYNE THERAPEUTICS INC,same month,2025-02
2025-02-01,15221,RCKT,ROCKET PHARMACEUTICALS INC,same month,2025-02
2025-02-01,19070,ETNB,89BIO INC,same month,2025-02
2025-02-01,22092,KD,KYNDRYL HOLDINGS INC,same month,2025-02
2025-02-01,19201,RVMD,REVOLUTION MEDICINES INC,same month,2025-02
2025-02-01,24064,APGE,APOGEE THERAPEUTICS INC,same month,2025-02
2025-02-01,19405,ZI,ZOOMINFO TECHNOLOGIES INC,same month,2025-02
2025-02-01,17821,SRRK,SCHOLAR ROCK HOLDING CORP,same month,2025-02
2025-02-01,20325,SMR,NUSCALE POWER CORP,same month,2025-02
2025-02-01,90126,CYTK,CYTOKINETICS INC,same month,2025-02
2025-02-01,19313,ELVN,ENLIVEN THERAPEUTICS INC,same month,2025-02
2025-02-01,20357,IONQ,IONQ INC,same month,2025-02
2025-02-01,20791,EWTX,EDGEWISE THERAPEUTICS INC,same month,2025-02
2025-02-01,87356,TKO,T K O GROUP HOLDINGS INC,same month,2025-02
2025-02-01,14708,VRDN,VIRIDIAN THERAPEUTICS INC,same month,2025-02
2025-02-01,15222,IOVA,IOVANCE BIOTHERAPEUTICS INC,same month,2025-02
2025-02-01,80069,ARWR,ARROWHEAD PHARMACEUTICALS INC,same month,2025-02
2025-02-01,19433,MP,M P MATERIALS CORP,same month,2025-02
2025-02-01,15303,VKTX,VIKING THERAPEUTICS INC,same month,2025-02
2025-02-01,91184,GYRE,GYRE THERAPEUTICS INC,same month,2025-02
2025-02-01,21262,DAWN,DAY ONE BIOPHARMACEUTICALS INC,same month,2025-02
2025-02-01,19228,BEAM,BEAM THERAPEUTICS INC,same month,2025-02
2025-02-01,83509,FCN,F T I CONSULTING INC,same month,2025-02
2025-02-01,17125,DNLI,DENALI THERAPEUTICS INC,same month,2025-02
2025-02-01,19565,NCNO,NCINO INC NEW,same month,2025-02
2025-02-01,21563,JANX,JANUX THERAPEUTICS INC,same month,2025-02
2025-02-01,20898,RXRX,RECURSION PHARMACEUTICALS INC,same month,2025-02
2025-02-01,19593,MIR,MIRION TECHNOLOGIES INC,same month,2025-02
2025-02-01,15452,EVH,EVOLENT HEALTH INC,same month,2025-02
2025-02-01,20452,ENVX,ENOVIX CORP,same month,2025-02
2025-02-01,24173,VSTS,VESTIS CORP,same month,2025-02
2025-02-01,20295,CIFR,CIPHER MINING INC,same month,2025-02
2025-02-01,16649,OKTA,OKTA INC,same month,2025-02
2025-02-01,21619,OKLO,OKLO INC,same month,2025-02
2025-02-01,25239,WBTN,WEBTOON ENTERTAINMENT INC,same month,2025-02
2025-02-01,25336,FSUN,FIRSTSUN CAPITAL BANCORP,same month,2025-02
2025-02-01,14811,FWONK,LIBERTY MEDIA CORP 3RD NEW,same month,2025-02
2025-02-01,23681,NXT,NEXTRACKER INC,same month,2025-02
2025-02-01,49373,HRB,BLOCK H & R INC,same month,2025-02
2025-02-01,24966,CTRI,CENTURI HOLDINGS INC,same month,2025-02
2025-02-01,19312,UWMC,U W M HOLDINGS CORP,same month,2025-02
2025-02-01,81481,DLTR,DOLLAR TREE INC,same month,2025-02
2025-02-01,20930,SOC,SABLE OFFSHORE CORP,same month,2025-02
2025-02-01,25228,LIF,LIFE360 INC,same month,2025-02
2025-02-01,86288,CSGP,COSTAR GROUP INC,same month,2025-02
2025-02-01,23942,FTRE,FORTREA HOLDINGS INC,same month,2025-02
2025-02-01,18735,GO,GROCERY OUTLET HOLDING CORP,same month,2025-02
2025-02-01,23439,MBLY,MOBILEYE GLOBAL INC,same month,2025-02
2025-03-01,13796,HROW,HARROW INC,same month,2025-03
2025-03-01,18135,GH,GUARDANT HEALTH INC,same month,2025-03
2025-03-01,14797,CDNA,CAREDX INC,same month,2025-03
2025-03-01,80306,BCRX,BIOCRYST PHARMACEUTICALS INC,same month,2025-03
2025-03-01,14440,TVTX,TRAVERE THERAPEUTICS INC,same month,2025-03
2025-03-01,19956,WGS,GENEDX HOLDINGS CORP,same month,2025-03
2025-03-01,79499,INOD,INNODATA INC,same month,2025-03
2025-03-01,14239,COMM,COMMSCOPE HOLDING CO INC,same month,2025-03
2025-03-01,77175,AMSC,AMERICAN SUPERCONDUCTOR CORP,same month,2025-03
2025-03-01,88446,ILMN,ILLUMINA INC,same month,2025-03
2025-03-01,75070,WKC,WORLD KINECT CORP,same month,2025-03
2025-03-01,15534,NTRA,NATERA INC,same month,2025-03
2025-03-01,18769,ADPT,ADAPTIVE BIOTECHNOLOGIES CORP,same month,2025-03
2025-03-01,78081,LGND,LIGAND PHARMACEUTICALS INC,same month,2025-03
2025-03-01,64785,AGX,ARGAN INC,same month,2025-03
2025-03-01,91095,LQDT,LIQUIDITY SERVICES INC,same month,2025-03
2025-03-01,82702,AMRX,AMNEAL PHARMACEUTICALS INC,same month,2025-03
2025-03-01,89110,OMCL,OMNICELL INC,same month,2025-03
2025-03-01,19081,SITM,SITIME CORP,same month,2025-03
2025-03-01,20057,VTRS,VIATRIS INC,same month,2025-03
2025-03-01,90125,CORT,CORCEPT THERAPEUTICS INC,same month,2025-03
2025-03-01,86819,ATLC,ATLANTICUS HOLDINGS CORP,same month,2025-03
2025-03-01,22423,CRGY,CRESCENT ENERGY CO,same month,2025-03
2025-03-01,89482,BANC,BANC OF CALIFORNIA INC,same month,2025-03
2025-03-01,90423,INVA,THERAVANCE INC,same month,2025-03
2025-03-01,16648,SNDR,SCHNEIDER NATIONAL INC,same month,2025-03
2025-03-01,79906,INCY,INCYTE CORP,same month,2025-03
2025-03-01,21723,HOOD,ROBINHOOD MARKETS INC,same month,2025-03
2025-03-01,19333,RSI,RUSH STREET INTERACTIVE INC,same month,2025-03
2025-03-01,20447,PLTK,PLAYTIKA HOLDING CORP,same month,2025-03
2025-03-01,85059,FIX,COMFORT SYSTEMS USA INC,same month,2025-03
2025-03-01,22879,EMBC,EMBECTA CORP,same month,2025-03
2025-03-01,16673,KNTK,KINETIK HOLDINGS INC,same month,2025-03
2025-03-01,15332,CWEN,CLEARWAY ENERGY INC,same month,2025-03
2025-03-01,16829,RDFN,REDFIN CORP,same month,2025-03
2025-03-01,89574,PRAA,P R A GROUP INC,same month,2025-03
2025-03-01,24459,PBI,PITNEY BOWES INC,same month,2025-03
2025-03-01,18214,TWST,TWIST BIOSCIENCE CORP,same month,2025-03
2025-03-01,54114,MLKN,MILLERKNOLL INC,same month,2025-03
2025-03-01,89031,AXON,AXON ENTERPRISE INC,same month,2025-03
2025-03-01,84275,UNFI,UNITED NATURAL FOODS INC,same month,2025-03
2025-03-01,14229,OMF,ONEMAIN HOLDINGS INC,same month,2025-03
2025-03-01,89800,NTGR,NETGEAR INC,same month,2025-03
2025-03-01,75320,USM,UNITED STATES CELLULAR CORP,same month,2025-03
2025-03-01,80169,AGM,FEDERAL AGRICULTURAL MORT CORP,same month,2025-03
2025-03-01,17684,AHCO,ADAPTHEALTH CORP,same month,2025-03
2025-03-01,75694,TECH,BIO TECHNE CORP,same month,2025-03
2025-03-01,14325,TNDM,TANDEM DIABETES CARE INC,same month,2025-03
2025-03-01,15400,ENR,ENERGIZER HOLDINGS INC NEW,same month,2025-03
2025-03-01,90037,HTH,HILLTOP HOLDINGS INC,same month,2025-03
2025-03-01,14960,ENVA,ENOVA INTERNATIONAL INC,same month,2025-03
2025-03-01,81254,SNEX,STONEX GROUP INC,same month,2025-03
2025-03-01,21614,DUOL,DUOLINGO INC,same month,2025-03
2025-03-01,15302,VIRT,VIRTU FINANCIAL INC,same month,2025-03
2025-03-01,90162,GNW,GENWORTH FINANCIAL INC,same month,2025-03
2025-03-01,14495,ATEN,A10 NETWORKS INC,same month,2025-03
2025-03-01,47941,TGNA,TEGNA INC,same month,2025-03
2025-03-01,15831,AXSM,AXSOME THERAPEUTICS INC,same month,2025-03
2025-03-01,81621,HLIT,HARMONIC INC,same month,2025-03
2025-03-01,21896,TOST,TOAST INC,same month,2025-03
2025-03-01,90856,ATRC,ATRICURE INC,same month,2025-03
2025-03-01,15454,GKOS,GLAUKOS CORP,same month,2025-03
2025-03-01,92753,ERII,ENERGY RECOVERY INC,same month,2025-03
2025-03-01,92040,FOLD,AMICUS THERAPEUTICS INC,same month,2025-03
2025-03-01,85621,MTD,METTLER TOLEDO INTERNATIONAL INC,same month,2025-03
2025-03-01,18938,HIMS,HIMS & HERS HEALTH INC,same month,2025-03
2025-03-01,87077,ECPG,ENCORE CAPITAL GROUP INC,same month,2025-03
2025-03-01,92050,PODD,INSULET CORP,same month,2025-03
2025-03-01,89964,NNI,NELNET INC,same month,2025-03
2025-03-01,24296,NATL,N C R ATLEOS CORP,same month,2025-03
2025-03-01,16432,GT,GOODYEAR TIRE & RUBBER CO,same month,2025-03
2025-03-01,70519,C,CITIGROUP INC,same month,2025-03
2025-03-01,72726,STT,STATE STREET CORP,same month,2025-03
2025-03-01,13410,SUPN,SUPERNUS PHARMACEUTICALS INC,same month,2025-03
2025-03-01,16816,BHF,BRIGHTHOUSE FINANCIAL INC,same month,2025-03
2025-03-01,49015,LNC,LINCOLN NATIONAL CORP,same month,2025-03
2025-03-01,17000,RYTM,RHYTHM PHARMACEUTICALS INC,same month,2025-03
2025-03-01,20178,RKLB,ROCKET LAB USA INC,same month,2025-03
2025-03-01,83969,WLFC,WILLIS LEASE FINANCE CORP,same month,2025-03
2025-03-01,18784,REAL,REALREAL INC,same month,2025-03
2025-03-01,20188,CRC,CALIFORNIA RESOURCES CORP,same month,2025-03
2025-03-01,17929,UGI,U G I CORP NEW,same month,2025-03
2025-03-01,16655,CVNA,CARVANA CO,same month,2025-03
2025-03-01,63773,TDS,TELEPHONE & DATA SYSTEMS INC,same month,2025-03
2025-03-01,87075,ZD,ZIFF DAVIS INC,same month,2025-03
2025-03-01,16499,PK,PARK HOTELS & RESORTS INC,same month,2025-03
2025-03-01,14169,PINC,PREMIER INC,same month,2025-03
2025-03-01,83774,OCFC,OCEANFIRST FINANCIAL CORP,same month,2025-03
2025-03-01,18142,REZI,RESIDEO TECHNOLOGIES INC,same month,2025-03
2025-03-01,86827,HSII,HEIDRICK & STRUGGLES INTL INC,same month,2025-03
2025-03-01,10421,SKYW,SKYWEST INC,same month,2025-03
2025-03-01,89653,PFS,PROVIDENT FINANCIAL SVCS INC,same month,2025-03
2025-03-01,18940,PTON,PELOTON INTERACTIVE INC,same month,2025-03
2025-03-01,12515,BKU,BANKUNITED INC,same month,2025-03
2025-03-01,12905,SXC,SUNCOKE ENERGY INC,same month,2025-03
2025-03-01,91855,SFNC,SIMMONS 1ST NATIONAL CORP,same month,2025-03
2025-03-01,14487,KN,KNOWLES CORP,same month,2025-03
2025-03-01,20598,CALM,CAL MAINE FOODS INC,same month,2025-03
2025-03-01,42200,RVTY,REVVITY INC,same month,2025-03
2025-03-01,90716,ATSG,AIR TRANSPORT SERVICES GROUP INC,same month,2025-03
2025-03-01,23978,SVV,SAVERS VALUE VILLAGE INC,same month,2025-03
2025-03-01,16680,QXO,Q X O INC,same month,2025-03
2025-03-01,21927,DJT,TRUMP MEDIA & TECH GRP CORP,same month,2025-03
2025-03-01,89301,GME,GAMESTOP CORP NEW,same month,2025-03
2025-03-01,19312,UWMC,U W M HOLDINGS CORP,same month,2025-03
2025-03-01,23054,SOUN,SOUNDHOUND AI INC,same month,2025-03
2025-03-01,16649,OKTA,OKTA INC,same month,2025-03
2025-03-01,22265,RIVN,RIVIAN AUTOMOTIVE INC,same month,2025-03
2025-03-01,22204,FWRG,FIRST WATCH RESTAURANT GROUP INC,same month,2025-03
2025-03-01,23263,QBTS,D WAVE QUANTUM INC,same month,2025-03
2025-03-01,21415,S,SENTINELONE INC,same month,2025-03
2025-03-01,14811,FWONK,LIBERTY MEDIA CORP 3RD NEW,same month,2025-03
2025-03-01,86211,MSTR,MICROSTRATEGY INC,same month,2025-03
2025-03-01,21619,OKLO,OKLO INC,same month,2025-03
2025-03-01,91907,SMCI,SUPER MICRO COMPUTER INC,same month,2025-03
2025-03-01,24966,CTRI,CENTURI HOLDINGS INC,same month,2025-03
2025-03-01,13527,FIVE,FIVE BELOW INC,same month,2025-03
2025-03-01,89297,CCOI,COGENT COMMUNICATIONS HLDS INC,same month,2025-03
2025-03-01,25228,LIF,LIFE360 INC,same month,2025-03
2025-03-01,15058,SLNO,SOLENO THERAPEUTICS INC,same month,2025-03
2025-03-01,22313,LUNR,INTUITIVE MACHINES INC,same month,2025-03
2025-03-01,19076,ASTS,A S T SPACEMOBILE INC,same month,2025-03
2025-03-01,25239,WBTN,WEBTOON ENTERTAINMENT INC,same month,2025-03
2025-03-01,15014,PLAY,DAVE & BUSTERS ENTERTAINMENT INC,same month,2025-03
2025-03-01,23063,AZPN,ASPEN TECHNOLOGY INC NEW,same month,2025-03
2025-03-01,91832,MDGL,MADRIGAL PHARMACEUTICALS INC,same month,2025-03
2025-03-01,19489,PCT,PURECYCLE TECHNOLOGIES INC,same month,2025-03
2025-03-01,19484,PCVX,VAXCYTE INC,same month,2025-03
2025-03-01,14813,MARA,MARA HOLDINGS INC,same month,2025-03
2025-03-01,23681,NXT,NEXTRACKER INC,same month,2025-03
2025-03-01,22220,NN,NEXTNAV INC,same month,2025-03
2025-03-01,20930,SOC,SABLE OFFSHORE CORP,same month,2025-03
2025-03-01,18776,IMVT,IMMUNOVANT INC,same month,2025-03
2025-03-01,49373,HRB,BLOCK H & R INC,same month,2025-03
2025-03-01,24085,LLYVK,LIBERTY MEDIA CORP 3RD NEW,same month,2025-03
2025-03-01,19849,SMMT,SUMMIT THERAPEUTICS INC,same month,2025-03
2025-03-01,83509,FCN,F T I CONSULTING INC,same month,2025-03
2025-03-01,86228,RSG,REPUBLIC SERVICES INC,same month,2025-03
2025-03-01,90505,LVS,LAS VEGAS SANDS CORP,same month,2025-03
2025-03-01,19187,CLSK,CLEANSPARK INC,same month,2025-03
2025-03-01,20207,ACHR,ARCHER AVIATION INC,same month,2025-03
2025-03-01,23439,MBLY,MOBILEYE GLOBAL INC,same month,2025-03
2025-03-01,18735,GO,GROCERY OUTLET HOLDING CORP,same month,2025-03
2025-03-01,80191,ALB,ALBEMARLE CORP,same month,2025-03
2025-03-01,19794,U,UNITY SOFTWARE INC,same month,2025-03
2025-03-01,81481,DLTR,DOLLAR TREE INC,same month,2025-03
2025-03-01,89986,APLD,APPLIED DIGITAL CORP,same month,2025-03
2025-03-01,24655,HUT,HUT 8 CORP,same month,2025-03
2025-03-01,20876,SYM,SYMBOTIC INC,same month,2025-03
2025-03-01,92213,RIOT,RIOT PLATFORMS INC,same month,2025-03
2025-03-01,90126,CYTK,CYTOKINETICS INC,same month,2025-03
2025-03-01,18772,AKRO,AKERO THERAPEUTICS INC,same month,2025-03
2025-03-01,91611,FSLR,FIRST SOLAR INC,same month,2025-03
2025-03-01,21747,NUVL,NUVALENT INC,same month,2025-03
2025-03-01,21331,AUR,AURORA INNOVATION INC,same month,2025-03
2025-03-01,19084,BILL,B I L L HOLDINGS INC,same month,2025-03
2025-03-01,19628,IRON,DISC MEDICINE INC,same month,2025-03
2025-03-01,20126,JOBY,JOBY AVIATION INC,same month,2025-03
2025-03-01,86288,CSGP,COSTAR GROUP INC,same month,2025-03
2025-03-01,18656,IDYA,IDEAYA BIOSCIENCES INC,same month,2025-03
2025-03-01,21342,VERA,VERA THERAPEUTICS INC,same month,2025-03
2025-03-01,18961,SWTX,SPRINGWORKS THERAPEUTICS INC,same month,2025-03
2025-03-01,20325,SMR,NUSCALE POWER CORP,same month,2025-03
2025-03-01,17959,CRNX,CRINETICS PHARMACEUTICALS INC,same month,2025-03
2025-03-01,15221,RCKT,ROCKET PHARMACEUTICALS INC,same month,2025-03
2025-03-01,19986,PRAX,PRAXIS PRECISION MEDICINES INC,same month,2025-03
2025-03-01,19070,ETNB,89BIO INC,same month,2025-03
2025-03-01,24698,CORZ,CORE SCIENTIFIC INC NEW,same month,2025-03
2025-03-01,91184,GYRE,GYRE THERAPEUTICS INC,same month,2025-03
2025-03-01,19825,DYN,DYNE THERAPEUTICS INC,same month,2025-03
2025-03-01,24064,APGE,APOGEE THERAPEUTICS INC,same month,2025-03
2025-03-01,14708,VRDN,VIRIDIAN THERAPEUTICS INC,same month,2025-03
2025-03-01,23942,FTRE,FORTREA HOLDINGS INC,same month,2025-03
2025-03-01,19201,RVMD,REVOLUTION MEDICINES INC,same month,2025-03
2025-03-01,17821,SRRK,SCHOLAR ROCK HOLDING CORP,same month,2025-03
2025-03-01,19313,ELVN,ENLIVEN THERAPEUTICS INC,same month,2025-03
2025-03-01,20452,ENVX,ENOVIX CORP,same month,2025-03
2025-03-01,20791,EWTX,EDGEWISE THERAPEUTICS INC,same month,2025-03
2025-03-01,15303,VKTX,VIKING THERAPEUTICS INC,same month,2025-03
2025-03-01,19405,ZI,ZOOMINFO TECHNOLOGIES INC,same month,2025-03
2025-03-01,21262,DAWN,DAY ONE BIOPHARMACEUTICALS INC,same month,2025-03
2025-03-01,80069,ARWR,ARROWHEAD PHARMACEUTICALS INC,same month,2025-03
2025-03-01,19228,BEAM,BEAM THERAPEUTICS INC,same month,2025-03
2025-03-01,21053,BBAI,BIGBEAR AI HOLDINGS INC,same month,2025-03
2025-03-01,25243,OS,ONESTREAM INC,same month,2025-03
2025-03-01,25244,LINE,LINEAGE INC,same month,2025-03
2025-03-01,38093,AJG,GALLAGHER ARTHUR J & CO,same month,2025-03
2025-03-01,17683,CLBK,COLUMBIA FINANCIAL INC,same month,2025-03
2025-03-01,23147,IE,IVANHOE ELECTRIC INC,same month,2025-03
2025-03-01,11990,KKR,K K R & CO INC,same month,2025-03
2025-03-01,25181,LB,LANDBRIDGE COMPANY LLC,same month,2025-03
2025-03-01,21029,RUM,RUMBLE INC,same month,2025-03
2025-03-01,12623,HII,HUNTINGTON INGALLS INDS INC,same month,2025-03
2025-03-01,89626,CME,C M E GROUP INC,same month,2025-03
2025-03-01,21007,RGTI,RIGETTI COMPUTING INC,same month,2025-03
2025-03-01,24971,LOAR,LOAR HOLDINGS INC,same month,2025-03
2025-03-01,79859,FLG,FLAGSTAR FINANCIAL INC,same month,2025-03
2025-03-01,59328,INTC,INTEL CORP,same month,2025-03
2025-03-01,24964,PACS,PACS GROUP INC,same month,2025-03
2025-03-01,47896,JPM,JPMORGAN CHASE & CO,same month,2025-03
2025-04-01,79499,INOD,INNODATA INC,same month,2025-04
2025-04-01,13796,HROW,HARROW INC,same month,2025-04
2025-04-01,80306,BCRX,BIOCRYST PHARMACEUTICALS INC,same month,2025-04
2025-04-01,18135,GH,GUARDANT HEALTH INC,same month,2025-04
2025-04-01,14440,TVTX,TRAVERE THERAPEUTICS INC,same month,2025-04
2025-04-01,14797,CDNA,CAREDX INC,same month,2025-04
2025-04-01,17000,RYTM,RHYTHM PHARMACEUTICALS INC,same month,2025-04
2025-04-01,17929,UGI,U G I CORP NEW,same month,2025-04
2025-04-01,14239,COMM,COMMSCOPE HOLDING CO INC,same month,2025-04
2025-04-01,20178,RKLB,ROCKET LAB USA INC,same month,2025-04
2025-04-01,19956,WGS,GENEDX HOLDINGS CORP,same month,2025-04
2025-04-01,83969,WLFC,WILLIS LEASE FINANCE CORP,same month,2025-04
2025-04-01,75070,WKC,WORLD KINECT CORP,same month,2025-04
2025-04-01,18769,ADPT,ADAPTIVE BIOTECHNOLOGIES CORP,same month,2025-04
2025-04-01,16673,KNTK,KINETIK HOLDINGS INC,same month,2025-04
2025-04-01,91095,LQDT,LIQUIDITY SERVICES INC,same month,2025-04
2025-04-01,64785,AGX,ARGAN INC,same month,2025-04
2025-04-01,22423,CRGY,CRESCENT ENERGY CO,same month,2025-04
2025-04-01,88446,ILMN,ILLUMINA INC,same month,2025-04
2025-04-01,86819,ATLC,ATLANTICUS HOLDINGS CORP,same month,2025-04
2025-04-01,77175,AMSC,AMERICAN SUPERCONDUCTOR CORP,same month,2025-04
2025-04-01,79906,INCY,INCYTE CORP,same month,2025-04
2025-04-01,16648,SNDR,SCHNEIDER NATIONAL INC,same month,2025-04
2025-04-01,15332,CWEN,CLEARWAY ENERGY INC,same month,2025-04
2025-04-01,78081,LGND,LIGAND PHARMACEUTICALS INC,same month,2025-04
2025-04-01,89110,OMCL,OMNICELL INC,same month,2025-04
2025-04-01,83774,OCFC,OCEANFIRST FINANCIAL CORP,same month,2025-04
2025-04-01,89482,BANC,BANC OF CALIFORNIA INC,same month,2025-04
2025-04-01,24459,PBI,PITNEY BOWES INC,same month,2025-04
2025-04-01,21723,HOOD,ROBINHOOD MARKETS INC,same month,2025-04
2025-04-01,15534,NTRA,NATERA INC,same month,2025-04
2025-04-01,84275,UNFI,UNITED NATURAL FOODS INC,same month,2025-04
2025-04-01,17684,AHCO,ADAPTHEALTH CORP,same month,2025-04
2025-04-01,14325,TNDM,TANDEM DIABETES CARE INC,same month,2025-04
2025-04-01,82702,AMRX,AMNEAL PHARMACEUTICALS INC,same month,2025-04
2025-04-01,16499,PK,PARK HOTELS & RESORTS INC,same month,2025-04
2025-04-01,16655,CVNA,CARVANA CO,same month,2025-04
2025-04-01,90716,ATSG,AIR TRANSPORT SERVICES GROUP INC,same month,2025-04
2025-04-01,90423,INVA,THERAVANCE INC,same month,2025-04
2025-04-01,89031,AXON,AXON ENTERPRISE INC,same month,2025-04
2025-04-01,20057,VTRS,VIATRIS INC,same month,2025-04
2025-04-01,19081,SITM,SITIME CORP,same month,2025-04
2025-04-01,80169,AGM,FEDERAL AGRICULTURAL MORT CORP,same month,2025-04
2025-04-01,85059,FIX,COMFORT SYSTEMS USA INC,same month,2025-04
2025-04-01,63773,TDS,TELEPHONE & DATA SYSTEMS INC,same month,2025-04
2025-04-01,14229,OMF,ONEMAIN HOLDINGS INC,same month,2025-04
2025-04-01,20598,CALM,CAL MAINE FOODS INC,same month,2025-04
2025-04-01,12905,SXC,SUNCOKE ENERGY INC,same month,2025-04
2025-04-01,14960,ENVA,ENOVA INTERNATIONAL INC,same month,2025-04
2025-04-01,75320,USM,UNITED STATES CELLULAR CORP,same month,2025-04
2025-04-01,22879,EMBC,EMBECTA CORP,same month,2025-04
2025-04-01,91855,SFNC,SIMMONS 1ST NATIONAL CORP,same month,2025-04
2025-04-01,12515,BKU,BANKUNITED INC,same month,2025-04
2025-04-01,89653,PFS,PROVIDENT FINANCIAL SVCS INC,same month,2025-04
2025-04-01,89574,PRAA,P R A GROUP INC,same month,2025-04
2025-04-01,15302,VIRT,VIRTU FINANCIAL INC,same month,2025-04
2025-04-01,89800,NTGR,NETGEAR INC,same month,2025-04
2025-04-01,15454,GKOS,GLAUKOS CORP,same month,2025-04
2025-04-01,90037,HTH,HILLTOP HOLDINGS INC,same month,2025-04
2025-04-01,18940,PTON,PELOTON INTERACTIVE INC,same month,2025-04
2025-04-01,10421,SKYW,SKYWEST INC,same month,2025-04
2025-04-01,85621,MTD,METTLER TOLEDO INTERNATIONAL INC,same month,2025-04
2025-04-01,81254,SNEX,STONEX GROUP INC,same month,2025-04
2025-04-01,14169,PINC,PREMIER INC,same month,2025-04
2025-04-01,21896,TOST,TOAST INC,same month,2025-04
2025-04-01,19333,RSI,RUSH STREET INTERACTIVE INC,same month,2025-04
2025-04-01,86827,HSII,HEIDRICK & STRUGGLES INTL INC,same month,2025-04
2025-04-01,24296,NATL,N C R ATLEOS CORP,same month,2025-04
2025-04-01,90856,ATRC,ATRICURE INC,same month,2025-04
2025-04-01,15831,AXSM,AXSOME THERAPEUTICS INC,same month,2025-04
2025-04-01,18214,TWST,TWIST BIOSCIENCE CORP,same month,2025-04
2025-04-01,18142,REZI,RESIDEO TECHNOLOGIES INC,same month,2025-04
2025-04-01,72726,STT,STATE STREET CORP,same month,2025-04
2025-04-01,87075,ZD,ZIFF DAVIS INC,same month,2025-04
2025-04-01,42200,RVTY,REVVITY INC,same month,2025-04
2025-04-01,14495,ATEN,A10 NETWORKS INC,same month,2025-04
2025-04-01,92753,ERII,ENERGY RECOVERY INC,same month,2025-04
2025-04-01,75694,TECH,BIO TECHNE CORP,same month,2025-04
2025-04-01,54114,MLKN,MILLERKNOLL INC,same month,2025-04
2025-04-01,21614,DUOL,DUOLINGO INC,same month,2025-04
2025-04-01,15400,ENR,ENERGIZER HOLDINGS INC NEW,same month,2025-04
2025-04-01,14487,KN,KNOWLES CORP,same month,2025-04
2025-04-01,70519,C,CITIGROUP INC,same month,2025-04
2025-04-01,81621,HLIT,HARMONIC INC,same month,2025-04
2025-04-01,90162,GNW,GENWORTH FINANCIAL INC,same month,2025-04
2025-04-01,92040,FOLD,AMICUS THERAPEUTICS INC,same month,2025-04
2025-04-01,47941,TGNA,TEGNA INC,same month,2025-04
2025-04-01,89964,NNI,NELNET INC,same month,2025-04
2025-04-01,49015,LNC,LINCOLN NATIONAL CORP,same month,2025-04
2025-04-01,17908,XERS,XERIS BIOPHARMA HOLDINGS INC,same month,2025-04
2025-04-01,86233,LEU,CENTRUS ENERGY CORP,same month,2025-04
2025-04-01,21123,PAY,PAYMENTUS HOLDINGS INC,same month,2025-04
2025-04-01,20196,UPST,UPSTART HOLDINGS INC,same month,2025-04
2025-04-01,28804,ALK,ALASKA AIRGROUP INC,same month,2025-04
2025-04-01,21020,AAL,AMERICAN AIRLINES GROUP INC,same month,2025-04
2025-04-01,20661,ALHC,ALIGNMENT HEALTHCARE INC,same month,2025-04
2025-04-01,20975,DAVE,DAVE INC,same month,2025-04
2025-04-01,86820,CFFN,CAPITOL FEDERAL FINANCIAL INC,same month,2025-04
2025-04-01,85860,BRKL,BROOKLINE BANCORP INC,same month,2025-04
2025-04-01,85741,HOPE,HOPE BANCORP INC,same month,2025-04
2025-04-01,16680,QXO,Q X O INC,same month,2025-04
2025-04-01,21927,DJT,TRUMP MEDIA & TECH GRP CORP,same month,2025-04
2025-04-01,25243,OS,ONESTREAM INC,same month,2025-04
2025-04-01,89301,GME,GAMESTOP CORP NEW,same month,2025-04
2025-04-01,23978,SVV,SAVERS VALUE VILLAGE INC,same month,2025-04
2025-04-01,91907,SMCI,SUPER MICRO COMPUTER INC,same month,2025-04
2025-04-01,23054,SOUN,SOUNDHOUND AI INC,same month,2025-04
2025-04-01,19312,UWMC,U W M HOLDINGS CORP,same month,2025-04
2025-04-01,86211,MSTR,MICROSTRATEGY INC,same month,2025-04
2025-04-01,25244,LINE,LINEAGE INC,same month,2025-04
2025-04-01,23263,QBTS,D WAVE QUANTUM INC,same month,2025-04
2025-04-01,16649,OKTA,OKTA INC,same month,2025-04
2025-04-01,14813,MARA,MARA HOLDINGS INC,same month,2025-04
2025-04-01,38093,AJG,GALLAGHER ARTHUR J & CO,same month,2025-04
2025-04-01,22204,FWRG,FIRST WATCH RESTAURANT GROUP INC,same month,2025-04
2025-04-01,21415,S,SENTINELONE INC,same month,2025-04
2025-04-01,24085,LLYVK,LIBERTY MEDIA CORP 3RD NEW,same month,2025-04
2025-04-01,14811,FWONK,LIBERTY MEDIA CORP 3RD NEW,same month,2025-04
2025-04-01,19076,ASTS,A S T SPACEMOBILE INC,same month,2025-04
2025-04-01,23147,IE,IVANHOE ELECTRIC INC,same month,2025-04
2025-04-01,19187,CLSK,CLEANSPARK INC,same month,2025-04
2025-04-01,21007,RGTI,RIGETTI COMPUTING INC,same month,2025-04
2025-04-01,25181,LB,LANDBRIDGE COMPANY LLC,same month,2025-04
2025-04-01,25239,WBTN,WEBTOON ENTERTAINMENT INC,same month,2025-04
2025-04-01,17683,CLBK,COLUMBIA FINANCIAL INC,same month,2025-04
2025-04-01,21029,RUM,RUMBLE INC,same month,2025-04
2025-04-01,15058,SLNO,SOLENO THERAPEUTICS INC,same month,2025-04
2025-04-01,49373,HRB,BLOCK H & R INC,same month,2025-04
2025-04-01,12623,HII,HUNTINGTON INGALLS INDS INC,same month,2025-04
2025-04-01,91832,MDGL,MADRIGAL PHARMACEUTICALS INC,same month,2025-04
2025-04-01,89986,APLD,APPLIED DIGITAL CORP,same month,2025-04
2025-04-01,24966,CTRI,CENTURI HOLDINGS INC,same month,2025-04
2025-04-01,19484,PCVX,VAXCYTE INC,same month,2025-04
2025-04-01,92213,RIOT,RIOT PLATFORMS INC,same month,2025-04
2025-04-01,91611,FSLR,FIRST SOLAR INC,same month,2025-04
2025-04-01,89626,CME,C M E GROUP INC,same month,2025-04
2025-04-01,89297,CCOI,COGENT COMMUNICATIONS HLDS INC,same month,2025-04
2025-04-01,11990,KKR,K K R & CO INC,same month,2025-04
2025-04-01,24655,HUT,HUT 8 CORP,same month,2025-04
2025-04-01,59328,INTC,INTEL CORP,same month,2025-04
2025-04-01,21331,AUR,AURORA INNOVATION INC,same month,2025-04
2025-04-01,18776,IMVT,IMMUNOVANT INC,same month,2025-04
2025-04-01,19849,SMMT,SUMMIT THERAPEUTICS INC,same month,2025-04
2025-04-01,24971,LOAR,LOAR HOLDINGS INC,same month,2025-04
2025-04-01,18735,GO,GROCERY OUTLET HOLDING CORP,same month,2025-04
2025-04-01,23439,MBLY,MOBILEYE GLOBAL INC,same month,2025-04
2025-04-01,24964,PACS,PACS GROUP INC,same month,2025-04
2025-04-01,21342,VERA,VERA THERAPEUTICS INC,same month,2025-04
2025-04-01,19489,PCT,PURECYCLE TECHNOLOGIES INC,same month,2025-04
2025-04-01,90126,CYTK,CYTOKINETICS INC,same month,2025-04
2025-04-01,21747,NUVL,NUVALENT INC,same month,2025-04
2025-04-01,22313,LUNR,INTUITIVE MACHINES INC,same month,2025-04
2025-04-01,24698,CORZ,CORE SCIENTIFIC INC NEW,same month,2025-04
2025-04-01,20930,SOC,SABLE OFFSHORE CORP,same month,2025-04
2025-04-01,20207,ACHR,ARCHER AVIATION INC,same month,2025-04
2025-04-01,86228,RSG,REPUBLIC SERVICES INC,same month,2025-04
2025-04-01,22220,NN,NEXTNAV INC,same month,2025-04
2025-04-01,23681,NXT,NEXTRACKER INC,same month,2025-04
2025-04-01,21262,DAWN,DAY ONE BIOPHARMACEUTICALS INC,same month,2025-04
2025-04-01,90505,LVS,LAS VEGAS SANDS CORP,same month,2025-04
2025-04-01,17959,CRNX,CRINETICS PHARMACEUTICALS INC,same month,2025-04
2025-04-01,19794,U,UNITY SOFTWARE INC,same month,2025-04
2025-04-01,24064,APGE,APOGEE THERAPEUTICS INC,same month,2025-04
2025-04-01,15303,VKTX,VIKING THERAPEUTICS INC,same month,2025-04
2025-04-01,19084,BILL,B I L L HOLDINGS INC,same month,2025-04
2025-04-01,15221,RCKT,ROCKET PHARMACEUTICALS INC,same month,2025-04
2025-04-01,20876,SYM,SYMBOTIC INC,same month,2025-04
2025-04-01,18772,AKRO,AKERO THERAPEUTICS INC,same month,2025-04
2025-04-01,21619,OKLO,OKLO INC,same month,2025-04
2025-04-01,19825,DYN,DYNE THERAPEUTICS INC,same month,2025-04
2025-04-01,19070,ETNB,89BIO INC,same month,2025-04
2025-04-01,20325,SMR,NUSCALE POWER CORP,same month,2025-04
2025-04-01,91184,GYRE,GYRE THERAPEUTICS INC,same month,2025-04
2025-04-01,80191,ALB,ALBEMARLE CORP,same month,2025-04
2025-04-01,18656,IDYA,IDEAYA BIOSCIENCES INC,same month,2025-04
2025-04-01,19628,IRON,DISC MEDICINE INC,same month,2025-04
2025-04-01,19986,PRAX,PRAXIS PRECISION MEDICINES INC,same month,2025-04
2025-04-01,19313,ELVN,ENLIVEN THERAPEUTICS INC,same month,2025-04
2025-04-01,20126,JOBY,JOBY AVIATION INC,same month,2025-04
2025-04-01,86288,CSGP,COSTAR GROUP INC,same month,2025-04
2025-04-01,83509,FCN,F T I CONSULTING INC,same month,2025-04
2025-04-01,17821,SRRK,SCHOLAR ROCK HOLDING CORP,same month,2025-04
2025-04-01,25228,LIF,LIFE360 INC,same month,2025-04
2025-04-01,14708,VRDN,VIRIDIAN THERAPEUTICS INC,same month,2025-04
2025-04-01,47896,JPM,JPMORGAN CHASE & CO,same month,2025-04
2025-04-01,20452,ENVX,ENOVIX CORP,same month,2025-04
2025-04-01,20791,EWTX,EDGEWISE THERAPEUTICS INC,same month,2025-04
2025-04-01,81481,DLTR,DOLLAR TREE INC,same month,2025-04
2025-04-01,19228,BEAM,BEAM THERAPEUTICS INC,same month,2025-04
2025-04-01,18961,SWTX,SPRINGWORKS THERAPEUTICS INC,same month,2025-04
2025-04-01,23063,AZPN,ASPEN TECHNOLOGY INC NEW,carried forward from an earlier month,2025-03
2025-04-01,13527,FIVE,FIVE BELOW INC,same month,2025-04
2025-04-01,22265,RIVN,RIVIAN AUTOMOTIVE INC,same month,2025-04
2025-04-01,19201,RVMD,REVOLUTION MEDICINES INC,same month,2025-04
2025-04-01,23942,FTRE,FORTREA HOLDINGS INC,same month,2025-04
2025-04-01,23730,MLYS,MINERALYS THERAPEUTICS INC,same month,2025-04
2025-04-01,18835,DKNG,DRAFTKINGS INC,same month,2025-04
2025-04-01,19826,ABL,ABACUS GLOBAL MANAGEMENT INC,same month,2025-04
2025-04-01,84389,SSB,SOUTHSTATE CORP,same month,2025-04
2025-04-01,84348,VSAT,VIASAT INC,same month,2025-04
2025-05-01,86233,LEU,CENTRUS ENERGY CORP,same month,2025-05
2025-05-01,14440,TVTX,TRAVERE THERAPEUTICS INC,same month,2025-05
2025-05-01,80306,BCRX,BIOCRYST PHARMACEUTICALS INC,same month,2025-05
2025-05-01,20178,RKLB,ROCKET LAB USA INC,same month,2025-05
2025-05-01,17000,RYTM,RHYTHM PHARMACEUTICALS INC,same month,2025-05
2025-05-01,79499,INOD,INNODATA INC,same month,2025-05
2025-05-01,20196,UPST,UPSTART HOLDINGS INC,same month,2025-05
2025-05-01,20661,ALHC,ALIGNMENT HEALTHCARE INC,same month,2025-05
2025-05-01,83969,WLFC,WILLIS LEASE FINANCE CORP,same month,2025-05
2025-05-01,64785,AGX,ARGAN INC,same month,2025-05
2025-05-01,91095,LQDT,LIQUIDITY SERVICES INC,same month,2025-05
2025-05-01,21123,PAY,PAYMENTUS HOLDINGS INC,same month,2025-05
2025-05-01,17929,UGI,U G I CORP NEW,same month,2025-05
2025-05-01,19956,WGS,GENEDX HOLDINGS CORP,same month,2025-05
2025-05-01,24459,PBI,PITNEY BOWES INC,same month,2025-05
2025-05-01,15831,AXSM,AXSOME THERAPEUTICS INC,same month,2025-05
2025-05-01,16673,KNTK,KINETIK HOLDINGS INC,same month,2025-05
2025-05-01,22423,CRGY,CRESCENT ENERGY CO,same month,2025-05
2025-05-01,17684,AHCO,ADAPTHEALTH CORP,same month,2025-05
2025-05-01,75070,WKC,WORLD KINECT CORP,same month,2025-05
2025-05-01,86819,ATLC,ATLANTICUS HOLDINGS CORP,same month,2025-05
2025-05-01,84275,UNFI,UNITED NATURAL FOODS INC,same month,2025-05
2025-05-01,88446,ILMN,ILLUMINA INC,same month,2025-05
2025-05-01,89110,OMCL,OMNICELL INC,same month,2025-05
2025-05-01,16648,SNDR,SCHNEIDER NATIONAL INC,same month,2025-05
2025-05-01,21020,AAL,AMERICAN AIRLINES GROUP INC,same month,2025-05
2025-05-01,79906,INCY,INCYTE CORP,same month,2025-05
2025-05-01,16655,CVNA,CARVANA CO,same month,2025-05
2025-05-01,89031,AXON,AXON ENTERPRISE INC,same month,2025-05
2025-05-01,20975,DAVE,DAVE INC,same month,2025-05
2025-05-01,28804,ALK,ALASKA AIRGROUP INC,same month,2025-05
2025-05-01,21723,HOOD,ROBINHOOD MARKETS INC,same month,2025-05
2025-05-01,15332,CWEN,CLEARWAY ENERGY INC,same month,2025-05
2025-05-01,80169,AGM,FEDERAL AGRICULTURAL MORT CORP,same month,2025-05
2025-05-01,83774,OCFC,OCEANFIRST FINANCIAL CORP,same month,2025-05
2025-05-01,89482,BANC,BANC OF CALIFORNIA INC,same month,2025-05
2025-05-01,90423,INVA,THERAVANCE INC,same month,2025-05
2025-05-01,14797,CDNA,CAREDX INC,same month,2025-05
2025-05-01,20598,CALM,CAL MAINE FOODS INC,same month,2025-05
2025-05-01,82702,AMRX,AMNEAL PHARMACEUTICALS INC,same month,2025-05
2025-05-01,90856,ATRC,ATRICURE INC,same month,2025-05
2025-05-01,85621,MTD,METTLER TOLEDO INTERNATIONAL INC,same month,2025-05
2025-05-01,63773,TDS,TELEPHONE & DATA SYSTEMS INC,same month,2025-05
2025-05-01,14229,OMF,ONEMAIN HOLDINGS INC,same month,2025-05
2025-05-01,89800,NTGR,NETGEAR INC,same month,2025-05
2025-05-01,78081,LGND,LIGAND PHARMACEUTICALS INC,same month,2025-05
2025-05-01,14960,ENVA,ENOVA INTERNATIONAL INC,same month,2025-05
2025-05-01,85860,BRKL,BROOKLINE BANCORP INC,same month,2025-05
2025-05-01,75320,USM,UNITED STATES CELLULAR CORP,same month,2025-05
2025-05-01,12515,BKU,BANKUNITED INC,same month,2025-05
2025-05-01,18940,PTON,PELOTON INTERACTIVE INC,same month,2025-05
2025-05-01,20057,VTRS,VIATRIS INC,same month,2025-05
2025-05-01,91855,SFNC,SIMMONS 1ST NATIONAL CORP,same month,2025-05
2025-05-01,85741,HOPE,HOPE BANCORP INC,same month,2025-05
2025-05-01,22879,EMBC,EMBECTA CORP,same month,2025-05
2025-05-01,10421,SKYW,SKYWEST INC,same month,2025-05
2025-05-01,89653,PFS,PROVIDENT FINANCIAL SVCS INC,same month,2025-05
2025-05-01,21614,DUOL,DUOLINGO INC,same month,2025-05
2025-05-01,90716,ATSG,AIR TRANSPORT SERVICES GROUP INC,carried forward from an earlier month,2025-04
2025-05-01,14495,ATEN,A10 NETWORKS INC,same month,2025-05
2025-05-01,18769,ADPT,ADAPTIVE BIOTECHNOLOGIES CORP,same month,2025-05
2025-05-01,16499,PK,PARK HOTELS & RESORTS INC,same month,2025-05
2025-05-01,92753,ERII,ENERGY RECOVERY INC,same month,2025-05
2025-05-01,87075,ZD,ZIFF DAVIS INC,same month,2025-05
2025-05-01,12905,SXC,SUNCOKE ENERGY INC,same month,2025-05
2025-05-01,54114,MLKN,MILLERKNOLL INC,same month,2025-05
2025-05-01,13796,HROW,HARROW INC,same month,2025-05
2025-05-01,15302,VIRT,VIRTU FINANCIAL INC,same month,2025-05
2025-05-01,18135,GH,GUARDANT HEALTH INC,same month,2025-05
2025-05-01,15534,NTRA,NATERA INC,same month,2025-05
2025-05-01,72726,STT,STATE STREET CORP,same month,2025-05
2025-05-01,75694,TECH,BIO TECHNE CORP,same month,2025-05
2025-05-01,81254,SNEX,STONEX GROUP INC,same month,2025-05
2025-05-01,90037,HTH,HILLTOP HOLDINGS INC,same month,2025-05
2025-05-01,42200,RVTY,REVVITY INC,same month,2025-05
2025-05-01,14169,PINC,PREMIER INC,same month,2025-05
2025-05-01,49015,LNC,LINCOLN NATIONAL CORP,same month,2025-05
2025-05-01,24296,NATL,N C R ATLEOS CORP,same month,2025-05
2025-05-01,70519,C,CITIGROUP INC,same month,2025-05
2025-05-01,86827,HSII,HEIDRICK & STRUGGLES INTL INC,same month,2025-05
2025-05-01,89574,PRAA,P R A GROUP INC,same month,2025-05
2025-05-01,19081,SITM,SITIME CORP,same month,2025-05
2025-05-01,86820,CFFN,CAPITOL FEDERAL FINANCIAL INC,same month,2025-05
2025-05-01,21896,TOST,TOAST INC,same month,2025-05
2025-05-01,47941,TGNA,TEGNA INC,same month,2025-05
2025-05-01,15400,ENR,ENERGIZER HOLDINGS INC NEW,same month,2025-05
2025-05-01,15454,GKOS,GLAUKOS CORP,same month,2025-05
2025-05-01,18142,REZI,RESIDEO TECHNOLOGIES INC,same month,2025-05
2025-05-01,90162,GNW,GENWORTH FINANCIAL INC,same month,2025-05
2025-05-01,14325,TNDM,TANDEM DIABETES CARE INC,same month,2025-05
2025-05-01,77175,AMSC,AMERICAN SUPERCONDUCTOR CORP,same month,2025-05
2025-05-01,89964,NNI,NELNET INC,same month,2025-05
2025-05-01,22977,EE,EXCELERATE ENERGY INC,same month,2025-05
2025-05-01,17949,BE,BLOOM ENERGY CORP,same month,2025-05
2025-05-01,87812,SLAB,SILICON LABORATORIES INC,same month,2025-05
2025-05-01,91659,ALGT,ALLEGIANT TRAVEL CO,same month,2025-05
2025-05-01,14855,RYI,RYERSON HOLDING CORP,same month,2025-05
2025-05-01,15795,SGRY,SURGERY PARTNERS INC,same month,2025-05
2025-05-01,19788,PLTR,PALANTIR TECHNOLOGIES INC,same month,2025-05
2025-05-01,22976,WBD,WARNER BROS DISCOVERY INC,same month,2025-05
2025-05-01,21927,DJT,TRUMP MEDIA & TECH GRP CORP,same month,2025-05
2025-05-01,19826,ABL,ABACUS GLOBAL MANAGEMENT INC,same month,2025-05
2025-05-01,16680,QXO,Q X O INC,same month,2025-05
2025-05-01,89301,GME,GAMESTOP CORP NEW,same month,2025-05
2025-05-01,25244,LINE,LINEAGE INC,same month,2025-05
2025-05-01,89626,CME,C M E GROUP INC,same month,2025-05
2025-05-01,25243,OS,ONESTREAM INC,same month,2025-05
2025-05-01,23978,SVV,SAVERS VALUE VILLAGE INC,same month,2025-05
2025-05-01,18835,DKNG,DRAFTKINGS INC,same month,2025-05
2025-05-01,91907,SMCI,SUPER MICRO COMPUTER INC,same month,2025-05
2025-05-01,38093,AJG,GALLAGHER ARTHUR J & CO,same month,2025-05
2025-05-01,14811,FWONK,LIBERTY MEDIA CORP 3RD NEW,same month,2025-05
2025-05-01,23730,MLYS,MINERALYS THERAPEUTICS INC,same month,2025-05
2025-05-01,23054,SOUN,SOUNDHOUND AI INC,same month,2025-05
2025-05-01,24085,LLYVK,LIBERTY MEDIA CORP 3RD NEW,same month,2025-05
2025-05-01,15058,SLNO,SOLENO THERAPEUTICS INC,same month,2025-05
2025-05-01,49373,HRB,BLOCK H & R INC,same month,2025-05
2025-05-01,17683,CLBK,COLUMBIA FINANCIAL INC,same month,2025-05
2025-05-01,86211,MSTR,MICROSTRATEGY INC,same month,2025-05
2025-05-01,91611,FSLR,FIRST SOLAR INC,same month,2025-05
2025-05-01,14813,MARA,MARA HOLDINGS INC,same month,2025-05
2025-05-01,21415,S,SENTINELONE INC,same month,2025-05
2025-05-01,25239,WBTN,WEBTOON ENTERTAINMENT INC,same month,2025-05
2025-05-01,19187,CLSK,CLEANSPARK INC,same month,2025-05
2025-05-01,23263,QBTS,D WAVE QUANTUM INC,same month,2025-05
2025-05-01,16649,OKTA,OKTA INC,same month,2025-05
2025-05-01,25181,LB,LANDBRIDGE COMPANY LLC,same month,2025-05
2025-05-01,22204,FWRG,FIRST WATCH RESTAURANT GROUP INC,same month,2025-05
2025-05-01,19076,ASTS,A S T SPACEMOBILE INC,same month,2025-05
2025-05-01,21029,RUM,RUMBLE INC,same month,2025-05
2025-05-01,19484,PCVX,VAXCYTE INC,same month,2025-05
2025-05-01,18776,IMVT,IMMUNOVANT INC,same month,2025-05
2025-05-01,11990,KKR,K K R & CO INC,same month,2025-05
2025-05-01,89297,CCOI,COGENT COMMUNICATIONS HLDS INC,same month,2025-05
2025-05-01,21342,VERA,VERA THERAPEUTICS INC,same month,2025-05
2025-05-01,19849,SMMT,SUMMIT THERAPEUTICS INC,same month,2025-05
2025-05-01,92213,RIOT,RIOT PLATFORMS INC,same month,2025-05
2025-05-01,24971,LOAR,LOAR HOLDINGS INC,same month,2025-05
2025-05-01,24966,CTRI,CENTURI HOLDINGS INC,same month,2025-05
2025-05-01,15303,VKTX,VIKING THERAPEUTICS INC,same month,2025-05
2025-05-01,12623,HII,HUNTINGTON INGALLS INDS INC,same month,2025-05
2025-05-01,84348,VSAT,VIASAT INC,same month,2025-05
2025-05-01,90126,CYTK,CYTOKINETICS INC,same month,2025-05
2025-05-01,20930,SOC,SABLE OFFSHORE CORP,same month,2025-05
2025-05-01,21007,RGTI,RIGETTI COMPUTING INC,same month,2025-05
2025-05-01,21747,NUVL,NUVALENT INC,same month,2025-05
2025-05-01,19489,PCT,PURECYCLE TECHNOLOGIES INC,same month,2025-05
2025-05-01,59328,INTC,INTEL CORP,same month,2025-05
2025-05-01,24964,PACS,PACS GROUP INC,same month,2025-05
2025-05-01,23147,IE,IVANHOE ELECTRIC INC,same month,2025-05
2025-05-01,24655,HUT,HUT 8 CORP,same month,2025-05
2025-05-01,21262,DAWN,DAY ONE BIOPHARMACEUTICALS INC,same month,2025-05
2025-05-01,17959,CRNX,CRINETICS PHARMACEUTICALS INC,same month,2025-05
2025-05-01,91184,GYRE,GYRE THERAPEUTICS INC,same month,2025-05
2025-05-01,24698,CORZ,CORE SCIENTIFIC INC NEW,same month,2025-05
2025-05-01,18735,GO,GROCERY OUTLET HOLDING CORP,same month,2025-05
2025-05-01,24064,APGE,APOGEE THERAPEUTICS INC,same month,2025-05
2025-05-01,14708,VRDN,VIRIDIAN THERAPEUTICS INC,same month,2025-05
2025-05-01,18656,IDYA,IDEAYA BIOSCIENCES INC,same month,2025-05
2025-05-01,22220,NN,NEXTNAV INC,same month,2025-05
2025-05-01,83509,FCN,F T I CONSULTING INC,same month,2025-05
2025-05-01,19313,ELVN,ENLIVEN THERAPEUTICS INC,same month,2025-05
2025-05-01,21331,AUR,AURORA INNOVATION INC,same month,2025-05
2025-05-01,19070,ETNB,89BIO INC,same month,2025-05
2025-05-01,18772,AKRO,AKERO THERAPEUTICS INC,same month,2025-05
2025-05-01,84389,SSB,SOUTHSTATE CORP,same month,2025-05
2025-05-01,19986,PRAX,PRAXIS PRECISION MEDICINES INC,same month,2025-05
2025-05-01,15221,RCKT,ROCKET PHARMACEUTICALS INC,same month,2025-05
2025-05-01,19825,DYN,DYNE THERAPEUTICS INC,same month,2025-05
2025-05-01,19628,IRON,DISC MEDICINE INC,same month,2025-05
2025-05-01,86228,RSG,REPUBLIC SERVICES INC,same month,2025-05
2025-05-01,20207,ACHR,ARCHER AVIATION INC,same month,2025-05
2025-05-01,21619,OKLO,OKLO INC,same month,2025-05
2025-05-01,19084,BILL,B I L L HOLDINGS INC,same month,2025-05
2025-05-01,20126,JOBY,JOBY AVIATION INC,same month,2025-05
2025-05-01,17821,SRRK,SCHOLAR ROCK HOLDING CORP,same month,2025-05
2025-05-01,19201,RVMD,REVOLUTION MEDICINES INC,same month,2025-05
2025-05-01,90505,LVS,LAS VEGAS SANDS CORP,same month,2025-05
2025-05-01,20325,SMR,NUSCALE POWER CORP,same month,2025-05
2025-05-01,86288,CSGP,COSTAR GROUP INC,same month,2025-05
2025-05-01,20791,EWTX,EDGEWISE THERAPEUTICS INC,same month,2025-05
2025-05-01,19794,U,UNITY SOFTWARE INC,same month,2025-05
2025-05-01,19228,BEAM,BEAM THERAPEUTICS INC,same month,2025-05
2025-05-01,20876,SYM,SYMBOTIC INC,same month,2025-05
2025-05-01,20452,ENVX,ENOVIX CORP,same month,2025-05
2025-05-01,22313,LUNR,INTUITIVE MACHINES INC,same month,2025-05
2025-05-01,24875,ALAB,ASTERA LABS INC,same month,2025-05
2025-05-01,16171,KNSL,KINSALE CAPITAL GROUP INC,same month,2025-05
2025-05-01,19655,STEP,STEPSTONE GROUP INC,same month,2025-05
2025-05-01,25147,FUN,SIX FLAGS ENTERTAINMENT CORP NEW,same month,2025-05
2025-05-01,15440,WING,WINGSTOP INC,same month,2025-05
2025-05-01,57904,AFL,AFLAC INC,same month,2025-05
2025-05-01,25434,AMTM,AMENTUM HOLDINGS INC,same month,2025-05
2025-05-01,21596,NABL,N ABLE INC,same month,2025-05
2025-05-01,24023,BATRK,ATLANTA BRAVES HOLDINGS INC,same month,2025-05
2025-05-01,76838,PRA,PROASSURANCE CORP,same month,2025-05
2025-05-01,19002,BWIN,BALDWIN INSURANCE GROUP INC,same month,2025-05
2025-05-01,22268,SG,SWEETGREEN INC,same month,2025-05
2025-05-01,27422,CLF,CLEVELAND CLIFFS INC NEW,same month,2025-05
2025-05-01,77366,MODG,TOPGOLF CALLAWAY BRANDS CORP,same month,2025-05
2025-06-01,17949,BE,BLOOM ENERGY CORP,same month,2025-06
2025-06-01,19956,WGS,GENEDX HOLDINGS CORP,same month,2025-06
2025-06-01,20178,RKLB,ROCKET LAB CORP,same month,2025-06
2025-06-01,79499,INOD,INNODATA INC,same month,2025-06
2025-06-01,80306,BCRX,BIOCRYST PHARMACEUTICALS INC,same month,2025-06
2025-06-01,22977,EE,EXCELERATE ENERGY INC,same month,2025-06
2025-06-01,20661,ALHC,ALIGNMENT HEALTHCARE INC,same month,2025-06
2025-06-01,86233,LEU,CENTRUS ENERGY CORP,same month,2025-06
2025-06-01,14440,TVTX,TRAVERE THERAPEUTICS INC,same month,2025-06
2025-06-01,64785,AGX,ARGAN INC,same month,2025-06
2025-06-01,75070,WKC,WORLD KINECT CORP,same month,2025-06
2025-06-01,83969,WLFC,WILLIS LEASE FINANCE CORP,same month,2025-06
2025-06-01,91659,ALGT,ALLEGIANT TRAVEL CO,same month,2025-06
2025-06-01,24459,PBI,PITNEY BOWES INC,same month,2025-06
2025-06-01,18769,ADPT,ADAPTIVE BIOTECHNOLOGIES CORP,same month,2025-06
2025-06-01,84275,UNFI,UNITED NATURAL FOODS INC,same month,2025-06
2025-06-01,16655,CVNA,CARVANA CO,same month,2025-06
2025-06-01,17684,AHCO,ADAPTHEALTH CORP,same month,2025-06
2025-06-01,15831,AXSM,AXSOME THERAPEUTICS INC,same month,2025-06
2025-06-01,21020,AAL,AMERICAN AIRLINES GROUP INC,same month,2025-06
2025-06-01,19788,PLTR,PALANTIR TECHNOLOGIES INC,same month,2025-06
2025-06-01,21123,PAY,PAYMENTUS HOLDINGS INC,same month,2025-06
2025-06-01,87812,SLAB,SILICON LABORATORIES INC,same month,2025-06
2025-06-01,22976,WBD,WARNER BROS DISCOVERY INC,same month,2025-06
2025-06-01,82702,AMRX,AMNEAL PHARMACEUTICALS INC,same month,2025-06
2025-06-01,16673,KNTK,KINETIK HOLDINGS INC,same month,2025-06
2025-06-01,21723,HOOD,ROBINHOOD MARKETS INC,same month,2025-06
2025-06-01,16648,SNDR,SCHNEIDER NATIONAL INC,same month,2025-06
2025-06-01,86819,ATLC,ATLANTICUS HOLDINGS CORP,same month,2025-06
2025-06-01,20975,DAVE,DAVE INC,same month,2025-06
2025-06-01,89031,AXON,AXON ENTERPRISE INC,same month,2025-06
2025-06-01,28804,ALK,ALASKA AIRGROUP INC,same month,2025-06
2025-06-01,20196,UPST,UPSTART HOLDINGS INC,same month,2025-06
2025-06-01,15332,CWEN,CLEARWAY ENERGY INC,same month,2025-06
2025-06-01,89800,NTGR,NETGEAR INC,same month,2025-06
2025-06-01,91095,LQDT,LIQUIDITY SERVICES INC,same month,2025-06
2025-06-01,79906,INCY,INCYTE CORP,same month,2025-06
2025-06-01,17929,UGI,U G I CORP NEW,same month,2025-06
2025-06-01,21614,DUOL,DUOLINGO INC,same month,2025-06
2025-06-01,78081,LGND,LIGAND PHARMACEUTICALS INC,same month,2025-06
2025-06-01,80169,AGM,FEDERAL AGRICULTURAL MORT CORP,same month,2025-06
2025-06-01,83774,OCFC,OCEANFIRST FINANCIAL CORP,same month,2025-06
2025-06-01,14960,ENVA,ENOVA INTERNATIONAL INC,same month,2025-06
2025-06-01,14229,OMF,ONEMAIN HOLDINGS INC,same month,2025-06
2025-06-01,89482,BANC,BANC OF CALIFORNIA INC,same month,2025-06
2025-06-01,63773,TDS,TELEPHONE & DATA SYSTEMS INC,same month,2025-06
2025-06-01,85860,BRKL,BROOKLINE BANCORP INC,same month,2025-06
2025-06-01,10421,SKYW,SKYWEST INC,same month,2025-06
2025-06-01,12515,BKU,BANKUNITED INC,same month,2025-06
2025-06-01,14495,ATEN,A10 NETWORKS INC,same month,2025-06
2025-06-01,20598,CALM,CAL MAINE FOODS INC,same month,2025-06
2025-06-01,75320,USM,UNITED STATES CELLULAR CORP,same month,2025-06
2025-06-01,86820,CFFN,CAPITOL FEDERAL FINANCIAL INC,same month,2025-06
2025-06-01,18940,PTON,PELOTON INTERACTIVE INC,same month,2025-06
2025-06-01,91855,SFNC,SIMMONS 1ST NATIONAL CORP,same month,2025-06
2025-06-01,89653,PFS,PROVIDENT FINANCIAL SVCS INC,same month,2025-06
2025-06-01,85741,HOPE,HOPE BANCORP INC,same month,2025-06
2025-06-01,16499,PK,PARK HOTELS & RESORTS INC,same month,2025-06
2025-06-01,49015,LNC,LINCOLN NATIONAL CORP,same month,2025-06
2025-06-01,88446,ILMN,ILLUMINA INC,same month,2025-06
2025-06-01,47941,TGNA,TEGNA INC,same month,2025-06
2025-06-01,18135,GH,GUARDANT HEALTH INC,same month,2025-06
2025-06-01,14169,PINC,PREMIER INC,same month,2025-06
2025-06-01,15302,VIRT,VIRTU FINANCIAL INC,same month,2025-06
2025-06-01,90856,ATRC,ATRICURE INC,same month,2025-06
2025-06-01,81254,SNEX,STONEX GROUP INC,same month,2025-06
2025-06-01,89964,NNI,NELNET INC,same month,2025-06
2025-06-01,20057,VTRS,VIATRIS INC,same month,2025-06
2025-06-01,12905,SXC,SUNCOKE ENERGY INC,same month,2025-06
2025-06-01,24296,NATL,N C R ATLEOS CORP,same month,2025-06
2025-06-01,15795,SGRY,SURGERY PARTNERS INC,same month,2025-06
2025-06-01,72726,STT,STATE STREET CORP,same month,2025-06
2025-06-01,15534,NTRA,NATERA INC,same month,2025-06
2025-06-01,42200,RVTY,REVVITY INC,same month,2025-06
2025-06-01,70519,C,CITIGROUP INC,same month,2025-06
2025-06-01,86827,HSII,HEIDRICK & STRUGGLES INTL INC,same month,2025-06
2025-06-01,90423,INVA,THERAVANCE INC,same month,2025-06
2025-06-01,89110,OMCL,OMNICELL INC,same month,2025-06
2025-06-01,21896,TOST,TOAST INC,same month,2025-06
2025-06-01,85621,MTD,METTLER TOLEDO INTERNATIONAL INC,same month,2025-06
2025-06-01,17000,RYTM,RHYTHM PHARMACEUTICALS INC,same month,2025-06
2025-06-01,90162,GNW,GENWORTH FINANCIAL INC,same month,2025-06
2025-06-01,23041,NUTX,NUTEX HEALTH INC,same month,2025-06
2025-06-01,82670,TGTX,T G THERAPEUTICS INC,same month,2025-06
2025-06-01,14239,COMM,COMMSCOPE HOLDING CO INC,same month,2025-06
2025-06-01,60986,NWL,NEWELL BRANDS INC,same month,2025-06
2025-06-01,89134,OVV,OVINTIV INC,same month,2025-06
2025-06-01,12583,PCRX,PACIRA BIOSCIENCES INC,same month,2025-06
2025-06-01,76128,VICR,VICOR CORP,same month,2025-06
2025-06-01,16668,ZYME,ZYMEWORKS INC DE,same month,2025-06
2025-06-01,90885,EVRI,EVERI HOLDINGS INC,same month,2025-06
2025-06-01,11891,MGM,M G M RESORTS INTERNATIONAL,same month,2025-06
2025-06-01,79879,VIAV,VIAVI SOLUTIONS INC,same month,2025-06
2025-06-01,22027,JXN,JACKSON FINANCIAL INC,same month,2025-06
2025-06-01,86822,EXTR,EXTREME NETWORKS INC,same month,2025-06
2025-06-01,19433,MP,M P MATERIALS CORP,same month,2025-06
2025-06-01,15119,WK,WORKIVA INC,same month,2025-06
2025-06-01,92570,DAN,DANA INC,same month,2025-06
2025-06-01,92469,SATS,ECHOSTAR CORP,same month,2025-06
2025-06-01,91103,UAL,UNITED AIRLINES HOLDINGS INC,same month,2025-06
2025-06-01,21927,DJT,TRUMP MEDIA & TECH GRP CORP,same month,2025-06
2025-06-01,19826,ABL,ABACUS GLOBAL MANAGEMENT INC,same month,2025-06
2025-06-01,23978,SVV,SAVERS VALUE VILLAGE INC,same month,2025-06
2025-06-01,25244,LINE,LINEAGE INC,same month,2025-06
2025-06-01,16680,QXO,Q X O INC,same month,2025-06
2025-06-01,89626,CME,C M E GROUP INC,same month,2025-06
2025-06-01,89301,GME,GAMESTOP CORP NEW,same month,2025-06
2025-06-01,91611,FSLR,FIRST SOLAR INC,same month,2025-06
2025-06-01,15058,SLNO,SOLENO THERAPEUTICS INC,same month,2025-06
2025-06-01,19655,STEP,STEPSTONE GROUP INC,same month,2025-06
2025-06-01,16171,KNSL,KINSALE CAPITAL GROUP INC,same month,2025-06
2025-06-01,23730,MLYS,MINERALYS THERAPEUTICS INC,same month,2025-06
2025-06-01,25243,OS,ONESTREAM INC,same month,2025-06
2025-06-01,17683,CLBK,COLUMBIA FINANCIAL INC,same month,2025-06
2025-06-01,25147,FUN,SIX FLAGS ENTERTAINMENT CORP NEW,same month,2025-06
2025-06-01,14811,FWONK,LIBERTY MEDIA CORP 3RD NEW,same month,2025-06
2025-06-01,19849,SMMT,SUMMIT THERAPEUTICS INC,same month,2025-06
2025-06-01,25239,WBTN,WEBTOON ENTERTAINMENT INC,same month,2025-06
2025-06-01,21596,NABL,N ABLE INC,same month,2025-06
2025-06-01,57904,AFL,AFLAC INC,same month,2025-06
2025-06-01,24085,LLYVK,LIBERTY MEDIA CORP 3RD NEW,same month,2025-06
2025-06-01,19002,BWIN,BALDWIN INSURANCE GROUP INC,same month,2025-06
2025-06-01,76838,PRA,PROASSURANCE CORP,same month,2025-06
2025-06-01,38093,AJG,GALLAGHER ARTHUR J & CO,same month,2025-06
2025-06-01,24875,ALAB,ASTERA LABS INC,same month,2025-06
2025-06-01,19484,PCVX,VAXCYTE INC,same month,2025-06
2025-06-01,20930,SOC,SABLE OFFSHORE CORP,same month,2025-06
2025-06-01,18835,DKNG,DRAFTKINGS INC,same month,2025-06
2025-06-01,18776,IMVT,IMMUNOVANT INC,same month,2025-06
2025-06-01,21342,VERA,VERA THERAPEUTICS INC,same month,2025-06
2025-06-01,21415,S,SENTINELONE INC,same month,2025-06
2025-06-01,91907,SMCI,SUPER MICRO COMPUTER INC,same month,2025-06
2025-06-01,90126,CYTK,CYTOKINETICS INC,same month,2025-06
2025-06-01,21619,OKLO,OKLO INC,same month,2025-06
2025-06-01,16649,OKTA,OKTA INC,same month,2025-06
2025-06-01,21747,NUVL,NUVALENT INC,same month,2025-06
2025-06-01,24023,BATRK,ATLANTA BRAVES HOLDINGS INC,same month,2025-06
2025-06-01,14708,VRDN,VIRIDIAN THERAPEUTICS INC,same month,2025-06
2025-06-01,15303,VKTX,VIKING THERAPEUTICS INC,same month,2025-06
2025-06-01,22268,SG,SWEETGREEN INC,same month,2025-06
2025-06-01,14813,MARA,MARA HOLDINGS INC,same month,2025-06
2025-06-01,19076,ASTS,A S T SPACEMOBILE INC,same month,2025-06
2025-06-01,23054,SOUN,SOUNDHOUND AI INC,same month,2025-06
2025-06-01,89297,CCOI,COGENT COMMUNICATIONS HLDS INC,same month,2025-06
2025-06-01,19187,CLSK,CLEANSPARK INC,same month,2025-06
2025-06-01,15440,WING,WINGSTOP INC,same month,2025-06
2025-06-01,23263,QBTS,D WAVE QUANTUM INC,same month,2025-06
2025-06-01,24964,PACS,PACS GROUP INC,same month,2025-06
2025-06-01,24966,CTRI,CENTURI HOLDINGS INC,same month,2025-06
2025-06-01,86211,MSTR,MICROSTRATEGY INC,same month,2025-06
2025-06-01,27422,CLF,CLEVELAND CLIFFS INC NEW,same month,2025-06
2025-06-01,90505,LVS,LAS VEGAS SANDS CORP,same month,2025-06
2025-06-01,17959,CRNX,CRINETICS PHARMACEUTICALS INC,same month,2025-06
2025-06-01,91184,GYRE,GYRE THERAPEUTICS INC,same month,2025-06
2025-06-01,19986,PRAX,PRAXIS PRECISION MEDICINES INC,same month,2025-06
2025-06-01,19313,ELVN,ENLIVEN THERAPEUTICS INC,same month,2025-06
2025-06-01,18656,IDYA,IDEAYA BIOSCIENCES INC,same month,2025-06
2025-06-01,19489,PCT,PURECYCLE TECHNOLOGIES INC,same month,2025-06
2025-06-01,25181,LB,LANDBRIDGE COMPANY LLC,same month,2025-06
2025-06-01,18772,AKRO,AKERO THERAPEUTICS INC,same month,2025-06
2025-06-01,21029,RUM,RUMBLE INC,same month,2025-06
2025-06-01,77366,MODG,TOPGOLF CALLAWAY BRANDS CORP,same month,2025-06
2025-06-01,92213,RIOT,RIOT PLATFORMS INC,same month,2025-06
2025-06-01,24064,APGE,APOGEE THERAPEUTICS INC,same month,2025-06
2025-06-01,84348,VSAT,VIASAT INC,same month,2025-06
2025-06-01,19628,IRON,DISC MEDICINE INC,same month,2025-06
2025-06-01,19070,ETNB,89BIO INC,same month,2025-06
2025-06-01,22220,NN,NEXTNAV INC,same month,2025-06
2025-06-01,83509,FCN,F T I CONSULTING INC,same month,2025-06
2025-06-01,19201,RVMD,REVOLUTION MEDICINES INC,same month,2025-06
2025-06-01,24655,HUT,HUT 8 CORP,same month,2025-06
2025-06-01,19825,DYN,DYNE THERAPEUTICS INC,same month,2025-06
2025-06-01,23147,IE,IVANHOE ELECTRIC INC,same month,2025-06
2025-06-01,86228,RSG,REPUBLIC SERVICES INC,same month,2025-06
2025-06-01,18735,GO,GROCERY OUTLET HOLDING CORP,same month,2025-06
2025-06-01,24971,LOAR,LOAR HOLDINGS INC,same month,2025-06
2025-06-01,24698,CORZ,CORE SCIENTIFIC INC NEW,same month,2025-06
2025-06-01,21007,RGTI,RIGETTI COMPUTING INC,same month,2025-06
2025-06-01,11990,KKR,K K R & CO INC,same month,2025-06
2025-06-01,22204,FWRG,FIRST WATCH RESTAURANT GROUP INC,same month,2025-06
2025-06-01,17821,SRRK,SCHOLAR ROCK HOLDING CORP,same month,2025-06
2025-06-01,19084,BILL,B I L L HOLDINGS INC,same month,2025-06
2025-06-01,12623,HII,HUNTINGTON INGALLS INDS INC,same month,2025-06
2025-06-01,25773,PRMB,PRIMO BRANDS CORP,same month,2025-06
2025-06-01,84819,SBET,SHARPLINK GAMING INC,same month,2025-06
2025-06-01,20464,EVEX,EVE HOLDING INC,same month,2025-06
2025-06-01,21207,NEM,NEWMONT CORP,same month,2025-06
2025-06-01,83976,ANF,ABERCROMBIE & FITCH CO,same month,2025-06
2025-06-01,16005,SYRE,SPYRE THERAPEUTICS INC,same month,2025-06
2025-06-01,22087,INFA,INFORMATICA INC,same month,2025-06
2025-06-01,86719,EWBC,EAST WEST BANCORP INC,same month,2025-06
2025-06-01,24967,IBTA,IBOTTA INC,same month,2025-06
2025-06-01,22618,TPG,T P G INC,same month,2025-06
2025-06-01,18770,BBIO,BRIDGEBIO PHARMA INC,same month,2025-06
2025-06-01,89986,APLD,APPLIED DIGITAL CORP,same month,2025-06
2025-06-01,71175,UNM,UNUM GROUP,same month,2025-06
2025-06-01,16318,ELF,E L F BEAUTY INC,same month,2025-06
2025-06-01,17104,APLS,APELLIS PHARMACEUTICALS INC,same month,2025-06
2025-06-01,15535,OLLI,OLLIES BARGAIN OUTLET HLD INC,same month,2025-06
2025-06-01,16182,PI,IMPINJ INC,same month,2025-06
2025-07-01,23041,NUTX,NUTEX HEALTH INC,same month,2025-07
2025-07-01,17949,BE,BLOOM ENERGY CORP,same month,2025-07
2025-07-01,19956,WGS,GENEDX HOLDINGS CORP,same month,2025-07
2025-07-01,79499,INOD,INNODATA INC,same month,2025-07
2025-07-01,20178,RKLB,ROCKET LAB CORP,same month,2025-07
2025-07-01,80306,BCRX,BIOCRYST PHARMACEUTICALS INC,same month,2025-07
2025-07-01,22977,EE,EXCELERATE ENERGY INC,same month,2025-07
2025-07-01,82670,TGTX,T G THERAPEUTICS INC,same month,2025-07
2025-07-01,91659,ALGT,ALLEGIANT TRAVEL CO,same month,2025-07
2025-07-01,14239,COMM,COMMSCOPE HOLDING CO INC,same month,2025-07
2025-07-01,18769,ADPT,ADAPTIVE BIOTECHNOLOGIES CORP,same month,2025-07
2025-07-01,20661,ALHC,ALIGNMENT HEALTHCARE INC,same month,2025-07
2025-07-01,75070,WKC,WORLD KINECT CORP,same month,2025-07
2025-07-01,20975,DAVE,DAVE INC,same month,2025-07
2025-07-01,24459,PBI,PITNEY BOWES INC,same month,2025-07
2025-07-01,16655,CVNA,CARVANA CO,same month,2025-07
2025-07-01,22976,WBD,WARNER BROS DISCOVERY INC,same month,2025-07
2025-07-01,84275,UNFI,UNITED NATURAL FOODS INC,same month,2025-07
2025-07-01,21723,HOOD,ROBINHOOD MARKETS INC,same month,2025-07
2025-07-01,12583,PCRX,PACIRA BIOSCIENCES INC,same month,2025-07
2025-07-01,87812,SLAB,SILICON LABORATORIES INC,same month,2025-07
2025-07-01,19788,PLTR,PALANTIR TECHNOLOGIES INC,same month,2025-07
2025-07-01,86819,ATLC,ATLANTICUS HOLDINGS CORP,same month,2025-07
2025-07-01,92570,DAN,DANA INC,same month,2025-07
2025-07-01,21020,AAL,AMERICAN AIRLINES GROUP INC,same month,2025-07
2025-07-01,15831,AXSM,AXSOME THERAPEUTICS INC,same month,2025-07
2025-07-01,16673,KNTK,KINETIK HOLDINGS INC,same month,2025-07
2025-07-01,89800,NTGR,NETGEAR INC,same month,2025-07
2025-07-01,20196,UPST,UPSTART HOLDINGS INC,same month,2025-07
2025-07-01,16648,SNDR,SCHNEIDER NATIONAL INC,same month,2025-07
2025-07-01,60986,NWL,NEWELL BRANDS INC,same month,2025-07
2025-07-01,89134,OVV,OVINTIV INC,same month,2025-07
2025-07-01,17684,AHCO,ADAPTHEALTH CORP,same month,2025-07
2025-07-01,21614,DUOL,DUOLINGO INC,same month,2025-07
2025-07-01,14229,OMF,ONEMAIN HOLDINGS INC,same month,2025-07
2025-07-01,11891,MGM,M G M RESORTS INTERNATIONAL,same month,2025-07
2025-07-01,89482,BANC,BANC OF CALIFORNIA INC,same month,2025-07
2025-07-01,90885,EVRI,EVERI HOLDINGS INC,same month,2025-07
2025-07-01,86233,LEU,CENTRUS ENERGY CORP,same month,2025-07
2025-07-01,76128,VICR,VICOR CORP,same month,2025-07
2025-07-01,80169,AGM,FEDERAL AGRICULTURAL MORT CORP,same month,2025-07
2025-07-01,85860,BRKL,BROOKLINE BANCORP INC,same month,2025-07
2025-07-01,83774,OCFC,OCEANFIRST FINANCIAL CORP,same month,2025-07
2025-07-01,22027,JXN,JACKSON FINANCIAL INC,same month,2025-07
2025-07-01,16499,PK,PARK HOTELS & RESORTS INC,same month,2025-07
2025-07-01,63773,TDS,TELEPHONE & DATA SYSTEMS INC,same month,2025-07
2025-07-01,12515,BKU,BANKUNITED INC,same month,2025-07
2025-07-01,28804,ALK,ALASKA AIRGROUP INC,same month,2025-07
2025-07-01,86822,EXTR,EXTREME NETWORKS INC,same month,2025-07
2025-07-01,15332,CWEN,CLEARWAY ENERGY INC,same month,2025-07
2025-07-01,15119,WK,WORKIVA INC,same month,2025-07
2025-07-01,14169,PINC,PREMIER INC,same month,2025-07
2025-07-01,86820,CFFN,CAPITOL FEDERAL FINANCIAL INC,same month,2025-07
2025-07-01,14960,ENVA,ENOVA INTERNATIONAL INC,same month,2025-07
2025-07-01,79879,VIAV,VIAVI SOLUTIONS INC,same month,2025-07
2025-07-01,91103,UAL,UNITED AIRLINES HOLDINGS INC,same month,2025-07
2025-07-01,89031,AXON,AXON ENTERPRISE INC,same month,2025-07
2025-07-01,78081,LGND,LIGAND PHARMACEUTICALS INC,same month,2025-07
2025-07-01,75320,USM,UNITED STATES CELLULAR CORP,same month,2025-07
2025-07-01,91855,SFNC,SIMMONS 1ST NATIONAL CORP,same month,2025-07
2025-07-01,10421,SKYW,SKYWEST INC,same month,2025-07
2025-07-01,18940,PTON,PELOTON INTERACTIVE INC,same month,2025-07
2025-07-01,49015,LNC,LINCOLN NATIONAL CORP,same month,2025-07
2025-07-01,20598,CALM,CAL MAINE FOODS INC,same month,2025-07
2025-07-01,89653,PFS,PROVIDENT FINANCIAL SVCS INC,same month,2025-07
2025-07-01,82702,AMRX,AMNEAL PHARMACEUTICALS INC,same month,2025-07
2025-07-01,14495,ATEN,A10 NETWORKS INC,same month,2025-07
2025-07-01,85741,HOPE,HOPE BANCORP INC,same month,2025-07
2025-07-01,79906,INCY,INCYTE CORP,same month,2025-07
2025-07-01,47941,TGNA,TEGNA INC,same month,2025-07
2025-07-01,89964,NNI,NELNET INC,same month,2025-07
2025-07-01,17929,UGI,U G I CORP NEW,same month,2025-07
2025-07-01,19433,MP,M P MATERIALS CORP,same month,2025-07
2025-07-01,20057,VTRS,VIATRIS INC,same month,2025-07
2025-07-01,88446,ILMN,ILLUMINA INC,same month,2025-07
2025-07-01,91095,LQDT,LIQUIDITY SERVICES INC,same month,2025-07
2025-07-01,15302,VIRT,VIRTU FINANCIAL INC,same month,2025-07
2025-07-01,81254,SNEX,STONEX GROUP INC,same month,2025-07
2025-07-01,14440,TVTX,TRAVERE THERAPEUTICS INC,same month,2025-07
2025-07-01,42200,RVTY,REVVITY INC,same month,2025-07
2025-07-01,85621,MTD,METTLER TOLEDO INTERNATIONAL INC,same month,2025-07
2025-07-01,90856,ATRC,ATRICURE INC,same month,2025-07
2025-07-01,15534,NTRA,NATERA INC,same month,2025-07
2025-07-01,12905,SXC,SUNCOKE ENERGY INC,same month,2025-07
2025-07-01,72726,STT,STATE STREET CORP,same month,2025-07
2025-07-01,70519,C,CITIGROUP INC,same month,2025-07
2025-07-01,16829,RDFN,REDFIN CORP,same month,2025-07
2025-07-01,20894,APP,APPLOVIN CORP,same month,2025-07
2025-07-01,24972,RBRK,RUBRIK INC,same month,2025-07
2025-07-01,19200,SDGR,SCHRODINGER INC,same month,2025-07
2025-07-01,21026,AVAH,AVEANNA HEALTHCARE HOLDINGS INC,same month,2025-07
2025-07-01,13967,PTCT,P T C THERAPEUTICS INC,same month,2025-07
2025-07-01,18938,HIMS,HIMS & HERS HEALTH INC,same month,2025-07
2025-07-01,23439,MBLY,MOBILEYE GLOBAL INC,same month,2025-07
2025-07-01,79866,RDUS,RADIUS RECYCLING INC,same month,2025-07
2025-07-01,23944,PHIN,PHINIA INC,same month,2025-07
2025-07-01,83779,PEGA,PEGASYSTEMS INC,same month,2025-07
2025-07-01,75905,GIII,G III APPAREL GROUP INC,same month,2025-07
2025-07-01,11644,CRK,COMSTOCK RESOURCES INC,same month,2025-07
2025-07-01,89455,RUSHA,RUSH ENTERPRISES INC,same month,2025-07
2025-07-01,21927,DJT,TRUMP MEDIA & TECH GRP CORP,same month,2025-07
2025-07-01,91611,FSLR,FIRST SOLAR INC,same month,2025-07
2025-07-01,25773,PRMB,PRIMO BRANDS CORP,same month,2025-07
2025-07-01,25244,LINE,LINEAGE INC,same month,2025-07
2025-07-01,16680,QXO,Q X O INC,same month,2025-07
2025-07-01,21619,OKLO,OKLO INC,same month,2025-07
2025-07-01,15058,SLNO,SOLENO THERAPEUTICS INC,same month,2025-07
2025-07-01,23978,SVV,SAVERS VALUE VILLAGE INC,same month,2025-07
2025-07-01,20464,EVEX,EVE HOLDING INC,same month,2025-07
2025-07-01,19849,SMMT,SUMMIT THERAPEUTICS INC,same month,2025-07
2025-07-01,23730,MLYS,MINERALYS THERAPEUTICS INC,same month,2025-07
2025-07-01,22220,NN,NEXTNAV INC,same month,2025-07
2025-07-01,19655,STEP,STEPSTONE GROUP INC,same month,2025-07
2025-07-01,16171,KNSL,KINSALE CAPITAL GROUP INC,same month,2025-07
2025-07-01,25243,OS,ONESTREAM INC,same month,2025-07
2025-07-01,14811,FWONK,LIBERTY MEDIA CORP 3RD NEW,same month,2025-07
2025-07-01,89626,CME,C M E GROUP INC,same month,2025-07
2025-07-01,17683,CLBK,COLUMBIA FINANCIAL INC,same month,2025-07
2025-07-01,25147,FUN,SIX FLAGS ENTERTAINMENT CORP NEW,same month,2025-07
2025-07-01,90505,LVS,LAS VEGAS SANDS CORP,same month,2025-07
2025-07-01,21596,NABL,N ABLE INC,same month,2025-07
2025-07-01,83509,FCN,F T I CONSULTING INC,same month,2025-07
2025-07-01,21415,S,SENTINELONE INC,same month,2025-07
2025-07-01,83976,ANF,ABERCROMBIE & FITCH CO,same month,2025-07
2025-07-01,21207,NEM,NEWMONT CORP,same month,2025-07
2025-07-01,86719,EWBC,EAST WEST BANCORP INC,same month,2025-07
2025-07-01,18776,IMVT,IMMUNOVANT INC,same month,2025-07
2025-07-01,16005,SYRE,SPYRE THERAPEUTICS INC,same month,2025-07
2025-07-01,19484,PCVX,VAXCYTE INC,same month,2025-07
2025-07-01,19002,BWIN,BALDWIN INSURANCE GROUP INC,same month,2025-07
2025-07-01,90126,CYTK,CYTOKINETICS INC,same month,2025-07
2025-07-01,21747,NUVL,NUVALENT INC,same month,2025-07
2025-07-01,21342,VERA,VERA THERAPEUTICS INC,same month,2025-07
2025-07-01,18835,DKNG,DRAFTKINGS INC,same month,2025-07
2025-07-01,18770,BBIO,BRIDGEBIO PHARMA INC,same month,2025-07
2025-07-01,14708,VRDN,VIRIDIAN THERAPEUTICS INC,same month,2025-07
2025-07-01,25239,WBTN,WEBTOON ENTERTAINMENT INC,same month,2025-07
2025-07-01,57904,AFL,AFLAC INC,same month,2025-07
2025-07-01,38093,AJG,GALLAGHER ARTHUR J & CO,same month,2025-07
2025-07-01,20930,SOC,SABLE OFFSHORE CORP,same month,2025-07
2025-07-01,71175,UNM,UNUM GROUP,same month,2025-07
2025-07-01,17104,APLS,APELLIS PHARMACEUTICALS INC,same month,2025-07
2025-07-01,18772,AKRO,AKERO THERAPEUTICS INC,same month,2025-07
2025-07-01,24085,LLYVK,LIBERTY MEDIA CORP 3RD NEW,same month,2025-07
2025-07-01,15303,VKTX,VIKING THERAPEUTICS INC,same month,2025-07
2025-07-01,24964,PACS,PACS GROUP INC,same month,2025-07
2025-07-01,24023,BATRK,ATLANTA BRAVES HOLDINGS INC,same month,2025-07
2025-07-01,91907,SMCI,SUPER MICRO COMPUTER INC,same month,2025-07
2025-07-01,16182,PI,IMPINJ INC,same month,2025-07
2025-07-01,89297,CCOI,COGENT COMMUNICATIONS HLDS INC,same month,2025-07
2025-07-01,22268,SG,SWEETGREEN INC,same month,2025-07
2025-07-01,18656,IDYA,IDEAYA BIOSCIENCES INC,same month,2025-07
2025-07-01,19628,IRON,DISC MEDICINE INC,same month,2025-07
2025-07-01,19201,RVMD,REVOLUTION MEDICINES INC,same month,2025-07
2025-07-01,14813,MARA,MARA HOLDINGS INC,same month,2025-07
2025-07-01,19986,PRAX,PRAXIS PRECISION MEDICINES INC,same month,2025-07
2025-07-01,19313,ELVN,ENLIVEN THERAPEUTICS INC,same month,2025-07
2025-07-01,17959,CRNX,CRINETICS PHARMACEUTICALS INC,same month,2025-07
2025-07-01,86211,MSTR,MICROSTRATEGY INC,same month,2025-07
2025-07-01,19187,CLSK,CLEANSPARK INC,same month,2025-07
2025-07-01,23054,SOUN,SOUNDHOUND AI INC,same month,2025-07
2025-07-01,22618,TPG,T P G INC,same month,2025-07
2025-07-01,19076,ASTS,A S T SPACEMOBILE INC,same month,2025-07
2025-07-01,24966,CTRI,CENTURI HOLDINGS INC,same month,2025-07
2025-07-01,24875,ALAB,ASTERA LABS INC,same month,2025-07
2025-07-01,89301,GME,GAMESTOP CORP NEW,same month,2025-07
2025-07-01,19489,PCT,PURECYCLE TECHNOLOGIES INC,same month,2025-07
2025-07-01,27422,CLF,CLEVELAND CLIFFS INC NEW,same month,2025-07
2025-07-01,23263,QBTS,D WAVE QUANTUM INC,same month,2025-07
2025-07-01,89986,APLD,APPLIED DIGITAL CORP,same month,2025-07
2025-07-01,15535,OLLI,OLLIES BARGAIN OUTLET HLD INC,same month,2025-07
2025-07-01,86228,RSG,REPUBLIC SERVICES INC,same month,2025-07
2025-07-01,92213,RIOT,RIOT PLATFORMS INC,same month,2025-07
2025-07-01,16318,ELF,E L F BEAUTY INC,same month,2025-07
2025-07-01,77366,MODG,TOPGOLF CALLAWAY BRANDS CORP,same month,2025-07
2025-07-01,16649,OKTA,OKTA INC,same month,2025-07
2025-07-01,19070,ETNB,89BIO INC,same month,2025-07
2025-07-01,24698,CORZ,CORE SCIENTIFIC INC NEW,same month,2025-07
2025-07-01,24064,APGE,APOGEE THERAPEUTICS INC,same month,2025-07
2025-07-01,21029,RUM,RUMBLE INC,same month,2025-07
2025-07-01,24655,HUT,HUT 8 CORP,same month,2025-07
2025-07-01,76838,PRA,PROASSURANCE CORP,same month,2025-07
2025-07-01,22087,INFA,INFORMATICA INC,same month,2025-07
2025-07-01,24967,IBTA,IBOTTA INC,same month,2025-07
2025-07-01,19825,DYN,DYNE THERAPEUTICS INC,same month,2025-07
2025-07-01,25181,LB,LANDBRIDGE COMPANY LLC,same month,2025-07
2025-07-01,23147,IE,IVANHOE ELECTRIC INC,same month,2025-07
2025-07-01,18735,GO,GROCERY OUTLET HOLDING CORP,same month,2025-07
2025-07-01,84348,VSAT,VIASAT INC,same month,2025-07
2025-07-01,21007,RGTI,RIGETTI COMPUTING INC,same month,2025-07
2025-07-01,21053,BBAI,BIGBEAR AI HOLDINGS INC,same month,2025-07
2025-07-01,19599,QS,QUANTUMSCAPE CORP,same month,2025-07
2025-07-01,92108,BX,BLACKSTONE INC,same month,2025-07
2025-07-01,79747,AUB,ATLANTIC UNION BANKSHARES CORP,same month,2025-07
2025-07-01,77526,RNST,RENASANT CORP,same month,2025-07
2025-07-01,20750,CWT,CALIFORNIA WATER SERVICE GROUP,same month,2025-07
2025-07-01,21928,IDA,IDACORP INC,same month,2025-07
2025-07-01,16653,HCC,WARRIOR MET COAL INC,same month,2025-07
2025-07-01,76661,IONS,IONIS PHARMACEUTICALS INC,same month,2025-07
2025-07-01,18575,PSN,PARSONS CORP,same month,2025-07
2025-08-01,91659,ALGT,ALLEGIANT TRAVEL CO,same month,2025-08
2025-08-01,19200,SDGR,SCHRODINGER INC,same month,2025-08
2025-08-01,18769,ADPT,ADAPTIVE BIOTECHNOLOGIES CORP,same month,2025-08
2025-08-01,19956,WGS,GENEDX HOLDINGS CORP,same month,2025-08
2025-08-01,79499,INOD,INNODATA INC,same month,2025-08
2025-08-01,22977,EE,EXCELERATE ENERGY INC,same month,2025-08
2025-08-01,80306,BCRX,BIOCRYST PHARMACEUTICALS INC,same month,2025-08
2025-08-01,18938,HIMS,HIMS & HERS HEALTH INC,same month,2025-08
2025-08-01,13967,PTCT,P T C THERAPEUTICS INC,same month,2025-08
2025-08-01,82670,TGTX,T G THERAPEUTICS INC,same month,2025-08
2025-08-01,75070,WKC,WORLD KINECT CORP,same month,2025-08
2025-08-01,12583,PCRX,PACIRA BIOSCIENCES INC,same month,2025-08
2025-08-01,20975,DAVE,DAVE INC,same month,2025-08
2025-08-01,20894,APP,APPLOVIN CORP,same month,2025-08
2025-08-01,20661,ALHC,ALIGNMENT HEALTHCARE INC,same month,2025-08
2025-08-01,20178,RKLB,ROCKET LAB CORP,same month,2025-08
2025-08-01,84275,UNFI,UNITED NATURAL FOODS INC,same month,2025-08
2025-08-01,14239,COMM,COMMSCOPE HOLDING CO INC,same month,2025-08
2025-08-01,22976,WBD,WARNER BROS DISCOVERY INC,same month,2025-08
2025-08-01,16673,KNTK,KINETIK HOLDINGS INC,same month,2025-08
2025-08-01,21723,HOOD,ROBINHOOD MARKETS INC,same month,2025-08
2025-08-01,11644,CRK,COMSTOCK RESOURCES INC,same month,2025-08
2025-08-01,24972,RBRK,RUBRIK INC,same month,2025-08
2025-08-01,23439,MBLY,MOBILEYE GLOBAL INC,same month,2025-08
2025-08-01,24459,PBI,PITNEY BOWES INC,same month,2025-08
2025-08-01,16499,PK,PARK HOTELS & RESORTS INC,same month,2025-08
2025-08-01,92570,DAN,DANA INC,same month,2025-08
2025-08-01,89134,OVV,OVINTIV INC,same month,2025-08
2025-08-01,86819,ATLC,ATLANTICUS HOLDINGS CORP,same month,2025-08
2025-08-01,87812,SLAB,SILICON LABORATORIES INC,same month,2025-08
2025-08-01,16648,SNDR,SCHNEIDER NATIONAL INC,same month,2025-08
2025-08-01,11891,MGM,M G M RESORTS INTERNATIONAL,same month,2025-08
2025-08-01,17684,AHCO,ADAPTHEALTH CORP,same month,2025-08
2025-08-01,15831,AXSM,AXSOME THERAPEUTICS INC,same month,2025-08
2025-08-01,21020,AAL,AMERICAN AIRLINES GROUP INC,same month,2025-08
2025-08-01,14229,OMF,ONEMAIN HOLDINGS INC,same month,2025-08
2025-08-01,14169,PINC,PREMIER INC,same month,2025-08
2025-08-01,89482,BANC,BANC OF CALIFORNIA INC,same month,2025-08
2025-08-01,80169,AGM,FEDERAL AGRICULTURAL MORT CORP,same month,2025-08
2025-08-01,16655,CVNA,CARVANA CO,same month,2025-08
2025-08-01,63773,TDS,TELEPHONE & DATA SYSTEMS INC,same month,2025-08
2025-08-01,85860,BRKL,BROOKLINE BANCORP INC,same month,2025-08
2025-08-01,83774,OCFC,OCEANFIRST FINANCIAL CORP,same month,2025-08
2025-08-01,60986,NWL,NEWELL BRANDS INC,same month,2025-08
2025-08-01,12515,BKU,BANKUNITED INC,same month,2025-08
2025-08-01,22027,JXN,JACKSON FINANCIAL INC,same month,2025-08
2025-08-01,20196,UPST,UPSTART HOLDINGS INC,same month,2025-08
2025-08-01,86820,CFFN,CAPITOL FEDERAL FINANCIAL INC,same month,2025-08
2025-08-01,17949,BE,BLOOM ENERGY CORP,same month,2025-08
2025-08-01,21614,DUOL,DUOLINGO INC,same month,2025-08
2025-08-01,91855,SFNC,SIMMONS 1ST NATIONAL CORP,same month,2025-08
2025-08-01,19788,PLTR,PALANTIR TECHNOLOGIES INC,same month,2025-08
2025-08-01,79866,RDUS,RADIUS RECYCLING INC,carried forward from an earlier month,2025-07
2025-08-01,86822,EXTR,EXTREME NETWORKS INC,same month,2025-08
2025-08-01,15332,CWEN,CLEARWAY ENERGY INC,same month,2025-08
2025-08-01,28804,ALK,ALASKA AIRGROUP INC,same month,2025-08
2025-08-01,89964,NNI,NELNET INC,same month,2025-08
2025-08-01,14960,ENVA,ENOVA INTERNATIONAL INC,same month,2025-08
2025-08-01,79906,INCY,INCYTE CORP,same month,2025-08
2025-08-01,15119,WK,WORKIVA INC,same month,2025-08
2025-08-01,85741,HOPE,HOPE BANCORP INC,same month,2025-08
2025-08-01,89653,PFS,PROVIDENT FINANCIAL SVCS INC,same month,2025-08
2025-08-01,79879,VIAV,VIAVI SOLUTIONS INC,same month,2025-08
2025-08-01,89455,RUSHA,RUSH ENTERPRISES INC,same month,2025-08
2025-08-01,82702,AMRX,AMNEAL PHARMACEUTICALS INC,same month,2025-08
2025-08-01,17929,UGI,U G I CORP NEW,same month,2025-08
2025-08-01,47941,TGNA,TEGNA INC,same month,2025-08
2025-08-01,75320,USM,UNITED STATES CELLULAR CORP,same month,2025-08
2025-08-01,86233,LEU,CENTRUS ENERGY CORP,same month,2025-08
2025-08-01,15534,NTRA,NATERA INC,same month,2025-08
2025-08-01,78081,LGND,LIGAND PHARMACEUTICALS INC,same month,2025-08
2025-08-01,76128,VICR,VICOR CORP,same month,2025-08
2025-08-01,89031,AXON,AXON ENTERPRISE INC,same month,2025-08
2025-08-01,10421,SKYW,SKYWEST INC,same month,2025-08
2025-08-01,49015,LNC,LINCOLN NATIONAL CORP,same month,2025-08
2025-08-01,18940,PTON,PELOTON INTERACTIVE INC,same month,2025-08
2025-08-01,14495,ATEN,A10 NETWORKS INC,same month,2025-08
2025-08-01,15302,VIRT,VIRTU FINANCIAL INC,same month,2025-08
2025-08-01,81254,SNEX,STONEX GROUP INC,same month,2025-08
2025-08-01,75905,GIII,G III APPAREL GROUP INC,same month,2025-08
2025-08-01,20057,VTRS,VIATRIS INC,same month,2025-08
2025-08-01,23944,PHIN,PHINIA INC,same month,2025-08
2025-08-01,85621,MTD,METTLER TOLEDO INTERNATIONAL INC,same month,2025-08
2025-08-01,20598,CALM,CAL MAINE FOODS INC,same month,2025-08
2025-08-01,90856,ATRC,ATRICURE INC,same month,2025-08
2025-08-01,16007,NAGE,NIAGEN BIOSCIENCE INC,same month,2025-08
2025-08-01,89952,CMP,COMPASS MINERALS INTL INC,same month,2025-08
2025-08-01,17908,XERS,XERIS BIOPHARMA HOLDINGS INC,same month,2025-08
2025-08-01,19851,ARRY,ARRAY TECHNOLOGIES INC,same month,2025-08
2025-08-01,20663,TDUP,THREDUP INC,same month,2025-08
2025-08-01,13939,PSIX,POWER SOLUTIONS INTL INC,same month,2025-08
2025-08-01,82779,NVAX,NOVAVAX INC,same month,2025-08
2025-08-01,25487,CAR,AVIS BUDGET GROUP INC,same month,2025-08
2025-08-01,92220,MASI,MASIMO CORP,same month,2025-08
2025-08-01,34673,NPKI,N P K INTERNATIONAL INC,same month,2025-08
2025-08-01,16432,GT,GOODYEAR TIRE & RUBBER CO,same month,2025-08
2025-08-01,16816,BHF,BRIGHTHOUSE FINANCIAL INC,same month,2025-08
2025-08-01,93035,SEM,SELECT MEDICAL HOLDINGS CORP,same month,2025-08
2025-08-01,19838,EVLV,EVOLV TECHNOLOGIES HOLDINGS INC,same month,2025-08
2025-08-01,10382,ASTE,ASTEC INDUSTRIES INC,same month,2025-08
2025-08-01,91611,FSLR,FIRST SOLAR INC,same month,2025-08
2025-08-01,21927,DJT,TRUMP MEDIA & TECH GRP CORP,same month,2025-08
2025-08-01,21619,OKLO,OKLO INC,same month,2025-08
2025-08-01,21053,BBAI,BIGBEAR AI HOLDINGS INC,same month,2025-08
2025-08-01,19599,QS,QUANTUMSCAPE CORP,same month,2025-08
2025-08-01,16680,QXO,Q X O INC,same month,2025-08
2025-08-01,25773,PRMB,PRIMO BRANDS CORP,same month,2025-08
2025-08-01,21415,S,SENTINELONE INC,same month,2025-08
2025-08-01,19849,SMMT,SUMMIT THERAPEUTICS INC,same month,2025-08
2025-08-01,15058,SLNO,SOLENO THERAPEUTICS INC,same month,2025-08
2025-08-01,20464,EVEX,EVE HOLDING INC,same month,2025-08
2025-08-01,25147,FUN,SIX FLAGS ENTERTAINMENT CORP NEW,same month,2025-08
2025-08-01,22220,NN,NEXTNAV INC,same month,2025-08
2025-08-01,90505,LVS,LAS VEGAS SANDS CORP,same month,2025-08
2025-08-01,83976,ANF,ABERCROMBIE & FITCH CO,same month,2025-08
2025-08-01,19655,STEP,STEPSTONE GROUP INC,same month,2025-08
2025-08-01,23730,MLYS,MINERALYS THERAPEUTICS INC,same month,2025-08
2025-08-01,89626,CME,C M E GROUP INC,same month,2025-08
2025-08-01,21928,IDA,IDACORP INC,same month,2025-08
2025-08-01,25243,OS,ONESTREAM INC,same month,2025-08
2025-08-01,16653,HCC,WARRIOR MET COAL INC,same month,2025-08
2025-08-01,14811,FWONK,LIBERTY MEDIA CORP 3RD NEW,same month,2025-08
2025-08-01,25244,LINE,LINEAGE INC,same month,2025-08
2025-08-01,22268,SG,SWEETGREEN INC,same month,2025-08
2025-08-01,21596,NABL,N ABLE INC,same month,2025-08
2025-08-01,16182,PI,IMPINJ INC,same month,2025-08
2025-08-01,86211,MSTR,MICROSTRATEGY INC,same month,2025-08
2025-08-01,83509,FCN,F T I CONSULTING INC,same month,2025-08
2025-08-01,18776,IMVT,IMMUNOVANT INC,same month,2025-08
2025-08-01,16005,SYRE,SPYRE THERAPEUTICS INC,same month,2025-08
2025-08-01,19484,PCVX,VAXCYTE INC,same month,2025-08
2025-08-01,92108,BX,BLACKSTONE INC,same month,2025-08
2025-08-01,18770,BBIO,BRIDGEBIO PHARMA INC,same month,2025-08
2025-08-01,18772,AKRO,AKERO THERAPEUTICS INC,same month,2025-08
2025-08-01,14813,MARA,MARA HOLDINGS INC,same month,2025-08
2025-08-01,21747,NUVL,NUVALENT INC,same month,2025-08
2025-08-01,90126,CYTK,CYTOKINETICS INC,same month,2025-08
2025-08-01,14708,VRDN,VIRIDIAN THERAPEUTICS INC,same month,2025-08
2025-08-01,18575,PSN,PARSONS CORP,same month,2025-08
2025-08-01,19076,ASTS,A S T SPACEMOBILE INC,same month,2025-08
2025-08-01,19187,CLSK,CLEANSPARK INC,same month,2025-08
2025-08-01,17104,APLS,APELLIS PHARMACEUTICALS INC,same month,2025-08
2025-08-01,19002,BWIN,BALDWIN INSURANCE GROUP INC,same month,2025-08
2025-08-01,23054,SOUN,SOUNDHOUND AI INC,same month,2025-08
2025-08-01,24964,PACS,PACS GROUP INC,same month,2025-08
2025-08-01,19628,IRON,DISC MEDICINE INC,same month,2025-08
2025-08-01,17683,CLBK,COLUMBIA FINANCIAL INC,same month,2025-08
2025-08-01,57904,AFL,AFLAC INC,same month,2025-08
2025-08-01,15303,VKTX,VIKING THERAPEUTICS INC,same month,2025-08
2025-08-01,21342,VERA,VERA THERAPEUTICS INC,same month,2025-08
2025-08-01,38093,AJG,GALLAGHER ARTHUR J & CO,same month,2025-08
2025-08-01,24085,LLYVK,LIBERTY MEDIA CORP 3RD NEW,same month,2025-08
2025-08-01,25239,WBTN,WEBTOON ENTERTAINMENT INC,same month,2025-08
2025-08-01,89297,CCOI,COGENT COMMUNICATIONS HLDS INC,same month,2025-08
2025-08-01,91907,SMCI,SUPER MICRO COMPUTER INC,same month,2025-08
2025-08-01,19986,PRAX,PRAXIS PRECISION MEDICINES INC,same month,2025-08
2025-08-01,20750,CWT,CALIFORNIA WATER SERVICE GROUP,same month,2025-08
2025-08-01,19201,RVMD,REVOLUTION MEDICINES INC,same month,2025-08
2025-08-01,19313,ELVN,ENLIVEN THERAPEUTICS INC,same month,2025-08
2025-08-01,16171,KNSL,KINSALE CAPITAL GROUP INC,same month,2025-08
2025-08-01,20930,SOC,SABLE OFFSHORE CORP,same month,2025-08
2025-08-01,18656,IDYA,IDEAYA BIOSCIENCES INC,same month,2025-08
2025-08-01,17959,CRNX,CRINETICS PHARMACEUTICALS INC,same month,2025-08
2025-08-01,24655,HUT,HUT 8 CORP,same month,2025-08
2025-08-01,23263,QBTS,D WAVE QUANTUM INC,same month,2025-08
2025-08-01,19489,PCT,PURECYCLE TECHNOLOGIES INC,same month,2025-08
2025-08-01,86228,RSG,REPUBLIC SERVICES INC,same month,2025-08
2025-08-01,24023,BATRK,ATLANTA BRAVES HOLDINGS INC,same month,2025-08
2025-08-01,24875,ALAB,ASTERA LABS INC,same month,2025-08
2025-08-01,92213,RIOT,RIOT PLATFORMS INC,same month,2025-08
2025-08-01,18835,DKNG,DRAFTKINGS INC,same month,2025-08
2025-08-01,21207,NEM,NEWMONT CORP,same month,2025-08
2025-08-01,24698,CORZ,CORE SCIENTIFIC INC NEW,same month,2025-08
2025-08-01,22618,TPG,T P G INC,same month,2025-08
2025-08-01,71175,UNM,UNUM GROUP,same month,2025-08
2025-08-01,16649,OKTA,OKTA INC,same month,2025-08
2025-08-01,24064,APGE,APOGEE THERAPEUTICS INC,same month,2025-08
2025-08-01,19070,ETNB,89BIO INC,same month,2025-08
2025-08-01,21007,RGTI,RIGETTI COMPUTING INC,same month,2025-08
2025-08-01,89986,APLD,APPLIED DIGITAL CORP,same month,2025-08
2025-08-01,27422,CLF,CLEVELAND CLIFFS INC NEW,same month,2025-08
2025-08-01,23978,SVV,SAVERS VALUE VILLAGE INC,same month,2025-08
2025-08-01,23147,IE,IVANHOE ELECTRIC INC,same month,2025-08
2025-08-01,19825,DYN,DYNE THERAPEUTICS INC,same month,2025-08
2025-08-01,21029,RUM,RUMBLE INC,same month,2025-08
2025-08-01,18735,GO,GROCERY OUTLET HOLDING CORP,same month,2025-08
2025-08-01,24966,CTRI,CENTURI HOLDINGS INC,same month,2025-08
2025-08-01,76661,IONS,IONIS PHARMACEUTICALS INC,same month,2025-08
2025-08-01,22087,INFA,INFORMATICA INC,same month,2025-08
2025-08-01,21090,RCAT,RED CAT HOLDINGS INC,same month,2025-08
2025-08-01,84819,SBET,SHARPLINK GAMING INC,same month,2025-08
2025-08-01,20295,CIFR,CIPHER MINING INC,same month,2025-08
2025-08-01,87759,WULF,TERAWULF INC,same month,2025-08
2025-08-01,76712,AES,A E S CORP,same month,2025-08
2025-08-01,79698,IT,GARTNER INC,same month,2025-08
2025-08-01,17372,COGT,COGENT BIOSCIENCES INC,same month,2025-08
2025-08-01,16968,MDB,MONGODB INC,same month,2025-08
2025-08-01,54148,PHM,PULTE GROUP INC,same month,2025-08
2025-08-01,12366,BAH,BOOZ ALLEN HAMILTON HOLDING CORP,same month,2025-08
2025-08-01,77415,NBTB,N B T BANCORP INC,same month,2025-08
2025-09-01,16007,NAGE,NIAGEN BIOSCIENCE INC,same month,2025-09
2025-09-01,18769,ADPT,ADAPTIVE BIOTECHNOLOGIES CORP,same month,2025-09
2025-09-01,19200,SDGR,SCHRODINGER INC,same month,2025-09
2025-09-01,17908,XERS,XERIS BIOPHARMA HOLDINGS INC,same month,2025-09
2025-09-01,80306,BCRX,BIOCRYST PHARMACEUTICALS INC,same month,2025-09
2025-09-01,79499,INOD,INNODATA INC,same month,2025-09
2025-09-01,18938,HIMS,HIMS & HERS HEALTH INC,same month,2025-09
2025-09-01,19956,WGS,GENEDX HOLDINGS CORP,same month,2025-09
2025-09-01,19851,ARRY,ARRAY TECHNOLOGIES INC,same month,2025-09
2025-09-01,22977,EE,EXCELERATE ENERGY INC,same month,2025-09
2025-09-01,89952,CMP,COMPASS MINERALS INTL INC,same month,2025-09
2025-09-01,20663,TDUP,THREDUP INC,same month,2025-09
2025-09-01,84275,UNFI,UNITED NATURAL FOODS INC,same month,2025-09
2025-09-01,82670,TGTX,T G THERAPEUTICS INC,same month,2025-09
2025-09-01,16499,PK,PARK HOTELS & RESORTS INC,same month,2025-09
2025-09-01,13939,PSIX,POWER SOLUTIONS INTL INC,same month,2025-09
2025-09-01,75070,WKC,WORLD KINECT CORP,same month,2025-09
2025-09-01,20975,DAVE,DAVE INC,same month,2025-09
2025-09-01,34673,NPKI,N P K INTERNATIONAL INC,same month,2025-09
2025-09-01,20661,ALHC,ALIGNMENT HEALTHCARE INC,same month,2025-09
2025-09-01,91659,ALGT,ALLEGIANT TRAVEL CO,same month,2025-09
2025-09-01,25487,CAR,AVIS BUDGET GROUP INC,same month,2025-09
2025-09-01,11644,CRK,COMSTOCK RESOURCES INC,same month,2025-09
2025-09-01,89134,OVV,OVINTIV INC,same month,2025-09
2025-09-01,16432,GT,GOODYEAR TIRE & RUBBER CO,same month,2025-09
2025-09-01,20178,RKLB,ROCKET LAB CORP,same month,2025-09
2025-09-01,14169,PINC,PREMIER INC,same month,2025-09
2025-09-01,16816,BHF,BRIGHTHOUSE FINANCIAL INC,same month,2025-09
2025-09-01,93035,SEM,SELECT MEDICAL HOLDINGS CORP,same month,2025-09
2025-09-01,20894,APP,APPLOVIN CORP,same month,2025-09
2025-09-01,21723,HOOD,ROBINHOOD MARKETS INC,same month,2025-09
2025-09-01,16648,SNDR,SCHNEIDER NATIONAL INC,same month,2025-09
2025-09-01,24459,PBI,PITNEY BOWES INC,same month,2025-09
2025-09-01,22976,WBD,WARNER BROS DISCOVERY INC,same month,2025-09
2025-09-01,20196,UPST,UPSTART HOLDINGS INC,same month,2025-09
2025-09-01,92570,DAN,DANA INC,same month,2025-09
2025-09-01,24972,RBRK,RUBRIK INC,same month,2025-09
2025-09-01,86819,ATLC,ATLANTICUS HOLDINGS CORP,same month,2025-09
2025-09-01,23439,MBLY,MOBILEYE GLOBAL INC,same month,2025-09
2025-09-01,11891,MGM,M G M RESORTS INTERNATIONAL,same month,2025-09
2025-09-01,13967,PTCT,P T C THERAPEUTICS INC,same month,2025-09
2025-09-01,89482,BANC,BANC OF CALIFORNIA INC,same month,2025-09
2025-09-01,17684,AHCO,ADAPTHEALTH CORP,same month,2025-09
2025-09-01,14229,OMF,ONEMAIN HOLDINGS INC,same month,2025-09
2025-09-01,85860,BRKL,BROOKLINE BANCORP INC,same month,2025-09
2025-09-01,92220,MASI,MASIMO CORP,same month,2025-09
2025-09-01,80169,AGM,FEDERAL AGRICULTURAL MORT CORP,same month,2025-09
2025-09-01,86820,CFFN,CAPITOL FEDERAL FINANCIAL INC,same month,2025-09
2025-09-01,63773,TDS,TELEPHONE & DATA SYSTEMS INC,same month,2025-09
2025-09-01,17929,UGI,U G I CORP NEW,same month,2025-09
2025-09-01,12515,BKU,BANKUNITED INC,same month,2025-09
2025-09-01,15332,CWEN,CLEARWAY ENERGY INC,same month,2025-09
2025-09-01,87812,SLAB,SILICON LABORATORIES INC,same month,2025-09
2025-09-01,16673,KNTK,KINETIK HOLDINGS INC,same month,2025-09
2025-09-01,18940,PTON,PELOTON INTERACTIVE INC,same month,2025-09
2025-09-01,79906,INCY,INCYTE CORP,same month,2025-09
2025-09-01,15831,AXSM,AXSOME THERAPEUTICS INC,same month,2025-09
2025-09-01,85621,MTD,METTLER TOLEDO INTERNATIONAL INC,same month,2025-09
2025-09-01,60986,NWL,NEWELL BRANDS INC,same month,2025-09
2025-09-01,21614,DUOL,DUOLINGO INC,same month,2025-09
2025-09-01,16655,CVNA,CARVANA CO,same month,2025-09
2025-09-01,89964,NNI,NELNET INC,same month,2025-09
2025-09-01,21020,AAL,AMERICAN AIRLINES GROUP INC,same month,2025-09
2025-09-01,83774,OCFC,OCEANFIRST FINANCIAL CORP,same month,2025-09
2025-09-01,86822,EXTR,EXTREME NETWORKS INC,same month,2025-09
2025-09-01,75320,AD,ARRAY DIGITAL INFRASTRUCTURE INC,same month,2025-09
2025-09-01,10382,ASTE,ASTEC INDUSTRIES INC,same month,2025-09
2025-09-01,90856,ATRC,ATRICURE INC,same month,2025-09
2025-09-01,79879,VIAV,VIAVI SOLUTIONS INC,same month,2025-09
2025-09-01,19788,PLTR,PALANTIR TECHNOLOGIES INC,same month,2025-09
2025-09-01,22027,JXN,JACKSON FINANCIAL INC,same month,2025-09
2025-09-01,85741,HOPE,HOPE BANCORP INC,same month,2025-09
2025-09-01,17949,BE,BLOOM ENERGY CORP,same month,2025-09
2025-09-01,12583,PCRX,PACIRA BIOSCIENCES INC,same month,2025-09
2025-09-01,49015,LNC,LINCOLN NATIONAL CORP,same month,2025-09
2025-09-01,89653,PFS,PROVIDENT FINANCIAL SVCS INC,same month,2025-09
2025-09-01,20057,VTRS,VIATRIS INC,same month,2025-09
2025-09-01,14960,ENVA,ENOVA INTERNATIONAL INC,same month,2025-09
2025-09-01,14495,ATEN,A10 NETWORKS INC,same month,2025-09
2025-09-01,10421,SKYW,SKYWEST INC,same month,2025-09
2025-09-01,82779,NVAX,NOVAVAX INC,same month,2025-09
2025-09-01,82702,AMRX,AMNEAL PHARMACEUTICALS INC,same month,2025-09
2025-09-01,20598,CALM,CAL MAINE FOODS INC,same month,2025-09
2025-09-01,89031,AXON,AXON ENTERPRISE INC,same month,2025-09
2025-09-01,15302,VIRT,VIRTU FINANCIAL INC,same month,2025-09
2025-09-01,19838,EVLV,EVOLV TECHNOLOGIES HOLDINGS INC,same month,2025-09
2025-09-01,47941,TGNA,TEGNA INC,same month,2025-09
2025-09-01,89455,RUSHA,RUSH ENTERPRISES INC,same month,2025-09
2025-09-01,91855,SFNC,SIMMONS 1ST NATIONAL CORP,same month,2025-09
2025-09-01,76128,VICR,VICOR CORP,same month,2025-09
2025-09-01,19224,AEVA,AEVA TECHNOLOGIES INC,same month,2025-09
2025-09-01,77175,AMSC,AMERICAN SUPERCONDUCTOR CORP,same month,2025-09
2025-09-01,18135,GH,GUARDANT HEALTH INC,same month,2025-09
2025-09-01,15456,FL,FOOT LOCKER INC,same month,2025-09
2025-09-01,21345,MQ,MARQETA INC,same month,2025-09
2025-09-01,90029,DVAX,DYNAVAX TECHNOLOGIES CORP,same month,2025-09
2025-09-01,78840,IAC,IAC INC,same month,2025-09
2025-09-01,13956,GOGO,GOGO INC,same month,2025-09
2025-09-01,79864,VSEC,V S E CORP,same month,2025-09
2025-09-01,16044,NGVT,INGEVITY CORP,same month,2025-09
2025-09-01,91611,FSLR,FIRST SOLAR INC,same month,2025-09
2025-09-01,21927,DJT,TRUMP MEDIA & TECH GRP CORP,same month,2025-09
2025-09-01,16680,QXO,Q X O INC,same month,2025-09
2025-09-01,21415,S,SENTINELONE INC,same month,2025-09
2025-09-01,21053,BBAI,BIGBEAR AI HOLDINGS INC,same month,2025-09
2025-09-01,22220,NN,NEXTNAV INC,same month,2025-09
2025-09-01,21090,RCAT,RED CAT HOLDINGS INC,same month,2025-09
2025-09-01,19849,SMMT,SUMMIT THERAPEUTICS INC,same month,2025-09
2025-09-01,84819,SBET,SHARPLINK GAMING INC,same month,2025-09
2025-09-01,21619,OKLO,OKLO INC,same month,2025-09
2025-09-01,54148,PHM,PULTE GROUP INC,same month,2025-09
2025-09-01,25147,FUN,SIX FLAGS ENTERTAINMENT CORP NEW,same month,2025-09
2025-09-01,19076,ASTS,A S T SPACEMOBILE INC,same month,2025-09
2025-09-01,25243,OS,ONESTREAM INC,same month,2025-09
2025-09-01,19599,QS,QUANTUMSCAPE CORP,same month,2025-09
2025-09-01,23054,SOUN,SOUNDHOUND AI INC,same month,2025-09
2025-09-01,19655,STEP,STEPSTONE GROUP INC,same month,2025-09
2025-09-01,83976,ANF,ABERCROMBIE & FITCH CO,same month,2025-09
2025-09-01,89297,CCOI,COGENT COMMUNICATIONS HLDS INC,same month,2025-09
2025-09-01,16968,MDB,MONGODB INC,same month,2025-09
2025-09-01,15058,SLNO,SOLENO THERAPEUTICS INC,same month,2025-09
2025-09-01,25773,PRMB,PRIMO BRANDS CORP,same month,2025-09
2025-09-01,24085,LLYVK,LIBERTY MEDIA CORP 3RD NEW,same month,2025-09
2025-09-01,16182,PI,IMPINJ INC,same month,2025-09
2025-09-01,79698,IT,GARTNER INC,same month,2025-09
2025-09-01,87759,WULF,TERAWULF INC,same month,2025-09
2025-09-01,86211,MSTR,STRATEGY INC,same month,2025-09
2025-09-01,19002,BWIN,BALDWIN INSURANCE GROUP INC,same month,2025-09
2025-09-01,22268,SG,SWEETGREEN INC,same month,2025-09
2025-09-01,89626,CME,C M E GROUP INC,same month,2025-09
2025-09-01,21928,IDA,IDACORP INC,same month,2025-09
2025-09-01,16653,HCC,WARRIOR MET COAL INC,same month,2025-09
2025-09-01,21207,NEM,NEWMONT CORP,same month,2025-09
2025-09-01,18770,BBIO,BRIDGEBIO PHARMA INC,same month,2025-09
2025-09-01,90505,LVS,LAS VEGAS SANDS CORP,same month,2025-09
2025-09-01,14813,MARA,MARA HOLDINGS INC,same month,2025-09
2025-09-01,24655,HUT,HUT 8 CORP,same month,2025-09
2025-09-01,25239,WBTN,WEBTOON ENTERTAINMENT INC,same month,2025-09
2025-09-01,23263,QBTS,D WAVE QUANTUM INC,same month,2025-09
2025-09-01,20930,SOC,SABLE OFFSHORE CORP,same month,2025-09
2025-09-01,19484,PCVX,VAXCYTE INC,same month,2025-09
2025-09-01,20295,CIFR,CIPHER MINING INC,same month,2025-09
2025-09-01,18776,IMVT,IMMUNOVANT INC,same month,2025-09
2025-09-01,21007,RGTI,RIGETTI COMPUTING INC,same month,2025-09
2025-09-01,23730,MLYS,MINERALYS THERAPEUTICS INC,same month,2025-09
2025-09-01,24698,CORZ,CORE SCIENTIFIC INC NEW,same month,2025-09
2025-09-01,77415,NBTB,N B T BANCORP INC,same month,2025-09
2025-09-01,89986,APLD,APPLIED DIGITAL CORP,same month,2025-09
2025-09-01,17104,APLS,APELLIS PHARMACEUTICALS INC,same month,2025-09
2025-09-01,19187,CLSK,CLEANSPARK INC,same month,2025-09
2025-09-01,15303,VKTX,VIKING THERAPEUTICS INC,same month,2025-09
2025-09-01,25244,LINE,LINEAGE INC,same month,2025-09
2025-09-01,18772,AKRO,AKERO THERAPEUTICS INC,same month,2025-09
2025-09-01,91907,SMCI,SUPER MICRO COMPUTER INC,same month,2025-09
2025-09-01,92108,BX,BLACKSTONE INC,same month,2025-09
2025-09-01,12366,BAH,BOOZ ALLEN HAMILTON HOLDING CORP,same month,2025-09
2025-09-01,21747,NUVL,NUVALENT INC,same month,2025-09
2025-09-01,86228,RSG,REPUBLIC SERVICES INC,same month,2025-09
2025-09-01,17372,COGT,COGENT BIOSCIENCES INC,same month,2025-09
2025-09-01,17683,CLBK,COLUMBIA FINANCIAL INC,same month,2025-09
2025-09-01,16005,SYRE,SPYRE THERAPEUTICS INC,same month,2025-09
2025-09-01,18735,GO,GROCERY OUTLET HOLDING CORP,same month,2025-09
2025-09-01,21596,NABL,N ABLE INC,same month,2025-09
2025-09-01,38093,AJG,GALLAGHER ARTHUR J & CO,same month,2025-09
2025-09-01,24964,PACS,PACS GROUP INC,same month,2025-09
2025-09-01,14708,VRDN,VIRIDIAN THERAPEUTICS INC,same month,2025-09
2025-09-01,18575,PSN,PARSONS CORP,same month,2025-09
2025-09-01,19986,PRAX,PRAXIS PRECISION MEDICINES INC,same month,2025-09
2025-09-01,21342,VERA,VERA THERAPEUTICS INC,same month,2025-09
2025-09-01,19201,RVMD,REVOLUTION MEDICINES INC,same month,2025-09
2025-09-01,92213,RIOT,RIOT PLATFORMS INC,same month,2025-09
2025-09-01,24875,ALAB,ASTERA LABS INC,same month,2025-09
2025-09-01,19489,PCT,PURECYCLE TECHNOLOGIES INC,same month,2025-09
2025-09-01,19628,IRON,DISC MEDICINE INC,same month,2025-09
2025-09-01,19313,ELVN,ENLIVEN THERAPEUTICS INC,same month,2025-09
2025-09-01,20750,CWT,CALIFORNIA WATER SERVICE GROUP,same month,2025-09
2025-09-01,83509,FCN,F T I CONSULTING INC,same month,2025-09
2025-09-01,24064,APGE,APOGEE THERAPEUTICS INC,same month,2025-09
2025-09-01,90126,CYTK,CYTOKINETICS INC,same month,2025-09
2025-09-01,22618,TPG,T P G INC,same month,2025-09
2025-09-01,18656,IDYA,IDEAYA BIOSCIENCES INC,same month,2025-09
2025-09-01,23147,IE,IVANHOE ELECTRIC INC,same month,2025-09
2025-09-01,24023,BATRK,ATLANTA BRAVES HOLDINGS INC,same month,2025-09
2025-09-01,19070,ETNB,89BIO INC,same month,2025-09
2025-09-01,21029,RUM,RUMBLE INC,same month,2025-09
2025-09-01,16649,OKTA,OKTA INC,same month,2025-09
2025-09-01,19825,DYN,DYNE THERAPEUTICS INC,same month,2025-09
2025-09-01,18568,VERB,VERB TECHNOLOGY COMPANY INC,same month,2025-09
2025-09-01,19312,UWMC,U W M HOLDINGS CORP,same month,2025-09
2025-09-01,77661,DHI,D R HORTON INC,same month,2025-09
2025-09-01,26178,SAIL,SAILPOINT INC,same month,2025-09
2025-09-01,34833,OXY,OCCIDENTAL PETROLEUM CORP,same month,2025-09
2025-09-01,21898,CWAN,CLEARWATER ANALYTICS HLDGS INC,same month,2025-09
2025-09-01,52708,LEN,LENNAR CORP,same month,2025-09
2025-09-01,21017,ALKT,ALKAMI TECHNOLOGY INC,same month,2025-09
2025-09-01,42585,SJM,SMUCKER J M CO,same month,2025-09
2025-09-01,75342,MTH,MERITAGE HOMES CORP,same month,2025-09
2025-09-01,14479,IBP,INSTALLED BUILDING PRODUCTS INC,same month,2025-09
2025-09-01,14716,CCS,CENTURY COMMUNITIES INC,same month,2025-09
2025-09-01,14317,LGIH,L G I HOMES INC,same month,2025-09
2025-10-01,18769,ADPT,ADAPTIVE BIOTECHNOLOGIES CORP,same month,2025-10
2025-10-01,19200,SDGR,SCHRODINGER INC,same month,2025-10
2025-10-01,17908,XERS,XERIS BIOPHARMA HOLDINGS INC,same month,2025-10
2025-10-01,80306,BCRX,BIOCRYST PHARMACEUTICALS INC,same month,2025-10
2025-10-01,18135,GH,GUARDANT HEALTH INC,same month,2025-10
2025-10-01,19851,ARRY,ARRAY TECHNOLOGIES INC,same month,2025-10
2025-10-01,79499,INOD,INNODATA INC,same month,2025-10
2025-10-01,20663,TDUP,THREDUP INC,same month,2025-10
2025-10-01,22977,EE,EXCELERATE ENERGY INC,same month,2025-10
2025-10-01,18938,HIMS,HIMS & HERS HEALTH INC,same month,2025-10
2025-10-01,19956,WGS,GENEDX HOLDINGS CORP,same month,2025-10
2025-10-01,16499,PK,PARK HOTELS & RESORTS INC,same month,2025-10
2025-10-01,20661,ALHC,ALIGNMENT HEALTHCARE INC,same month,2025-10
2025-10-01,77175,AMSC,AMERICAN SUPERCONDUCTOR CORP,same month,2025-10
2025-10-01,75070,WKC,WORLD KINECT CORP,same month,2025-10
2025-10-01,20975,DAVE,DAVE INC,same month,2025-10
2025-10-01,16432,GT,GOODYEAR TIRE & RUBBER CO,same month,2025-10
2025-10-01,34673,NPKI,N P K INTERNATIONAL INC,same month,2025-10
2025-10-01,89952,CMP,COMPASS MINERALS INTL INC,same month,2025-10
2025-10-01,13939,PSIX,POWER SOLUTIONS INTL INC,same month,2025-10
2025-10-01,89134,OVV,OVINTIV INC,same month,2025-10
2025-10-01,25487,CAR,AVIS BUDGET GROUP INC,same month,2025-10
2025-10-01,82670,TGTX,T G THERAPEUTICS INC,same month,2025-10
2025-10-01,17929,UGI,U G I CORP NEW,same month,2025-10
2025-10-01,14169,PINC,PREMIER INC,same month,2025-10
2025-10-01,79906,INCY,INCYTE CORP,same month,2025-10
2025-10-01,16648,SNDR,SCHNEIDER NATIONAL INC,same month,2025-10
2025-10-01,17684,AHCO,ADAPTHEALTH CORP,same month,2025-10
2025-10-01,24459,PBI,PITNEY BOWES INC,same month,2025-10
2025-10-01,92570,DAN,DANA INC,same month,2025-10
2025-10-01,91659,ALGT,ALLEGIANT TRAVEL CO,same month,2025-10
2025-10-01,11891,MGM,M G M RESORTS INTERNATIONAL,same month,2025-10
2025-10-01,20894,APP,APPLOVIN CORP,same month,2025-10
2025-10-01,15332,CWEN,CLEARWAY ENERGY INC,same month,2025-10
2025-10-01,90029,DVAX,DYNAVAX TECHNOLOGIES CORP,same month,2025-10
2025-10-01,84275,UNFI,UNITED NATURAL FOODS INC,same month,2025-10
2025-10-01,21345,MQ,MARQETA INC,same month,2025-10
2025-10-01,20196,UPST,UPSTART HOLDINGS INC,same month,2025-10
2025-10-01,21723,HOOD,ROBINHOOD MARKETS INC,same month,2025-10
2025-10-01,78840,IAC,IAC INC,same month,2025-10
2025-10-01,24972,RBRK,RUBRIK INC,same month,2025-10
2025-10-01,19224,AEVA,AEVA TECHNOLOGIES INC,same month,2025-10
2025-10-01,86819,ATLC,ATLANTICUS HOLDINGS CORP,same month,2025-10
2025-10-01,15831,AXSM,AXSOME THERAPEUTICS INC,same month,2025-10
2025-10-01,20178,RKLB,ROCKET LAB CORP,same month,2025-10
2025-10-01,90856,ATRC,ATRICURE INC,same month,2025-10
2025-10-01,89482,BANC,BANC OF CALIFORNIA INC,same month,2025-10
2025-10-01,13956,GOGO,GOGO INC,same month,2025-10
2025-10-01,60986,NWL,NEWELL BRANDS INC,same month,2025-10
2025-10-01,63773,TDS,TELEPHONE & DATA SYSTEMS INC,same month,2025-10
2025-10-01,14229,OMF,ONEMAIN HOLDINGS INC,same month,2025-10
2025-10-01,93035,SEM,SELECT MEDICAL HOLDINGS CORP,same month,2025-10
2025-10-01,79864,VSEC,V S E CORP,same month,2025-10
2025-10-01,21020,AAL,AMERICAN AIRLINES GROUP INC,same month,2025-10
2025-10-01,80169,AGM,FEDERAL AGRICULTURAL MORT CORP,same month,2025-10
2025-10-01,86820,CFFN,CAPITOL FEDERAL FINANCIAL INC,same month,2025-10
2025-10-01,16044,NGVT,INGEVITY CORP,same month,2025-10
2025-10-01,12515,BKU,BANKUNITED INC,same month,2025-10
2025-10-01,85621,MTD,METTLER TOLEDO INTERNATIONAL INC,same month,2025-10
2025-10-01,87812,SLAB,SILICON LABORATORIES INC,same month,2025-10
2025-10-01,82702,AMRX,AMNEAL PHARMACEUTICALS INC,same month,2025-10
2025-10-01,18940,PTON,PELOTON INTERACTIVE INC,same month,2025-10
2025-10-01,20057,VTRS,VIATRIS INC,same month,2025-10
2025-10-01,75320,AD,ARRAY DIGITAL INFRASTRUCTURE INC,same month,2025-10
2025-10-01,89964,NNI,NELNET INC,same month,2025-10
2025-10-01,86822,EXTR,EXTREME NETWORKS INC,same month,2025-10
2025-10-01,16655,CVNA,CARVANA CO,same month,2025-10
2025-10-01,21614,DUOL,DUOLINGO INC,same month,2025-10
2025-10-01,92220,MASI,MASIMO CORP,same month,2025-10
2025-10-01,85741,HOPE,HOPE BANCORP INC,same month,2025-10
2025-10-01,83774,OCFC,OCEANFIRST FINANCIAL CORP,same month,2025-10
2025-10-01,11644,CRK,COMSTOCK RESOURCES INC,same month,2025-10
2025-10-01,19788,PLTR,PALANTIR TECHNOLOGIES INC,same month,2025-10
2025-10-01,22976,WBD,WARNER BROS DISCOVERY INC,same month,2025-10
2025-10-01,22027,JXN,JACKSON FINANCIAL INC,same month,2025-10
2025-10-01,10421,SKYW,SKYWEST INC,same month,2025-10
2025-10-01,89653,PFS,PROVIDENT FINANCIAL SVCS INC,same month,2025-10
2025-10-01,17949,BE,BLOOM ENERGY CORP,same month,2025-10
2025-10-01,12583,PCRX,PACIRA BIOSCIENCES INC,same month,2025-10
2025-10-01,49015,LNC,LINCOLN NATIONAL CORP,same month,2025-10
2025-10-01,20598,CALM,CAL MAINE FOODS INC,same month,2025-10
2025-10-01,47941,TGNA,TEGNA INC,same month,2025-10
2025-10-01,79879,VIAV,VIAVI SOLUTIONS INC,same month,2025-10
2025-10-01,15302,VIRT,VIRTU FINANCIAL INC,same month,2025-10
2025-10-01,14603,PAHC,PHIBRO ANIMAL HEALTH CORP,same month,2025-10
2025-10-01,24100,SEZL,SEZZLE INC,same month,2025-10
2025-10-01,61743,DLX,DELUXE CORP,same month,2025-10
2025-10-01,17691,LASR,NLIGHT INC,same month,2025-10
2025-10-01,93289,MXL,MAXLINEAR INC,same month,2025-10
2025-10-01,60599,LUMN,LUMEN TECHOLOGIES INC,same month,2025-10
2025-10-01,88568,SPTN,SPARTANNASH CO,carried forward from an earlier month,2025-09
2025-10-01,19938,ALGM,ALLEGRO MICROSYSTEMS INC,same month,2025-10
2025-10-01,21123,PAY,PAYMENTUS HOLDINGS INC,same month,2025-10
2025-10-01,71176,SON,SONOCO PRODUCTS CO,same month,2025-10
2025-10-01,13921,CUBI,CUSTOMERS BANCORP INC,same month,2025-10
2025-10-01,19184,ARQT,ARCUTIS BIOTHERAPEUTICS INC,same month,2025-10
2025-10-01,15720,EIX,EDISON INTERNATIONAL,same month,2025-10
2025-10-01,85627,SAH,SONIC AUTOMOTIVE INC,same month,2025-10
2025-10-01,13249,PRLB,PROTO LABS INC,same month,2025-10
2025-10-01,13318,YELP,YELP INC,same month,2025-10
2025-10-01,21927,DJT,TRUMP MEDIA & TECH GRP CORP,same month,2025-10
2025-10-01,16680,QXO,Q X O INC,same month,2025-10
2025-10-01,21090,RCAT,RED CAT HOLDINGS INC,same month,2025-10
2025-10-01,21053,BBAI,BIGBEAR AI HOLDINGS INC,same month,2025-10
2025-10-01,22220,NN,NEXTNAV INC,same month,2025-10
2025-10-01,19849,SMMT,SUMMIT THERAPEUTICS INC,same month,2025-10
2025-10-01,19076,ASTS,A S T SPACEMOBILE INC,same month,2025-10
2025-10-01,19655,STEP,STEPSTONE GROUP INC,same month,2025-10
2025-10-01,26178,SAIL,SAILPOINT INC,same month,2025-10
2025-10-01,23054,SOUN,SOUNDHOUND AI INC,same month,2025-10
2025-10-01,25243,OS,ONESTREAM INC,same month,2025-10
2025-10-01,89297,CCOI,COGENT COMMUNICATIONS HLDS INC,same month,2025-10
2025-10-01,25147,FUN,SIX FLAGS ENTERTAINMENT CORP NEW,same month,2025-10
2025-10-01,84819,SBET,SHARPLINK GAMING INC,same month,2025-10
2025-10-01,21898,CWAN,CLEARWATER ANALYTICS HLDGS INC,same month,2025-10
2025-10-01,91611,FSLR,FIRST SOLAR INC,same month,2025-10
2025-10-01,24085,LLYVK,LIBERTY MEDIA CORP 3RD NEW,same month,2025-10
2025-10-01,79698,IT,GARTNER INC,same month,2025-10
2025-10-01,19002,BWIN,BALDWIN INSURANCE GROUP INC,same month,2025-10
2025-10-01,23263,QBTS,D WAVE QUANTUM INC,same month,2025-10
2025-10-01,21415,S,SENTINELONE INC,same month,2025-10
2025-10-01,21619,OKLO,OKLO INC,same month,2025-10
2025-10-01,21007,RGTI,RIGETTI COMPUTING INC,same month,2025-10
2025-10-01,20295,CIFR,CIPHER MINING INC,same month,2025-10
2025-10-01,19599,QS,QUANTUMSCAPE CORP,same month,2025-10
2025-10-01,15058,SLNO,SOLENO THERAPEUTICS INC,same month,2025-10
2025-10-01,24655,HUT,HUT 8 CORP,same month,2025-10
2025-10-01,86211,MSTR,STRATEGY INC,same month,2025-10
2025-10-01,25773,PRMB,PRIMO BRANDS CORP,same month,2025-10
2025-10-01,89626,CME,C M E GROUP INC,same month,2025-10
2025-10-01,21017,ALKT,ALKAMI TECHNOLOGY INC,same month,2025-10
2025-10-01,22268,SG,SWEETGREEN INC,same month,2025-10
2025-10-01,16182,PI,IMPINJ INC,same month,2025-10
2025-10-01,25239,WBTN,WEBTOON ENTERTAINMENT INC,same month,2025-10
2025-10-01,20930,SOC,SABLE OFFSHORE CORP,same month,2025-10
2025-10-01,77661,DHI,D R HORTON INC,same month,2025-10
2025-10-01,14813,MARA,MARA HOLDINGS INC,same month,2025-10
2025-10-01,24698,CORZ,CORE SCIENTIFIC INC NEW,same month,2025-10
2025-10-01,21207,NEM,NEWMONT CORP,same month,2025-10
2025-10-01,14317,LGIH,L G I HOMES INC,same month,2025-10
2025-10-01,21928,IDA,IDACORP INC,same month,2025-10
2025-10-01,89986,APLD,APPLIED DIGITAL CORP,same month,2025-10
2025-10-01,23730,MLYS,MINERALYS THERAPEUTICS INC,same month,2025-10
2025-10-01,86228,RSG,REPUBLIC SERVICES INC,same month,2025-10
2025-10-01,17683,CLBK,COLUMBIA FINANCIAL INC,same month,2025-10
2025-10-01,16653,HCC,WARRIOR MET COAL INC,same month,2025-10
2025-10-01,19484,PCVX,VAXCYTE INC,same month,2025-10
2025-10-01,19187,CLSK,CLEANSPARK INC,same month,2025-10
2025-10-01,18776,IMVT,IMMUNOVANT INC,same month,2025-10
2025-10-01,18770,BBIO,BRIDGEBIO PHARMA INC,same month,2025-10
2025-10-01,83976,ANF,ABERCROMBIE & FITCH CO,same month,2025-10
2025-10-01,25244,LINE,LINEAGE INC,same month,2025-10
2025-10-01,14716,CCS,CENTURY COMMUNITIES INC,same month,2025-10
2025-10-01,38093,AJG,GALLAGHER ARTHUR J & CO,same month,2025-10
2025-10-01,91907,SMCI,SUPER MICRO COMPUTER INC,same month,2025-10
2025-10-01,42585,SJM,SMUCKER J M CO,same month,2025-10
2025-10-01,18772,AKRO,AKERO THERAPEUTICS INC,same month,2025-10
2025-10-01,21747,NUVL,NUVALENT INC,same month,2025-10
2025-10-01,92108,BX,BLACKSTONE INC,same month,2025-10
2025-10-01,77415,NBTB,N B T BANCORP INC,same month,2025-10
2025-10-01,15303,VKTX,VIKING THERAPEUTICS INC,same month,2025-10
2025-10-01,22618,TPG,T P G INC,same month,2025-10
2025-10-01,52708,LEN,LENNAR CORP,same month,2025-10
2025-10-01,19201,RVMD,REVOLUTION MEDICINES INC,same month,2025-10
2025-10-01,21596,NABL,N ABLE INC,same month,2025-10
2025-10-01,75342,MTH,MERITAGE HOMES CORP,same month,2025-10
2025-10-01,24964,PACS,PACS GROUP INC,same month,2025-10
2025-10-01,16005,SYRE,SPYRE THERAPEUTICS INC,same month,2025-10
2025-10-01,17372,COGT,COGENT BIOSCIENCES INC,same month,2025-10
2025-10-01,19986,PRAX,PRAXIS PRECISION MEDICINES INC,same month,2025-10
2025-10-01,21342,VERA,VERA THERAPEUTICS INC,same month,2025-10
2025-10-01,18575,PSN,PARSONS CORP,same month,2025-10
2025-10-01,17104,APLS,APELLIS PHARMACEUTICALS INC,same month,2025-10
2025-10-01,16649,OKTA,OKTA INC,same month,2025-10
2025-10-01,92213,RIOT,RIOT PLATFORMS INC,same month,2025-10
2025-10-01,24064,APGE,APOGEE THERAPEUTICS INC,same month,2025-10
2025-10-01,90505,LVS,LAS VEGAS SANDS CORP,same month,2025-10
2025-10-01,21029,RUM,RUMBLE INC,same month,2025-10
2025-10-01,54148,PHM,PULTE GROUP INC,same month,2025-10
2025-10-01,19489,PCT,PURECYCLE TECHNOLOGIES INC,same month,2025-10
2025-10-01,90126,CYTK,CYTOKINETICS INC,same month,2025-10
2025-10-01,19628,IRON,DISC MEDICINE INC,same month,2025-10
2025-10-01,14708,VRDN,VIRIDIAN THERAPEUTICS INC,same month,2025-10
2025-10-01,19313,ELVN,ENLIVEN THERAPEUTICS INC,same month,2025-10
2025-10-01,83509,FCN,F T I CONSULTING INC,same month,2025-10
2025-10-01,23147,IE,IVANHOE ELECTRIC INC,same month,2025-10
2025-10-01,18735,GO,GROCERY OUTLET HOLDING CORP,same month,2025-10
2025-10-01,14479,IBP,INSTALLED BUILDING PRODUCTS INC,same month,2025-10
2025-10-01,20750,CWT,CALIFORNIA WATER SERVICE GROUP,same month,2025-10
2025-10-01,19070,ETNB,89BIO INC,same month,2025-10
2025-10-01,18656,IDYA,IDEAYA BIOSCIENCES INC,same month,2025-10
2025-10-01,37381,FORD,FORWARD INDUSTRIES INC NY,same month,2025-10
2025-10-01,19577,RKT,ROCKET COMPANIES INC,same month,2025-10
2025-10-01,26181,SNDK,SANDISK CORP,same month,2025-10
2025-10-01,81593,COOP,MR COOPER GROUP INC,same month,2025-10
2025-10-01,19751,LCID,LUCID GROUP INC,same month,2025-10
2025-10-01,21331,AUR,AURORA INNOVATION INC,same month,2025-10
2025-10-01,86896,CBU,COMMUNITY FINANCIAL SYSTEM INC,same month,2025-10
2025-10-01,87267,BLK,BLACKROCK INC NEW,same month,2025-10
2025-10-01,15084,TFIN,TRIUMPH FINANCIAL INC,same month,2025-10
2025-11-01,18769,ADPT,ADAPTIVE BIOTECHNOLOGIES CORP,same month,2025-11
2025-11-01,17908,XERS,XERIS BIOPHARMA HOLDINGS INC,same month,2025-11
2025-11-01,14603,PAHC,PHIBRO ANIMAL HEALTH CORP,same month,2025-11
2025-11-01,18135,GH,GUARDANT HEALTH INC,same month,2025-11
2025-11-01,80306,BCRX,BIOCRYST PHARMACEUTICALS INC,same month,2025-11
2025-11-01,18938,HIMS,HIMS & HERS HEALTH INC,same month,2025-11
2025-11-01,19851,ARRY,ARRAY TECHNOLOGIES INC,same month,2025-11
2025-11-01,79499,INOD,INNODATA INC,same month,2025-11
2025-11-01,24100,SEZL,SEZZLE INC,same month,2025-11
2025-11-01,20663,TDUP,THREDUP INC,same month,2025-11
2025-11-01,19956,WGS,GENEDX HOLDINGS CORP,same month,2025-11
2025-11-01,20661,ALHC,ALIGNMENT HEALTHCARE INC,same month,2025-11
2025-11-01,17929,UGI,U G I CORP NEW,same month,2025-11
2025-11-01,61743,DLX,DELUXE CORP,same month,2025-11
2025-11-01,16432,GT,GOODYEAR TIRE & RUBBER CO,same month,2025-11
2025-11-01,71176,SON,SONOCO PRODUCTS CO,same month,2025-11
2025-11-01,16499,PK,PARK HOTELS & RESORTS INC,same month,2025-11
2025-11-01,13939,PSIX,POWER SOLUTIONS INTL INC,same month,2025-11
2025-11-01,77175,AMSC,AMERICAN SUPERCONDUCTOR CORP,same month,2025-11
2025-11-01,89134,OVV,OVINTIV INC,same month,2025-11
2025-11-01,34673,NPKI,N P K INTERNATIONAL INC,same month,2025-11
2025-11-01,22977,EE,EXCELERATE ENERGY INC,same month,2025-11
2025-11-01,20975,DAVE,DAVE INC,same month,2025-11
2025-11-01,25487,CAR,AVIS BUDGET GROUP INC,same month,2025-11
2025-11-01,75070,WKC,WORLD KINECT CORP,same month,2025-11
2025-11-01,24459,PBI,PITNEY BOWES INC,same month,2025-11
2025-11-01,17691,LASR,NLIGHT INC,same month,2025-11
2025-11-01,93289,MXL,MAXLINEAR INC,same month,2025-11
2025-11-01,82670,TGTX,T G THERAPEUTICS INC,same month,2025-11
2025-11-01,17949,BE,BLOOM ENERGY CORP,same month,2025-11
2025-11-01,14169,PINC,PREMIER INC,same month,2025-11
2025-11-01,15720,EIX,EDISON INTERNATIONAL,same month,2025-11
2025-11-01,60599,LUMN,LUMEN TECHOLOGIES INC,same month,2025-11
2025-11-01,20894,APP,APPLOVIN CORP,same month,2025-11
2025-11-01,17684,AHCO,ADAPTHEALTH CORP,same month,2025-11
2025-11-01,19184,ARQT,ARCUTIS BIOTHERAPEUTICS INC,same month,2025-11
2025-11-01,90029,DVAX,DYNAVAX TECHNOLOGIES CORP,same month,2025-11
2025-11-01,19200,SDGR,SCHRODINGER INC,same month,2025-11
2025-11-01,79906,INCY,INCYTE CORP,same month,2025-11
2025-11-01,21123,PAY,PAYMENTUS HOLDINGS INC,same month,2025-11
2025-11-01,78840,IAC,IAC INC,same month,2025-11
2025-11-01,11891,MGM,M G M RESORTS INTERNATIONAL,same month,2025-11
2025-11-01,84275,UNFI,UNITED NATURAL FOODS INC,same month,2025-11
2025-11-01,90856,ATRC,ATRICURE INC,same month,2025-11
2025-11-01,85627,SAH,SONIC AUTOMOTIVE INC,same month,2025-11
2025-11-01,92570,DAN,DANA INC,same month,2025-11
2025-11-01,20057,VTRS,VIATRIS INC,same month,2025-11
2025-11-01,21723,HOOD,ROBINHOOD MARKETS INC,same month,2025-11
2025-11-01,19938,ALGM,ALLEGRO MICROSYSTEMS INC,same month,2025-11
2025-11-01,86819,ATLC,ATLANTICUS HOLDINGS CORP,same month,2025-11
2025-11-01,75320,AD,ARRAY DIGITAL INFRASTRUCTURE INC,same month,2025-11
2025-11-01,63773,TDS,TELEPHONE & DATA SYSTEMS INC,same month,2025-11
2025-11-01,24972,RBRK,RUBRIK INC,same month,2025-11
2025-11-01,15831,AXSM,AXSOME THERAPEUTICS INC,same month,2025-11
2025-11-01,14229,OMF,ONEMAIN HOLDINGS INC,same month,2025-11
2025-11-01,13921,CUBI,CUSTOMERS BANCORP INC,same month,2025-11
2025-11-01,86820,CFFN,CAPITOL FEDERAL FINANCIAL INC,same month,2025-11
2025-11-01,16044,NGVT,INGEVITY CORP,same month,2025-11
2025-11-01,80169,AGM,FEDERAL AGRICULTURAL MORT CORP,same month,2025-11
2025-11-01,18940,PTON,PELOTON INTERACTIVE INC,same month,2025-11
2025-11-01,19788,PLTR,PALANTIR TECHNOLOGIES INC,same month,2025-11
2025-11-01,85621,MTD,METTLER TOLEDO INTERNATIONAL INC,same month,2025-11
2025-11-01,20178,RKLB,ROCKET LAB CORP,same month,2025-11
2025-11-01,86822,EXTR,EXTREME NETWORKS INC,same month,2025-11
2025-11-01,12515,BKU,BANKUNITED INC,same month,2025-11
2025-11-01,13249,PRLB,PROTO LABS INC,same month,2025-11
2025-11-01,87812,SLAB,SILICON LABORATORIES INC,same month,2025-11
2025-11-01,49015,LNC,LINCOLN NATIONAL CORP,same month,2025-11
2025-11-01,82702,AMRX,AMNEAL PHARMACEUTICALS INC,same month,2025-11
2025-11-01,89964,NNI,NELNET INC,same month,2025-11
2025-11-01,92220,MASI,MASIMO CORP,same month,2025-11
2025-11-01,16655,CVNA,CARVANA CO,same month,2025-11
2025-11-01,13318,YELP,YELP INC,same month,2025-11
2025-11-01,79864,VSEC,V S E CORP,same month,2025-11
2025-11-01,85741,HOPE,HOPE BANCORP INC,same month,2025-11
2025-11-01,91659,ALGT,ALLEGIANT TRAVEL CO,same month,2025-11
2025-11-01,21614,DUOL,DUOLINGO INC,same month,2025-11
2025-11-01,89482,BANC,BANC OF CALIFORNIA INC,same month,2025-11
2025-11-01,13956,GOGO,GOGO INC,same month,2025-11
2025-11-01,22027,JXN,JACKSON FINANCIAL INC,same month,2025-11
2025-11-01,12583,PCRX,PACIRA BIOSCIENCES INC,same month,2025-11
2025-11-01,47941,TGNA,TEGNA INC,same month,2025-11
2025-11-01,89653,PFS,PROVIDENT FINANCIAL SVCS INC,same month,2025-11
2025-11-01,15332,CWEN,CLEARWAY ENERGY INC,same month,2025-11
2025-11-01,23041,NUTX,NUTEX HEALTH INC,same month,2025-11
2025-11-01,17000,RYTM,RHYTHM PHARMACEUTICALS INC,same month,2025-11
2025-11-01,16668,ZYME,ZYMEWORKS INC DE,same month,2025-11
2025-11-01,77606,KSS,KOHLS CORP,same month,2025-11
2025-11-01,76712,AES,A E S CORP,same month,2025-11
2025-11-01,16064,NTLA,INTELLIA THERAPEUTICS INC,same month,2025-11
2025-11-01,83233,GEF,GREIF INC,same month,2025-11
2025-11-01,18846,MIRM,MIRUM PHARMACEUTICALS INC,same month,2025-11
2025-11-01,89875,ANIP,A N I PHARMACEUTICALS INC,same month,2025-11
2025-11-01,19166,FMC,F M C CORP,same month,2025-11
2025-11-01,90386,MOS,MOSAIC CO NEW,same month,2025-11
2025-11-01,19534,MEG,MONTROSE ENVIRONMENTAL GROUP INC,same month,2025-11
2025-11-01,20919,PL,PLANET LABS P B C,same month,2025-11
2025-11-01,77366,MODG,TOPGOLF CALLAWAY BRANDS CORP,same month,2025-11
2025-11-01,15286,CDTX,CIDARA THERAPEUTICS INC,same month,2025-11
2025-11-01,19433,MP,M P MATERIALS CORP,same month,2025-11
2025-11-01,37381,FORD,FORWARD INDUSTRIES INC NY,same month,2025-11
2025-11-01,16680,QXO,Q X O INC,same month,2025-11
2025-11-01,21927,DJT,TRUMP MEDIA & TECH GRP CORP,same month,2025-11
2025-11-01,22220,NN,NEXTNAV INC,same month,2025-11
2025-11-01,21053,BBAI,BIGBEAR AI HOLDINGS INC,same month,2025-11
2025-11-01,21090,RCAT,RED CAT HOLDINGS INC,same month,2025-11
2025-11-01,19076,ASTS,A S T SPACEMOBILE INC,same month,2025-11
2025-11-01,25243,OS,ONESTREAM INC,same month,2025-11
2025-11-01,19655,STEP,STEPSTONE GROUP INC,same month,2025-11
2025-11-01,21898,CWAN,CLEARWATER ANALYTICS HLDGS INC,same month,2025-11
2025-11-01,89297,CCOI,COGENT COMMUNICATIONS HLDS INC,same month,2025-11
2025-11-01,19849,SMMT,SUMMIT THERAPEUTICS INC,same month,2025-11
2025-11-01,19002,BWIN,BALDWIN INSURANCE GROUP INC,same month,2025-11
2025-11-01,23054,SOUN,SOUNDHOUND AI INC,same month,2025-11
2025-11-01,86896,CBU,COMMUNITY FINANCIAL SYSTEM INC,same month,2025-11
2025-11-01,25147,FUN,SIX FLAGS ENTERTAINMENT CORP NEW,same month,2025-11
2025-11-01,23263,QBTS,D WAVE QUANTUM INC,same month,2025-11
2025-11-01,19751,LCID,LUCID GROUP INC,same month,2025-11
2025-11-01,84819,SBET,SHARPLINK GAMING INC,same month,2025-11
2025-11-01,24085,LLYVK,LIBERTY MEDIA CORP 3RD NEW,same month,2025-11
2025-11-01,79698,IT,GARTNER INC,same month,2025-11
2025-11-01,17683,CLBK,COLUMBIA FINANCIAL INC,same month,2025-11
2025-11-01,25244,LINE,LINEAGE INC,same month,2025-11
2025-11-01,21331,AUR,AURORA INNOVATION INC,same month,2025-11
2025-11-01,15084,TFIN,TRIUMPH FINANCIAL INC,same month,2025-11
2025-11-01,21007,RGTI,RIGETTI COMPUTING INC,same month,2025-11
2025-11-01,21017,ALKT,ALKAMI TECHNOLOGY INC,same month,2025-11
2025-11-01,25773,PRMB,PRIMO BRANDS CORP,same month,2025-11
2025-11-01,20295,CIFR,CIPHER MINING INC,same month,2025-11
2025-11-01,86211,MSTR,STRATEGY INC,same month,2025-11
2025-11-01,24655,HUT,HUT 8 CORP,same month,2025-11
2025-11-01,87267,BLK,BLACKROCK INC NEW,same month,2025-11
2025-11-01,89626,CME,C M E GROUP INC,same month,2025-11
2025-11-01,15058,SLNO,SOLENO THERAPEUTICS INC,same month,2025-11
2025-11-01,86228,RSG,REPUBLIC SERVICES INC,same month,2025-11
2025-11-01,19577,RKT,ROCKET COMPANIES INC,same month,2025-11
2025-11-01,20930,SOC,SABLE OFFSHORE CORP,same month,2025-11
2025-11-01,24698,CORZ,CORE SCIENTIFIC INC NEW,same month,2025-11
2025-11-01,21415,S,SENTINELONE INC,same month,2025-11
2025-11-01,19599,QS,QUANTUMSCAPE CORP,same month,2025-11
2025-11-01,26181,SNDK,SANDISK CORP,same month,2025-11
2025-11-01,14813,MARA,MARA HOLDINGS INC,same month,2025-11
2025-11-01,21207,NEM,NEWMONT CORP,same month,2025-11
2025-11-01,89986,APLD,APPLIED DIGITAL CORP,same month,2025-11
2025-11-01,25239,WBTN,WEBTOON ENTERTAINMENT INC,same month,2025-11
2025-11-01,19484,PCVX,VAXCYTE INC,same month,2025-11
2025-11-01,91907,SMCI,SUPER MICRO COMPUTER INC,same month,2025-11
2025-11-01,23730,MLYS,MINERALYS THERAPEUTICS INC,same month,2025-11
2025-11-01,14317,LGIH,L G I HOMES INC,same month,2025-11
2025-11-01,18776,IMVT,IMMUNOVANT INC,same month,2025-11
2025-11-01,21619,OKLO,OKLO INC,same month,2025-11
2025-11-01,19187,CLSK,CLEANSPARK INC,same month,2025-11
2025-11-01,18770,BBIO,BRIDGEBIO PHARMA INC,same month,2025-11
2025-11-01,16653,HCC,WARRIOR MET COAL INC,same month,2025-11
2025-11-01,21029,RUM,RUMBLE INC,same month,2025-11
2025-11-01,18772,AKRO,AKERO THERAPEUTICS INC,same month,2025-11
2025-11-01,92213,RIOT,RIOT PLATFORMS INC,same month,2025-11
2025-11-01,22618,TPG,T P G INC,same month,2025-11
2025-11-01,21747,NUVL,NUVALENT INC,same month,2025-11
2025-11-01,92108,BX,BLACKSTONE INC,same month,2025-11
2025-11-01,16182,PI,IMPINJ INC,same month,2025-11
2025-11-01,15303,VKTX,VIKING THERAPEUTICS INC,same month,2025-11
2025-11-01,19201,RVMD,REVOLUTION MEDICINES INC,same month,2025-11
2025-11-01,24064,APGE,APOGEE THERAPEUTICS INC,same month,2025-11
2025-11-01,90505,LVS,LAS VEGAS SANDS CORP,same month,2025-11
2025-11-01,16005,SYRE,SPYRE THERAPEUTICS INC,same month,2025-11
2025-11-01,19986,PRAX,PRAXIS PRECISION MEDICINES INC,same month,2025-11
2025-11-01,21342,VERA,VERA THERAPEUTICS INC,same month,2025-11
2025-11-01,26178,SAIL,SAILPOINT INC,same month,2025-11
2025-11-01,42585,SJM,SMUCKER J M CO,same month,2025-11
2025-11-01,17372,COGT,COGENT BIOSCIENCES INC,same month,2025-11
2025-11-01,77661,DHI,D R HORTON INC,same month,2025-11
2025-11-01,19489,PCT,PURECYCLE TECHNOLOGIES INC,same month,2025-11
2025-11-01,24964,PACS,PACS GROUP INC,same month,2025-11
2025-11-01,21928,IDA,IDACORP INC,same month,2025-11
2025-11-01,23147,IE,IVANHOE ELECTRIC INC,same month,2025-11
2025-11-01,19628,IRON,DISC MEDICINE INC,same month,2025-11
2025-11-01,77415,NBTB,N B T BANCORP INC,same month,2025-11
2025-11-01,17104,APLS,APELLIS PHARMACEUTICALS INC,same month,2025-11
2025-11-01,38093,AJG,GALLAGHER ARTHUR J & CO,same month,2025-11
2025-11-01,83976,ANF,ABERCROMBIE & FITCH CO,same month,2025-11
2025-11-01,83509,FCN,F T I CONSULTING INC,same month,2025-11
2025-11-01,25819,BALY,BALLYS CORP,same month,2025-11
2025-11-01,26444,CRWV,COREWEAVE INC,same month,2025-11
2025-11-01,23379,LVWR,LIVEWIRE GROUP INC,same month,2025-11
2025-11-01,18457,MVST,MICROVAST HOLDINGS INC,same month,2025-11
2025-11-01,77679,COLB,COLUMBIA BANKING SYSTEM INC,same month,2025-11
2025-11-01,87356,TKO,T K O GROUP HOLDINGS INC,same month,2025-11
2025-11-01,90776,WAL,WESTERN ALLIANCE BANCORPORATION,same month,2025-11
2025-11-01,20415,JEF,JEFFERIES FINANCIAL GROUP INC,same month,2025-11
2025-11-01,59176,AXP,AMERICAN EXPRESS CO,same month,2025-11
2025-11-01,16595,SNAP,SNAP INC,same month,2025-11
2025-11-01,13278,MCHB,MECHANICS BANCORP,same month,2025-11
2025-11-01,90038,AIZ,ASSURANT INC,same month,2025-11
2025-11-01,18191,BFC,BANK FIRST CORP,same month,2025-11
2025-11-01,27888,CFR,CULLEN FROST BANKERS INC,same month,2025-11
2025-11-01,19505,JAMF,JAMF HOLDING CORP,same month,2025-11
2025-11-01,25466,GRDN,GUARDIAN PHARMACY SERVICES INC,same month,2025-11
2025-11-01,19506,VERX,VERTEX INC,same month,2025-11
2025-11-01,91968,TFSL,TFS FINANCIAL CORP,same month,2025-11
2025-12-01,18769,ADPT,ADAPTIVE BIOTECHNOLOGIES CORP,same month,2025-12
2025-12-01,17908,XERS,XERIS BIOPHARMA HOLDINGS INC,same month,2025-12
2025-12-01,14603,PAHC,PHIBRO ANIMAL HEALTH CORP,same month,2025-12
2025-12-01,18135,GH,GUARDANT HEALTH INC,same month,2025-12
2025-12-01,80306,BCRX,BIOCRYST PHARMACEUTICALS INC,same month,2025-12
2025-12-01,19851,ARRY,ARRAY TECHNOLOGIES INC,same month,2025-12
2025-12-01,20919,PL,PLANET LABS P B C,same month,2025-12
2025-12-01,17000,RYTM,RHYTHM PHARMACEUTICALS INC,same month,2025-12
2025-12-01,20661,ALHC,ALIGNMENT HEALTHCARE INC,same month,2025-12
2025-12-01,76712,AES,A E S CORP,same month,2025-12
2025-12-01,20663,TDUP,THREDUP INC,same month,2025-12
2025-12-01,61743,DLX,DELUXE CORP,same month,2025-12
2025-12-01,19956,WGS,GENEDX HOLDINGS CORP,same month,2025-12
2025-12-01,16668,ZYME,ZYMEWORKS INC DE,same month,2025-12
2025-12-01,13939,PSIX,POWER SOLUTIONS INTL INC,same month,2025-12
2025-12-01,77606,KSS,KOHLS CORP,same month,2025-12
2025-12-01,71176,SON,SONOCO PRODUCTS CO,same month,2025-12
2025-12-01,20057,VTRS,VIATRIS INC,same month,2025-12
2025-12-01,17949,BE,BLOOM ENERGY CORP,same month,2025-12
2025-12-01,89875,ANIP,A N I PHARMACEUTICALS INC,same month,2025-12
2025-12-01,24459,PBI,PITNEY BOWES INC,same month,2025-12
2025-12-01,25487,CAR,AVIS BUDGET GROUP INC,same month,2025-12
2025-12-01,90386,MOS,MOSAIC CO NEW,same month,2025-12
2025-12-01,75070,WKC,WORLD KINECT CORP,same month,2025-12
2025-12-01,34673,NPKI,N P K INTERNATIONAL INC,same month,2025-12
2025-12-01,16064,NTLA,INTELLIA THERAPEUTICS INC,same month,2025-12
2025-12-01,19184,ARQT,ARCUTIS BIOTHERAPEUTICS INC,same month,2025-12
2025-12-01,93289,MXL,MAXLINEAR INC,same month,2025-12
2025-12-01,20975,DAVE,DAVE INC,same month,2025-12
2025-12-01,12583,PCRX,PACIRA BIOSCIENCES INC,same month,2025-12
2025-12-01,22977,EE,EXCELERATE ENERGY INC,same month,2025-12
2025-12-01,15831,AXSM,AXSOME THERAPEUTICS INC,same month,2025-12
2025-12-01,16499,PK,PARK HOTELS & RESORTS INC,same month,2025-12
2025-12-01,19200,SDGR,SCHRODINGER INC,same month,2025-12
2025-12-01,85627,SAH,SONIC AUTOMOTIVE INC,same month,2025-12
2025-12-01,92570,DAN,DANA INC,same month,2025-12
2025-12-01,16044,NGVT,INGEVITY CORP,same month,2025-12
2025-12-01,21723,HOOD,ROBINHOOD MARKETS INC,same month,2025-12
2025-12-01,17691,LASR,NLIGHT INC,same month,2025-12
2025-12-01,11891,MGM,M G M RESORTS INTERNATIONAL,same month,2025-12
2025-12-01,15720,EIX,EDISON INTERNATIONAL,same month,2025-12
2025-12-01,79906,INCY,INCYTE CORP,same month,2025-12
2025-12-01,78840,IAC,IAC INC,same month,2025-12
2025-12-01,60599,LUMN,LUMEN TECHOLOGIES INC,same month,2025-12
2025-12-01,75320,AD,ARRAY DIGITAL INFRASTRUCTURE INC,same month,2025-12
2025-12-01,84275,UNFI,UNITED NATURAL FOODS INC,same month,2025-12
2025-12-01,23041,NUTX,NUTEX HEALTH INC,same month,2025-12
2025-12-01,19938,ALGM,ALLEGRO MICROSYSTEMS INC,same month,2025-12
2025-12-01,63773,TDS,TELEPHONE & DATA SYSTEMS INC,same month,2025-12
2025-12-01,24100,SEZL,SEZZLE INC,same month,2025-12
2025-12-01,14229,OMF,ONEMAIN HOLDINGS INC,same month,2025-12
2025-12-01,86819,ATLC,ATLANTICUS HOLDINGS CORP,same month,2025-12
2025-12-01,24972,RBRK,RUBRIK INC,same month,2025-12
2025-12-01,77366,MODG,TOPGOLF CALLAWAY BRANDS CORP,same month,2025-12
2025-12-01,17929,UGI,U G I CORP NEW,same month,2025-12
2025-12-01,92220,MASI,MASIMO CORP,same month,2025-12
2025-12-01,85621,MTD,METTLER TOLEDO INTERNATIONAL INC,same month,2025-12
2025-12-01,13921,CUBI,CUSTOMERS BANCORP INC,same month,2025-12
2025-12-01,89134,OVV,OVINTIV INC,same month,2025-12
2025-12-01,47941,TGNA,TEGNA INC,same month,2025-12
2025-12-01,22027,JXN,JACKSON FINANCIAL INC,same month,2025-12
2025-12-01,82702,AMRX,AMNEAL PHARMACEUTICALS INC,same month,2025-12
2025-12-01,85741,HOPE,HOPE BANCORP INC,same month,2025-12
2025-12-01,86822,EXTR,EXTREME NETWORKS INC,same month,2025-12
2025-12-01,86820,CFFN,CAPITOL FEDERAL FINANCIAL INC,same month,2025-12
2025-12-01,14169,PINC,PREMIER INC,carried forward from an earlier month,2025-11
2025-12-01,49015,LNC,LINCOLN NATIONAL CORP,same month,2025-12
2025-12-01,18846,MIRM,MIRUM PHARMACEUTICALS INC,same month,2025-12
2025-12-01,19534,MEG,MONTROSE ENVIRONMENTAL GROUP INC,same month,2025-12
2025-12-01,89964,NNI,NELNET INC,same month,2025-12
2025-12-01,90856,ATRC,ATRICURE INC,same month,2025-12
2025-12-01,13318,YELP,YELP INC,same month,2025-12
2025-12-01,13249,PRLB,PROTO LABS INC,same month,2025-12
2025-12-01,18938,HIMS,HIMS & HERS HEALTH INC,same month,2025-12
2025-12-01,19788,PLTR,PALANTIR TECHNOLOGIES INC,same month,2025-12
2025-12-01,89653,PFS,PROVIDENT FINANCIAL SVCS INC,same month,2025-12
2025-12-01,20178,RKLB,ROCKET LAB CORP,same month,2025-12
2025-12-01,83233,GEF,GREIF INC,same month,2025-12
2025-12-01,20894,APP,APPLOVIN CORP,same month,2025-12
2025-12-01,79499,INOD,INNODATA INC,same month,2025-12
2025-12-01,16655,CVNA,CARVANA CO,same month,2025-12
2025-12-01,17684,AHCO,ADAPTHEALTH CORP,same month,2025-12
2025-12-01,18940,PTON,PELOTON INTERACTIVE INC,same month,2025-12
2025-12-01,89482,BANC,BANC OF CALIFORNIA INC,same month,2025-12
2025-12-01,13622,HOUS,ANYWHERE REAL ESTATE INC,same month,2025-12
2025-12-01,21026,AVAH,AVEANNA HEALTHCARE HOLDINGS INC,same month,2025-12
2025-12-01,54114,MLKN,MILLERKNOLL INC,same month,2025-12
2025-12-01,14239,COMM,COMMSCOPE HOLDING CO INC,same month,2025-12
2025-12-01,90178,ALNY,ALNYLAM PHARMACEUTICALS INC,same month,2025-12
2025-12-01,20065,CNXC,CONCENTRIX CORP,same month,2025-12
2025-12-01,70033,HOG,HARLEY DAVIDSON INC,same month,2025-12
2025-12-01,21564,LZ,LEGALZOOM COM INC,same month,2025-12
2025-12-01,75573,ODP,O D P CORP,same month,2025-12
2025-12-01,11499,CECO,C E C O ENVIRONMENTAL CORP,same month,2025-12
2025-12-01,50876,LLY,LILLY ELI & CO,same month,2025-12
2025-12-01,89952,CMP,COMPASS MINERALS INTL INC,same month,2025-12
2025-12-01,16698,APPN,APPIAN CORP,same month,2025-12
2025-12-01,19172,VEL,VELOCITY FINANCIAL INC,same month,2025-12
2025-12-01,21219,GPOR,GULFPORT ENERGY CORP,same month,2025-12
2025-12-01,14440,TVTX,TRAVERE THERAPEUTICS INC,same month,2025-12
2025-12-01,37381,FWDI,FORWARD INDUSTRIES INC NY,same month,2025-12
2025-12-01,16680,QXO,Q X O INC,same month,2025-12
2025-12-01,22220,NN,NEXTNAV INC,same month,2025-12
2025-12-01,21927,DJT,TRUMP MEDIA & TECH GRP CORP,same month,2025-12
2025-12-01,26444,CRWV,COREWEAVE INC,same month,2025-12
2025-12-01,21053,BBAI,BIGBEAR AI HOLDINGS INC,same month,2025-12
2025-12-01,21090,RCAT,RED CAT HOLDINGS INC,same month,2025-12
2025-12-01,25243,OS,ONESTREAM INC,same month,2025-12
2025-12-01,21898,CWAN,CLEARWATER ANALYTICS HLDGS INC,same month,2025-12
2025-12-01,19655,STEP,STEPSTONE GROUP INC,same month,2025-12
2025-12-01,19002,BWIN,BALDWIN INSURANCE GROUP INC,same month,2025-12
2025-12-01,23263,QBTS,D WAVE QUANTUM INC,same month,2025-12
2025-12-01,19751,LCID,LUCID GROUP INC,same month,2025-12
2025-12-01,19076,ASTS,A S T SPACEMOBILE INC,same month,2025-12
2025-12-01,86211,MSTR,STRATEGY INC,same month,2025-12
2025-12-01,19849,SMMT,SUMMIT THERAPEUTICS INC,same month,2025-12
2025-12-01,16595,SNAP,SNAP INC,same month,2025-12
2025-12-01,23054,SOUN,SOUNDHOUND AI INC,same month,2025-12
2025-12-01,79698,IT,GARTNER INC,same month,2025-12
2025-12-01,25147,FUN,SIX FLAGS ENTERTAINMENT CORP NEW,same month,2025-12
2025-12-01,17683,CLBK,COLUMBIA FINANCIAL INC,same month,2025-12
2025-12-01,89626,CME,C M E GROUP INC,same month,2025-12
2025-12-01,25773,PRMB,PRIMO BRANDS CORP,same month,2025-12
2025-12-01,21007,RGTI,RIGETTI COMPUTING INC,same month,2025-12
2025-12-01,24085,LLYVK,LIBERTY MEDIA CORP 3RD NEW,same month,2025-12
2025-12-01,25819,BALY,BALLYS CORP,same month,2025-12
2025-12-01,86896,CBU,COMMUNITY FINANCIAL SYSTEM INC,same month,2025-12
2025-12-01,84819,SBET,SHARPLINK GAMING INC,same month,2025-12
2025-12-01,13278,MCHB,MECHANICS BANCORP,same month,2025-12
2025-12-01,24655,HUT,HUT 8 CORP,same month,2025-12
2025-12-01,19506,VERX,VERTEX INC,same month,2025-12
2025-12-01,21017,ALKT,ALKAMI TECHNOLOGY INC,same month,2025-12
2025-12-01,25244,LINE,LINEAGE INC,same month,2025-12
2025-12-01,86228,RSG,REPUBLIC SERVICES INC,same month,2025-12
2025-12-01,14813,MARA,MARA HOLDINGS INC,same month,2025-12
2025-12-01,20415,JEF,JEFFERIES FINANCIAL GROUP INC,same month,2025-12
2025-12-01,15084,TFIN,TRIUMPH FINANCIAL INC,same month,2025-12
2025-12-01,89297,CCOI,COGENT COMMUNICATIONS HLDS INC,same month,2025-12
2025-12-01,27888,CFR,CULLEN FROST BANKERS INC,same month,2025-12
2025-12-01,15058,SLNO,SOLENO THERAPEUTICS INC,same month,2025-12
2025-12-01,91907,SMCI,SUPER MICRO COMPUTER INC,same month,2025-12
2025-12-01,20295,CIFR,CIPHER MINING INC,same month,2025-12
2025-12-01,19599,QS,QUANTUMSCAPE CORP,same month,2025-12
2025-12-01,91968,TFSL,TFS FINANCIAL CORP,same month,2025-12
2025-12-01,26181,SNDK,SANDISK CORP,same month,2025-12
2025-12-01,19187,CLSK,CLEANSPARK INC,same month,2025-12
2025-12-01,21029,RUM,RUMBLE INC,same month,2025-12
2025-12-01,59176,AXP,AMERICAN EXPRESS CO,same month,2025-12
2025-12-01,23730,MLYS,MINERALYS THERAPEUTICS INC,same month,2025-12
2025-12-01,19484,PCVX,VAXCYTE INC,same month,2025-12
2025-12-01,14317,LGIH,L G I HOMES INC,same month,2025-12
2025-12-01,90776,WAL,WESTERN ALLIANCE BANCORPORATION,same month,2025-12
2025-12-01,77679,COLB,COLUMBIA BANKING SYSTEM INC,same month,2025-12
2025-12-01,92213,RIOT,RIOT PLATFORMS INC,same month,2025-12
2025-12-01,19577,RKT,ROCKET COMPANIES INC,same month,2025-12
2025-12-01,87356,TKO,T K O GROUP HOLDINGS INC,same month,2025-12
2025-12-01,18191,BFC,BANK FIRST CORP,same month,2025-12
2025-12-01,18776,IMVT,IMMUNOVANT INC,same month,2025-12
2025-12-01,38093,AJG,GALLAGHER ARTHUR J & CO,same month,2025-12
2025-12-01,21619,OKLO,OKLO INC,same month,2025-12
2025-12-01,89986,APLD,APPLIED DIGITAL CORP,same month,2025-12
2025-12-01,21747,NUVL,NUVALENT INC,same month,2025-12
2025-12-01,24964,PACS,PACS GROUP INC,same month,2025-12
2025-12-01,24698,CORZ,CORE SCIENTIFIC INC NEW,same month,2025-12
2025-12-01,19201,RVMD,REVOLUTION MEDICINES INC,same month,2025-12
2025-12-01,16005,SYRE,SPYRE THERAPEUTICS INC,same month,2025-12
2025-12-01,24064,APGE,APOGEE THERAPEUTICS INC,same month,2025-12
2025-12-01,21207,NEM,NEWMONT CORP,same month,2025-12
2025-12-01,19986,PRAX,PRAXIS PRECISION MEDICINES INC,same month,2025-12
2025-12-01,25239,WBTN,WEBTOON ENTERTAINMENT INC,same month,2025-12
2025-12-01,17372,COGT,COGENT BIOSCIENCES INC,same month,2025-12
2025-12-01,92108,BX,BLACKSTONE INC,same month,2025-12
2025-12-01,18770,BBIO,BRIDGEBIO PHARMA INC,same month,2025-12
2025-12-01,21342,VERA,VERA THERAPEUTICS INC,same month,2025-12
2025-12-01,87267,BLK,BLACKROCK INC NEW,same month,2025-12
2025-12-01,16653,HCC,WARRIOR MET COAL INC,same month,2025-12
2025-12-01,23147,IE,IVANHOE ELECTRIC INC,same month,2025-12
2025-12-01,19628,IRON,DISC MEDICINE INC,same month,2025-12
2025-12-01,18772,AKRO,AKERO THERAPEUTICS INC,same month,2025-12
2025-12-01,83976,ANF,ABERCROMBIE & FITCH CO,same month,2025-12
2025-12-01,90038,AIZ,ASSURANT INC,same month,2025-12
2025-12-01,19489,PCT,PURECYCLE TECHNOLOGIES INC,same month,2025-12
2025-12-01,90505,LVS,LAS VEGAS SANDS CORP,same month,2025-12
2025-12-01,42585,SJM,SMUCKER J M CO,same month,2025-12
2025-12-01,77415,NBTB,N B T BANCORP INC,same month,2025-12
2025-12-01,26180,RHLD,RESOLUTE HOLDINGS MANAGEMENT INC,same month,2025-12
2025-12-01,26126,MTSR,METSERA INC,carried forward from an earlier month,2025-11
2025-12-01,20193,AI,C3 AI INC,same month,2025-12
2025-12-01,16338,VVV,VALVOLINE INC,same month,2025-12
2025-12-01,20357,IONQ,IONQ INC,same month,2025-12
2025-12-01,82486,ERIE,ERIE INDEMNITY CO,same month,2025-12
2025-12-01,92203,LULU,LULULEMON ATHLETICA INC,same month,2025-12
2025-12-01,23876,KVUE,KENVUE INC,same month,2025-12
2025-12-01,79026,CHDN,CHURCHILL DOWNS INC,same month,2025-12
2025-12-01,91068,CMG,CHIPOTLE MEXICAN GRILL INC,same month,2025-12
2025-12-01,91612,GSAT,GLOBALSTAR INC,same month,2025-12
2025-12-01,16086,HTZ,HERTZ GLOBAL HOLDINGS INC NEW,same month,2025-12
2025-12-01,25320,CPB,CAMPBELLS CO,same month,2025-12
2025-12-01,13323,ENPH,ENPHASE ENERGY INC,same month,2025-12
2025-12-01,19862,ROOT,ROOT INC,same month,2025-12
2026-01-01,18769,ADPT,ADAPTIVE BIOTECHNOLOGIES CORP,same month,2026-01
2026-01-01,17908,XERS,XERIS BIOPHARMA HOLDINGS INC,same month,2026-01
2026-01-01,18135,GH,GUARDANT HEALTH INC,same month,2026-01
2026-01-01,80306,BCRX,BIOCRYST PHARMACEUTICALS INC,same month,2026-01
2026-01-01,14440,TVTX,TRAVERE THERAPEUTICS INC,same month,2026-01
2026-01-01,76712,AES,A E S CORP,same month,2026-01
2026-01-01,20661,ALHC,ALIGNMENT HEALTHCARE INC,same month,2026-01
2026-01-01,19851,ARRY,ARRAY TECHNOLOGIES INC,same month,2026-01
2026-01-01,19956,WGS,GENEDX HOLDINGS CORP,same month,2026-01
2026-01-01,61743,DLX,DELUXE CORP,same month,2026-01
2026-01-01,90178,ALNY,ALNYLAM PHARMACEUTICALS INC,same month,2026-01
2026-01-01,71176,SON,SONOCO PRODUCTS CO,same month,2026-01
2026-01-01,13622,HOUS,ANYWHERE REAL ESTATE INC,same month,2026-01
2026-01-01,20919,PL,PLANET LABS P B C,same month,2026-01
2026-01-01,34673,NPKI,N P K INTERNATIONAL INC,same month,2026-01
2026-01-01,92220,MASI,MASIMO CORP,same month,2026-01
2026-01-01,17949,BE,BLOOM ENERGY CORP,same month,2026-01
2026-01-01,75070,WKC,WORLD KINECT CORP,same month,2026-01
2026-01-01,15831,AXSM,AXSOME THERAPEUTICS INC,same month,2026-01
2026-01-01,21026,AVAH,AVEANNA HEALTHCARE HOLDINGS INC,same month,2026-01
2026-01-01,16044,NGVT,INGEVITY CORP,same month,2026-01
2026-01-01,50876,LLY,LILLY ELI & CO,same month,2026-01
2026-01-01,19184,ARQT,ARCUTIS BIOTHERAPEUTICS INC,same month,2026-01
2026-01-01,89875,ANIP,A N I PHARMACEUTICALS INC,same month,2026-01
2026-01-01,75573,ODP,O D P CORP,carried forward from an earlier month,2025-12
2026-01-01,20975,DAVE,DAVE INC,same month,2026-01
2026-01-01,24459,PBI,PITNEY BOWES INC,same month,2026-01
2026-01-01,22977,EE,EXCELERATE ENERGY INC,same month,2026-01
2026-01-01,19200,SDGR,SCHRODINGER INC,same month,2026-01
2026-01-01,20057,VTRS,VIATRIS INC,same month,2026-01
2026-01-01,16668,ZYME,ZYMEWORKS INC DE,same month,2026-01
2026-01-01,70033,HOG,HARLEY DAVIDSON INC,same month,2026-01
2026-01-01,12583,PCRX,PACIRA BIOSCIENCES INC,same month,2026-01
2026-01-01,90386,MOS,MOSAIC CO NEW,same month,2026-01
2026-01-01,77606,KSS,KOHLS CORP,same month,2026-01
2026-01-01,93289,MXL,MAXLINEAR INC,same month,2026-01
2026-01-01,15720,EIX,EDISON INTERNATIONAL,same month,2026-01
2026-01-01,85627,SAH,SONIC AUTOMOTIVE INC,same month,2026-01
2026-01-01,25487,CAR,AVIS BUDGET GROUP INC,same month,2026-01
2026-01-01,21564,LZ,LEGALZOOM COM INC,same month,2026-01
2026-01-01,84275,UNFI,UNITED NATURAL FOODS INC,same month,2026-01
2026-01-01,54114,MLKN,MILLERKNOLL INC,same month,2026-01
2026-01-01,14229,OMF,ONEMAIN HOLDINGS INC,same month,2026-01
2026-01-01,16499,PK,PARK HOTELS & RESORTS INC,same month,2026-01
2026-01-01,14239,COMM,COMMSCOPE HOLDING CO INC,same month,2026-01
2026-01-01,60599,LUMN,LUMEN TECHOLOGIES INC,same month,2026-01
2026-01-01,22027,JXN,JACKSON FINANCIAL INC,same month,2026-01
2026-01-01,75320,AD,ARRAY DIGITAL INFRASTRUCTURE INC,same month,2026-01
2026-01-01,79906,INCY,INCYTE CORP,same month,2026-01
2026-01-01,17000,RYTM,RHYTHM PHARMACEUTICALS INC,same month,2026-01
2026-01-01,11891,MGM,M G M RESORTS INTERNATIONAL,same month,2026-01
2026-01-01,89964,NNI,NELNET INC,same month,2026-01
2026-01-01,13921,CUBI,CUSTOMERS BANCORP INC,same month,2026-01
2026-01-01,20065,CNXC,CONCENTRIX CORP,same month,2026-01
2026-01-01,86819,ATLC,ATLANTICUS HOLDINGS CORP,same month,2026-01
2026-01-01,85621,MTD,METTLER TOLEDO INTERNATIONAL INC,same month,2026-01
2026-01-01,78840,IAC,IAC INC,same month,2026-01
2026-01-01,86820,CFFN,CAPITOL FEDERAL FINANCIAL INC,same month,2026-01
2026-01-01,16698,APPN,APPIAN CORP,same month,2026-01
2026-01-01,82702,AMRX,AMNEAL PHARMACEUTICALS INC,same month,2026-01
2026-01-01,85741,HOPE,HOPE BANCORP INC,same month,2026-01
2026-01-01,21723,HOOD,ROBINHOOD MARKETS INC,same month,2026-01
2026-01-01,49015,LNC,LINCOLN NATIONAL CORP,same month,2026-01
2026-01-01,17691,LASR,NLIGHT INC,same month,2026-01
2026-01-01,86822,EXTR,EXTREME NETWORKS INC,same month,2026-01
2026-01-01,19938,ALGM,ALLEGRO MICROSYSTEMS INC,same month,2026-01
2026-01-01,13939,PSIX,POWER SOLUTIONS INTL INC,same month,2026-01
2026-01-01,77366,MODG,TOPGOLF CALLAWAY BRANDS CORP,same month,2026-01
2026-01-01,21219,GPOR,GULFPORT ENERGY CORP,same month,2026-01
2026-01-01,47941,TGNA,TEGNA INC,same month,2026-01
2026-01-01,16064,NTLA,INTELLIA THERAPEUTICS INC,same month,2026-01
2026-01-01,13318,YELP,YELP INC,same month,2026-01
2026-01-01,16655,CVNA,CARVANA CO,same month,2026-01
2026-01-01,90856,ATRC,ATRICURE INC,same month,2026-01
2026-01-01,17684,AHCO,ADAPTHEALTH CORP,same month,2026-01
2026-01-01,19788,PLTR,PALANTIR TECHNOLOGIES INC,same month,2026-01
2026-01-01,89653,PFS,PROVIDENT FINANCIAL SVCS INC,same month,2026-01
2026-01-01,18940,PTON,PELOTON INTERACTIVE INC,same month,2026-01
2026-01-01,89952,CMP,COMPASS MINERALS INTL INC,same month,2026-01
2026-01-01,24972,RBRK,RUBRIK INC,same month,2026-01
2026-01-01,17929,UGI,U G I CORP NEW,same month,2026-01
2026-01-01,13249,PRLB,PROTO LABS INC,same month,2026-01
2026-01-01,24100,SEZL,SEZZLE INC,same month,2026-01
2026-01-01,20894,APP,APPLOVIN CORP,same month,2026-01
2026-01-01,19534,MEG,MONTROSE ENVIRONMENTAL GROUP INC,same month,2026-01
2026-01-01,15847,KURA,KURA ONCOLOGY INC,same month,2026-01
2026-01-01,14855,RYI,RYERSON HOLDING CORP,same month,2026-01
2026-01-01,92143,PRO,P R O S HOLDINGS INC,carried forward from an earlier month,2025-12
2026-01-01,14231,VEEV,VEEVA SYSTEMS INC,same month,2026-01
2026-01-01,88863,EXAS,EXACT SCIENCES CORP,same month,2026-01
2026-01-01,85059,FIX,COMFORT SYSTEMS USA INC,same month,2026-01
2026-01-01,13878,MDXG,MIMEDX GROUP INC,same month,2026-01
2026-01-01,16260,MEDP,MEDPACE HOLDINGS INC,same month,2026-01
2026-01-01,75182,PII,POLARIS INC,same month,2026-01
2026-01-01,91348,ATEC,ALPHATEC HOLDINGS INC,same month,2026-01
2026-01-01,92716,DCOM,DIME COMMUNITY BANCSHRS INC NEW,same month,2026-01
2026-01-01,50550,TPC,TUTOR PERINI CORP,same month,2026-01
2026-01-01,17093,MCB,METROPOLITAN BANK HOLDING CORP,same month,2026-01
2026-01-01,36281,SEB,SEABOARD CORP,same month,2026-01
2026-01-01,18452,LYFT,LYFT INC,same month,2026-01
2026-01-01,26444,CRWV,COREWEAVE INC,same month,2026-01
2026-01-01,22220,NN,NEXTNAV INC,same month,2026-01
2026-01-01,21090,RCAT,RED CAT HOLDINGS INC,same month,2026-01
2026-01-01,23263,QBTS,D WAVE QUANTUM INC,same month,2026-01
2026-01-01,21927,DJT,TRUMP MEDIA & TECH GRP CORP,same month,2026-01
2026-01-01,86211,MSTR,STRATEGY INC,same month,2026-01
2026-01-01,16680,QXO,Q X O INC,same month,2026-01
2026-01-01,21898,CWAN,CLEARWATER ANALYTICS HLDGS INC,same month,2026-01
2026-01-01,19751,LCID,LUCID GROUP INC,same month,2026-01
2026-01-01,20357,IONQ,IONQ INC,same month,2026-01
2026-01-01,24655,HUT,HUT 8 CORP,same month,2026-01
2026-01-01,21053,BBAI,BIGBEAR AI HOLDINGS INC,same month,2026-01
2026-01-01,14813,MARA,MARA HOLDINGS INC,same month,2026-01
2026-01-01,19076,ASTS,A S T SPACEMOBILE INC,same month,2026-01
2026-01-01,25147,FUN,SIX FLAGS ENTERTAINMENT CORP NEW,same month,2026-01
2026-01-01,23054,SOUN,SOUNDHOUND AI INC,same month,2026-01
2026-01-01,84819,SBET,SHARPLINK GAMING INC,same month,2026-01
2026-01-01,19002,BWIN,BALDWIN INSURANCE GROUP INC,same month,2026-01
2026-01-01,21017,ALKT,ALKAMI TECHNOLOGY INC,same month,2026-01
2026-01-01,16338,VVV,VALVOLINE INC,same month,2026-01
2026-01-01,26180,RHLD,RESOLUTE HOLDINGS MANAGEMENT INC,same month,2026-01
2026-01-01,20193,AI,C3 AI INC,same month,2026-01
2026-01-01,19849,SMMT,SUMMIT THERAPEUTICS INC,same month,2026-01
2026-01-01,25773,PRMB,PRIMO BRANDS CORP,same month,2026-01
2026-01-01,79698,IT,GARTNER INC,same month,2026-01
2026-01-01,21029,RUM,RUMBLE INC,same month,2026-01
2026-01-01,91907,SMCI,SUPER MICRO COMPUTER INC,same month,2026-01
2026-01-01,26181,SNDK,SANDISK CORP,same month,2026-01
2026-01-01,15084,TFIN,TRIUMPH FINANCIAL INC,same month,2026-01
2026-01-01,86896,CBU,COMMUNITY FINANCIAL SYSTEM INC,same month,2026-01
2026-01-01,86228,RSG,REPUBLIC SERVICES INC,same month,2026-01
2026-01-01,79026,CHDN,CHURCHILL DOWNS INC,same month,2026-01
2026-01-01,89297,CCOI,COGENT COMMUNICATIONS HLDS INC,same month,2026-01
2026-01-01,19506,VERX,VERTEX INC,same month,2026-01
2026-01-01,89986,APLD,APPLIED DIGITAL CORP,same month,2026-01
2026-01-01,92203,LULU,LULULEMON ATHLETICA INC,same month,2026-01
2026-01-01,25819,BALY,BALLYS CORP,same month,2026-01
2026-01-01,15058,SLNO,SOLENO THERAPEUTICS INC,same month,2026-01
2026-01-01,17683,CLBK,COLUMBIA FINANCIAL INC,same month,2026-01
2026-01-01,91068,CMG,CHIPOTLE MEXICAN GRILL INC,same month,2026-01
2026-01-01,89626,CME,C M E GROUP INC,same month,2026-01
2026-01-01,91612,GSAT,GLOBALSTAR INC,same month,2026-01
2026-01-01,19187,CLSK,CLEANSPARK INC,same month,2026-01
2026-01-01,13323,ENPH,ENPHASE ENERGY INC,same month,2026-01
2026-01-01,19484,PCVX,VAXCYTE INC,same month,2026-01
2026-01-01,25320,CPB,CAMPBELLS CO,same month,2026-01
2026-01-01,25244,LINE,LINEAGE INC,same month,2026-01
2026-01-01,13278,MCHB,MECHANICS BANCORP,same month,2026-01
2026-01-01,20415,JEF,JEFFERIES FINANCIAL GROUP INC,same month,2026-01
2026-01-01,82486,ERIE,ERIE INDEMNITY CO,same month,2026-01
2026-01-01,21007,RGTI,RIGETTI COMPUTING INC,same month,2026-01
2026-01-01,27888,CFR,CULLEN FROST BANKERS INC,same month,2026-01
2026-01-01,24698,CORZ,CORE SCIENTIFIC INC NEW,same month,2026-01
2026-01-01,23876,KVUE,KENVUE INC,same month,2026-01
2026-01-01,91968,TFSL,TFS FINANCIAL CORP,same month,2026-01
2026-01-01,24064,APGE,APOGEE THERAPEUTICS INC,same month,2026-01
2026-01-01,19862,ROOT,ROOT INC,same month,2026-01
2026-01-01,19986,PRAX,PRAXIS PRECISION MEDICINES INC,same month,2026-01
2026-01-01,18776,IMVT,IMMUNOVANT INC,same month,2026-01
2026-01-01,16005,SYRE,SPYRE THERAPEUTICS INC,same month,2026-01
2026-01-01,38093,AJG,GALLAGHER ARTHUR J & CO,same month,2026-01
2026-01-01,17372,COGT,COGENT BIOSCIENCES INC,same month,2026-01
2026-01-01,14317,LGIH,L G I HOMES INC,same month,2026-01
2026-01-01,25243,OS,ONESTREAM INC,same month,2026-01
2026-01-01,90776,WAL,WESTERN ALLIANCE BANCORPORATION,same month,2026-01
2026-01-01,16595,SNAP,SNAP INC,same month,2026-01
2026-01-01,21342,VERA,VERA THERAPEUTICS INC,same month,2026-01
2026-01-01,23147,IE,IVANHOE ELECTRIC INC,same month,2026-01
2026-01-01,18770,BBIO,BRIDGEBIO PHARMA INC,same month,2026-01
2026-01-01,18772,AKRO,AKERO THERAPEUTICS INC,carried forward from an earlier month,2025-12
2026-01-01,92213,RIOT,RIOT PLATFORMS INC,same month,2026-01
2026-01-01,19489,PCT,PURECYCLE TECHNOLOGIES INC,same month,2026-01
2026-01-01,77679,COLB,COLUMBIA BANKING SYSTEM INC,same month,2026-01
2026-01-01,19577,RKT,ROCKET COMPANIES INC,same month,2026-01
2026-01-01,21207,NEM,NEWMONT CORP,same month,2026-01
2026-01-01,87356,TKO,T K O GROUP HOLDINGS INC,same month,2026-01
2026-01-01,25239,WBTN,WEBTOON ENTERTAINMENT INC,same month,2026-01
2026-01-01,16653,HCC,WARRIOR MET COAL INC,same month,2026-01
2026-01-01,18191,BFC,BANK FIRST CORP,same month,2026-01
2026-01-01,90505,LVS,LAS VEGAS SANDS CORP,same month,2026-01
2026-01-01,92108,BX,BLACKSTONE INC,same month,2026-01
2026-01-01,26720,BMNR,BITMINE IMMERSION TECHNOLOGIES I,same month,2026-01
2026-01-01,26713,CRCL,CIRCLE INTERNET GROUP INC,same month,2026-01
2026-01-01,19826,ABX,ABACUS GLOBAL MANAGEMENT INC,same month,2026-01
2026-01-01,14276,KODK,EASTMAN KODAK CO,same month,2026-01
2026-01-01,61146,PAR,PAR TECHNOLOGY CORP,same month,2026-01
2026-01-01,26744,VOYG,VOYAGER TECHNOLOGIES INC,same month,2026-01
2026-01-01,21692,TE,T1 ENERGY INC,same month,2026-01
2026-01-01,21754,QUBT,QUANTUM COMPUTING INC,same month,2026-01
2026-01-01,11565,HBNC,HORIZON BANCORP INC,same month,2026-01
2026-01-01,23941,CAVA,CAVA GROUP INC,same month,2026-01
2026-01-01,26747,ASIC,ATEGRITY SPECIALTY INS CO HLDGS,same month,2026-01
2026-01-01,87759,WULF,TERAWULF INC,same month,2026-01
2026-01-01,25181,LB,LANDBRIDGE COMPANY LLC,same month,2026-01
2026-01-01,91594,SPR,SPIRIT AEROSYSTEMS HOLDINGS INC,carried forward from an earlier month,2025-12
2026-01-01,21359,MCW,MISTER CAR WASH INC,same month,2026-01
2026-01-01,20406,GRND,GRINDR INC,same month,2026-01
2026-01-01,20381,NVTS,NAVITAS SEMICONDUCTOR CORP,same month,2026-01
2026-01-01,22079,LTH,LIFE TIME GROUP HOLDINGS INC,same month,2026-01
2026-01-01,15293,NEXT,NEXTDECADE CORP,same month,2026-01
2026-02-01,19200,SDGR,SCHRODINGER INC,carried forward from an earlier month,2026-01
2026-02-01,18769,ADPT,Adaptive Biotechnologies Corp,same month,2026-02
2026-02-01,17908,XERS,"Xeris Biopharma Holdings, Inc.",same month,2026-02
2026-02-01,80306,BCRX,BIOCRYST PHARMACEUTICALS INC,same month,2026-02
2026-02-01,14440,TVTX,"Travere Therapeutics, Inc.",same month,2026-02
2026-02-01,18135,GH,"Guardant Health, Inc.",same month,2026-02
2026-02-01,76712,AES,AES CORP,same month,2026-02
2026-02-01,20661,ALHC,"Alignment Healthcare, Inc.",same month,2026-02
2026-02-01,15831,AXSM,"Axsome Therapeutics, Inc.",same month,2026-02
2026-02-01,71176,SON,SONOCO PRODUCTS CO,same month,2026-02
2026-02-01,90178,ALNY,"ALNYLAM PHARMACEUTICALS, INC.",same month,2026-02
2026-02-01,19851,ARRY,ARRAY TECHNOLOGIES INC,carried forward from an earlier month,2026-01
2026-02-01,61743,DLX,DELUXE CORP,same month,2026-02
2026-02-01,17949,BE,BLOOM ENERGY CORP,carried forward from an earlier month,2026-01
2026-02-01,22977,EE,EXCELERATE ENERGY INC,carried forward from an earlier month,2026-01
2026-02-01,14855,RYI,RYERSON HOLDING CORP,carried forward from an earlier month,2026-01
2026-02-01,34673,NPKI,N P K INTERNATIONAL INC,carried forward from an earlier month,2026-01
2026-02-01,75070,WKC,WORLD KINECT CORP,carried forward from an earlier month,2026-01
2026-02-01,91348,ATEC,"Alphatec Holdings, Inc.",same month,2026-02
2026-02-01,13921,CUBI,"Customers Bancorp, Inc.",same month,2026-02
2026-02-01,50876,LLY,LILLY ELI & CO,carried forward from an earlier month,2026-01
2026-02-01,50550,TPC,TUTOR PERINI CORP,carried forward from an earlier month,2026-01
2026-02-01,24459,PBI,PITNEY BOWES INC,carried forward from an earlier month,2026-01
2026-02-01,89875,ANIP,ANI PHARMACEUTICALS INC,same month,2026-02
2026-02-01,20975,DAVE,Dave Inc./DE,same month,2026-02
2026-02-01,16044,NGVT,Ingevity Corp,same month,2026-02
2026-02-01,14231,VEEV,VEEVA SYSTEMS INC,same month,2026-02
2026-02-01,16260,MEDP,MEDPACE HOLDINGS INC,carried forward from an earlier month,2026-01
2026-02-01,89964,NNI,NELNET INC,same month,2026-02
2026-02-01,12583,PCRX,"Pacira BioSciences, Inc.",same month,2026-02
2026-02-01,92716,DCOM,"Dime Community Bancshares, Inc. /NY/",same month,2026-02
2026-02-01,14229,OMF,ONEMAIN HOLDINGS INC,carried forward from an earlier month,2026-01
2026-02-01,88863,EXAS,EXACT SCIENCES CORP,carried forward from an earlier month,2026-01
2026-02-01,21026,AVAH,"Aveanna Healthcare Holdings, Inc.",same month,2026-02
2026-02-01,92220,MASI,MASIMO CORP,carried forward from an earlier month,2026-01
2026-02-01,18452,LYFT,"Lyft, Inc.",same month,2026-02
2026-02-01,16499,PK,PARK HOTELS & RESORTS INC,carried forward from an earlier month,2026-01
2026-02-01,70033,HOG,HARLEY DAVIDSON INC,carried forward from an earlier month,2026-01
2026-02-01,85059,FIX,COMFORT SYSTEMS USA INC,carried forward from an earlier month,2026-01
2026-02-01,19956,WGS,GeneDx Holdings Corp.,same month,2026-02
2026-02-01,90386,MOS,MOSAIC CO,same month,2026-02
2026-02-01,16668,ZYME,ZYMEWORKS INC DE,carried forward from an earlier month,2026-01
2026-02-01,60599,LUMN,"Lumen Technologies, Inc.",same month,2026-02
2026-02-01,20919,PL,Planet Labs PBC,same month,2026-02
2026-02-01,19184,ARQT,ARCUTIS BIOTHERAPEUTICS INC,carried forward from an earlier month,2026-01
2026-02-01,22027,JXN,Jackson Financial Inc.,same month,2026-02
2026-02-01,75320,AD,"ARRAY DIGITAL INFRASTRUCTURE, INC.",same month,2026-02
2026-02-01,93289,MXL,"MAXLINEAR, INC",same month,2026-02
2026-02-01,84275,UNFI,UNITED NATURAL FOODS INC,carried forward from an earlier month,2026-01
2026-02-01,85627,SAH,SONIC AUTOMOTIVE INC,carried forward from an earlier month,2026-01
2026-02-01,21564,LZ,LEGALZOOM COM INC,carried forward from an earlier month,2026-01
2026-02-01,20057,VTRS,VIATRIS INC,carried forward from an earlier month,2026-01
2026-02-01,77606,KSS,KOHLS Corp,same month,2026-02
2026-02-01,79906,INCY,INCYTE CORP,carried forward from an earlier month,2026-01
2026-02-01,85741,HOPE,HOPE BANCORP INC,same month,2026-02
2026-02-01,86820,CFFN,"Capitol Federal Financial, Inc.",same month,2026-02
2026-02-01,75182,PII,Polaris Inc.,same month,2026-02
2026-02-01,13318,YELP,YELP INC,carried forward from an earlier month,2026-01
2026-02-01,14239,VISN,COMMSCOPE HOLDING CO INC,same month,2026-02
2026-02-01,11891,MGM,MGM Resorts International,same month,2026-02
2026-02-01,15720,EIX,EDISON INTERNATIONAL,carried forward from an earlier month,2026-01
2026-02-01,16698,APPN,APPIAN CORP,same month,2026-02
2026-02-01,78840,IAC,IAC INC,carried forward from an earlier month,2026-01
2026-02-01,86822,EXTR,EXTREME NETWORKS INC,same month,2026-02
2026-02-01,49015,LNC,LINCOLN NATIONAL CORP,carried forward from an earlier month,2026-01
2026-02-01,21723,HOOD,"Robinhood Markets, Inc.",same month,2026-02
2026-02-01,36281,SEB,SEABOARD CORP,carried forward from an earlier month,2026-01
2026-02-01,85621,MTD,METTLER TOLEDO INTERNATIONAL INC/,same month,2026-02
2026-02-01,54114,MLKN,"MILLERKNOLL, INC.",same month,2026-02
2026-02-01,17684,AHCO,ADAPTHEALTH CORP,carried forward from an earlier month,2026-01
2026-02-01,90856,ATRC,"AtriCure, Inc.",same month,2026-02
2026-02-01,47941,TGNA,TEGNA INC,carried forward from an earlier month,2026-01
2026-02-01,19938,ALGM,"ALLEGRO MICROSYSTEMS, INC.",same month,2026-02
2026-02-01,17000,RYTM,"RHYTHM PHARMACEUTICALS, INC.",same month,2026-02
2026-02-01,16655,CVNA,CARVANA CO,carried forward from an earlier month,2026-01
2026-02-01,21219,GPOR,GULFPORT ENERGY CORP,carried forward from an earlier month,2026-01
2026-02-01,18940,PTON,PELOTON INTERACTIVE INC,carried forward from an earlier month,2026-01
2026-02-01,19788,PLTR,PALANTIR TECHNOLOGIES INC,carried forward from an earlier month,2026-01
2026-02-01,89952,CMP,COMPASS MINERALS INTL INC,carried forward from an earlier month,2026-01
2026-02-01,32651,HL,HECLA MINING CO/DE/,same month,2026-02
2026-02-01,13796,HROW,HARROW INC,carried forward from an earlier month,2026-01
2026-02-01,32707,HP,HELMERICH & PAYNE INC,carried forward from an earlier month,2026-01
2026-02-01,83774,OCFC,OCEANFIRST FINANCIAL CORP,same month,2026-02
2026-02-01,16617,PUMP,ProPetro Holding Corp.,same month,2026-02
2026-02-01,89002,BFH,"BREAD FINANCIAL HOLDINGS, INC.",same month,2026-02
2026-02-01,24441,CDE,"Coeur Mining, Inc.",same month,2026-02
2026-02-01,41188,ALNT,ALLIENT INC,carried forward from an earlier month,2026-01
2026-02-01,19635,HRMY,"Harmony Biosciences Holdings, Inc.",same month,2026-02
2026-02-01,90162,GNW,GENWORTH FINANCIAL INC,carried forward from an earlier month,2026-01
2026-02-01,83642,CNOB,"ConnectOne Bancorp, Inc.",same month,2026-02
2026-02-01,19497,LMND,"Lemonade, Inc.",same month,2026-02
2026-02-01,15371,COLL,"COLLEGIUM PHARMACEUTICAL, INC",same month,2026-02
2026-02-01,26800,SLDE,SLIDE INSURANCE HOLDINGS INC,carried forward from an earlier month,2026-01
2026-02-01,83124,CSGS,C S G SYSTEMS INTERNATIONAL INC,carried forward from an earlier month,2026-01
2026-02-01,15272,SEDG,SOLAREDGE TECHNOLOGIES INC,carried forward from an earlier month,2026-01
2026-02-01,76128,VICR,VICOR CORP,carried forward from an earlier month,2026-01
2026-02-01,15850,MTCH,MATCH GROUP INC NEW,carried forward from an earlier month,2026-01
2026-02-01,47723,HNRG,HALLADOR ENERGY CO,same month,2026-02
2026-02-01,21020,AAL,American Airlines Group Inc.,same month,2026-02
2026-02-01,20648,RBLX,ROBLOX CORP,carried forward from an earlier month,2026-01
2026-02-01,26444,CRWV,"CoreWeave, Inc.",same month,2026-02
2026-02-01,22220,NN,NEXTNAV INC,carried forward from an earlier month,2026-01
2026-02-01,86211,MSTR,Strategy Inc,same month,2026-02
2026-02-01,26720,BMNR,"BITMINE IMMERSION TECHNOLOGIES, INC.",same month,2026-02
2026-02-01,23263,QBTS,D-Wave Quantum Inc.,same month,2026-02
2026-02-01,20357,IONQ,"IonQ, Inc.",same month,2026-02
2026-02-01,24655,HUT,HUT 8 CORP,carried forward from an earlier month,2026-01
2026-02-01,14813,MARA,MARA HOLDINGS INC,carried forward from an earlier month,2026-01
2026-02-01,21090,RCAT,"Red Cat Holdings, Inc.",same month,2026-02
2026-02-01,21927,DJT,Trump Media & Technology Group Corp.,same month,2026-02
2026-02-01,21754,QUBT,Quantum Computing Inc.,same month,2026-02
2026-02-01,19751,LCID,"Lucid Group, Inc.",same month,2026-02
2026-02-01,87759,WULF,TERAWULF INC,carried forward from an earlier month,2026-01
2026-02-01,16680,QXO,"QXO, Inc.",same month,2026-02
2026-02-01,23054,SOUN,SOUNDHOUND AI INC,carried forward from an earlier month,2026-01
2026-02-01,16338,VVV,VALVOLINE INC,same month,2026-02
2026-02-01,61146,PAR,PAR TECHNOLOGY CORP,same month,2026-02
2026-02-01,25147,FUN,Six Flags Entertainment Corporation/NEW,same month,2026-02
2026-02-01,84819,SBET,SHARPLINK GAMING INC,carried forward from an earlier month,2026-01
2026-02-01,21053,BBAI,"BigBear.ai Holdings, Inc.",same month,2026-02
2026-02-01,20381,NVTS,NAVITAS SEMICONDUCTOR CORP,carried forward from an earlier month,2026-01
2026-02-01,19076,ASTS,"AST SpaceMobile, Inc.",same month,2026-02
2026-02-01,91907,SMCI,"Super Micro Computer, Inc.",same month,2026-02
2026-02-01,21017,ALKT,ALKAMI TECHNOLOGY INC,carried forward from an earlier month,2026-01
2026-02-01,21898,CWAN,CLEARWATER ANALYTICS HLDGS INC,carried forward from an earlier month,2026-01
2026-02-01,21029,RUM,RUMBLE INC,carried forward from an earlier month,2026-01
2026-02-01,22079,LTH,"Life Time Group Holdings, Inc.",same month,2026-02
2026-02-01,23941,CAVA,"CAVA GROUP, INC.",same month,2026-02
2026-02-01,19002,BWIN,"Baldwin Insurance Group, Inc.",same month,2026-02
2026-02-01,19849,SMMT,Summit Therapeutics Inc.,same month,2026-02
2026-02-01,25181,LB,LANDBRIDGE COMPANY LLC,carried forward from an earlier month,2026-01
2026-02-01,26180,RHLD,"Resolute Holdings Management, Inc.",same month,2026-02
2026-02-01,19187,CLSK,CLEANSPARK INC,carried forward from an earlier month,2026-01
2026-02-01,21692,TE,T1 ENERGY INC,carried forward from an earlier month,2026-01
2026-02-01,91612,GSAT,GLOBALSTAR INC,carried forward from an earlier month,2026-01
2026-02-01,20193,AI,C3 AI INC,carried forward from an earlier month,2026-01
2026-02-01,89986,APLD,Applied Digital Corp.,same month,2026-02
2026-02-01,25773,PRMB,PRIMO BRANDS CORP,carried forward from an earlier month,2026-01
2026-02-01,26744,VOYG,VOYAGER TECHNOLOGIES INC,carried forward from an earlier month,2026-01
2026-02-01,15293,NEXT,NEXTDECADE CORP,carried forward from an earlier month,2026-01
2026-02-01,86228,RSG,REPUBLIC SERVICES INC,carried forward from an earlier month,2026-01
2026-02-01,89297,CCOI,"COGENT COMMUNICATIONS HOLDINGS, INC.",same month,2026-02
2026-02-01,26747,ASIC,ATEGRITY SPECIALTY INS CO HLDGS,carried forward from an earlier month,2026-01
2026-02-01,14317,LGIH,L G I HOMES INC,carried forward from an earlier month,2026-01
2026-02-01,19484,PCVX,VAXCYTE INC,carried forward from an earlier month,2026-01
2026-02-01,15084,TFIN,"Triumph Financial, Inc.",same month,2026-02
2026-02-01,79698,IT,GARTNER INC,carried forward from an earlier month,2026-01
2026-02-01,15058,SLNO,SOLENO THERAPEUTICS INC,carried forward from an earlier month,2026-01
2026-02-01,91068,CMG,CHIPOTLE MEXICAN GRILL INC,same month,2026-02
2026-02-01,24698,CORZ,CORE SCIENTIFIC INC NEW,carried forward from an earlier month,2026-01
2026-02-01,19986,PRAX,"Praxis Precision Medicines, Inc.",same month,2026-02
2026-02-01,13323,ENPH,"Enphase Energy, Inc.",same month,2026-02
2026-02-01,86896,CBU,"COMMUNITY FINANCIAL SYSTEM, INC.",same month,2026-02
2026-02-01,21007,RGTI,"Rigetti Computing, Inc.",same month,2026-02
2026-02-01,21359,MCW,MISTER CAR WASH INC,carried forward from an earlier month,2026-01
2026-02-01,25320,CPB,CAMPBELLS CO,carried forward from an earlier month,2026-01
2026-02-01,20406,GRND,GRINDR INC,carried forward from an earlier month,2026-01
2026-02-01,18776,IMVT,IMMUNOVANT INC,carried forward from an earlier month,2026-01
2026-02-01,21342,VERA,VERA THERAPEUTICS INC,carried forward from an earlier month,2026-01
2026-02-01,79026,CHDN,CHURCHILL DOWNS INC,carried forward from an earlier month,2026-01
2026-02-01,23147,IE,IVANHOE ELECTRIC INC,carried forward from an earlier month,2026-01
2026-02-01,24064,APGE,"Apogee Therapeutics, Inc.",same month,2026-02
2026-02-01,19577,RKT,ROCKET COMPANIES INC,carried forward from an earlier month,2026-01
2026-02-01,17683,CLBK,COLUMBIA FINANCIAL INC,carried forward from an earlier month,2026-01
2026-02-01,17372,COGT,COGENT BIOSCIENCES INC,carried forward from an earlier month,2026-01
2026-02-01,19489,PCT,PURECYCLE TECHNOLOGIES INC,carried forward from an earlier month,2026-01
2026-02-01,90505,LVS,LAS VEGAS SANDS CORP,same month,2026-02
2026-02-01,25243,OS,ONESTREAM INC,carried forward from an earlier month,2026-01
2026-02-01,21207,NEM,NEWMONT CORP,carried forward from an earlier month,2026-01
2026-02-01,82486,ERIE,ERIE INDEMNITY CO,carried forward from an earlier month,2026-01
2026-02-01,91968,TFSL,TFS Financial CORP,same month,2026-02
2026-02-01,27888,CFR,"CULLEN/FROST BANKERS, INC.",same month,2026-02
2026-02-01,89626,CME,C M E GROUP INC,carried forward from an earlier month,2026-01
2026-02-01,18191,BFC,Bank First Corp,same month,2026-02
2026-02-01,77338,ROP,ROPER TECHNOLOGIES INC,same month,2026-02
2026-02-01,20138,CMPO,"CompoSecure, Inc.",same month,2026-02
2026-02-01,92469,SATS,ECHOSTAR CORP,carried forward from an earlier month,2026-01
2026-02-01,64282,BBWI,BATH & BODY WORKS INC,carried forward from an earlier month,2026-01
2026-02-01,19416,EOSE,EOS ENERGY ENTERPRISES INC,carried forward from an earlier month,2026-01
2026-02-01,10892,WSFS,WSFS FINANCIAL CORP,same month,2026-02
2026-02-01,25205,ALMS,ALUMIS INC.,same month,2026-02
2026-02-01,83443,BRKB,BERKSHIRE HATHAWAY INC DEL,carried forward from an earlier month,2026-01
2026-02-01,26798,CAI,"Caris Life Sciences, Inc.",same month,2026-02
2026-02-01,20930,SOC,SABLE OFFSHORE CORP,carried forward from an earlier month,2026-01
2026-02-01,92294,UEC,URANIUM ENERGY CORP,carried forward from an earlier month,2026-01
2026-02-01,25051,NNE,NANO NUCLEAR ENERGY INC,carried forward from an earlier month,2026-01
2026-02-01,85464,CWST,CASELLA WASTE SYSTEMS INC,carried forward from an earlier month,2026-01
2026-02-01,26839,RAL,RALLIANT CORP,carried forward from an earlier month,2026-01
2026-02-01,35044,RF,REGIONS FINANCIAL CORP,same month,2026-02
2026-02-01,15533,IBRX,"ImmunityBio, Inc.",same month,2026-02
2026-02-01,17821,SRRK,Scholar Rock Holding Corp,same month,2026-02
2026-02-01,15960,CRVS,"Corvus Pharmaceuticals, Inc.",same month,2026-02
2026-02-01,20312,ONDS,Ondas Inc.,same month,2026-02
2026-02-01,78170,SM,SM Energy Co,same month,2026-02
2026-02-01,86288,CSGP,"COSTAR GROUP, INC.",same month,2026-02
2026-02-01,20399,RDW,REDWIRE CORP,carried forward from an earlier month,2026-01
2026-02-01,10933,MKL,MARKEL GROUP INC,carried forward from an earlier month,2026-01
2026-02-01,24875,ALAB,"Astera Labs, Inc.",same month,2026-02
2026-02-01,26653,GLXY,Galaxy Digital Inc.,same month,2026-02
2026-02-01,22313,LUNR,"Intuitive Machines, Inc.",same month,2026-02
2026-03-01,18769,ADPT,Adaptive Biotechnologies Corp,same month,2026-03
2026-03-01,17908,XERS,"Xeris Biopharma Holdings, Inc.",same month,2026-03
2026-03-01,18135,GH,"Guardant Health, Inc.",same month,2026-03
2026-03-01,76712,AES,AES CORP,carried forward from an earlier month,2026-02
2026-03-01,20661,ALHC,"Alignment Healthcare, Inc.",same month,2026-03
2026-03-01,91348,ATEC,"Alphatec Holdings, Inc.",same month,2026-03
2026-03-01,14440,TVTX,"Travere Therapeutics, Inc.",same month,2026-03
2026-03-01,16617,PUMP,ProPetro Holding Corp.,same month,2026-03
2026-03-01,15831,AXSM,"Axsome Therapeutics, Inc.",same month,2026-03
2026-03-01,61743,DLX,DELUXE CORP,same month,2026-03
2026-03-01,19635,HRMY,"Harmony Biosciences Holdings, Inc.",same month,2026-03
2026-03-01,17684,AHCO,AdaptHealth Corp.,same month,2026-03
2026-03-01,32651,HL,HECLA MINING CO/DE/,same month,2026-03
2026-03-01,32707,HP,"Helmerich & Payne, Inc.",same month,2026-03
2026-03-01,90178,ALNY,"ALNYLAM PHARMACEUTICALS, INC.",same month,2026-03
2026-03-01,80306,BCRX,BIOCRYST PHARMACEUTICALS INC,same month,2026-03
2026-03-01,24441,CDE,"Coeur Mining, Inc.",same month,2026-03
2026-03-01,83774,OCFC,OCEANFIRST FINANCIAL CORP,carried forward from an earlier month,2026-02
2026-03-01,92716,DCOM,"Dime Community Bancshares, Inc. /NY/",same month,2026-03
2026-03-01,16499,PK,Park Hotels & Resorts Inc.,same month,2026-03
2026-03-01,50550,TPC,TUTOR PERINI CORP,same month,2026-03
2026-03-01,89002,BFH,"BREAD FINANCIAL HOLDINGS, INC.",same month,2026-03
2026-03-01,83642,CNOB,"ConnectOne Bancorp, Inc.",same month,2026-03
2026-03-01,13921,CUBI,"Customers Bancorp, Inc.",same month,2026-03
2026-03-01,22977,EE,"Excelerate Energy, Inc.",same month,2026-03
2026-03-01,16260,MEDP,"Medpace Holdings, Inc.",same month,2026-03
2026-03-01,90162,GNW,GENWORTH FINANCIAL INC,same month,2026-03
2026-03-01,24459,PBI,PITNEY BOWES INC /DE/,same month,2026-03
2026-03-01,17949,BE,Bloom Energy Corp,same month,2026-03
2026-03-01,14231,VEEV,VEEVA SYSTEMS INC,carried forward from an earlier month,2026-02
2026-03-01,13796,HROW,"HARROW, INC.",same month,2026-03
2026-03-01,89964,NNI,NELNET INC,same month,2026-03
2026-03-01,19497,LMND,"Lemonade, Inc.",same month,2026-03
2026-03-01,14855,RYI,Ryerson Holding Corp,same month,2026-03
2026-03-01,85059,FIX,COMFORT SYSTEMS USA INC,same month,2026-03
2026-03-01,92220,MASI,MASIMO CORP,carried forward from an earlier month,2026-01
2026-03-01,50876,LLY,ELI LILLY & Co,same month,2026-03
2026-03-01,26800,SLDE,"Slide Insurance Holdings, Inc.",same month,2026-03
2026-03-01,34673,NPKI,NPK International Inc.,same month,2026-03
2026-03-01,20975,DAVE,Dave Inc./DE,same month,2026-03
2026-03-01,14229,OMF,"OneMain Holdings, Inc.",same month,2026-03
2026-03-01,22027,JXN,Jackson Financial Inc.,same month,2026-03
2026-03-01,21020,AAL,American Airlines Group Inc.,carried forward from an earlier month,2026-02
2026-03-01,21564,LZ,"LEGALZOOM.COM, INC.",same month,2026-03
2026-03-01,83124,CSGS,C S G SYSTEMS INTERNATIONAL INC,carried forward from an earlier month,2026-01
2026-03-01,12583,PCRX,"Pacira BioSciences, Inc.",same month,2026-03
2026-03-01,15850,MTCH,"Match Group, Inc.",same month,2026-03
2026-03-01,20648,RBLX,Roblox Corp,same month,2026-03
2026-03-01,41188,ALNT,ALLIENT INC,carried forward from an earlier month,2026-01
2026-03-01,75070,WKC,WORLD KINECT CORP,same month,2026-03
2026-03-01,60599,LUMN,"Lumen Technologies, Inc.",same month,2026-03
2026-03-01,76128,VICR,VICOR CORP,same month,2026-03
2026-03-01,84275,UNFI,UNITED NATURAL FOODS INC,carried forward from an earlier month,2026-01
2026-03-01,70033,HOG,"HARLEY-DAVIDSON, INC.",same month,2026-03
2026-03-01,85741,HOPE,HOPE BANCORP INC,carried forward from an earlier month,2026-02
2026-03-01,79906,INCY,INCYTE CORP,same month,2026-03
2026-03-01,86820,CFFN,"Capitol Federal Financial, Inc.",carried forward from an earlier month,2026-02
2026-03-01,75320,AD,"ARRAY DIGITAL INFRASTRUCTURE, INC.",carried forward from an earlier month,2026-02
2026-03-01,21026,AVAH,"Aveanna Healthcare Holdings, Inc.",same month,2026-03
2026-03-01,88863,EXAS,EXACT SCIENCES CORP,carried forward from an earlier month,2026-01
2026-03-01,15272,SEDG,"SOLAREDGE TECHNOLOGIES, INC.",same month,2026-03
2026-03-01,85627,SAH,SONIC AUTOMOTIVE INC,same month,2026-03
2026-03-01,93289,MXL,"MAXLINEAR, INC",same month,2026-03
2026-03-01,77606,KSS,KOHLS Corp,same month,2026-03
2026-03-01,19184,ARQT,"Arcutis Biotherapeutics, Inc.",same month,2026-03
2026-03-01,15371,COLL,"COLLEGIUM PHARMACEUTICAL, INC",same month,2026-03
2026-03-01,78840,IAC,IAC Inc.,same month,2026-03
2026-03-01,18452,LYFT,"Lyft, Inc.",same month,2026-03
2026-03-01,49015,LNC,LINCOLN NATIONAL CORP,same month,2026-03
2026-03-01,90386,MOS,MOSAIC CO,same month,2026-03
2026-03-01,16698,APPN,APPIAN CORP,same month,2026-03
2026-03-01,47723,HNRG,HALLADOR ENERGY CO,carried forward from an earlier month,2026-02
2026-03-01,16044,NGVT,Ingevity Corp,same month,2026-03
2026-03-01,90856,ATRC,"AtriCure, Inc.",same month,2026-03
2026-03-01,86822,EXTR,EXTREME NETWORKS INC,carried forward from an earlier month,2026-02
2026-03-01,36281,SEB,SEABOARD CORP,carried forward from an earlier month,2026-01
2026-03-01,13318,YELP,YELP INC,same month,2026-03
2026-03-01,14239,VISN,"Vistance Networks, Inc.",same month,2026-03
2026-03-01,75182,PII,Polaris Inc.,carried forward from an earlier month,2026-02
2026-03-01,89875,ANIP,ANI PHARMACEUTICALS INC,same month,2026-03
2026-03-01,85621,MTD,METTLER TOLEDO INTERNATIONAL INC/,same month,2026-03
2026-03-01,71176,SON,SONOCO PRODUCTS CO,same month,2026-03
2026-03-01,19788,PLTR,Palantir Technologies Inc.,same month,2026-03
2026-03-01,20057,VTRS,Viatris Inc,same month,2026-03
2026-03-01,54114,MLKN,"MILLERKNOLL, INC.",same month,2026-03
2026-03-01,89952,CMP,COMPASS MINERALS INTERNATIONAL INC,same month,2026-03
2026-03-01,20919,PL,Planet Labs PBC,same month,2026-03
2026-03-01,11891,MGM,MGM Resorts International,same month,2026-03
2026-03-01,15720,EIX,EDISON INTERNATIONAL,same month,2026-03
2026-03-01,16668,ZYME,ZYMEWORKS INC DE,carried forward from an earlier month,2026-01
2026-03-01,21219,GPOR,GULFPORT ENERGY CORP,same month,2026-03
2026-03-01,19938,ALGM,"ALLEGRO MICROSYSTEMS, INC.",carried forward from an earlier month,2026-02
2026-03-01,18203,KOD,KODIAK SCIENCES INC,carried forward from an earlier month,2026-01
2026-03-01,16816,BHF,"Brighthouse Financial, Inc.",same month,2026-03
2026-03-01,23506,FG,"F&G Annuities & Life, Inc.",same month,2026-03
2026-03-01,24876,RDDT,"Reddit, Inc.",same month,2026-03
2026-03-01,81254,SNEX,StoneX Group Inc.,same month,2026-03
2026-03-01,15318,ASB,ASSOCIATED BANC-CORP,same month,2026-03
2026-03-01,79210,RGA,REINSURANCE GROUP OF AMERICA INC,same month,2026-03
2026-03-01,91413,EVR,Evercore Inc.,same month,2026-03
2026-03-01,26444,CRWV,"CoreWeave, Inc.",same month,2026-03
2026-03-01,86211,MSTR,Strategy Inc,same month,2026-03
2026-03-01,22220,NN,NEXTNAV INC.,same month,2026-03
2026-03-01,23263,QBTS,D-Wave Quantum Inc.,same month,2026-03
2026-03-01,20357,IONQ,"IonQ, Inc.",same month,2026-03
2026-03-01,14813,MARA,"MARA Holdings, Inc.",same month,2026-03
2026-03-01,24655,HUT,Hut 8 Corp.,same month,2026-03
2026-03-01,21754,QUBT,Quantum Computing Inc.,same month,2026-03
2026-03-01,26720,BMNR,"BITMINE IMMERSION TECHNOLOGIES, INC.",same month,2026-03
2026-03-01,19751,LCID,"Lucid Group, Inc.",same month,2026-03
2026-03-01,87759,WULF,TERAWULF INC.,same month,2026-03
2026-03-01,84819,SBET,SHARPLINK GAMING INC,carried forward from an earlier month,2026-01
2026-03-01,25147,FUN,Six Flags Entertainment Corporation/NEW,same month,2026-03
2026-03-01,21927,DJT,Trump Media & Technology Group Corp.,same month,2026-03
2026-03-01,16338,VVV,VALVOLINE INC,same month,2026-03
2026-03-01,77338,ROP,ROPER TECHNOLOGIES INC,carried forward from an earlier month,2026-02
2026-03-01,23054,SOUN,"SOUNDHOUND AI, INC.",same month,2026-03
2026-03-01,20381,NVTS,Navitas Semiconductor Corp,same month,2026-03
2026-03-01,21090,RCAT,"Red Cat Holdings, Inc.",carried forward from an earlier month,2026-02
2026-03-01,91907,SMCI,"Super Micro Computer, Inc.",same month,2026-03
2026-03-01,16680,QXO,"QXO, Inc.",same month,2026-03
2026-03-01,20138,CMPO,"CompoSecure, Inc.",carried forward from an earlier month,2026-02
2026-03-01,19076,ASTS,"AST SpaceMobile, Inc.",same month,2026-03
2026-03-01,26839,RAL,Ralliant Corp,same month,2026-03
2026-03-01,19187,CLSK,"CLEANSPARK, INC.",same month,2026-03
2026-03-01,23941,CAVA,"CAVA GROUP, INC.",same month,2026-03
2026-03-01,89986,APLD,Applied Digital Corp.,same month,2026-03
2026-03-01,21029,RUM,RUMBLE INC,carried forward from an earlier month,2026-01
2026-03-01,24698,CORZ,CORE SCIENTIFIC INC NEW,carried forward from an earlier month,2026-01
2026-03-01,19849,SMMT,Summit Therapeutics Inc.,same month,2026-03
2026-03-01,89297,CCOI,"COGENT COMMUNICATIONS HOLDINGS, INC.",same month,2026-03
2026-03-01,25205,ALMS,ALUMIS INC.,carried forward from an earlier month,2026-02
2026-03-01,26747,ASIC,ATEGRITY SPECIALTY INS CO HLDGS,carried forward from an earlier month,2026-01
2026-03-01,25181,LB,LandBridge Co LLC,same month,2026-03
2026-03-01,35044,RF,REGIONS FINANCIAL CORP,same month,2026-03
2026-03-01,19002,BWIN,"Baldwin Insurance Group, Inc.",same month,2026-03
2026-03-01,22079,LTH,"Life Time Group Holdings, Inc.",same month,2026-03
2026-03-01,86288,CSGP,"COSTAR GROUP, INC.",same month,2026-03
2026-03-01,20193,AI,"C3.ai, Inc.",same month,2026-03
2026-03-01,22313,LUNR,"Intuitive Machines, Inc.",same month,2026-03
2026-03-01,21017,ALKT,"ALKAMI TECHNOLOGY, INC.",same month,2026-03
2026-03-01,21359,MCW,MISTER CAR WASH INC,carried forward from an earlier month,2026-01
2026-03-01,24875,ALAB,"Astera Labs, Inc.",same month,2026-03
2026-03-01,25051,NNE,Nano Nuclear Energy Inc.,same month,2026-03
2026-03-01,86228,RSG,"REPUBLIC SERVICES, INC.",same month,2026-03
2026-03-01,64282,BBWI,"Bath & Body Works, Inc.",same month,2026-03
2026-03-01,26798,CAI,"Caris Life Sciences, Inc.",same month,2026-03
2026-03-01,21692,TE,T1 ENERGY INC,carried forward from an earlier month,2026-01
2026-03-01,20399,RDW,Redwire Corp,same month,2026-03
2026-03-01,17821,SRRK,Scholar Rock Holding Corp,carried forward from an earlier month,2026-02
2026-03-01,83443,BRKB,BERKSHIRE HATHAWAY INC DEL,carried forward from an earlier month,2026-01
2026-03-01,14317,LGIH,"LGI Homes, Inc.",same month,2026-03
2026-03-01,15058,SLNO,SOLENO THERAPEUTICS INC,carried forward from an earlier month,2026-01
2026-03-01,92469,SATS,ECHOSTAR CORP,carried forward from an earlier month,2026-01
2026-03-01,19484,PCVX,"Vaxcyte, Inc.",same month,2026-03
2026-03-01,25773,PRMB,PRIMO BRANDS CORP,carried forward from an earlier month,2026-01
2026-03-01,19986,PRAX,"Praxis Precision Medicines, Inc.",same month,2026-03
2026-03-01,15293,NEXT,NEXTDECADE CORP,carried forward from an earlier month,2026-01
2026-03-01,15960,CRVS,"Corvus Pharmaceuticals, Inc.",carried forward from an earlier month,2026-02
2026-03-01,20930,SOC,Sable Offshore Corp.,same month,2026-03
2026-03-01,10892,WSFS,WSFS FINANCIAL CORP,carried forward from an earlier month,2026-02
2026-03-01,26653,GLXY,Galaxy Digital Inc.,same month,2026-03
2026-03-01,86896,CBU,"COMMUNITY FINANCIAL SYSTEM, INC.",same month,2026-03
2026-03-01,26744,VOYG,VOYAGER TECHNOLOGIES INC,carried forward from an earlier month,2026-01
2026-03-01,92294,UEC,URANIUM ENERGY CORP,carried forward from an earlier month,2026-01
2026-03-01,18191,BFC,Bank First Corp,carried forward from an earlier month,2026-02
2026-03-01,21007,RGTI,"Rigetti Computing, Inc.",carried forward from an earlier month,2026-02
2026-03-01,18776,IMVT,"Immunovant, Inc.",same month,2026-03
2026-03-01,78170,SM,SM Energy Co,same month,2026-03
2026-03-01,10933,MKL,MARKEL GROUP INC.,same month,2026-03
2026-03-01,21342,VERA,"Vera Therapeutics, Inc.",same month,2026-03
2026-03-01,25320,CPB,CAMPBELLS CO,carried forward from an earlier month,2026-01
2026-03-01,90505,LVS,LAS VEGAS SANDS CORP,same month,2026-03
2026-03-01,19577,RKT,"Rocket Companies, Inc.",same month,2026-03
2026-03-01,24064,APGE,"Apogee Therapeutics, Inc.",carried forward from an earlier month,2026-02
2026-03-01,23147,IE,IVANHOE ELECTRIC INC,carried forward from an earlier month,2026-01
2026-03-01,13323,ENPH,"Enphase Energy, Inc.",same month,2026-03
2026-03-01,15533,IBRX,"ImmunityBio, Inc.",same month,2026-03
2026-03-01,85464,CWST,CASELLA WASTE SYSTEMS INC,same month,2026-03
2026-03-01,21898,CWAN,CLEARWATER ANALYTICS HLDGS INC,carried forward from an earlier month,2026-01
2026-03-01,19489,PCT,PURECYCLE TECHNOLOGIES INC,carried forward from an earlier month,2026-01
2026-03-01,91968,TFSL,TFS Financial CORP,same month,2026-03
2026-03-01,91612,GSAT,"Globalstar, Inc.",same month,2026-03
2026-03-01,21207,NEM,NEWMONT Corp /DE/,same month,2026-03
2026-03-01,15084,TFIN,"Triumph Financial, Inc.",same month,2026-03
2026-03-01,17683,CLBK,COLUMBIA FINANCIAL INC,carried forward from an earlier month,2026-01
2026-03-01,79698,IT,GARTNER INC,same month,2026-03
2026-03-01,27045,MH,"McGraw Hill, Inc.",same month,2026-03
2026-03-01,25886,TTAN,"ServiceTitan, Inc.",same month,2026-03
2026-03-01,84588,MTN,VAIL RESORTS INC,same month,2026-03
2026-03-01,27083,PSKY,Paramount Skydance Corp,same month,2026-03
2026-03-01,26178,SAIL,SAILPOINT INC,carried forward from an earlier month,2026-01
2026-03-01,17794,WH,"WYNDHAM HOTELS & RESORTS, INC.",same month,2026-03
2026-03-01,19826,ABX,"Abacus Global Management, Inc.",carried forward from an earlier month,2026-02
2026-03-01,78875,WOLF,"WOLFSPEED, INC.",same month,2026-03
2026-03-01,26277,TIC,"TIC Solutions, Inc.",carried forward from an earlier month,2026-02
2026-03-01,30681,OMC,OMNICOM GROUP INC.,same month,2026-03
2026-03-01,63467,BRO,"BROWN & BROWN, INC.",carried forward from an earlier month,2026-02
2026-03-01,26146,MAZE,MAZE THERAPEUTICS INC,carried forward from an earlier month,2026-01
2026-03-01,26179,KRMN,Karman Holdings Inc.,same month,2026-03
2026-04-01,18769,ADPT,Adaptive Biotechnologies Corp,carried forward from an earlier month,2026-03
2026-04-01,16617,PUMP,ProPetro Holding Corp.,carried forward from an earlier month,2026-03
2026-04-01,17908,XERS,"Xeris Biopharma Holdings, Inc.",same month,2026-04
2026-04-01,91348,ATEC,"Alphatec Holdings, Inc.",same month,2026-04
2026-04-01,20661,ALHC,"Alignment Healthcare, Inc.",same month,2026-04
2026-04-01,61743,DLX,DELUXE CORP,same month,2026-04
2026-04-01,19635,HRMY,"Harmony Biosciences Holdings, Inc.",carried forward from an earlier month,2026-03
2026-04-01,18135,GH,"Guardant Health, Inc.",carried forward from an earlier month,2026-03
2026-04-01,14440,TVTX,"Travere Therapeutics, Inc.",carried forward from an earlier month,2026-03
2026-04-01,32707,HP,"Helmerich & Payne, Inc.",same month,2026-04
2026-04-01,16499,PK,Park Hotels & Resorts Inc.,carried forward from an earlier month,2026-03
2026-04-01,32651,HL,HECLA MINING CO/DE/,same month,2026-04
2026-04-01,16816,BHF,"Brighthouse Financial, Inc.",carried forward from an earlier month,2026-03
2026-04-01,24459,PBI,PITNEY BOWES INC /DE/,same month,2026-04
2026-04-01,21020,AAL,American Airlines Group Inc.,same month,2026-04
2026-04-01,21564,LZ,"LEGALZOOM.COM, INC.",carried forward from an earlier month,2026-03
2026-04-01,50550,TPC,TUTOR PERINI CORP,carried forward from an earlier month,2026-03
2026-04-01,24441,CDE,"Coeur Mining, Inc.",same month,2026-04
2026-04-01,76712,AES,AES CORP,same month,2026-04
2026-04-01,89002,BFH,"BREAD FINANCIAL HOLDINGS, INC.",same month,2026-04
2026-04-01,16260,MEDP,"Medpace Holdings, Inc.",carried forward from an earlier month,2026-03
2026-04-01,80306,BCRX,BIOCRYST PHARMACEUTICALS INC,carried forward from an earlier month,2026-03
2026-04-01,13921,CUBI,"Customers Bancorp, Inc.",same month,2026-04
2026-04-01,83642,CNOB,"ConnectOne Bancorp, Inc.",carried forward from an earlier month,2026-03
2026-04-01,24876,RDDT,"Reddit, Inc.",carried forward from an earlier month,2026-03
2026-04-01,85059,FIX,COMFORT SYSTEMS USA INC,carried forward from an earlier month,2026-03
2026-04-01,90162,GNW,GENWORTH FINANCIAL INC,carried forward from an earlier month,2026-03
2026-04-01,92716,DCOM,"Dime Community Bancshares, Inc. /NY/",same month,2026-04
2026-04-01,15318,ASB,ASSOCIATED BANC-CORP,same month,2026-04
2026-04-01,26800,SLDE,"Slide Insurance Holdings, Inc.",same month,2026-04
2026-04-01,90178,ALNY,"ALNYLAM PHARMACEUTICALS, INC.",same month,2026-04
2026-04-01,15831,AXSM,"Axsome Therapeutics, Inc.",carried forward from an earlier month,2026-03
2026-04-01,20975,DAVE,Dave Inc./DE,same month,2026-04
2026-04-01,18203,KOD,Kodiak Sciences Inc.,same month,2026-04
2026-04-01,76128,VICR,VICOR CORP,carried forward from an earlier month,2026-03
2026-04-01,19497,LMND,"Lemonade, Inc.",carried forward from an earlier month,2026-03
2026-04-01,91413,EVR,Evercore Inc.,carried forward from an earlier month,2026-03
2026-04-01,83774,OCFC,OCEANFIRST FINANCIAL CORP,carried forward from an earlier month,2026-02
2026-04-01,14231,VEEV,VEEVA SYSTEMS INC,same month,2026-04
2026-04-01,77606,KSS,KOHLS Corp,same month,2026-04
2026-04-01,92220,MASI,MASIMO CORP,carried forward from an earlier month,2026-01
2026-04-01,22027,JXN,Jackson Financial Inc.,same month,2026-04
2026-04-01,22977,EE,"Excelerate Energy, Inc.",carried forward from an earlier month,2026-03
2026-04-01,81254,SNEX,StoneX Group Inc.,same month,2026-04
2026-04-01,20648,RBLX,Roblox Corp,same month,2026-04
2026-04-01,89964,NNI,NELNET INC,same month,2026-04
2026-04-01,23506,FG,"F&G Annuities & Life, Inc.",carried forward from an earlier month,2026-03
2026-04-01,79210,RGA,REINSURANCE GROUP OF AMERICA INC,same month,2026-04
2026-04-01,85741,HOPE,HOPE BANCORP INC,same month,2026-04
2026-04-01,15850,MTCH,"Match Group, Inc.",same month,2026-04
2026-04-01,14855,RYI,Ryerson Holding Corp,carried forward from an earlier month,2026-03
2026-04-01,12583,PCRX,"Pacira BioSciences, Inc.",carried forward from an earlier month,2026-03
2026-04-01,19184,ARQT,"Arcutis Biotherapeutics, Inc.",carried forward from an earlier month,2026-03
2026-04-01,54114,MLKN,"MILLERKNOLL, INC.",same month,2026-04
2026-04-01,17949,BE,Bloom Energy Corp,same month,2026-04
2026-04-01,14229,OMF,"OneMain Holdings, Inc.",carried forward from an earlier month,2026-03
2026-04-01,15272,SEDG,"SOLAREDGE TECHNOLOGIES, INC.",same month,2026-04
2026-04-01,93289,MXL,"MAXLINEAR, INC",carried forward from an earlier month,2026-03
2026-04-01,84275,UNFI,UNITED NATURAL FOODS INC,same month,2026-04
2026-04-01,17684,AHCO,AdaptHealth Corp.,carried forward from an earlier month,2026-03
2026-04-01,78840,IAC,IAC Inc.,same month,2026-04
2026-04-01,16698,APPN,APPIAN CORP,carried forward from an earlier month,2026-03
2026-04-01,83124,CSGS,C S G SYSTEMS INTERNATIONAL INC,carried forward from an earlier month,2026-01
2026-04-01,50876,LLY,ELI LILLY & Co,carried forward from an earlier month,2026-03
2026-04-01,85627,SAH,SONIC AUTOMOTIVE INC,carried forward from an earlier month,2026-03
2026-04-01,75320,AD,"ARRAY DIGITAL INFRASTRUCTURE, INC.",carried forward from an earlier month,2026-02
2026-04-01,60599,LUMN,"Lumen Technologies, Inc.",same month,2026-04
2026-04-01,41188,ALNT,ALLIENT INC,carried forward from an earlier month,2026-01
2026-04-01,89952,CMP,COMPASS MINERALS INTERNATIONAL INC,same month,2026-04
2026-04-01,20919,PL,Planet Labs PBC,same month,2026-04
2026-04-01,79906,INCY,INCYTE CORP,same month,2026-04
2026-04-01,13318,YELP,YELP INC,carried forward from an earlier month,2026-03
2026-04-01,86822,EXTR,EXTREME NETWORKS INC,carried forward from an earlier month,2026-02
2026-04-01,86820,CFFN,"Capitol Federal Financial, Inc.",carried forward from an earlier month,2026-02
2026-04-01,34673,NPKI,NPK International Inc.,carried forward from an earlier month,2026-03
2026-04-01,70033,HOG,"HARLEY-DAVIDSON, INC.",same month,2026-04
2026-04-01,16044,NGVT,Ingevity Corp,same month,2026-04
2026-04-01,20057,VTRS,Viatris Inc,carried forward from an earlier month,2026-03
2026-04-01,75070,WKC,WORLD KINECT CORP,carried forward from an earlier month,2026-03
2026-04-01,14239,VISN,"Vistance Networks, Inc.",carried forward from an earlier month,2026-03
2026-04-01,49015,LNC,LINCOLN NATIONAL CORP,same month,2026-04
2026-04-01,19788,PLTR,Palantir Technologies Inc.,carried forward from an earlier month,2026-03
2026-04-01,18452,LYFT,"Lyft, Inc.",carried forward from an earlier month,2026-03
2026-04-01,75182,PII,Polaris Inc.,carried forward from an earlier month,2026-02
2026-04-01,21219,GPOR,GULFPORT ENERGY CORP,same month,2026-04
2026-04-01,15371,COLL,"COLLEGIUM PHARMACEUTICAL, INC",same month,2026-04
2026-04-01,90856,ATRC,"AtriCure, Inc.",carried forward from an earlier month,2026-03
2026-04-01,13796,HROW,"HARROW, INC.",same month,2026-04
2026-04-01,19938,ALGM,"ALLEGRO MICROSYSTEMS, INC.",carried forward from an earlier month,2026-02
2026-04-01,11891,MGM,MGM Resorts International,carried forward from an earlier month,2026-03
2026-04-01,21026,AVAH,"Aveanna Healthcare Holdings, Inc.",same month,2026-04
2026-04-01,15396,BW,"Babcock & Wilcox Enterprises, Inc.",same month,2026-04
2026-04-01,24258,CART,Maplebear Inc.,carried forward from an earlier month,2026-03
2026-04-01,21122,FLYW,Flywire Corp,same month,2026-04
2026-04-01,78451,OPY,OPPENHEIMER HOLDINGS INC,carried forward from an earlier month,2026-03
2026-04-01,76709,IDXX,IDEXX LABORATORIES INC /DE,same month,2026-04
2026-04-01,23340,CRBG,"Corebridge Financial, Inc.",same month,2026-04
2026-04-01,16064,NTLA,"Intellia Therapeutics, Inc.",same month,2026-04
2026-04-01,87075,ZD,"ZIFF DAVIS, INC.",same month,2026-04
2026-04-01,14776,SYF,Synchrony Financial,same month,2026-04
2026-04-01,26444,CRWV,"CoreWeave, Inc.",same month,2026-04
2026-04-01,86211,MSTR,Strategy Inc,same month,2026-04
2026-04-01,22220,NN,NEXTNAV INC.,same month,2026-04
2026-04-01,23263,QBTS,D-Wave Quantum Inc.,carried forward from an earlier month,2026-03
2026-04-01,20138,GPGI,"GPGI, Inc.",same month,2026-04
2026-04-01,14813,MARA,"MARA Holdings, Inc.",same month,2026-04
2026-04-01,87759,WULF,TERAWULF INC.,same month,2026-04
2026-04-01,20357,IONQ,"IonQ, Inc.",same month,2026-04
2026-04-01,19751,LCID,"Lucid Group, Inc.",same month,2026-04
2026-04-01,24655,HUT,Hut 8 Corp.,carried forward from an earlier month,2026-03
2026-04-01,26720,BMNR,"BITMINE IMMERSION TECHNOLOGIES, INC.",same month,2026-04
2026-04-01,21927,DJT,Trump Media & Technology Group Corp.,same month,2026-04
2026-04-01,77338,ROP,ROPER TECHNOLOGIES INC,carried forward from an earlier month,2026-02
2026-04-01,84819,SBET,SHARPLINK GAMING INC,carried forward from an earlier month,2026-01
2026-04-01,21754,QUBT,Quantum Computing Inc.,same month,2026-04
2026-04-01,19187,CLSK,"CLEANSPARK, INC.",same month,2026-04
2026-04-01,25147,FUN,Six Flags Entertainment Corporation/NEW,same month,2026-04
2026-04-01,23054,SOUN,"SOUNDHOUND AI, INC.",same month,2026-04
2026-04-01,16680,QXO,"QXO, Inc.",same month,2026-04
2026-04-01,26839,RAL,Ralliant Corp,same month,2026-04
2026-04-01,19076,ASTS,"AST SpaceMobile, Inc.",same month,2026-04
2026-04-01,19849,SMMT,Summit Therapeutics Inc.,carried forward from an earlier month,2026-03
2026-04-01,25205,ALMS,ALUMIS INC.,same month,2026-04
2026-04-01,21029,RUM,Rumble Inc.,same month,2026-04
2026-04-01,20381,NVTS,Navitas Semiconductor Corp,same month,2026-04
2026-04-01,91907,SMCI,"Super Micro Computer, Inc.",same month,2026-04
2026-04-01,63467,BRO,"BROWN & BROWN, INC.",same month,2026-04
2026-04-01,89297,CCOI,"COGENT COMMUNICATIONS HOLDINGS, INC.",carried forward from an earlier month,2026-03
2026-04-01,83443,BRK.B,BERKSHIRE HATHAWAY INC,same month,2026-04
2026-04-01,21090,RCAT,"Red Cat Holdings, Inc.",same month,2026-04
2026-04-01,89986,APLD,Applied Digital Corp.,same month,2026-04
2026-04-01,18191,BFC,Bank First Corp,carried forward from an earlier month,2026-02
2026-04-01,17821,SRRK,Scholar Rock Holding Corp,same month,2026-04
2026-04-01,26178,SAIL,"SailPoint, Inc.",same month,2026-04
2026-04-01,22079,LTH,"Life Time Group Holdings, Inc.",same month,2026-04
2026-04-01,19002,BWIN,"Baldwin Insurance Group, Inc.",carried forward from an earlier month,2026-03
2026-04-01,22313,LUNR,"Intuitive Machines, Inc.",same month,2026-04
2026-04-01,26146,MAZE,MAZE THERAPEUTICS INC,carried forward from an earlier month,2026-01
2026-04-01,15058,SLNO,SOLENO THERAPEUTICS INC,carried forward from an earlier month,2026-01
2026-04-01,17794,WH,"WYNDHAM HOTELS & RESORTS, INC.",same month,2026-04
2026-04-01,20193,AI,"C3.ai, Inc.",same month,2026-04
2026-04-01,26179,KRMN,Karman Holdings Inc.,same month,2026-04
2026-04-01,86288,CSGP,"COSTAR GROUP, INC.",same month,2026-04
2026-04-01,23941,CAVA,"CAVA GROUP, INC.",same month,2026-04
2026-04-01,86896,CBU,"COMMUNITY FINANCIAL SYSTEM, INC.",carried forward from an earlier month,2026-03
2026-04-01,24875,ALAB,"Astera Labs, Inc.",carried forward from an earlier month,2026-03
2026-04-01,19986,PRAX,"Praxis Precision Medicines, Inc.",carried forward from an earlier month,2026-03
2026-04-01,25181,LB,LandBridge Co LLC,same month,2026-04
2026-04-01,15960,CRVS,"Corvus Pharmaceuticals, Inc.",same month,2026-04
2026-04-01,25051,NNE,Nano Nuclear Energy Inc.,carried forward from an earlier month,2026-03
2026-04-01,26277,TIC,"TIC Solutions, Inc.",same month,2026-04
2026-04-01,84588,MTN,VAIL RESORTS INC,same month,2026-04
2026-04-01,26653,GLXY,Galaxy Digital Inc.,carried forward from an earlier month,2026-03
2026-04-01,20399,RDW,Redwire Corp,same month,2026-04
2026-04-01,21007,RGTI,"Rigetti Computing, Inc.",same month,2026-04
2026-04-01,86228,RSG,"REPUBLIC SERVICES, INC.",carried forward from an earlier month,2026-03
2026-04-01,25773,PRMB,PRIMO BRANDS CORP,carried forward from an earlier month,2026-01
2026-04-01,19484,PCVX,"Vaxcyte, Inc.",carried forward from an earlier month,2026-03
2026-04-01,10892,WSFS,WSFS FINANCIAL CORP,same month,2026-04
2026-04-01,91968,TFSL,TFS Financial CORP,carried forward from an earlier month,2026-03
2026-04-01,14317,LGIH,"LGI Homes, Inc.",carried forward from an earlier month,2026-03
2026-04-01,26798,CAI,"Caris Life Sciences, Inc.",carried forward from an earlier month,2026-03
2026-04-01,24064,APGE,"Apogee Therapeutics, Inc.",same month,2026-04
2026-04-01,25320,CPB,CAMPBELL'S Co,same month,2026-04
2026-04-01,15293,NEXT,NEXTDECADE CORP,carried forward from an earlier month,2026-01
2026-04-01,26744,VOYG,"Voyager Technologies, Inc./DE",same month,2026-04
2026-04-01,20930,SOC,Sable Offshore Corp.,same month,2026-04
2026-04-01,16338,VVV,VALVOLINE INC,same month,2026-04
2026-04-01,19577,RKT,"Rocket Companies, Inc.",carried forward from an earlier month,2026-03
2026-04-01,21359,MCW,MISTER CAR WASH INC,carried forward from an earlier month,2026-01
2026-04-01,92294,UEC,URANIUM ENERGY CORP,carried forward from an earlier month,2026-01
2026-04-01,30681,OMC,OMNICOM GROUP INC.,same month,2026-04
2026-04-01,17683,CLBK,COLUMBIA FINANCIAL INC,carried forward from an earlier month,2026-01
2026-04-01,91612,GSAT,"Globalstar, Inc.",carried forward from an earlier month,2026-03
2026-04-01,64282,BBWI,"Bath & Body Works, Inc.",same month,2026-04
2026-04-01,15533,IBRX,"ImmunityBio, Inc.",same month,2026-04
2026-04-01,85464,CWST,CASELLA WASTE SYSTEMS INC,same month,2026-04
2026-04-01,23147,IE,IVANHOE ELECTRIC INC,carried forward from an earlier month,2026-01
2026-04-01,90505,LVS,LAS VEGAS SANDS CORP,same month,2026-04
2026-04-01,19489,PCT,PURECYCLE TECHNOLOGIES INC,carried forward from an earlier month,2026-01
2026-04-01,10933,MKL,MARKEL GROUP INC.,carried forward from an earlier month,2026-03
2026-04-01,78170,SM,SM Energy Co,same month,2026-04
2026-04-01,24698,CORZ,CORE SCIENTIFIC INC NEW,carried forward from an earlier month,2026-01
2026-04-01,35044,RF,REGIONS FINANCIAL CORP,carried forward from an earlier month,2026-03
2026-04-01,18776,IMVT,"Immunovant, Inc.",carried forward from an earlier month,2026-03
2026-04-01,25886,TTAN,"ServiceTitan, Inc.",same month,2026-04
2026-04-01,21207,NEM,NEWMONT Corp /DE/,carried forward from an earlier month,2026-03
2026-04-01,21342,VERA,"Vera Therapeutics, Inc.",same month,2026-04
2026-04-01,27302,VIA,"Via Transportation, Inc.",carried forward from an earlier month,2026-03
2026-04-01,14988,LBRDK,Liberty Broadband Corp,same month,2026-04
2026-04-01,21605,RYAN,"RYAN SPECIALTY HOLDINGS, INC.",carried forward from an earlier month,2026-03
2026-04-01,23993,KDK,"Kodiak AI, Inc.",same month,2026-04
2026-04-01,27356,PTRN,Pattern Group Inc.,same month,2026-04
2026-04-01,20682,CPNG,"Coupang, Inc.",carried forward from an earlier month,2026-03
2026-04-01,16649,OKTA,"Okta, Inc.",same month,2026-04
2026-04-01,15948,NIC,NICOLET BANKSHARES INC,carried forward from an earlier month,2026-03
2026-04-01,51625,SCI,SERVICE CORP INTERNATIONAL,carried forward from an earlier month,2026-03
2026-04-01,85272,AEHR,AEHR TEST SYSTEMS,carried forward from an earlier month,2026-02
2026-04-01,89217,AAP,ADVANCE AUTO PARTS INC,same month,2026-04
2026-04-01,90126,CYTK,CYTOKINETICS INC,carried forward from an earlier month,2026-03
2026-05-01,18769,ADPT,Adaptive Biotechnologies Corp,carried forward from an earlier month,2026-03
2026-05-01,17908,XERS,"Xeris Biopharma Holdings, Inc.",same month,2026-05
2026-05-01,32707,HP,"Helmerich & Payne, Inc.",carried forward from an earlier month,2026-04
2026-05-01,19635,HRMY,"Harmony Biosciences Holdings, Inc.",same month,2026-05
2026-05-01,16499,PK,Park Hotels & Resorts Inc.,same month,2026-05
2026-05-01,21020,AAL,American Airlines Group Inc.,same month,2026-05
2026-05-01,19497,LMND,"Lemonade, Inc.",same month,2026-05
2026-05-01,54114,MLKN,"MILLERKNOLL, INC.",carried forward from an earlier month,2026-04
2026-05-01,21564,LZ,"LEGALZOOM.COM, INC.",carried forward from an earlier month,2026-03
2026-05-01,20661,ALHC,"Alignment Healthcare, Inc.",same month,2026-05
2026-05-01,85059,FIX,COMFORT SYSTEMS USA INC,same month,2026-05
2026-05-01,61743,DLX,DELUXE CORP,same month,2026-05
2026-05-01,24258,CART,Maplebear Inc.,carried forward from an earlier month,2026-03
2026-05-01,16816,BHF,"Brighthouse Financial, Inc.",carried forward from an earlier month,2026-03
2026-05-01,87075,ZD,"ZIFF DAVIS, INC.",carried forward from an earlier month,2026-04
2026-05-01,50550,TPC,TUTOR PERINI CORP,carried forward from an earlier month,2026-03
2026-05-01,77606,KSS,KOHLS Corp,carried forward from an earlier month,2026-04
2026-05-01,24876,RDDT,"Reddit, Inc.",same month,2026-05
2026-05-01,18135,GH,"Guardant Health, Inc.",same month,2026-05
2026-05-01,21122,FLYW,Flywire Corp,carried forward from an earlier month,2026-04
2026-05-01,15396,BW,"Babcock & Wilcox Enterprises, Inc.",carried forward from an earlier month,2026-04
2026-05-01,92220,MASI,MASIMO CORP,carried forward from an earlier month,2026-01
2026-05-01,32651,HL,HECLA MINING CO/DE/,same month,2026-05
2026-05-01,91348,ATEC,"Alphatec Holdings, Inc.",carried forward from an earlier month,2026-04
2026-05-01,26800,SLDE,"Slide Insurance Holdings, Inc.",same month,2026-05
2026-05-01,24459,PBI,PITNEY BOWES INC /DE/,same month,2026-05
2026-05-01,14231,VEEV,VEEVA SYSTEMS INC,same month,2026-05
2026-05-01,13921,CUBI,"Customers Bancorp, Inc.",same month,2026-05
2026-05-01,20919,PL,Planet Labs PBC,carried forward from an earlier month,2026-04
2026-05-01,89002,BFH,"BREAD FINANCIAL HOLDINGS, INC.",same month,2026-05
2026-05-01,90162,GNW,GENWORTH FINANCIAL INC,carried forward from an earlier month,2026-03
2026-05-01,20975,DAVE,Dave Inc./DE,carried forward from an earlier month,2026-04
2026-05-01,22027,JXN,Jackson Financial Inc.,same month,2026-05
2026-05-01,23340,CRBG,"Corebridge Financial, Inc.",same month,2026-05
2026-05-01,16260,MEDP,"Medpace Holdings, Inc.",same month,2026-05
2026-05-01,80306,BCRX,BIOCRYST PHARMACEUTICALS INC,carried forward from an earlier month,2026-03
2026-05-01,76712,AES,AES CORP,same month,2026-05
2026-05-01,81254,SNEX,StoneX Group Inc.,carried forward from an earlier month,2026-04
2026-05-01,17949,BE,Bloom Energy Corp,same month,2026-05
2026-05-01,85741,HOPE,HOPE BANCORP INC,same month,2026-05
2026-05-01,76128,VICR,VICOR CORP,same month,2026-05
2026-05-01,91413,EVR,Evercore Inc.,same month,2026-05
2026-05-01,19184,ARQT,"Arcutis Biotherapeutics, Inc.",carried forward from an earlier month,2026-03
2026-05-01,23506,FG,"F&G Annuities & Life, Inc.",same month,2026-05
2026-05-01,15318,ASB,ASSOCIATED BANC-CORP,same month,2026-05
2026-05-01,22977,EE,"Excelerate Energy, Inc.",carried forward from an earlier month,2026-03
2026-05-01,83774,OCFC,OCEANFIRST FINANCIAL CORP,same month,2026-05
2026-05-01,14776,SYF,Synchrony Financial,same month,2026-05
2026-05-01,20648,RBLX,Roblox Corp,same month,2026-05
2026-05-01,83642,CNOB,"ConnectOne Bancorp, Inc.",same month,2026-05
2026-05-01,15831,AXSM,"Axsome Therapeutics, Inc.",same month,2026-05
2026-05-01,79210,RGA,REINSURANCE GROUP OF AMERICA INC,carried forward from an earlier month,2026-04
2026-05-01,78840,IAC,IAC Inc.,same month,2026-05
2026-05-01,76709,IDXX,IDEXX LABORATORIES INC /DE,carried forward from an earlier month,2026-04
2026-05-01,90178,ALNY,"ALNYLAM PHARMACEUTICALS, INC.",same month,2026-05
2026-05-01,15272,SEDG,"SOLAREDGE TECHNOLOGIES, INC.",carried forward from an earlier month,2026-04
2026-05-01,15850,MTCH,"Match Group, Inc.",same month,2026-05
2026-05-01,24441,CDE,"Coeur Mining, Inc.",same month,2026-05
2026-05-01,89964,NNI,NELNET INC,same month,2026-05
2026-05-01,13318,YELP,YELP INC,same month,2026-05
2026-05-01,85627,SAH,SONIC AUTOMOTIVE INC,same month,2026-05
2026-05-01,83124,CSGS,C S G SYSTEMS INTERNATIONAL INC,carried forward from an earlier month,2026-01
2026-05-01,49015,LNC,LINCOLN NATIONAL CORP,same month,2026-05
2026-05-01,86820,CFFN,"Capitol Federal Financial, Inc.",same month,2026-05
2026-05-01,14229,OMF,"OneMain Holdings, Inc.",carried forward from an earlier month,2026-03
2026-05-01,75320,AD,"ARRAY DIGITAL INFRASTRUCTURE, INC.",carried forward from an earlier month,2026-02
2026-05-01,16064,NTLA,"Intellia Therapeutics, Inc.",same month,2026-05
2026-05-01,84275,UNFI,UNITED NATURAL FOODS INC,same month,2026-05
2026-05-01,12583,PCRX,"Pacira BioSciences, Inc.",same month,2026-05
2026-05-01,21219,GPOR,GULFPORT ENERGY CORP,carried forward from an earlier month,2026-04
2026-05-01,19938,ALGM,"ALLEGRO MICROSYSTEMS, INC.",carried forward from an earlier month,2026-02
2026-05-01,19788,PLTR,Palantir Technologies Inc.,carried forward from an earlier month,2026-03
2026-05-01,50876,LLY,ELI LILLY & Co,same month,2026-05
2026-05-01,78451,OPY,OPPENHEIMER HOLDINGS INC,same month,2026-05
2026-05-01,17684,AHCO,AdaptHealth Corp.,same month,2026-05
2026-05-01,14855,RYI,Ryerson Holding Corp,carried forward from an earlier month,2026-03
2026-05-01,16044,NGVT,Ingevity Corp,same month,2026-05
2026-05-01,86822,EXTR,EXTREME NETWORKS INC,same month,2026-05
2026-05-01,16617,PUMP,ProPetro Holding Corp.,same month,2026-05
2026-05-01,20057,VTRS,Viatris Inc,carried forward from an earlier month,2026-03
2026-05-01,79906,INCY,INCYTE CORP,same month,2026-05
2026-05-01,92716,DCOM,"Dime Community Bancshares, Inc. /NY/",same month,2026-05
2026-05-01,70033,HOG,"HARLEY-DAVIDSON, INC.",carried forward from an earlier month,2026-04
2026-05-01,89952,CMP,COMPASS MINERALS INTERNATIONAL INC,carried forward from an earlier month,2026-04
2026-05-01,41188,ALNT,ALLIENT INC,carried forward from an earlier month,2026-01
2026-05-01,18452,LYFT,"Lyft, Inc.",carried forward from an earlier month,2026-03
2026-05-01,18203,KOD,Kodiak Sciences Inc.,carried forward from an earlier month,2026-04
2026-05-01,11891,MGM,MGM Resorts International,same month,2026-05
2026-05-01,75182,PII,Polaris Inc.,same month,2026-05
2026-05-01,22088,FLNC,"Fluence Energy, Inc.",same month,2026-05
2026-05-01,14797,CDNA,"CareDx, Inc.",same month,2026-05
2026-05-01,91659,ALGT,Allegiant Travel CO,same month,2026-05
2026-05-01,18134,UPWK,"UPWORK, INC",carried forward from an earlier month,2026-04
2026-05-01,19032,VIR,"Vir Biotechnology, Inc.",same month,2026-05
2026-05-01,19813,TNGX,"Tango Therapeutics, Inc.",same month,2026-05
2026-05-01,22177,AIP,"Arteris, Inc.",carried forward from an earlier month,2026-03
2026-05-01,76927,STRL,"STERLING INFRASTRUCTURE, INC.",same month,2026-05
2026-05-01,80069,ARWR,"ARROWHEAD PHARMACEUTICALS, INC.",carried forward from an earlier month,2026-04
2026-05-01,90436,HALO,"HALOZYME THERAPEUTICS, INC.",same month,2026-05
2026-05-01,88446,ILMN,"ILLUMINA, INC.",same month,2026-05
2026-05-01,27302,VIA,"Via Transportation, Inc.",carried forward from an earlier month,2026-03
2026-05-01,26444,CRWV,"CoreWeave, Inc.",same month,2026-05
2026-05-01,86211,MSTR,Strategy Inc,same month,2026-05
2026-05-01,23263,QBTS,D-Wave Quantum Inc.,same month,2026-05
2026-05-01,77338,ROP,ROPER TECHNOLOGIES INC,same month,2026-05
2026-05-01,26839,RAL,Ralliant Corp,carried forward from an earlier month,2026-04
2026-05-01,14813,MARA,"MARA Holdings, Inc.",same month,2026-05
2026-05-01,20138,GPGI,"GPGI, Inc.",carried forward from an earlier month,2026-04
2026-05-01,19751,LCID,"Lucid Group, Inc.",same month,2026-05
2026-05-01,87759,WULF,TERAWULF INC.,same month,2026-05
2026-05-01,20357,IONQ,"IonQ, Inc.",same month,2026-05
2026-05-01,21927,DJT,Trump Media & Technology Group Corp.,same month,2026-05
2026-05-01,26720,BMNR,"BITMINE IMMERSION TECHNOLOGIES, INC.",same month,2026-05
2026-05-01,22220,NN,NEXTNAV INC.,carried forward from an earlier month,2026-04
2026-05-01,19849,SMMT,Summit Therapeutics Inc.,same month,2026-05
2026-05-01,16680,QXO,"QXO, Inc.",same month,2026-05
2026-05-01,26178,SAIL,"SailPoint, Inc.",carried forward from an earlier month,2026-04
2026-05-01,21754,QUBT,Quantum Computing Inc.,carried forward from an earlier month,2026-04
2026-05-01,19187,CLSK,"CLEANSPARK, INC.",carried forward from an earlier month,2026-04
2026-05-01,25205,ALMS,ALUMIS INC.,carried forward from an earlier month,2026-04
2026-05-01,24875,ALAB,"Astera Labs, Inc.",carried forward from an earlier month,2026-03
2026-05-01,24655,HUT,Hut 8 Corp.,same month,2026-05
2026-05-01,84819,SBET,SHARPLINK GAMING INC,carried forward from an earlier month,2026-01
2026-05-01,23054,SOUN,"SOUNDHOUND AI, INC.",same month,2026-05
2026-05-01,19076,ASTS,"AST SpaceMobile, Inc.",same month,2026-05
2026-05-01,85272,AEHR,AEHR TEST SYSTEMS,same month,2026-05
2026-05-01,14988,LBRDK,Liberty Broadband Corp,same month,2026-05
2026-05-01,25147,FUN,Six Flags Entertainment Corporation/NEW,same month,2026-05
2026-05-01,89986,APLD,Applied Digital Corp.,same month,2026-05
2026-05-01,15058,SLNO,SOLENO THERAPEUTICS INC,carried forward from an earlier month,2026-01
2026-05-01,83443,BRK.B,BERKSHIRE HATHAWAY INC,same month,2026-05
2026-05-01,17821,SRRK,Scholar Rock Holding Corp,carried forward from an earlier month,2026-04
2026-05-01,23993,KDK,"Kodiak AI, Inc.",carried forward from an earlier month,2026-04
2026-05-01,21029,RUM,Rumble Inc.,carried forward from an earlier month,2026-04
2026-05-01,21605,RYAN,"RYAN SPECIALTY HOLDINGS, INC.",same month,2026-05
2026-05-01,90126,CYTK,CYTOKINETICS INC,carried forward from an earlier month,2026-03
2026-05-01,22313,LUNR,"Intuitive Machines, Inc.",carried forward from an earlier month,2026-04
2026-05-01,89297,CCOI,"COGENT COMMUNICATIONS HOLDINGS, INC.",carried forward from an earlier month,2026-03
2026-05-01,86896,CBU,"COMMUNITY FINANCIAL SYSTEM, INC.",same month,2026-05
2026-05-01,26146,MAZE,MAZE THERAPEUTICS INC,carried forward from an earlier month,2026-01
2026-05-01,63467,BRO,"BROWN & BROWN, INC.",same month,2026-05
2026-05-01,89217,AAP,ADVANCE AUTO PARTS INC,carried forward from an earlier month,2026-04
2026-05-01,20682,CPNG,"Coupang, Inc.",carried forward from an earlier month,2026-03
2026-05-01,21090,RCAT,"Red Cat Holdings, Inc.",carried forward from an earlier month,2026-04
2026-05-01,19986,PRAX,"Praxis Precision Medicines, Inc.",same month,2026-05
2026-05-01,91907,SMCI,"Super Micro Computer, Inc.",same month,2026-05
2026-05-01,19002,BWIN,"Baldwin Insurance Group, Inc.",carried forward from an earlier month,2026-03
2026-05-01,26179,KRMN,Karman Holdings Inc.,carried forward from an earlier month,2026-04
2026-05-01,21007,RGTI,"Rigetti Computing, Inc.",same month,2026-05
2026-05-01,51625,SCI,SERVICE CORP INTERNATIONAL,same month,2026-05
2026-05-01,15960,CRVS,"Corvus Pharmaceuticals, Inc.",same month,2026-05
2026-05-01,26653,GLXY,Galaxy Digital Inc.,same month,2026-05
2026-05-01,25181,LB,LandBridge Co LLC,carried forward from an earlier month,2026-04
2026-05-01,25773,PRMB,PRIMO BRANDS CORP,carried forward from an earlier month,2026-01
2026-05-01,16649,OKTA,"Okta, Inc.",same month,2026-05
2026-05-01,18191,BFC,Bank First Corp,same month,2026-05
2026-05-01,17683,CLBK,COLUMBIA FINANCIAL INC,carried forward from an earlier month,2026-01
2026-05-01,17794,WH,"WYNDHAM HOTELS & RESORTS, INC.",same month,2026-05
2026-05-01,91968,TFSL,TFS Financial CORP,same month,2026-05
2026-05-01,26798,CAI,"Caris Life Sciences, Inc.",same month,2026-05
2026-05-01,26277,TIC,"TIC Solutions, Inc.",carried forward from an earlier month,2026-04
2026-05-01,22079,LTH,"Life Time Group Holdings, Inc.",same month,2026-05
2026-05-01,19484,PCVX,"Vaxcyte, Inc.",carried forward from an earlier month,2026-03
2026-05-01,20399,RDW,Redwire Corp,carried forward from an earlier month,2026-04
2026-05-01,25320,CPB,CAMPBELL'S Co,carried forward from an earlier month,2026-04
2026-05-01,25051,NNE,Nano Nuclear Energy Inc.,same month,2026-05
2026-05-01,20193,AI,"C3.ai, Inc.",carried forward from an earlier month,2026-04
2026-05-01,26744,VOYG,"Voyager Technologies, Inc./DE",carried forward from an earlier month,2026-04
2026-05-01,15293,NEXT,NextDecade Corp,same month,2026-05
2026-05-01,21359,MCW,MISTER CAR WASH INC,carried forward from an earlier month,2026-01
2026-05-01,15948,NIC,NICOLET BANKSHARES INC,same month,2026-05
2026-05-01,23147,IE,IVANHOE ELECTRIC INC,carried forward from an earlier month,2026-01
2026-05-01,14317,LGIH,"LGI Homes, Inc.",same month,2026-05
2026-05-01,20930,SOC,Sable Offshore Corp.,same month,2026-05
2026-05-01,24064,APGE,"Apogee Therapeutics, Inc.",same month,2026-05
2026-05-01,86228,RSG,"REPUBLIC SERVICES, INC.",carried forward from an earlier month,2026-03
2026-05-01,10892,WSFS,WSFS FINANCIAL CORP,same month,2026-05
2026-05-01,10933,MKL,MARKEL GROUP INC.,carried forward from an earlier month,2026-03
2026-05-01,19489,PCT,PURECYCLE TECHNOLOGIES INC,carried forward from an earlier month,2026-01
2026-05-01,24698,CORZ,CORE SCIENTIFIC INC NEW,carried forward from an earlier month,2026-01
2026-05-01,85464,CWST,CASELLA WASTE SYSTEMS INC,same month,2026-05
2026-05-01,64282,BBWI,"Bath & Body Works, Inc.",carried forward from an earlier month,2026-04
2026-05-01,84588,MTN,VAIL RESORTS INC,same month,2026-05
2026-05-01,92294,UEC,URANIUM ENERGY CORP,carried forward from an earlier month,2026-01
2026-05-01,23941,CAVA,"CAVA GROUP, INC.",same month,2026-05
2026-05-01,19577,RKT,"Rocket Companies, Inc.",carried forward from an earlier month,2026-03
2026-05-01,26713,CRCL,"Circle Internet Group, Inc.",carried forward from an earlier month,2026-04
2026-05-01,20295,CIFR,Cipher Digital Inc.,carried forward from an earlier month,2026-04
2026-05-01,27608,MPLT,"MapLight Therapeutics, Inc.",same month,2026-05
2026-05-01,22758,ACLX,ARCELLX INC,carried forward from an earlier month,2026-01
2026-05-01,92213,RIOT,"Riot Platforms, Inc.",same month,2026-05
2026-05-01,21331,AUR,"Aurora Innovation, Inc.",carried forward from an earlier month,2026-03
2026-05-01,78875,WOLF,"WOLFSPEED, INC.",carried forward from an earlier month,2026-04
2026-05-01,19224,AEVA,"Aeva Technologies, Inc.",carried forward from an earlier month,2026-03
2026-05-01,46674,GPC,GENUINE PARTS CO,same month,2026-05
2026-05-01,84042,PAG,"PENSKE AUTOMOTIVE GROUP, INC.",same month,2026-05
2026-05-01,27348,NTSK,Netskope Inc,carried forward from an earlier month,2026-04
2026-05-01,27336,STUB,"StubHub Holdings, Inc.",carried forward from an earlier month,2026-04
2026-05-01,10032,PLXS,PLEXUS CORP,same month,2026-05
2026-05-01,76582,DORM,"Dorman Products, Inc.",carried forward from an earlier month,2026-03
2026-06-01,14797,CDNA,"CareDx, Inc.",carried forward from an earlier month,2026-05
2026-06-01,54114,MLKN,"MILLERKNOLL, INC.",carried forward from an earlier month,2026-04
2026-06-01,19635,HRMY,"Harmony Biosciences Holdings, Inc.",same month,2026-06
2026-06-01,21020,AAL,American Airlines Group Inc.,same month,2026-06
2026-06-01,20919,PL,Planet Labs PBC,same month,2026-06
2026-06-01,20661,ALHC,"Alignment Healthcare, Inc.",same month,2026-06
2026-06-01,61743,DLX,DELUXE CORP,same month,2026-06
2026-06-01,77606,KSS,KOHLS Corp,same month,2026-06
2026-06-01,17949,BE,Bloom Energy Corp,same month,2026-06
2026-06-01,76927,STRL,"STERLING INFRASTRUCTURE, INC.",same month,2026-06
2026-06-01,85059,FIX,COMFORT SYSTEMS USA INC,same month,2026-06
2026-06-01,21564,LZ,"LEGALZOOM.COM, INC.",same month,2026-06
2026-06-01,17908,XERS,"Xeris Biopharma Holdings, Inc.",same month,2026-06
2026-06-01,22177,AIP,"Arteris, Inc.",same month,2026-06
2026-06-01,16499,PK,Park Hotels & Resorts Inc.,carried forward from an earlier month,2026-05
2026-06-01,16816,BHF,"Brighthouse Financial, Inc.",same month,2026-06
2026-06-01,22977,EE,"Excelerate Energy, Inc.",same month,2026-06
2026-06-01,15396,BW,"Babcock & Wilcox Enterprises, Inc.",same month,2026-06
2026-06-01,90436,HALO,"HALOZYME THERAPEUTICS, INC.",same month,2026-06
2026-06-01,88446,ILMN,"ILLUMINA, INC.",same month,2026-06
2026-06-01,18134,UPWK,"UPWORK, INC",same month,2026-06
2026-06-01,24459,PBI,PITNEY BOWES INC /DE/,same month,2026-06
2026-06-01,87075,ZD,"ZIFF DAVIS, INC.",same month,2026-06
2026-06-01,76128,VICR,VICOR CORP,carried forward from an earlier month,2026-05
2026-06-01,21122,FLYW,Flywire Corp,same month,2026-06
2026-06-01,32651,HL,HECLA MINING CO/DE/,same month,2026-06
2026-06-01,50550,TPC,TUTOR PERINI CORP,same month,2026-06
2026-06-01,24258,CART,Maplebear Inc.,same month,2026-06
2026-06-01,26800,SLDE,"Slide Insurance Holdings, Inc.",carried forward from an earlier month,2026-05
2026-06-01,13921,CUBI,"Customers Bancorp, Inc.",same month,2026-06
2026-06-01,90162,GNW,GENWORTH FINANCIAL INC,same month,2026-06
2026-06-01,89002,BFH,"BREAD FINANCIAL HOLDINGS, INC.",same month,2026-06
2026-06-01,80069,ARWR,"ARROWHEAD PHARMACEUTICALS, INC.",same month,2026-06
2026-06-01,19497,LMND,"Lemonade, Inc.",carried forward from an earlier month,2026-05
2026-06-01,91659,ALGT,Allegiant Travel CO,same month,2026-06
2026-06-01,14231,VEEV,VEEVA SYSTEMS INC,carried forward from an earlier month,2026-05
2026-06-01,92220,MASI,MASIMO CORP,carried forward from an earlier month,2026-01
2026-06-01,22027,JXN,Jackson Financial Inc.,same month,2026-06
2026-06-01,15831,AXSM,"Axsome Therapeutics, Inc.",same month,2026-06
2026-06-01,23506,FG,"F&G Annuities & Life, Inc.",same month,2026-06
2026-06-01,15272,SEDG,"SOLAREDGE TECHNOLOGIES, INC.",same month,2026-06
2026-06-01,85741,HOPE,HOPE BANCORP INC,same month,2026-06
2026-06-01,16044,NGVT,Ingevity Corp,same month,2026-06
2026-06-01,81254,SNEX,StoneX Group Inc.,same month,2026-06
2026-06-01,83774,OCFC,OCEANFIRST FINANCIAL CORP,same month,2026-06
2026-06-01,91413,EVR,Evercore Inc.,carried forward from an earlier month,2026-05
2026-06-01,12583,PCRX,"Pacira BioSciences, Inc.",carried forward from an earlier month,2026-05
2026-06-01,13318,YELP,YELP INC,same month,2026-06
2026-06-01,23340,CRBG,"Corebridge Financial, Inc.",same month,2026-06
2026-06-01,14776,SYF,Synchrony Financial,same month,2026-06
2026-06-01,78840,IAC,IAC Inc.,same month,2026-06
2026-06-01,85627,SAH,SONIC AUTOMOTIVE INC,same month,2026-06
2026-06-01,15318,ASB,ASSOCIATED BANC-CORP,same month,2026-06
2026-06-01,79210,RGA,REINSURANCE GROUP OF AMERICA INC,same month,2026-06
2026-06-01,15850,MTCH,"Match Group, Inc.",same month,2026-06
2026-06-01,20648,RBLX,Roblox Corp,same month,2026-06
2026-06-01,24876,RDDT,"Reddit, Inc.",carried forward from an earlier month,2026-05
2026-06-01,89964,NNI,NELNET INC,same month,2026-06
2026-06-01,18135,GH,"Guardant Health, Inc.",same month,2026-06
2026-06-01,90178,ALNY,"ALNYLAM PHARMACEUTICALS, INC.",same month,2026-06
2026-06-01,83642,CNOB,"ConnectOne Bancorp, Inc.",same month,2026-06
2026-06-01,14855,RYZ,Ryerson Holding Corp,same month,2026-06
2026-06-01,16260,MEDP,"Medpace Holdings, Inc.",same month,2026-06
2026-06-01,76709,IDXX,IDEXX LABORATORIES INC /DE,same month,2026-06
2026-06-01,83124,CSGS,C S G SYSTEMS INTERNATIONAL INC,carried forward from an earlier month,2026-01
2026-06-01,49015,LNC,LINCOLN NATIONAL CORP,same month,2026-06
2026-06-01,17684,AHCO,AdaptHealth Corp.,same month,2026-06
2026-06-01,32707,HP,"Helmerich & Payne, Inc.",same month,2026-06
2026-06-01,18452,LYFT,"Lyft, Inc.",same month,2026-06
2026-06-01,18203,KOD,Kodiak Sciences Inc.,same month,2026-06
2026-06-01,19938,ALGM,"ALLEGRO MICROSYSTEMS, INC.",same month,2026-06
2026-06-01,76712,AES,AES CORP,carried forward from an earlier month,2026-05
2026-06-01,86820,CFFN,"Capitol Federal Financial, Inc.",carried forward from an earlier month,2026-05
2026-06-01,20975,DAVE,Dave Inc./DE,same month,2026-06
2026-06-01,22088,FLNC,"Fluence Energy, Inc.",same month,2026-06
2026-06-01,20057,VTRS,Viatris Inc,same month,2026-06
2026-06-01,14229,OMF,"OneMain Holdings, Inc.",same month,2026-06
2026-06-01,19788,PLTR,Palantir Technologies Inc.,same month,2026-06
2026-06-01,19184,ARQT,"Arcutis Biotherapeutics, Inc.",same month,2026-06
2026-06-01,18769,ADPT,Adaptive Biotechnologies Corp,same month,2026-06
2026-06-01,80306,BCRX,BIOCRYST PHARMACEUTICALS INC,same month,2026-06
2026-06-01,11891,MGM,MGM Resorts International,same month,2026-06
2026-06-01,86822,EXTR,EXTREME NETWORKS INC,carried forward from an earlier month,2026-05
2026-06-01,84275,UNFI,UNITED NATURAL FOODS INC,carried forward from an earlier month,2026-05
2026-06-01,75320,AD,"ARRAY DIGITAL INFRASTRUCTURE, INC.",same month,2026-06
2026-06-01,78451,OPY,OPPENHEIMER HOLDINGS INC,same month,2026-06
2026-06-01,79906,INCY,INCYTE CORP,carried forward from an earlier month,2026-05
2026-06-01,19813,TNGX,"Tango Therapeutics, Inc.",same month,2026-06
2026-06-01,13688,PCG,PG&E Corp,same month,2026-06
2026-06-01,89269,CNC,CENTENE CORP,same month,2026-06
2026-06-01,86819,ATLC,Atlanticus Holdings Corp,same month,2026-06
2026-06-01,15454,GKOS,GLAUKOS Corp,same month,2026-06
2026-06-01,18908,TXG,"10x Genomics, Inc.",same month,2026-06
2026-06-01,14325,TNDM,TANDEM DIABETES CARE INC,same month,2026-06
2026-06-01,19413,ACI,"Albertsons Companies, Inc.",carried forward from an earlier month,2026-05
2026-06-01,27125,HTFL,"Heartflow, Inc.",same month,2026-06
2026-06-01,16967,CARG,"CarGurus, Inc.",same month,2026-06
2026-06-01,16432,GT,GOODYEAR TIRE & RUBBER CO /OH/,same month,2026-06
2026-06-01,77300,SMG,SCOTTS MIRACLE-GRO CO,carried forward from an earlier month,2026-05
2026-06-01,85168,HLX,HELIX ENERGY SOLUTIONS GROUP INC,carried forward from an earlier month,2026-01
2026-06-01,26444,CRWV,"CoreWeave, Inc.",same month,2026-06
2026-06-01,27302,VIA,"Via Transportation, Inc.",same month,2026-06
2026-06-01,86211,MSTR,Strategy Inc,same month,2026-06
2026-06-01,23263,QBTS,D-Wave Quantum Inc.,same month,2026-06
2026-06-01,26713,CRCL,"Circle Internet Group, Inc.",same month,2026-06
2026-06-01,77338,ROP,ROPER TECHNOLOGIES INC,same month,2026-06
2026-06-01,20138,GPGI,"GPGI, Inc.",same month,2026-06
2026-06-01,21927,DJT,Trump Media & Technology Group Corp.,same month,2026-06
2026-06-01,26839,RAL,Ralliant Corp,same month,2026-06
2026-06-01,16680,QXO,"QXO, Inc.",same month,2026-06
2026-06-01,26720,BMNR,"BITMINE IMMERSION TECHNOLOGIES, INC.",same month,2026-06
2026-06-01,20357,IONQ,"IonQ, Inc.",same month,2026-06
2026-06-01,19751,LCID,"Lucid Group, Inc.",same month,2026-06
2026-06-01,19849,SMMT,Summit Therapeutics Inc.,carried forward from an earlier month,2026-05
2026-06-01,14813,MARA,"MARA Holdings, Inc.",same month,2026-06
2026-06-01,19076,ASTS,"AST SpaceMobile, Inc.",same month,2026-06
2026-06-01,23054,SOUN,"SOUNDHOUND AI, INC.",same month,2026-06
2026-06-01,20295,CIFR,Cipher Digital Inc.,same month,2026-06
2026-06-01,24875,ALAB,"Astera Labs, Inc.",same month,2026-06
2026-06-01,21754,QUBT,Quantum Computing Inc.,same month,2026-06
2026-06-01,22220,NN,NEXTNAV INC.,same month,2026-06
2026-06-01,87759,WULF,TERAWULF INC.,same month,2026-06
2026-06-01,19187,CLSK,"CLEANSPARK, INC.",same month,2026-06
2026-06-01,26178,SAIL,"SailPoint, Inc.",same month,2026-06
2026-06-01,21331,AUR,"Aurora Innovation, Inc.",same month,2026-06
2026-06-01,24655,HUT,Hut 8 Corp.,same month,2026-06
2026-06-01,92213,RIOT,"Riot Platforms, Inc.",carried forward from an earlier month,2026-05
2026-06-01,15058,SLNO,SOLENO THERAPEUTICS INC,carried forward from an earlier month,2026-01
2026-06-01,85272,AEHR,AEHR TEST SYSTEMS,carried forward from an earlier month,2026-05
2026-06-01,78875,WOLF,"WOLFSPEED, INC.",same month,2026-06
2026-06-01,83443,BRK.B,BERKSHIRE HATHAWAY INC,same month,2026-06
2026-06-01,76582,DORM,"Dorman Products, Inc.",same month,2026-06
2026-06-01,25147,FUN,Six Flags Entertainment Corporation/NEW,same month,2026-06
2026-06-01,27336,STUB,"StubHub Holdings, Inc.",same month,2026-06
2026-06-01,89986,APLD,Applied Digital Corp.,same month,2026-06
2026-06-01,25205,ALMS,ALUMIS INC.,same month,2026-06
2026-06-01,84819,SBET,SHARPLINK GAMING INC,carried forward from an earlier month,2026-01
2026-06-01,27608,MPLT,"MapLight Therapeutics, Inc.",same month,2026-06
2026-06-01,21029,RUM,Rumble Inc.,same month,2026-06
2026-06-01,27348,NTSK,Netskope Inc,carried forward from an earlier month,2026-04
2026-06-01,84042,PAG,"PENSKE AUTOMOTIVE GROUP, INC.",same month,2026-06
2026-06-01,21605,RYAN,"RYAN SPECIALTY HOLDINGS, INC.",same month,2026-06
2026-06-01,14988,LBRDK,Liberty Broadband Corp,same month,2026-06
2026-06-01,23993,KDK,"Kodiak AI, Inc.",same month,2026-06
2026-06-01,17821,SRRK,Scholar Rock Holding Corp,same month,2026-06
2026-06-01,86896,CBU,"COMMUNITY FINANCIAL SYSTEM, INC.",same month,2026-06
2026-06-01,17683,CLBK,COLUMBIA FINANCIAL INC,carried forward from an earlier month,2026-01
2026-06-01,89217,AAP,ADVANCE AUTO PARTS INC,same month,2026-06
2026-06-01,22313,LUNR,"Intuitive Machines, Inc.",same month,2026-06
2026-06-01,63467,BRO,"BROWN & BROWN, INC.",same month,2026-06
2026-06-01,90126,CYTK,CYTOKINETICS INC,same month,2026-06
2026-06-01,21090,RCAT,"Red Cat Holdings, Inc.",same month,2026-06
2026-06-01,26146,MAZE,MAZE THERAPEUTICS INC,carried forward from an earlier month,2026-01
2026-06-01,22079,LTH,"Life Time Group Holdings, Inc.",same month,2026-06
2026-06-01,10032,PLXS,PLEXUS CORP,carried forward from an earlier month,2026-05
2026-06-01,46674,GPC,GENUINE PARTS CO,carried forward from an earlier month,2026-05
2026-06-01,19986,PRAX,"Praxis Precision Medicines, Inc.",same month,2026-06
2026-06-01,91907,SMCI,"Super Micro Computer, Inc.",same month,2026-06
2026-06-01,26653,GLXY,Galaxy Digital Inc.,same month,2026-06
2026-06-01,20682,CPNG,"Coupang, Inc.",same month,2026-06
2026-06-01,25773,PRMB,PRIMO BRANDS CORP,carried forward from an earlier month,2026-01
2026-06-01,19002,BWIN,"Baldwin Insurance Group, Inc.",same month,2026-06
2026-06-01,21007,RGTI,"Rigetti Computing, Inc.",same month,2026-06
2026-06-01,26179,KRMN,Karman Holdings Inc.,same month,2026-06
2026-06-01,25181,LB,LandBridge Co LLC,same month,2026-06
2026-06-01,19224,AEVA,"Aeva Technologies, Inc.",same month,2026-06
2026-06-01,91968,TFSL,TFS Financial CORP,same month,2026-06
2026-06-01,16649,OKTA,"Okta, Inc.",same month,2026-06
2026-06-01,25320,CPB,CAMPBELL'S Co,carried forward from an earlier month,2026-04
2026-06-01,26798,CAI,"Caris Life Sciences, Inc.",same month,2026-06
2026-06-01,51625,SCI,SERVICE CORP INTERNATIONAL,same month,2026-06
2026-06-01,15960,CRVS,"Corvus Pharmaceuticals, Inc.",same month,2026-06
2026-06-01,10933,MKL,MARKEL GROUP INC.,same month,2026-06
2026-06-01,26744,VOYG,"Voyager Technologies, Inc./DE",same month,2026-06
2026-06-01,20930,SOC,Sable Offshore Corp.,same month,2026-06
2026-06-01,15293,NEXT,NextDecade Corp,carried forward from an earlier month,2026-05
2026-06-01,85464,CWST,CASELLA WASTE SYSTEMS INC,same month,2026-06
2026-06-01,20399,RDW,Redwire Corp,same month,2026-06
2026-06-01,24064,APGE,"Apogee Therapeutics, Inc.",same month,2026-06
2026-06-01,17794,WH,"WYNDHAM HOTELS & RESORTS, INC.",same month,2026-06
2026-06-01,23147,IE,IVANHOE ELECTRIC INC,carried forward from an earlier month,2026-01
2026-06-01,25051,NNE,Nano Nuclear Energy Inc.,same month,2026-06
2026-06-01,18191,BFC,Bank First Corp,same month,2026-06
2026-06-01,19489,PCT,PURECYCLE TECHNOLOGIES INC,carried forward from an earlier month,2026-01
2026-06-01,20193,AI,"C3.ai, Inc.",same month,2026-06
2026-06-01,92294,UEC,URANIUM ENERGY CORP,carried forward from an earlier month,2026-01
2026-06-01,86228,RSG,"REPUBLIC SERVICES, INC.",same month,2026-06
2026-06-01,20312,ONDS,Ondas Inc.,same month,2026-06
2026-06-01,21053,BBAI,"BigBear.ai Holdings, Inc.",same month,2026-06
2026-06-01,27070,AMBQ,"Ambiq Micro, Inc.",same month,2026-06
2026-06-01,88360,MRVL,MARVELL TECHNOLOGY INC,carried forward from an earlier month,2026-01
2026-06-01,24815,UMAC,UNUSUAL MACHINES INC NEW,carried forward from an earlier month,2026-01
2026-06-01,14145,AAOI,"APPLIED OPTOELECTRONICS, INC.",same month,2026-06
2026-06-01,85517,CHH,CHOICE HOTELS INTERNATIONAL INC /DE,same month,2026-06
2026-06-01,17144,GIS,GENERAL MILLS INC,same month,2026-06
2026-06-01,23439,MBLY,Mobileye Global Inc.,carried forward from an earlier month,2026-05
2026-06-01,27598,Q,"Qnity Electronics, Inc.",same month,2026-06
2026-06-01,27118,FLY,Firefly Aerospace Inc.,same month,2026-06
2026-06-01,13278,MCHB,Mechanics Bancorp,same month,2026-06
2026-06-01,87445,TDY,TELEDYNE TECHNOLOGIES INC,carried forward from an earlier month,2026-05
2026-07-01,13688,PCG,PG&E Corp,same month,2026-07
2026-07-01,14797,CDNA,"CareDx, Inc.",same month,2026-07
2026-07-01,17949,BE,Bloom Energy Corp,same month,2026-07
2026-07-01,19635,HRMY,"Harmony Biosciences Holdings, Inc.",carried forward from an earlier month,2026-06
2026-07-01,61743,DLX,DELUXE CORP,same month,2026-07
2026-07-01,21020,AAL,American Airlines Group Inc.,same month,2026-07
2026-07-01,54114,MLKN,"MILLERKNOLL, INC.",same month,2026-07
2026-07-01,20919,PL,Planet Labs PBC,same month,2026-07
2026-07-01,27125,HTFL,"Heartflow, Inc.",same month,2026-07
2026-07-01,17684,AHCO,AdaptHealth Corp.,same month,2026-07
2026-07-01,76927,STRL,"STERLING INFRASTRUCTURE, INC.",same month,2026-07
2026-07-01,77606,KSS,KOHLS Corp,same month,2026-07
2026-07-01,86819,ATLC,Atlanticus Holdings Corp,carried forward from an earlier month,2026-06
2026-07-01,22977,EE,"Excelerate Energy, Inc.",same month,2026-07
2026-07-01,15831,AXSM,"Axsome Therapeutics, Inc.",same month,2026-07
2026-07-01,16499,PK,Park Hotels & Resorts Inc.,carried forward from an earlier month,2026-05
2026-07-01,85059,FIX,COMFORT SYSTEMS USA INC,same month,2026-07
2026-07-01,89269,CNC,CENTENE CORP,same month,2026-07
2026-07-01,88446,ILMN,"ILLUMINA, INC.",same month,2026-07
2026-07-01,18134,UPWK,"UPWORK, INC",same month,2026-07
2026-07-01,16816,BHF,"Brighthouse Financial, Inc.",same month,2026-07
2026-07-01,90436,HALO,"HALOZYME THERAPEUTICS, INC.",carried forward from an earlier month,2026-06
2026-07-01,22177,AIP,"Arteris, Inc.",same month,2026-07
2026-07-01,20661,ALHC,"Alignment Healthcare, Inc.",same month,2026-07
2026-07-01,19413,ACI,"Albertsons Companies, Inc.",carried forward from an earlier month,2026-05
2026-07-01,15396,BW,"Babcock & Wilcox Enterprises, Inc.",same month,2026-07
2026-07-01,21122,FLYW,Flywire Corp,same month,2026-07
2026-07-01,24459,PBI,PITNEY BOWES INC /DE/,same month,2026-07
2026-07-01,85168,HLX,HELIX ENERGY SOLUTIONS GROUP INC,carried forward from an earlier month,2026-01
2026-07-01,13921,CUBI,"Customers Bancorp, Inc.",carried forward from an earlier month,2026-06
2026-07-01,16432,GT,GOODYEAR TIRE & RUBBER CO /OH/,same month,2026-07
2026-07-01,23506,FG,"F&G Annuities & Life, Inc.",same month,2026-07
2026-07-01,12583,PCRX,"Pacira BioSciences, Inc.",same month,2026-07
2026-07-01,14325,TNDM,TANDEM DIABETES CARE INC,carried forward from an earlier month,2026-06
2026-07-01,14231,VEEV,VEEVA SYSTEMS INC,same month,2026-07
2026-07-01,15454,GKOS,GLAUKOS Corp,same month,2026-07
2026-07-01,87075,ZD,"ZIFF DAVIS, INC.",same month,2026-07
2026-07-01,15272,SEDG,"SOLAREDGE TECHNOLOGIES, INC.",same month,2026-07
2026-07-01,85741,HOPE,HOPE BANCORP INC,carried forward from an earlier month,2026-06
2026-07-01,22027,JXN,Jackson Financial Inc.,same month,2026-07
2026-07-01,90162,GNW,GENWORTH FINANCIAL INC,carried forward from an earlier month,2026-06
2026-07-01,21564,LZ,"LEGALZOOM.COM, INC.",same month,2026-07
2026-07-01,16967,CARG,"CarGurus, Inc.",same month,2026-07
2026-07-01,17908,XERS,"Xeris Biopharma Holdings, Inc.",same month,2026-07
2026-07-01,49015,LNC,LINCOLN NATIONAL CORP,same month,2026-07
2026-07-01,26800,SLDE,"Slide Insurance Holdings, Inc.",same month,2026-07
2026-07-01,24258,CART,Maplebear Inc.,carried forward from an earlier month,2026-06
2026-07-01,76128,VICR,VICOR CORP,same month,2026-07
2026-07-01,84275,UNFI,UNITED NATURAL FOODS INC,same month,2026-07
2026-07-01,91413,EVR,Evercore Inc.,same month,2026-07
2026-07-01,85627,SAH,SONIC AUTOMOTIVE INC,carried forward from an earlier month,2026-06
2026-07-01,18135,GH,"Guardant Health, Inc.",same month,2026-07
2026-07-01,89964,NNI,NELNET INC,carried forward from an earlier month,2026-06
2026-07-01,77300,SMG,SCOTTS MIRACLE-GRO CO,carried forward from an earlier month,2026-05
2026-07-01,80069,ARWR,"ARROWHEAD PHARMACEUTICALS, INC.",same month,2026-07
2026-07-01,78840,PPLI,People Inc,same month,2026-07
2026-07-01,13318,YELP,YELP INC,same month,2026-07
2026-07-01,14855,RYZ,Ryerson Holding Corp,carried forward from an earlier month,2026-06
2026-07-01,79210,RGA,REINSURANCE GROUP OF AMERICA INC,same month,2026-07
2026-07-01,16044,NGVT,Ingevity Corp,same month,2026-07
2026-07-01,14776,SYF,Synchrony Financial,same month,2026-07
2026-07-01,32651,HL,HECLA MINING CO/DE/,carried forward from an earlier month,2026-06
2026-07-01,81254,SNEX,StoneX Group Inc.,carried forward from an earlier month,2026-06
2026-07-01,50550,TPC,TUTOR PERINI CORP,same month,2026-07
2026-07-01,18908,TXG,"10x Genomics, Inc.",same month,2026-07
2026-07-01,76712,AES,AES CORP,same month,2026-07
2026-07-01,92220,MASI,MASIMO CORP,carried forward from an earlier month,2026-01
2026-07-01,19497,LMND,"Lemonade, Inc.",same month,2026-07
2026-07-01,89002,BFH,"BREAD FINANCIAL HOLDINGS, INC.",same month,2026-07
2026-07-01,15850,MTCH,"Match Group, Inc.",same month,2026-07
2026-07-01,90178,ALNY,"ALNYLAM PHARMACEUTICALS, INC.",carried forward from an earlier month,2026-06
2026-07-01,76709,IDXX,IDEXX LABORATORIES INC /DE,carried forward from an earlier month,2026-06
2026-07-01,20057,VTRS,Viatris Inc,same month,2026-07
2026-07-01,19788,PLTR,Palantir Technologies Inc.,same month,2026-07
2026-07-01,15318,ASB,ASSOCIATED BANC-CORP,carried forward from an earlier month,2026-06
2026-07-01,16260,MEDP,"Medpace Holdings, Inc.",same month,2026-07
2026-07-01,19938,ALGM,"ALLEGRO MICROSYSTEMS, INC.",same month,2026-07
2026-07-01,86822,EXTR,EXTREME NETWORKS INC,carried forward from an earlier month,2026-05
2026-07-01,75320,AD,"ARRAY DIGITAL INFRASTRUCTURE, INC.",same month,2026-07
2026-07-01,86820,CFFN,"Capitol Federal Financial, Inc.",carried forward from an earlier month,2026-05
2026-07-01,19813,TNGX,"Tango Therapeutics, Inc.",same month,2026-07
2026-07-01,32707,HP,"Helmerich & Payne, Inc.",same month,2026-07
2026-07-01,11891,MGM,MGM Resorts International,carried forward from an earlier month,2026-06
2026-07-01,18452,LYFT,"Lyft, Inc.",same month,2026-07
2026-07-01,23340,CRBG,"Corebridge Financial, Inc.",carried forward from an earlier month,2026-06
2026-07-01,21776,EXC,EXELON CORP,carried forward from an earlier month,2026-06
2026-07-01,20065,CNXC,Concentrix Corp,same month,2026-07
2026-07-01,22199,COCO,"Vita Coco Company, Inc.",same month,2026-07
2026-07-01,17133,ASTH,"Astrana Health, Inc.",same month,2026-07
2026-07-01,91403,KALU,KAISER ALUMINUM CORP,carried forward from an earlier month,2026-01
2026-07-01,72304,STAA,STAAR SURGICAL CO,same month,2026-07
2026-07-01,11701,IMKTA,INGLES MARKETS INC,carried forward from an earlier month,2026-06
2026-07-01,80719,GBX,GREENBRIER COMPANIES INC,carried forward from an earlier month,2026-06
2026-07-01,18770,BBIO,"BridgeBio Pharma, Inc.",same month,2026-07
2026-07-01,26662,HNGE,"Hinge Health, Inc.",same month,2026-07
2026-07-01,15720,EIX,EDISON INTERNATIONAL,carried forward from an earlier month,2026-06
2026-07-01,19333,RSI,"Rush Street Interactive, Inc.",same month,2026-07
2026-07-01,89353,JBLU,JETBLUE AIRWAYS CORP,same month,2026-07
2026-07-01,21357,DOCS,"Doximity, Inc.",carried forward from an earlier month,2026-06
2026-07-01,25252,ARDT,"Ardent Health, Inc.",same month,2026-07
2026-07-01,26444,CRWV,"CoreWeave, Inc.",same month,2026-07
2026-07-01,23263,QBTS,D-Wave Quantum Inc.,same month,2026-07
2026-07-01,26713,CRCL,"Circle Internet Group, Inc.",same month,2026-07
2026-07-01,21927,DJT,Trump Media & Technology Group Corp.,same month,2026-07
2026-07-01,27302,VIA,"Via Transportation, Inc.",carried forward from an earlier month,2026-06
2026-07-01,20138,GPGI,"GPGI, Inc.",same month,2026-07
2026-07-01,86211,MSTR,Strategy Inc,same month,2026-07
2026-07-01,19076,ASTS,"AST SpaceMobile, Inc.",same month,2026-07
2026-07-01,21331,AUR,"Aurora Innovation, Inc.",carried forward from an earlier month,2026-06
2026-07-01,26720,BMNR,"BITMINE IMMERSION TECHNOLOGIES, INC.",same month,2026-07
2026-07-01,77338,ROP,ROPER TECHNOLOGIES INC,carried forward from an earlier month,2026-06
2026-07-01,20357,IONQ,"IonQ, Inc.",same month,2026-07
2026-07-01,21754,QUBT,Quantum Computing Inc.,same month,2026-07
2026-07-01,26839,RAL,Ralliant Corp,same month,2026-07
2026-07-01,24875,ALAB,"Astera Labs, Inc.",same month,2026-07
2026-07-01,16680,QXO,"QXO, Inc.",same month,2026-07
2026-07-01,27336,STUB,"StubHub Holdings, Inc.",same month,2026-07
2026-07-01,19751,LCID,"Lucid Group, Inc.",same month,2026-07
2026-07-01,20295,CIFR,Cipher Digital Inc.,same month,2026-07
2026-07-01,14813,MARA,"MARA Holdings, Inc.",same month,2026-07
2026-07-01,23054,SOUN,"SOUNDHOUND AI, INC.",carried forward from an earlier month,2026-06
2026-07-01,20312,ONDS,Ondas Inc.,same month,2026-07
2026-07-01,87759,WULF,TERAWULF INC.,same month,2026-07
2026-07-01,19187,CLSK,"CLEANSPARK, INC.",carried forward from an earlier month,2026-06
2026-07-01,24655,HUT,Hut 8 Corp.,same month,2026-07
2026-07-01,19849,SMMT,Summit Therapeutics Inc.,same month,2026-07
2026-07-01,78875,WOLF,"WOLFSPEED, INC.",same month,2026-07
2026-07-01,27348,NTSK,Netskope Inc,same month,2026-07
2026-07-01,14145,AAOI,"APPLIED OPTOELECTRONICS, INC.",same month,2026-07
2026-07-01,24815,UMAC,UNUSUAL MACHINES INC NEW,carried forward from an earlier month,2026-01
2026-07-01,89986,APLD,Applied Digital Corp.,same month,2026-07
2026-07-01,25147,FUN,Six Flags Entertainment Corporation/NEW,carried forward from an earlier month,2026-06
2026-07-01,85272,AEHR,AEHR TEST SYSTEMS,carried forward from an earlier month,2026-05
2026-07-01,22220,NN,NEXTNAV INC.,same month,2026-07
2026-07-01,83443,BRK.B,BERKSHIRE HATHAWAY INC,carried forward from an earlier month,2026-06
2026-07-01,23439,MBLY,Mobileye Global Inc.,same month,2026-07
2026-07-01,92213,RIOT,"Riot Platforms, Inc.",same month,2026-07
2026-07-01,14988,LBRDK,Liberty Broadband Corp,carried forward from an earlier month,2026-06
2026-07-01,23993,KDK,"Kodiak AI, Inc.",same month,2026-07
2026-07-01,27070,AMBQ,"Ambiq Micro, Inc.",same month,2026-07
2026-07-01,27598,Q,"Qnity Electronics, Inc.",carried forward from an earlier month,2026-06
2026-07-01,17683,CLBK,COLUMBIA FINANCIAL INC,carried forward from an earlier month,2026-01
2026-07-01,26178,SAIL,"SailPoint, Inc.",same month,2026-07
2026-07-01,76582,DORM,"Dorman Products, Inc.",same month,2026-07
2026-07-01,21605,RYAN,"RYAN SPECIALTY HOLDINGS, INC.",carried forward from an earlier month,2026-06
2026-07-01,84042,PAG,"PENSKE AUTOMOTIVE GROUP, INC.",carried forward from an earlier month,2026-06
2026-07-01,17144,GIS,GENERAL MILLS INC,carried forward from an earlier month,2026-06
2026-07-01,25205,ALMS,ALUMIS INC.,same month,2026-07
2026-07-01,85517,CHH,CHOICE HOTELS INTERNATIONAL INC /DE,carried forward from an earlier month,2026-06
2026-07-01,17821,SRRK,Scholar Rock Holding Corp,same month,2026-07
2026-07-01,27608,MPLT,"MapLight Therapeutics, Inc.",same month,2026-07
2026-07-01,22079,LTH,"Life Time Group Holdings, Inc.",carried forward from an earlier month,2026-06
2026-07-01,87445,TDY,TELEDYNE TECHNOLOGIES INC,carried forward from an earlier month,2026-05
2026-07-01,89217,AAP,ADVANCE AUTO PARTS INC,same month,2026-07
2026-07-01,26653,GLXY,Galaxy Digital Inc.,carried forward from an earlier month,2026-06
2026-07-01,27118,FLY,Firefly Aerospace Inc.,same month,2026-07
2026-07-01,88360,MRVL,MARVELL TECHNOLOGY INC,carried forward from an earlier month,2026-01
2026-07-01,10933,MKL,MARKEL GROUP INC.,carried forward from an earlier month,2026-06
2026-07-01,21090,RCAT,"Red Cat Holdings, Inc.",same month,2026-07
2026-07-01,15293,NEXT,NextDecade Corp,same month,2026-07
2026-07-01,86896,CBU,"COMMUNITY FINANCIAL SYSTEM, INC.",same month,2026-07
2026-07-01,90126,CYTK,CYTOKINETICS INC,carried forward from an earlier month,2026-06
2026-07-01,91907,SMCI,"Super Micro Computer, Inc.",same month,2026-07
2026-07-01,19986,PRAX,"Praxis Precision Medicines, Inc.",same month,2026-07
2026-07-01,10032,PLXS,PLEXUS CORP,same month,2026-07
2026-07-01,46674,GPC,GENUINE PARTS CO,carried forward from an earlier month,2026-05
2026-07-01,13278,MCHB,Mechanics Bancorp,same month,2026-07
2026-07-01,63467,BRO,"BROWN & BROWN, INC.",same month,2026-07
2026-07-01,20682,CPNG,"Coupang, Inc.",same month,2026-07
2026-07-01,22313,LUNR,"Intuitive Machines, Inc.",same month,2026-07
2026-07-01,26798,CAI,"Caris Life Sciences, Inc.",same month,2026-07
2026-07-01,19002,BWIN,"Baldwin Insurance Group, Inc.",same month,2026-07
2026-07-01,26146,MAZE,MAZE THERAPEUTICS INC,carried forward from an earlier month,2026-01
2026-07-01,92294,UEC,URANIUM ENERGY CORP,carried forward from an earlier month,2026-01
2026-07-01,25773,PRMB,PRIMO BRANDS CORP,carried forward from an earlier month,2026-01
2026-07-01,25181,LB,LandBridge Co LLC,same month,2026-07
2026-07-01,85464,CWST,CASELLA WASTE SYSTEMS INC,same month,2026-07
2026-07-01,26744,VOYG,"Voyager Technologies, Inc./TX",same month,2026-07
2026-07-01,19489,PCT,PURECYCLE TECHNOLOGIES INC,carried forward from an earlier month,2026-01
2026-07-01,23147,IE,IVANHOE ELECTRIC INC,carried forward from an earlier month,2026-01
2026-07-01,25320,CPB,CAMPBELL'S Co,same month,2026-07
2026-07-01,26179,KRMN,Karman Holdings Inc.,same month,2026-07
2026-07-01,91968,TFSL,TFS Financial CORP,carried forward from an earlier month,2026-06
2026-07-01,86228,RSG,"REPUBLIC SERVICES, INC.",same month,2026-07
2026-07-01,21029,RUM,Rumble Inc.,same month,2026-07
2026-07-01,24064,APGE,"Apogee Therapeutics, Inc.",same month,2026-07
2026-07-01,20399,RDW,Redwire Corp,same month,2026-07
2026-07-01,15960,CRVS,"Corvus Pharmaceuticals, Inc.",same month,2026-07
2026-07-01,25051,NNE,Nano Nuclear Energy Inc.,same month,2026-07
2026-07-01,21007,RGTI,"Rigetti Computing, Inc.",same month,2026-07
2026-07-01,20193,AI,"C3.ai, Inc.",same month,2026-07
2026-07-01,17794,WH,"WYNDHAM HOTELS & RESORTS, INC.",carried forward from an earlier month,2026-06
2026-07-01,27856,LLYVK,LIBERTY LIVE HOLDINGS INC,carried forward from an earlier month,2026-01
2026-07-01,59328,INTC,INTEL CORP,carried forward from an earlier month,2026-06
2026-07-01,80286,TSCO,TRACTOR SUPPLY CO /DE/,carried forward from an earlier month,2026-06
2026-07-01,21692,TE,T1 ENERGY INC,carried forward from an earlier month,2026-01
2026-07-01,90427,TXRH,"Texas Roadhouse, Inc.",carried forward from an earlier month,2026-06
2026-07-01,16252,EKSO,EKSO BIONICS HOLDINGS INC,carried forward from an earlier month,2026-01
2026-07-01,21723,HOOD,"Robinhood Markets, Inc.",same month,2026-07
2026-07-01,17366,HYMC,HYCROFT MINING HOLDING CORP,same month,2026-07
2026-08-01,72304,STAA,STAAR SURGICAL CO,carried forward from an earlier month,2026-07
2026-08-01,17133,ASTH,"Astrana Health, Inc.",same month,2026-08
2026-08-01,14797,CDNA,"CareDx, Inc.",same month,2026-08
2026-08-01,25252,ARDT,"Ardent Health, Inc.",carried forward from an earlier month,2026-07
2026-08-01,17684,AHCO,AdaptHealth Corp.,same month,2026-08
2026-08-01,15396,BW,"Babcock & Wilcox Enterprises, Inc.",same month,2026-08
2026-08-01,19635,HRMY,"Harmony Biosciences Holdings, Inc.",same month,2026-08
2026-08-01,15831,AXSM,"Axsome Therapeutics, Inc.",same month,2026-08
2026-08-01,89269,CNC,CENTENE CORP,same month,2026-08
2026-08-01,26662,HNGE,"Hinge Health, Inc.",carried forward from an earlier month,2026-07
2026-08-01,22977,EE,"Excelerate Energy, Inc.",carried forward from an earlier month,2026-07
2026-08-01,20661,ALHC,"Alignment Healthcare, Inc.",same month,2026-08
2026-08-01,21357,DOCS,"Doximity, Inc.",carried forward from an earlier month,2026-06
2026-08-01,61743,DLX,DELUXE CORP,same month,2026-08
2026-08-01,90436,HALO,"HALOZYME THERAPEUTICS, INC.",same month,2026-08
2026-08-01,21020,AAL,American Airlines Group Inc.,same month,2026-08
2026-08-01,76927,STRL,"STERLING INFRASTRUCTURE, INC.",same month,2026-08
2026-08-01,88446,ILMN,"ILLUMINA, INC.",same month,2026-08
2026-08-01,12583,PCRX,"Pacira BioSciences, Inc.",carried forward from an earlier month,2026-07
2026-08-01,17949,BE,Bloom Energy Corp,same month,2026-08
2026-08-01,27125,HTFL,"Heartflow, Inc.",carried forward from an earlier month,2026-07
2026-08-01,24459,PBI,PITNEY BOWES INC /DE/,same month,2026-08
2026-08-01,21122,FLYW,Flywire Corp,carried forward from an earlier month,2026-07
2026-08-01,77606,KSS,KOHLS Corp,same month,2026-08
2026-08-01,19413,ACI,"Albertsons Companies, Inc.",same month,2026-08
2026-08-01,91403,KALU,KAISER ALUMINUM CORP,carried forward from an earlier month,2026-01
2026-08-01,22199,COCO,"Vita Coco Company, Inc.",same month,2026-08
2026-08-01,15454,GKOS,GLAUKOS Corp,same month,2026-08
2026-08-01,14325,TNDM,TANDEM DIABETES CARE INC,carried forward from an earlier month,2026-06
2026-08-01,16816,BHF,"Brighthouse Financial, Inc.",carried forward from an earlier month,2026-07
2026-08-01,89353,JBLU,JETBLUE AIRWAYS CORP,same month,2026-08
2026-08-01,22177,AIP,"Arteris, Inc.",carried forward from an earlier month,2026-07
2026-08-01,11701,IMKTA,INGLES MARKETS INC,carried forward from an earlier month,2026-06
2026-08-01,23506,FG,"F&G Annuities & Life, Inc.",same month,2026-08
2026-08-01,85059,FIX,COMFORT SYSTEMS USA INC,same month,2026-08
2026-08-01,86819,ATLC,Atlanticus Holdings Corp,carried forward from an earlier month,2026-06
2026-08-01,16499,PK,Park Hotels & Resorts Inc.,carried forward from an earlier month,2026-05
2026-08-01,20919,PL,Planet Labs PBC,same month,2026-08
2026-08-01,16432,GT,GOODYEAR TIRE & RUBBER CO /OH/,same month,2026-08
2026-08-01,21776,EXC,EXELON CORP,same month,2026-08
2026-08-01,14855,RYZ,Ryerson Holding Corp,same month,2026-08
2026-08-01,13688,PCG,PG&E Corp,same month,2026-08
2026-08-01,76128,VICR,VICOR CORP,same month,2026-08
2026-08-01,85741,HOPE,HOPE BANCORP INC,same month,2026-08
2026-08-01,85168,HLX,HELIX ENERGY SOLUTIONS GROUP INC,carried forward from an earlier month,2026-01
2026-08-01,26800,SLDE,"Slide Insurance Holdings, Inc.",same month,2026-08
2026-08-01,89964,NNI,NELNET INC,same month,2026-08
2026-08-01,20065,CNXC,Concentrix Corp,same month,2026-08
2026-08-01,18770,BBIO,"BridgeBio Pharma, Inc.",same month,2026-08
2026-08-01,90162,GNW,GENWORTH FINANCIAL INC,same month,2026-08
2026-08-01,24258,CART,Maplebear Inc.,carried forward from an earlier month,2026-06
2026-08-01,16044,NGVT,Ingevity Corp,same month,2026-08
2026-08-01,84275,UNFI,UNITED NATURAL FOODS INC,same month,2026-08
2026-08-01,15720,EIX,EDISON INTERNATIONAL,same month,2026-08
2026-08-01,54114,MLKN,"MILLERKNOLL, INC.",same month,2026-08
2026-08-01,14231,VEEV,VEEVA SYSTEMS INC,carried forward from an earlier month,2026-07
2026-08-01,19333,RSI,"Rush Street Interactive, Inc.",same month,2026-08
2026-08-01,15272,SEDG,"SOLAREDGE TECHNOLOGIES, INC.",carried forward from an earlier month,2026-07
2026-08-01,78840,PPLI,People Inc,same month,2026-08
2026-08-01,13921,CUBI,"Customers Bancorp, Inc.",same month,2026-08
2026-08-01,80719,GBX,GREENBRIER COMPANIES INC,same month,2026-08
2026-08-01,77300,SMG,SCOTTS MIRACLE-GRO CO,same month,2026-08
2026-08-01,87075,ZD,"ZIFF DAVIS, INC.",carried forward from an earlier month,2026-07
2026-08-01,85627,SAH,SONIC AUTOMOTIVE INC,same month,2026-08
2026-08-01,81254,SNEX,StoneX Group Inc.,carried forward from an earlier month,2026-06
2026-08-01,14776,SYF,Synchrony Financial,same month,2026-08
2026-08-01,16967,CARG,"CarGurus, Inc.",carried forward from an earlier month,2026-07
2026-08-01,91413,EVR,Evercore Inc.,same month,2026-08
2026-08-01,18134,UPWK,"UPWORK, INC",same month,2026-08
2026-08-01,76712,AES,AES CORP,same month,2026-08
2026-08-01,17908,XERS,"Xeris Biopharma Holdings, Inc.",same month,2026-08
2026-08-01,15850,MTCH,"Match Group, Inc.",carried forward from an earlier month,2026-07
2026-08-01,79210,RGA,REINSURANCE GROUP OF AMERICA INC,same month,2026-08
2026-08-01,80069,ARWR,"ARROWHEAD PHARMACEUTICALS, INC.",carried forward from an earlier month,2026-07
2026-08-01,89002,BFH,"BREAD FINANCIAL HOLDINGS, INC.",same month,2026-08
2026-08-01,20057,VTRS,Viatris Inc,same month,2026-08
2026-08-01,22027,JXN,Jackson Financial Inc.,same month,2026-08
2026-08-01,15318,ASB,ASSOCIATED BANC-CORP,same month,2026-08
2026-08-01,18135,GH,"Guardant Health, Inc.",same month,2026-08
2026-08-01,13318,YELP,YELP INC,carried forward from an earlier month,2026-07
2026-08-01,19938,ALGM,"ALLEGRO MICROSYSTEMS, INC.",same month,2026-08
2026-08-01,50550,TPC,TUTOR PERINI CORP,same month,2026-08
2026-08-01,76709,IDXX,IDEXX LABORATORIES INC /DE,carried forward from an earlier month,2026-06
2026-08-01,21564,LZ,"LEGALZOOM.COM, INC.",carried forward from an earlier month,2026-07
2026-08-01,75320,AD,"ARRAY DIGITAL INFRASTRUCTURE, INC.",carried forward from an earlier month,2026-07
2026-08-01,49015,LNC,LINCOLN NATIONAL CORP,same month,2026-08
2026-08-01,86822,EXTR,EXTREME NETWORKS INC,same month,2026-08
2026-08-01,32651,HL,HECLA MINING CO/DE/,carried forward from an earlier month,2026-06
2026-08-01,18908,TXG,"10x Genomics, Inc.",carried forward from an earlier month,2026-07
2026-08-01,11891,MGM,MGM Resorts International,same month,2026-08
2026-08-01,89215,AMN,AMN HEALTHCARE SERVICES INC,carried forward from an earlier month,2026-06
2026-08-01,26723,OMDA,"Omada Health, Inc.",carried forward from an earlier month,2026-07
2026-08-01,13410,SUPN,"SUPERNUS PHARMACEUTICALS, INC.",same month,2026-08
2026-08-01,20646,OSCR,"Oscar Health, Inc.",carried forward from an earlier month,2026-07
2026-08-01,90988,BKD,Brookdale Senior Living Inc.,same month,2026-08
2026-08-01,41187,HE,HAWAIIAN ELECTRIC INDUSTRIES INC,same month,2026-08
2026-08-01,83534,NBIX,NEUROCRINE BIOSCIENCES INC,same month,2026-08
2026-08-01,18312,MRNA,"Moderna, Inc.",same month,2026-08
2026-08-01,79859,FLG,FLAGSTAR BANK NATL ASSOC,carried forward from an earlier month,2026-01
2026-08-01,76868,AAON,"AAON, INC.",same month,2026-08
2026-08-01,19076,ASTS,"AST SpaceMobile, Inc.",same month,2026-08
2026-08-01,27856,LLYVK,LIBERTY LIVE HOLDINGS INC,carried forward from an earlier month,2026-01
2026-08-01,26444,CRWV,"CoreWeave, Inc.",carried forward from an earlier month,2026-07
2026-08-01,23263,QBTS,D-Wave Quantum Inc.,same month,2026-08
2026-08-01,26713,CRCL,"Circle Internet Group, Inc.",same month,2026-08
2026-08-01,20138,GPGI,"GPGI, Inc.",carried forward from an earlier month,2026-07
2026-08-01,21927,DJT,Trump Media & Technology Group Corp.,same month,2026-08
2026-08-01,26720,BMNR,"BITMINE IMMERSION TECHNOLOGIES, INC.",same month,2026-08
2026-08-01,86211,MSTR,Strategy Inc,same month,2026-08
2026-08-01,20357,IONQ,"IonQ, Inc.",same month,2026-08
2026-08-01,24875,ALAB,"Astera Labs, Inc.",carried forward from an earlier month,2026-07
2026-08-01,21331,AUR,"Aurora Innovation, Inc.",same month,2026-08
2026-08-01,19751,LCID,"Lucid Group, Inc.",same month,2026-08
2026-08-01,20295,CIFR,Cipher Digital Inc.,carried forward from an earlier month,2026-07
2026-08-01,20312,ONDS,Ondas Inc.,same month,2026-08
2026-08-01,77338,ROP,ROPER TECHNOLOGIES INC,same month,2026-08
2026-08-01,21754,QUBT,Quantum Computing Inc.,same month,2026-08
2026-08-01,87759,WULF,TERAWULF INC.,same month,2026-08
2026-08-01,16680,QXO,"QXO, Inc.",same month,2026-08
2026-08-01,14813,MARA,"MARA Holdings, Inc.",same month,2026-08
2026-08-01,27302,VIA,"Via Transportation, Inc.",same month,2026-08
2026-08-01,23054,SOUN,"SOUNDHOUND AI, INC.",same month,2026-08
2026-08-01,19187,CLSK,"CLEANSPARK, INC.",same month,2026-08
2026-08-01,89986,APLD,Applied Digital Corp.,same month,2026-08
2026-08-01,27336,STUB,"StubHub Holdings, Inc.",carried forward from an earlier month,2026-07
2026-08-01,14988,LBRDK,Liberty Broadband Corp,same month,2026-08
2026-08-01,78875,WOLF,"WOLFSPEED, INC.",same month,2026-08
2026-08-01,24655,HUT,Hut 8 Corp.,same month,2026-08
2026-08-01,26839,RAL,Ralliant Corp,same month,2026-08
2026-08-01,90427,TXRH,"Texas Roadhouse, Inc.",carried forward from an earlier month,2026-06
2026-08-01,27348,NTSK,Netskope Inc,same month,2026-08
2026-08-01,24815,UMAC,UNUSUAL MACHINES INC NEW,carried forward from an earlier month,2026-01
2026-08-01,25147,FUN,Six Flags Entertainment Corporation/NEW,same month,2026-08
2026-08-01,92213,RIOT,"Riot Platforms, Inc.",carried forward from an earlier month,2026-07
2026-08-01,16252,EKSO,EKSO BIONICS HOLDINGS INC,carried forward from an earlier month,2026-01
2026-08-01,22220,NN,NEXTNAV INC.,carried forward from an earlier month,2026-07
2026-08-01,80286,TSCO,TRACTOR SUPPLY CO /DE/,same month,2026-08
2026-08-01,21605,RYAN,"RYAN SPECIALTY HOLDINGS, INC.",same month,2026-08
2026-08-01,26653,GLXY,Galaxy Digital Inc.,same month,2026-08
2026-08-01,17366,HYMC,HYCROFT MINING HOLDING CORP,same month,2026-08
2026-08-01,26178,SAIL,"SailPoint, Inc.",carried forward from an earlier month,2026-07
2026-08-01,19849,SMMT,Summit Therapeutics Inc.,same month,2026-08
2026-08-01,17683,CLBK,COLUMBIA FINANCIAL INC,carried forward from an earlier month,2026-01
2026-08-01,17144,GIS,GENERAL MILLS INC,same month,2026-08
2026-08-01,83443,BRK.B,BERKSHIRE HATHAWAY INC,carried forward from an earlier month,2026-06
2026-08-01,21090,RCAT,"Red Cat Holdings, Inc.",same month,2026-08
2026-08-01,20193,AI,"C3.ai, Inc.",same month,2026-08
2026-08-01,27118,FLY,Firefly Aerospace Inc.,carried forward from an earlier month,2026-07
2026-08-01,20682,CPNG,"Coupang, Inc.",carried forward from an earlier month,2026-07
2026-08-01,85272,AEHR,AEHR TEST SYSTEMS,same month,2026-08
2026-08-01,91907,SMCI,"Super Micro Computer, Inc.",same month,2026-08
2026-08-01,27070,AMBQ,"Ambiq Micro, Inc.",same month,2026-08
2026-08-01,86228,RSG,"REPUBLIC SERVICES, INC.",same month,2026-08
2026-08-01,84042,PAG,"PENSKE AUTOMOTIVE GROUP, INC.",same month,2026-08
2026-08-01,21723,HOOD,"Robinhood Markets, Inc.",same month,2026-08
2026-08-01,87445,TDY,TELEDYNE TECHNOLOGIES INC,same month,2026-08
2026-08-01,15293,NEXT,NextDecade Corp,same month,2026-08
2026-08-01,27598,Q,"Qnity Electronics, Inc.",same month,2026-08
2026-08-01,92294,UEC,URANIUM ENERGY CORP,carried forward from an earlier month,2026-01
2026-08-01,26744,VOYG,"Voyager Technologies, Inc./TX",same month,2026-08
2026-08-01,13278,MCHB,Mechanics Bancorp,same month,2026-08
2026-08-01,46674,GPC,GENUINE PARTS CO,same month,2026-08
2026-08-01,76582,DORM,"Dorman Products, Inc.",carried forward from an earlier month,2026-07
2026-08-01,24064,APGE,"Apogee Therapeutics, Inc.",carried forward from an earlier month,2026-07
2026-08-01,89217,AAP,ADVANCE AUTO PARTS INC,carried forward from an earlier month,2026-07
2026-08-01,22079,LTH,"Life Time Group Holdings, Inc.",same month,2026-08
2026-08-01,26179,KRMN,Karman Holdings Inc.,carried forward from an earlier month,2026-07
2026-08-01,19489,PCT,PURECYCLE TECHNOLOGIES INC,carried forward from an earlier month,2026-01
2026-08-01,63467,BRO,"BROWN & BROWN, INC.",same month,2026-08
2026-08-01,20399,RDW,Redwire Corp,same month,2026-08
2026-08-01,91968,TFSL,TFS Financial CORP,same month,2026-08
2026-08-01,23147,IE,IVANHOE ELECTRIC INC,carried forward from an earlier month,2026-01
2026-08-01,85517,CHH,CHOICE HOTELS INTERNATIONAL INC /DE,same month,2026-08
2026-08-01,19986,PRAX,"Praxis Precision Medicines, Inc.",same month,2026-08
2026-08-01,25181,LB,LandBridge Co LLC,carried forward from an earlier month,2026-07
2026-08-01,25205,ALMS,ALUMIS INC.,same month,2026-08
2026-08-01,86896,CBU,"COMMUNITY FINANCIAL SYSTEM, INC.",same month,2026-08
2026-08-01,17821,SRRK,Scholar Rock Holding Corp,carried forward from an earlier month,2026-07
2026-08-01,90126,CYTK,CYTOKINETICS INC,carried forward from an earlier month,2026-06
2026-08-01,14145,AAOI,"APPLIED OPTOELECTRONICS, INC.",same month,2026-08
2026-08-01,85464,CWST,CASELLA WASTE SYSTEMS INC,same month,2026-08
2026-08-01,25320,CPB,CAMPBELL'S Co,carried forward from an earlier month,2026-07
2026-08-01,19002,BWIN,"Baldwin Insurance Group, Inc.",same month,2026-08
2026-08-01,26798,CAI,"Caris Life Sciences, Inc.",carried forward from an earlier month,2026-07
2026-08-01,26146,MAZE,MAZE THERAPEUTICS INC,carried forward from an earlier month,2026-01
2026-08-01,25773,PRMB,PRIMO BRANDS CORP,carried forward from an earlier month,2026-01
2026-08-01,21029,RUM,Rumble Inc.,carried forward from an earlier month,2026-07
2026-08-01,59328,INTC,INTEL CORP,same month,2026-08
2026-08-01,10933,MKL,MARKEL GROUP INC.,carried forward from an earlier month,2026-06
2026-08-01,22313,LUNR,"Intuitive Machines, Inc.",carried forward from an earlier month,2026-07
2026-08-01,88360,MRVL,MARVELL TECHNOLOGY INC,carried forward from an earlier month,2026-01
2026-08-01,15960,CRVS,"Corvus Pharmaceuticals, Inc.",same month,2026-08
2026-08-01,19599,QS,QuantumScape Corp,same month,2026-08
2026-08-01,19928,OUST,"Ouster, Inc.",same month,2026-08
2026-08-01,84819,SBET,SHARPLINK GAMING INC,carried forward from an earlier month,2026-01
2026-08-01,20381,NVTS,Navitas Semiconductor Corp,same month,2026-08
2026-08-01,84348,VSAT,VIASAT INC,carried forward from an earlier month,2026-06
2026-08-01,91733,AVAV,AeroVironment Inc,same month,2026-08
2026-08-01,10104,ORCL,ORACLE CORP,carried forward from an earlier month,2026-07
2026-08-01,27712,CBC,"Central Bancompany, Inc.",carried forward from an earlier month,2026-06
