target_month,cash,hurdle,market,total_gross,long_contribution,short_contribution,gross,net,n,max_weight,missing_n,missing_gross,traded_0,total_0,traded_10,total_10,traded_20,total_20,traded_30,total_30,traded_50,total_50,adverse_missing_total_20,model
2021-01,6.666666666666667e-05,0.0034,-0.0111366401584636,-0.11513150908872487,0.02017293473344679,-0.13537111048883835,2.0,-0.13372489217496364,200,0.021337248921749638,2,0.029628090928311458,2.0,-0.11513150908872487,2.0,-0.11713150908872487,2.0,-0.11913150908872487,2.0,-0.12113150908872487,2.0,-0.12513150908872486,-0.14875960001703634,ols
2021-02,3.3333333333333335e-05,0.0033666666666666,0.0260914749719998,-0.027770866288448295,0.05389057608762921,-0.08169477570941083,1.9999999999999998,-0.1725121307014703,200,0.0217251213070147,1,0.01595006147255999,1.0375816658791206,-0.027770866288448295,1.0406241744771765,-0.02881149046292547,1.0437823399438206,-0.029858430968335938,1.046970408745273,-0.030911777514684113,1.0533902750068442,-0.033037817663482516,-0.04580849244089592,ols
2021-03,2.5e-05,0.0033583333333333,0.0424386340081077,0.02876215517883508,0.022832404642489333,0.005904750536345739,2.0000000000000004,-0.17615994353154507,200,0.02176159943531546,0,0.0,0.9068577488074135,0.02876215517883508,0.9076703536024658,0.027854484825232614,0.9084906867927709,0.026945173805249537,0.9093360588443882,0.026034147002301916,0.9111067569250926,0.024206621394209617,0.026945173805249537,ols
2021-04,1.6666666666666667e-05,0.00335,0.0524253125558473,0.022657425172045303,0.03078914622486518,-0.008148387719486545,2.0,-0.08337725729565493,200,0.02083377257295655,1,0.02083377257295655,1.2497674589925416,0.022657425172045303,1.250467575582952,0.021406957596462352,1.2511701986346804,0.02015508477477594,1.251875396379309,0.018901798982907378,1.2532938100572661,0.016390956121758973,-0.0006786877981806091,ols
2021-05,1.6666666666666667e-05,0.00335,0.0054865025818131,0.03758137210626456,0.01587756563456378,0.021687139805034113,2.0,-0.003697346549710323,200,0.020036973465497106,2,0.03801785381188169,1.0430798215639914,0.03758137210626456,1.0436347939178063,0.03653773731234675,1.0441917527590814,0.0354929886007464,1.044750711163472,0.034447119972774144,1.0458746801149525,0.0323519987056898,-0.002524865211135291,ols
2021-06,3.3333333333333335e-05,0.0033666666666666,0.0222139763231694,-0.032503897477815714,0.004288557291965838,-0.03682578810311489,2.0000000000000004,-0.04782048457928367,200,0.020478204845792842,0,0.0,0.9198208489386419,-0.032503897477815714,0.9200414482520636,-0.03342393892606778,0.9202687240268688,-0.03434443492586945,0.9204967032461526,-0.035265387587554174,0.9209619209701674,-0.03710870708266655,-0.03434443492586945,ols
2021-07,4.1666666666666665e-05,0.003375,0.0227481093659105,0.0033635716049684266,-0.011726346010010586,0.015048250948312348,2.0,-0.024282913964175035,200,0.020242829139641753,1,0.016168795740488698,0.7850916322763657,0.0033635716049684266,0.7859405518578475,0.0025776310531105792,0.7867915096910418,0.0017899885855863428,0.7876445147696376,0.0010006380606595137,0.7893567361424774,-0.0005832120757439598,-0.014378807154902355,ols
2021-08,4.1666666666666665e-05,0.003375,0.0289903213916811,-0.014077327192601113,0.010964069331925378,-0.025083063191193158,2.0,-0.07359174295776505,200,0.020735917429577647,0,0.0,0.9467481490630244,-0.014077327192601113,0.9470252769758121,-0.015024352469576925,0.9473034412427033,-0.01597193407508652,0.9475826479030448,-0.016920075136310248,0.9481442128679985,-0.018818048256941104,-0.01597193407508652,ols
2021-09,3.3333333333333335e-05,0.0033666666666666,-0.0475691404211663,0.029132482598010618,-0.01881506402695262,0.047914213291629905,2.0,-0.06248288883556086,200,0.020624828909770437,0,0.0,0.9877995476145713,0.029132482598010618,0.988067118623797,0.02814441547938682,0.9883353622899729,0.027155811873430673,0.9886109857761354,0.026166649640682212,0.9891803063216243,0.024186581066402497,0.027155811873430673,ols
2021-10,4.1666666666666665e-05,0.003375,0.0691438733012346,-0.030718418383642917,0.029752671703555056,-0.060512756753864624,2.0,-0.05287643234410411,200,0.020528764323441043,0,0.0,0.7892955786359175,-0.030718418383642917,0.7893725862122991,-0.03150779096985522,0.7894497838759642,-0.032297317951394844,0.7895271740311969,-0.033086999905736506,0.7897512817384926,-0.03466717479233538,-0.032297317951394844,ols
2021-11,4.1666666666666665e-05,0.003375,-0.0083337314184714,0.023177837295367546,-0.0468199324928331,0.06995610312153398,2.0,-0.05321716685407685,200,0.020532171668540926,0,0.0,0.8987996699368384,0.023177837295367546,0.8994586806342724,0.022278378614733273,0.9001188956785819,0.021377599504010383,0.9007803188203178,0.020475496338906593,0.9021126783375368,0.01866727390367986,0.021377599504010383,ols
2021-12,5e-05,0.0033833333333333,0.0436128749726298,0.0727246435675703,0.046902386303998955,0.025772257263571345,2.0000000000000004,-0.10091931637464913,200,0.021009193163747053,0,0.0,0.9582671376665773,0.0727246435675703,0.9583521196926097,0.07176629144787769,0.9584373764802783,0.07080776881460975,0.9585229094320751,0.06984907483927408,0.9586948122839162,0.06793116950615072,0.07080776881460975,ols
2022-01,0.000125,0.0034583333333333,-0.0525850891069997,0.08575151776732333,-0.04477688007084684,0.13040339783817015,2.0,-0.21552556948789126,200,0.022155255694881512,1,0.01784474430512109,1.0055579889110842,0.08575151776732333,1.0055923973928131,0.08474592536993052,1.005626873602909,0.08374026402011751,1.0056741798601094,0.082734495227743,1.005843926151657,0.08072229813656505,0.06589551971499642,ols
2022-02,0.000275,0.0036083333333333,-0.0313605208667826,-0.004101027915053858,0.006831222520663512,-0.011207250435717369,1.9999999999999998,0.011672643082972334,200,0.02011672643082972,1,0.02011672643082972,1.201716432476697,-0.004101027915053858,1.2017514482507625,-0.005302779363304621,1.2017865314141216,-0.006504600977882102,1.20182839163915,-0.007706513089971308,1.2019323285466996,-0.010110689557787357,-0.02662132740871182,ols
2022-03,0.0003666666666666,0.0037,0.03577323877328,0.026417593833342252,0.007394366176703382,0.018656560989972273,1.9999999999999998,0.007948373020103316,200,0.020079483730201034,0,0.0,1.0272343013855378,0.026417593833342252,1.0277173971167641,0.02538987643622549,1.028201689880798,0.024361190453580657,1.0286871923523142,0.02333153225628531,1.0296618773939121,0.02126928444637269,0.024361190453580657,ols
2022-04,0.0006333333333333,0.0039666666666666,-0.0879567191490393,0.051137754046217045,-0.07435100752277791,0.12485542823566163,1.9999999999999998,-0.008710136106829025,200,0.020087101361090775,3,0.05518970123517033,0.9514048702188226,0.051137754046217045,0.951618239125902,0.050186135807091144,0.9518322378666799,0.04923408957048368,0.9520638296961031,0.04828156255712873,0.9525521657739578,0.046374993217347255,-0.0059556116646866455,ols
2022-05,0.0008166666666666,0.00415,5.324388360872234e-05,-0.011188307840861245,-0.030682287412050764,0.018677312904522913,1.9999999999999998,0.12054634731872516,200,0.020567200426780036,0,0.0,1.2102950644640282,-0.011188307840861245,1.2101791220334879,-0.012398486962894733,1.2100629170036856,-0.013608433674868615,1.2099464420571022,-0.014818147167032551,1.2097132129938926,-0.01723687390583071,-0.013608433674868615,ols
2022-06,0.0012416666666666,0.004575,-0.0839199932238664,0.06904291265868986,-0.04203100008027819,0.10983224607230146,1.9999999999999996,0.10200749136534304,200,0.02102007491365343,1,0.02102007491365343,0.9620846468734995,0.06904291265868986,0.9625327268777383,0.06808037993181212,0.9629818199895822,0.0671169490187107,0.9634773981721416,0.06615248046417344,0.9645676406280059,0.06422007445554984,0.046096874105057264,ols
2022-07,0.0018583333333333,0.0051916666666666,0.0911163476322058,0.02431841306841125,0.1103891015828265,-0.08792902184774855,2.0,0.14723595580368565,200,0.0200281206461777,1,0.0185276404423967,1.1006722347299989,0.02431841306841125,1.1006407423289888,0.02321777232608226,1.100609163649445,0.02211719474111236,1.1005774937942856,0.021016680587028394,1.1005138674523745,0.018815843731149376,0.003589554298715658,ols
2022-08,0.0021916666666666,0.005525,-0.0424401192168104,-0.002418097488155585,-0.02087549745600052,0.016265733301178337,1.9999999999999998,0.10276940350326214,200,0.020364348031665484,0,0.0,0.7968075080323623,-0.002418097488155585,0.797427028687987,-0.0032155245168435723,0.7980550664330781,-0.0040142076210217415,0.7986883621177538,-0.004814162574508847,0.7999800441657074,-0.006417997708984123,-0.0040142076210217415,ols
2022-09,0.0026083333333333,0.0059416666666666,-0.0933957016434893,0.01442346087706577,-0.0879227828788352,0.09973791042256769,1.9999999999999998,0.05996076486400592,200,0.020599607648640057,1,0.020599607648640057,0.7482970467107729,0.01442346087706577,0.7483979894136068,0.013675062887652164,0.7484992531372257,0.01292646237079132,0.748600841042722,0.012177658353937604,0.7488050080790429,0.010679435836670555,-0.007673145277848738,ols
2022-10,0.0031,0.0064333333333333,0.0798634545768932,0.0006609201300620759,0.06855794592387096,-0.07099702579380887,2.0,-0.021486014798195008,200,0.02021486166969347,1,0.019321446176634564,1.0215923891994474,0.0006609201300620759,1.021693390810153,-0.0003607732607480772,1.0217945690634977,-0.0013826690080649194,1.0218989861969612,-0.0024047768285288076,1.0221160770533553,-0.0044496602552047005,-0.020704115184699484,ols
2022-11,0.0034583333333333,0.0067916666666666,0.0537528602936998,0.02943290954050247,0.03180038409754495,-0.005825807890375782,2.0,-0.025497654737297704,200,0.02025497654737298,0,0.0,0.9957557023132002,0.02943290954050247,0.9967617378988681,0.0284361478026036,0.9977700319176117,0.027437369476667247,0.9987806015401465,0.02643656773588203,1.000889608227319,0.024428461499365874,0.027437369476667247,ols
2022-12,0.0035416666666666,0.006875,-0.058971449299161,0.0006575514045306834,-0.05551961963618957,0.05263550437405366,2.0000000000000004,-0.04745487261348025,200,0.020474548856537076,2,0.039236798114638344,0.8688697598698873,0.0006575514045306834,0.8690980848930511,-0.00021154668036236775,0.8693273162110156,-0.0010811032278913479,0.8695754513076761,-0.0019511749493923447,0.8700754237097035,-0.003692825714017834,-0.04031790134252969,ols
2023-01,0.0037833333333333,0.0071166666666666,0.061752832400052,0.002458515126181402,0.09535651760096106,-0.09668133580811293,2.0,-0.009234171926601364,200,0.020092341720844304,4,0.08036936688337722,1.1733826319571654,0.002458515126181402,1.1738848479110042,0.0012846302782703975,1.174398605635027,0.0001097179149113477,1.1749208540747844,-0.0010662474360429515,1.1759784289595172,-0.003421377018616184,-0.08025964896846587,ols
2023-02,0.003875,0.0072083333333333,-0.0261124466467153,0.015495975551339938,-0.023470130145103574,0.03509110569644352,2.0,0.08039493125985797,200,0.01901443330812995,1,0.01901443330812995,1.5359632370481382,0.015495975551339938,1.5372712622663798,0.013958704289073557,1.5385835070525906,0.012418808537234757,1.5399000188949286,0.010876275494655151,1.5425459658420582,0.007783245722129647,-0.006595624770895193,ols
2023-03,0.0039083333333333,0.0072416666666666,0.035051572358727,0.009345647071435382,-0.02236854182605724,0.02780585556415932,2.0000000000000004,0.06869187389891063,200,0.020686918738989108,2,0.028428378387881814,1.3231888198333661,0.009345647071435382,1.3238636180926058,0.008021783453342776,1.324541622891362,0.006696563825652658,1.3252228598263518,0.0053699784919563264,1.32659513397398,0.002712671401565482,-0.021731814562229154,ols
2023-04,0.0041,0.0074333333333333,0.0146423608829704,-0.01116750469546859,-0.03176768873333031,0.01650018403786171,1.9999999999999996,0.08977572700513348,200,0.01610308779363566,1,0.004156837625802001,1.2319489651797497,-0.01116750469546859,1.2327420355097645,-0.012400246730978354,1.2335380072390425,-0.013634580709946675,1.2343703396340806,-0.014870615714370834,1.2360619034511724,-0.017347814212724452,-0.017791418335748675,ols
2023-05,0.0042833333333333,0.0076166666666666,0.0024823239348792,-0.016182801237333358,-0.021818211106324963,0.0013520765356583042,2.0,0.10458654230696651,200,0.018954134576930338,1,0.018954134576930338,0.9602368019673858,-0.016182801237333358,0.9606449660763781,-0.017143446203409737,0.96105467949168,-0.018104910596316717,0.9614703503231804,-0.0190672122883029,0.96242272561932,-0.020994914865429957,-0.037059045173247054,ols
2023-06,0.0043,0.0076333333333333,0.0647275128414313,0.014730189091606555,0.07222784998423273,-0.06179766089262618,2.0,0.12724602638310056,200,0.019391999667620112,1,0.019391999667620112,1.0038961546473593,0.014730189091606555,1.0041000391292667,0.013726089052477288,1.0043048320820382,0.01272157942744248,1.0045129536391129,0.011716650230689216,1.0049453754154007,0.009705462214529552,-0.006670420240177633,ols
2023-07,0.0043749999999999,0.0077083333333333,0.0311389139803792,0.019993547628734544,0.06315490239293661,-0.047536354764201975,2.0,0.15121963995200682,200,0.01848780360047993,1,0.01848780360047993,0.9901712477199005,0.019993547628734544,0.9910839665095819,0.019002463662224963,0.9919988686142955,0.018009549891505952,0.9929273587162354,0.01701476555258584,0.9948272002319287,0.015019411627574902,-0.00047825370897397815,ols
2023-08,0.0044166666666666,0.00775,-0.0177164324814337,0.0369655265822174,-0.023616853680763987,0.05616571359631479,2.0,0.13171744842716326,200,0.019172983795547403,2,0.03785580931127577,1.210369246213523,0.0369655265822174,1.210977094352797,0.0357545494878646,1.2115889985829607,0.03454234858505148,1.212203253775976,0.03332891682088947,1.2134389659949971,0.030898331752242412,-0.0033134607262242932,ols
2023-09,0.0044333333333333,0.0077666666666666,-0.048719291162155,0.0218669716565988,-0.046972341470556574,0.06440597979382208,2.0,0.12001487523345122,200,0.020585751051118793,0,0.0,1.1769768030084078,0.0218669716565988,1.17746383102785,0.020689507825570948,1.1779524931399896,0.01951106667031882,1.1784427996851017,0.018331643257543495,1.1794283881074499,0.015969829716061548,0.01951106667031882,ols
2023-10,0.00445,0.0077833333333333,-0.0219796877368501,0.01038645585736529,-0.060917061213880214,0.06685351707124551,2.0,0.13251333266049414,200,0.01950915750991236,1,0.01950915750991236,1.0660599949645426,0.01038645585736529,1.0665701843515392,0.00931988567301375,1.0670983563033634,0.008252259144758562,1.0676582839597613,0.007183481005486006,1.0687884400176806,0.005042513657276886,-0.011256898365153799,ols
2023-11,0.0043916666666666,0.0077249999999999,0.0891792646287377,0.031092350184218964,0.11271078340869688,-0.08601009989114454,2.0,0.11895131929671421,200,0.017554497171062472,0,0.0,0.8933060855182933,0.031092350184218964,0.8935006032298054,0.03019884958098916,0.8936957257430507,0.029304958732732863,0.8938953792735618,0.02841066404639828,0.8943119163249216,0.026620790602594355,0.029304958732732863,ols
2023-12,0.0043666666666666,0.0077,0.0442291694032137,-0.02312780038980118,0.07875423420579682,-0.10624870126226459,1.9999999999999996,0.12477882803420148,200,0.021247788280342017,2,0.026867532517467516,0.9100303492662103,-0.02312780038980118,0.9105162926890634,-0.024038316682490245,0.9110032925633151,-0.02494980697492781,0.9114913596230998,-0.025862274468670482,0.9124707485323682,-0.02769015413246302,-0.05181733949239532,ols
2024-01,0.00435,0.0076833333333333,0.0158957447120755,-0.017139489924099017,-0.03498375312996336,0.013494263205864344,2.0,0.10728318265081627,200,0.020683130833772465,0,0.0,1.1106001631343152,-0.017139489924099017,1.1117467619770474,-0.018251236686076065,1.1128967322215737,-0.019365283388542164,1.114050090831628,-0.0204816401965939,1.116367041837779,-0.022721325133287913,-0.019365283388542164,ols
2024-02,0.0043666666666666,0.0077,0.0517206153973153,-0.015781753413712157,0.032633514224875974,-0.05278193430525474,2.0,0.07933009162004445,200,0.01980642140639056,0,0.0,1.039982507551802,-0.015781753413712157,1.0406025091383397,-0.016822355922850498,1.0412252035196583,-0.017864203820751476,1.0418506099711458,-0.018907305243625595,1.0431235268125083,-0.020997371047774698,-0.017864203820751476,ols
2024-03,0.0043666666666666,0.0077,0.0310187647043818,0.018600482040393697,0.02907755873410021,-0.014843743360373116,2.0,0.0960408309874956,200,0.01903959169012505,2,0.017256289481128173,1.4047259414550297,0.018600482040393697,1.4056496862610608,0.017194832354132637,1.4065821520055608,0.015787317736382575,1.4075334461668856,0.01437788170189304,1.4094456577092338,0.011553253751847528,-0.001468971744745598,ols
2024-04,0.0043666666666666,0.0077,-0.0416150427740825,0.023528298066996967,-0.06274561129208087,0.08190724269241123,2.0,0.11094504637081049,200,0.018890549538494197,1,0.018890549538494197,1.06510733262244,0.023528298066996967,1.066127703796317,0.02246217036320065,1.0671522583455264,0.021393993550305912,1.0681810606231696,0.020323754885127457,1.0702514967329482,0.018177040583332225,0.0025034440118117153,ols
2024-05,0.0043749999999999,0.0077083333333333,0.0480212244995226,0.022551256618428238,0.035799955957639566,-0.017623699339211225,1.9999999999999998,0.09799843742794234,200,0.016280454516932195,0,0.0,0.9924945730250666,0.022551256618428238,0.9926997793049661,0.02155855683912327,0.9929132936480277,0.020565430031132183,0.9931517413885143,0.019571801394262695,0.9936315376106644,0.017583098930374914,0.020565430031132183,ols
2024-06,0.0043666666666666,0.0077,0.0346697590340898,-0.016597691251272417,-0.016606895156650283,-0.004357462761288732,2.0,0.08558669074611935,200,0.020855866907461988,1,0.020855866907461988,0.9585198450005002,-0.016597691251272417,0.958885625241257,-0.017556576876513675,0.9592522748744184,-0.018516195801021255,0.9596198245972477,-0.01947655072506416,0.9603576146233546,-0.021399479324389188,-0.039372062708483244,ols
2024-07,0.0043333333333333,0.0076666666666666,0.0113213490389123,0.013767160409854512,0.06897406037091623,-0.059540233294395006,2.0,0.028306226815676627,200,0.019716937731843496,0,0.0,1.0277760408437306,0.013767160409854512,1.0283764964630535,0.012738783913391458,1.0289793194839392,0.011709201770886633,1.0295940429226689,0.010678378281086505,1.0308973025178516,0.008612673897265253,0.011709201770886633,ols
2024-08,0.0042083333333333,0.0075416666666666,0.0228346884450318,0.0038866303816393723,-0.0023029697787959637,0.001981266827102036,2.0,0.05416830341103762,200,0.019307566445436963,0,0.0,1.0755718489307708,0.0038866303816393723,1.0765629066705429,0.0028100674749688293,1.0775571446187857,0.0017315160924018008,1.0785546106338681,0.0006509665497377681,1.0805866968105162,-0.001516303102413209,0.0017315160924018008,ols
2024-09,0.0039333333333333,0.0072666666666666,0.0201968699100629,-0.031159504830413336,0.0018271017959838884,-0.03691993995973052,2.0000000000000004,0.07482432366602332,200,0.019812789286430273,0,0.0,0.9692398686586139,-0.031159504830413336,0.9694892920033393,-0.032128994122416675,0.9697796612479571,-0.03309906415290925,0.9700711961296605,-0.03406971841880232,0.9706578327231815,-0.03601279399402924,-0.03309906415290925,ols
2024-10,0.0037583333333333,0.0070916666666666,-0.0098967805528175,-0.053641984740561796,-0.012182577998327376,-0.04521774007556772,2.0,0.06654868166775751,200,0.01933451318332242,3,0.04220312432101356,0.9080325197089867,-0.053641984740561796,0.9089247968307277,-0.05455090953739252,0.909823215397382,-0.05546163117135656,0.910723981215035,-0.0563741566842069,0.9125380322058649,-0.05820467490159112,-0.09766475549237011,ols
2024-11,0.0036833333333333,0.0070166666666666,0.0573013522158638,-0.034628026349049226,0.07297106239566889,-0.1112824220780514,2.0,0.05751229542366887,200,0.020116703244751316,0,0.0,1.034362507045687,-0.034628026349049226,1.0351246284240427,-0.03566315097747327,1.0358897275503867,-0.03669980580415,1.0366805296555321,-0.037738067938015825,1.0383337892083868,-0.03981969529509116,-0.03669980580415,ols
2024-12,0.0035583333333333,0.0068916666666666,-0.0249901365630149,0.009888385853818077,-0.0585030019110666,0.06483305443155137,2.0000000000000004,0.07001445609766277,200,0.020700144560976633,1,0.019299855439023374,1.1924752041749365,0.009888385853818077,1.1939699081260438,0.008694415945692032,1.1954750271274563,0.007497435799563164,1.1969873921532281,0.006297423677358392,1.2000294078554365,0.0038882388145408935,-0.01180241963946021,ols
2025-01,0.0035083333333333,0.0068416666666666,0.0270163203057656,0.024310412732868332,0.050715823615322765,-0.029913744215787734,2.0,0.06031872255840387,200,0.02060318722558404,0,0.0,1.0425980134565216,0.024310412732868332,1.0427212249517916,0.02326769150791654,1.042871341861272,0.022224670049145787,1.0430221975030722,0.021181346140359117,1.0433261492422372,0.019093781986657146,0.022224670049145787,ols
2025-02,0.0035166666666666,0.00685,-0.0142421277603124,0.008245862555514205,-0.040600244467912994,0.0453294403567606,2.0,0.07800362852952825,200,0.01950149722720223,0,0.0,1.0602422403586604,0.008245862555514205,1.060795013662914,0.007185067541851291,1.061349074329779,0.006123164406854648,1.0619044279735035,0.005060149271593695,1.0630447354262134,0.002930638878383139,0.006123164406854648,ols
2025-03,0.0035,0.0068333333333333,-0.0575447140817868,0.0174646966453039,-0.059891219271166536,0.07385591591647042,2.0,0.07252906819116323,200,0.020725290681911864,1,0.020560213094643284,1.1898789055346146,0.0174646966453039,1.1903449324128246,0.016274351712891075,1.190812430350331,0.015083071784603237,1.1912814072693165,0.013890852423495949,1.1922238870332986,0.011503577210137405,-0.005477141310040047,ols
2025-04,0.0035083333333333,0.0068416666666666,-0.0076249365182604,-0.01681250057503943,-0.038310596071454886,0.01798976216308216,2.0,0.10161796397157896,200,0.018983820360284214,0,0.0,1.0869043771515239,-0.01681250057503943,1.0873939214907253,-0.017899894496530157,1.0878915849195745,-0.01898828374487858,1.0884148630162984,-0.020077745164088327,1.0894663721206337,-0.0222598324356426,-0.01898828374487858,ols
2025-05,0.0035416666666666,0.006875,0.0615238478306929,-0.05206908606836006,0.017058005762851457,-0.07266875849787811,2.0,0.1257926639560123,200,0.021257926639560127,2,0.039906764336393244,0.9673192588509834,-0.05206908606836006,0.9682482577118512,-0.05303733432607191,0.9691885846982657,-0.05400746323775659,0.9701405150964776,-0.054979507613649496,0.9720535204839816,-0.05692935367077997,-0.09391422757414983,ols
2025-06,0.003525,0.0068583333333333,0.0496067960261787,-0.010638581996299204,0.05068762951093896,-0.06485121150723817,2.0,0.1316980037807156,200,0.02131698003780779,1,0.02131698003780779,1.1791869138568427,-0.010638581996299204,1.1800819754536023,-0.011818663971752807,1.1809951514493204,-0.013000572299197845,1.1819146110854946,-0.014184325829555687,1.1837892412450461,-0.016557528202524433,-0.03431755233700563,ols
2025-07,0.0035416666666666,0.006875,0.0216665726557023,0.009585827698932639,0.00583693811070548,0.000207222921560557,2.0000000000000004,0.13520718909075358,200,0.018907392401159805,0,0.0,1.010820231346769,0.009585827698932639,1.011868231958685,0.008573959466973955,1.0129622226064898,0.00755990325371966,1.0140650255506853,0.006543632622280584,1.0163224139118214,0.004504215629373531,0.00755990325371966,ols
2025-08,0.0034333333333333,0.0067666666666666,0.0190665032440029,0.02456759752874259,0.0452848117398834,-0.024150547544474106,2.0,0.09885575291494009,200,0.020988557529149403,4,0.07308811307943522,0.9889143128601574,0.02456759752874259,0.9892623199543829,0.023578335208788208,0.9896235327932155,0.02258835046315616,0.9899934123395354,0.021597617291723985,0.9907538429416901,0.01961382831403414,-0.05049976261627906,ols
2025-09,0.0032666666666666,0.0066,0.0353236557042595,0.028555120071160373,0.02333521700634916,0.00195323639814461,1.9999999999999998,0.08007937906889462,200,0.019898810471503603,1,0.019898810471503603,1.1666532316736749,0.028555120071160373,1.1672567861973127,0.02738786328496306,1.1678619505259287,0.026219396170108517,1.1684687465631076,0.02504971383147105,1.169687305750992,0.02270668354240541,0.006320585698604914,ols
2025-10,0.0031833333333333,0.0065166666666666,0.0226868367307271,0.025317250873569924,-0.0023323891079690177,0.024466306648205646,1.9999999999999998,0.04321130999495548,200,0.01956788690005045,0,0.0,1.1271145418689277,0.025317250873569924,1.1276511714566038,0.02418959970211332,1.128210316900943,0.02306083023976804,1.1287951963492722,0.021930865284522108,1.129970812263401,0.01966739681225292,0.02306083023976804,ols
2025-11,0.00315,0.0064833333333333,0.001299669600304,0.024250451670068528,0.024517350499413802,-0.0034168988293452776,2.0,0.03756773087714982,200,0.0203756773087715,0,0.0,0.9269371252657324,0.024250451670068528,0.9272204529981006,0.023323231217070427,0.9275046872220172,0.02239544229562449,0.9277898513790364,0.02146708211593142,0.9283738639088407,0.019608582350524324,0.02239544229562449,ols
2025-12,0.0029916666666666,0.006325,-0.0005241572238063,0.02621085261455016,0.01526747882088208,0.007951707127001483,2.0,0.1299448134957737,200,0.021299448134957738,2,0.042598896269915476,1.125692809948131,0.02621085261455016,1.126052157021528,0.025084800457528634,1.126421573807804,0.023958009466934552,1.1268045718363953,0.022830438899040975,1.1275771278098061,0.02057296697550113,-0.018640886802980924,ols
2026-01,0.0029749999999999,0.0063083333333333,0.0136629902855889,-0.0022579622930707136,0.017308833819067733,-0.02254179611213835,2.0,0.13830684336336696,200,0.021383068433634675,2,0.04276613686726935,1.079626425762172,-0.0022579622930707136,1.0802987970599345,-0.003338261090130648,1.0809730897953282,-0.00441990847266137,1.0816493362422426,-0.005502910301797441,1.0830732330060293,-0.007673328458100859,-0.04718604533993072,ols
2026-02,0.003,0.0063333333333333,-0.0086683585457909,0.03055116470183436,0.010796158597373666,0.016755006104460693,2.0,0.135804764879199,200,0.019338343367152594,0,0.0,0.9816530192875786,0.03055116470183436,0.9824948653494245,0.029568669836484936,0.9833465270929489,0.028584471647648463,0.9842231231355545,0.027598495332427697,0.9859856480651533,0.025621236461508594,0.028584471647648463,ols
2026-03,0.0030083333333333,0.0063416666666666,-0.0509327099760426,0.01685282738253236,-0.04010869042057872,0.053953184469777794,2.0,0.1295996878858725,200,0.02129599687886526,1,0.02129599687886526,1.1172862355154884,0.01685282738253236,1.1177301126557901,0.01573509726987657,1.1181756095148445,0.014616476163502671,1.1186227669188813,0.013496959081775717,1.1195220790154186,0.011255216987455269,-0.006679520715362588,ols
2026-04,0.0030083333333333,0.0063416666666666,0.104233425033545,0.04707076744514895,0.0999601166089512,-0.05589768249713555,2.0,0.1388004262556215,200,0.021388004262556215,1,0.021388004262556215,0.9014616242301382,0.04707076744514895,0.9014033089052826,0.04616936413624367,0.9013719365221453,0.04526802357210466,0.9013404696747132,0.04436674603612481,0.9012783526043359,0.04256437568212727,0.023880019309548445,ols
2026-05,0.003,0.0063333333333333,0.0514703128446207,0.008387129785930786,0.030060744181367043,-0.024673614395436264,2.0,-0.02084325659164521,200,0.020208432565916454,0,0.0,1.1227078394497052,0.008387129785930786,1.123103858999491,0.007264025926931295,1.123500533939251,0.006140128718052284,1.1238978657693484,0.0050154361886227405,1.124694508559828,0.002763657243131645,0.006140128718052284,ols
2026-06,0.00305,0.0063833333333333,-0.0106463537227938,-0.008223821469382966,0.049340637485272364,-0.06061445895465534,1.9999999999999998,-0.05439382509413582,200,0.020543938250952534,0,0.0,0.9818015400484856,-0.008223821469382966,0.9823523508788841,-0.00920617382026185,0.9829047817851893,-0.010189631032953344,0.9834588404826897,-0.011174197990831036,0.9845836660835138,-0.013146739799800536,-0.010189631032953344,ols
2026-07,0.0031083333333333,0.0064416666666666,-0.0012854430244713,0.013433821868529757,0.014185588689765872,-0.0038601001545694163,2.0,-0.0648726871348202,200,0.020648726871348867,3,0.05935127312866785,0.9907873993180931,0.013433821868529757,0.9919496351415391,0.012441872233388218,0.9931154889942695,0.011447590890541218,0.9942849813857985,0.010450966924372362,0.9966350350513791,0.008450646693272862,-0.04790368223812663,ols
2026-08,0.0031,0.0064333333333333,0.0262252794496991,-0.01707074224239635,-0.003343351918938118,-0.01682739032345823,2.0,-0.05749972254120583,200,0.019425002774588605,1,0.019425002774588605,0.97880838614428,-0.01707074224239635,0.9792411148345409,-0.01804998335723089,0.9796782535498932,-0.019030098749496134,0.9801383452531934,-0.02001115727815593,0.9811095371780839,-0.02197628992828677,-0.03845510152408474,ols
2021-01,6.666666666666667e-05,0.0034,-0.0111366401584636,-0.057053564728312536,0.00596511096633853,-0.06308534236131771,2.0,-0.129540887094451,200,0.02072739761815319,2,0.03299974865094237,2.0,-0.057053564728312536,2.0,-0.05905356472831254,2.0,-0.06105356472831254,2.0,-0.06305356472831254,2.0,-0.06705356472831253,-0.0940533133792549,ridge
2021-02,3.3333333333333335e-05,0.0033666666666666,0.0260914749719998,0.012915938282354416,0.050998840554965286,-0.03811623560594422,2.0,-0.139042728570285,200,0.018137429175132593,1,0.014736292172938792,0.7564297887460854,0.012915938282354416,0.7583478665203445,0.012157590415834071,0.7602741154860675,0.01139539005138228,0.7622237385734474,0.010629267066634075,0.7661926283552778,0.009084975140578027,-0.003340902121556511,ridge
2021-03,2.5e-05,0.0033583333333333,0.0424386340081077,0.06677387713742955,0.03216186882184368,0.03458700831558585,2.0,-0.14581778778782328,200,0.01872926214221246,2,0.03235506519997423,0.5789309706457771,0.06677387713742955,0.5791884121756481,0.0661946887252539,0.5794757272479385,0.06561492568293367,0.5797820427723526,0.0650345310091125,0.5804057948149047,0.06387184816335502,0.033259860482959445,ridge
2021-04,1.6666666666666667e-05,0.00335,0.0524253125558473,0.036959039499813474,0.03893843704208306,-0.0019960642089362447,2.0,0.004112578440083947,200,0.017638935870408712,0,0.0,0.6373482945667255,0.036959039499813474,0.6373924844068679,0.036321647015406605,0.6374486385314898,0.035684142222750494,0.6375150272179354,0.03504649441815967,0.6376482390804394,0.03377079830441128,0.035684142222750494,ridge
2021-05,1.6666666666666667e-05,0.00335,0.0054865025818131,0.0427974577208833,0.02133187759850981,0.021448913455706826,1.9999999999999996,0.070276529064214,200,0.017939361113463354,1,0.016810007766363575,0.6407525765690579,0.0427974577208833,0.6409077581927372,0.04215654996269057,0.6410701851675737,0.041515317350548156,0.6412328487308264,0.04087375917469082,0.6415715821992704,0.03958959980988695,0.02470530958418458,ridge
2021-06,3.3333333333333335e-05,0.0033666666666666,0.0222139763231694,-0.04573813784066729,0.01426748852143279,-0.060038959695433415,2.0,0.14349729890837815,200,0.01880817417415259,1,0.010005386642015147,0.6179289508653006,-0.04573813784066729,0.617814092315176,-0.04635595193298247,0.6176990340808249,-0.04697353590882894,0.6175837755578806,-0.04759088916734093,0.6173526437776342,-0.04882490105955546,-0.05697892255084409,ridge
2021-07,4.1666666666666665e-05,0.003375,0.0227481093659105,0.09156727044702855,0.026239180789885606,0.06528642299047628,1.9999999999999998,0.1477865623022363,200,0.017574802959422316,0,0.0,0.7871143696141991,0.09156727044702855,0.787483331427062,0.09077978711560149,0.7878526339162926,0.08999156517919596,0.7882359616971221,0.08920256256193718,0.7890142881727378,0.08762219900616486,0.08999156517919596,ridge
2021-08,4.1666666666666665e-05,0.003375,0.0289903213916811,0.03721465685298208,0.023829048189148962,0.013343941997166443,2.0,0.09187918858035582,200,0.018417668112890945,1,0.012174738768250681,0.7275796796505752,0.03721465685298208,0.7276690030996484,0.036486987849882434,0.7277585395761412,0.035759139773829794,0.7278482945145976,0.03503111196943828,0.7280284643117628,0.033574514531423266,0.02358440100557911,ridge
2021-09,3.3333333333333335e-05,0.0033666666666666,-0.0475691404211663,-0.00433221720856514,-0.05183845194521136,0.04747290140331289,2.0,0.06380833484604553,200,0.017876498903716703,1,0.017876498903716703,0.6834506102899713,-0.00433221720856514,0.6835096292682734,-0.005015726837833414,0.6835839914298397,-0.00569938519142482,0.6836584765774631,-0.00638319263829753,0.6838078172974664,-0.007751256295052472,-0.023575884095141525,ridge
2021-10,4.1666666666666665e-05,0.003375,0.0691438733012346,0.015502009657949378,0.05132095098332315,-0.035860607992040446,2.0,0.10190055842247081,200,0.01699556191088568,0,0.0,0.6338071894979707,0.015502009657949378,0.6338201033474555,0.014868189554601922,0.6338330377673218,0.014234343582414734,0.6338459928128326,0.01360047167951088,0.6338719650029319,0.012332649832934719,0.014234343582414734,ridge
2021-11,4.1666666666666665e-05,0.003375,-0.0083337314184714,0.06123616483546016,-0.021465067165812635,0.08265956533460612,2.0,0.10781857043844478,200,0.017543164941194466,1,0.017475945958906357,0.6962966241706425,0.06123616483546016,0.6965531265686669,0.060539611708891494,0.6968099600446238,0.059842544915370915,0.6970671252644072,0.05914496345966694,0.6975824536083883,0.05774825256741822,0.04236659895646456,ridge
2021-12,5e-05,0.0033833333333333,0.0436128749726298,0.16693542916944173,0.08797330955829556,0.07891211961114618,2.0,0.010362805856447554,200,0.01664487095627726,0,0.0,0.8619214595231193,0.16693542916944173,0.8619533594632747,0.16607347580997847,0.8619978742618601,0.165211433420918,0.8620424805857982,0.16434930172768433,0.862131969051029,0.1626247693241866,0.165211433420918,ridge
2022-01,0.000125,0.0034583333333333,-0.0525850891069997,0.10024398131497735,-0.07340653370260863,0.173525515017586,1.9999999999999996,-0.30000000000000004,200,0.021011390243774734,0,0.0,0.8336861618693687,0.10024398131497735,0.8335999249939976,0.09941038138998334,0.8335135516058978,0.09857695421176554,0.8334270413544761,0.09774370019091391,0.833253608852746,0.09607771327071361,0.09857695421176554,ridge
2022-02,0.000275,0.0036083333333333,-0.0313605208667826,0.004152973753127598,-0.004135657654505958,0.008013631407633557,1.9999999999999996,-0.1288285717495724,200,0.019168744980129996,1,0.01643004231085712,0.778995906848188,0.004152973753127598,0.7785573980816116,0.003374416355045987,0.778118314913292,0.0025967371233010144,0.7776786564590374,0.0018199377837504862,0.7767976101522667,0.0002689857023662652,-0.013833305187556107,ridge
2022-03,0.0003666666666666,0.0037,0.03577323877328,0.006671154247632082,0.008580717098675706,-0.002276229517710224,1.9999999999999998,-0.20810224214871487,200,0.020063802297796213,0,0.0,0.709560745010637,0.006671154247632082,0.7097427954925323,0.0059614114521395496,0.7099249228934452,0.005251304401845191,0.7101071265084367,0.004540832868106772,0.7104717595374797,0.0031187954499446837,0.005251304401845191,ridge
2022-04,0.0006333333333333,0.0039666666666666,-0.0879567191490393,0.12275887924523296,-0.04741441388452834,0.169539959796428,2.0,-0.1960747830141516,200,0.021960747830141517,1,0.01688387692161596,0.8844135434701886,0.12275887924523296,0.8847711098362672,0.12187410813539669,0.8851293650104959,0.12098862051521198,0.8854883109589402,0.12010241431235615,0.8862082830725442,0.11832783782987023,0.10410474359359602,ridge
2022-05,0.0008166666666666,0.00415,5.324388360872234e-05,0.05834172385869734,0.011274622741862805,0.046250434450167945,2.0,0.03326826757681656,200,0.016658619315503432,0,0.0,0.86100961086169,0.05834172385869734,0.860668999552886,0.057481054859144454,0.8603275740813014,0.05662106871053474,0.8599853310598945,0.055761767865517654,0.859298378722017,0.05404523196508726,0.05662106871053474,ridge
2022-06,0.0012416666666666,0.004575,-0.0839199932238664,0.11163011658208226,-0.03066587640334338,0.141054326318759,2.0,0.07005687157006923,200,0.01929943128429931,0,0.0,0.6269908628399998,0.11163011658208226,0.6268906032498307,0.11100322597883243,0.6267902600669253,0.1103765360619484,0.6266898335685844,0.1097500470813765,0.6264887317536263,0.10849767292331412,0.1103765360619484,ridge
2022-07,0.0018583333333333,0.0051916666666666,0.0911163476322058,0.014675075966335485,0.10446252252350502,-0.09164577989050286,2.0,0.16295801552186706,200,0.01837041984478133,1,0.01703701311369601,0.7607686004025705,0.014675075966335485,0.760467199184014,0.013914608767151471,0.7601655542893146,0.013154744857756855,0.7598738323083932,0.012395454469410306,0.7592918190075928,0.010878616871297521,-0.0038822682559391565,ridge
2022-08,0.0021916666666666,0.005525,-0.0424401192168104,-0.06491421105667049,-0.06980927442020979,0.0027033966968726883,2.0,0.152569958536102,200,0.018474300414638982,2,0.035290640823999866,0.766623534463805,-0.06491421105667049,0.767221626766336,-0.06568143268343682,0.7678201413735266,-0.06644985133941754,0.7684191016667528,-0.06721946836167074,0.7696183413421092,-0.06876230276338104,-0.1017404921634174,ridge
2022-09,0.0026083333333333,0.0059416666666666,-0.0933957016434893,0.01946822925837709,-0.0916382245827674,0.10849812050781119,2.0,0.09004778251110002,200,0.019099522174889007,0,0.0,0.8306226130157582,0.01946822925837709,0.8310039857701663,0.018637225272606923,0.8313865818639865,0.01780545609464912,0.8317704064608729,0.01697291803899447,0.832550798050934,0.01530547526812242,0.01780545609464912,ridge
2022-10,0.0031,0.0064333333333333,0.0798634545768932,0.025283014957523393,0.09893958231996537,-0.07675656736244199,2.0,0.025449630297116332,200,0.01694136251495599,1,0.01694136251495599,0.759857682383119,0.025283014957523393,0.7598921079314365,0.024523122849591957,0.7599379710350886,0.023763139015453218,0.7600017420152942,0.023003009731477512,0.7601297797499538,0.021482366058773624,0.006821776500497229,ridge
2022-11,0.0034583333333333,0.0067916666666666,0.0537528602936998,0.02277585064491175,0.03812866257156484,-0.018811145259986388,2.0,0.026396570326992497,200,0.016719553732372952,0,0.0,0.7671167437292039,0.02277585064491175,0.7675315118833963,0.022008319133028354,0.7679577591909037,0.02123993512652994,0.7683987447177341,0.020470654410758547,0.7692829089581263,0.018929436100121117,0.02123993512652994,ridge
2022-12,0.0035416666666666,0.006875,-0.058971449299161,0.011949763503469563,-0.05384451053672917,0.06225260737353213,2.0,0.0427591763285069,200,0.019572408236714935,1,0.019572408236714935,0.6254942421953772,0.011949763503469563,0.6258143339813063,0.011323949169488257,0.6261352632356304,0.010697492976998303,0.6264713517126208,0.010070349448331701,0.6271495555267439,0.008814015725835844,-0.008874915259716632,ridge
2023-01,0.0037833333333333,0.0071166666666666,0.061752832400052,-0.03473194725887644,0.084173753913182,-0.12268903450539173,2.0,0.015048343206738646,200,0.019061756317202486,1,0.018508747821326228,1.2704777738841089,-0.03473194725887644,1.2707350538095827,-0.036002682312686024,1.2709929167118708,-0.037273933092300184,1.2712513829217211,-0.0385457014076416,1.2717835265399369,-0.04109086489157612,-0.05578268091362641,ridge
2023-02,0.003875,0.0072083333333333,-0.0261124466467153,0.025785631434554285,-0.008559948383048788,0.030470579817603073,2.0,0.074280977695518,200,0.017264652071664752,1,0.0171938643238353,1.8974327110113656,0.025785631434554285,1.8995283766453526,0.023886103057908933,1.901630428451721,0.021982370577650845,1.9037388981494587,0.02007441474010591,1.907975330948221,0.01624575477981318,0.004788506253815546,ridge
2023-03,0.0039083333333333,0.0072416666666666,0.035051572358727,0.0485457740913458,0.016708801127017437,0.02792863963099507,1.9999999999999998,0.108806939502748,200,0.019943511373815625,1,0.019943511373815625,1.4911052910997995,0.0485457740913458,1.4920228303405105,0.04705375126100529,1.4929458224494057,0.045559882446446986,1.4938743187552237,0.04406415113508013,1.4958213470119242,0.041066667356286175,0.02561637107263136,ridge
2023-04,0.0041,0.0074333333333333,0.0146423608829704,0.014169329952600198,-0.010057311806568388,0.020126641759168586,2.0,0.10447245264354432,200,0.018296316617478797,1,0.006240709125481096,1.1278671045054471,0.014169329952600198,1.1284304214159104,0.013040899531184287,1.1290174325291071,0.011911295087541983,1.1296419112590843,0.010780404218822946,1.1309544121213326,0.008514557891993534,0.005670585962060887,ridge
2023-05,0.0042833333333333,0.0076166666666666,0.0024823239348792,-0.054935200996798376,-0.046208418912372484,-0.013010115417759188,2.0,0.1329157624666778,200,0.02006239314668947,0,0.0,1.0976935735403548,-0.054935200996798376,1.0981132618976746,-0.05603331425869605,1.0985343243901382,-0.05713226964557865,1.0989568091310429,-0.058232071424191505,1.0998061481075574,-0.06043423173733616,-0.05713226964557865,ridge
2023-06,0.0043,0.0076333333333333,0.0647275128414313,0.0022445021901523216,0.07033535208835849,-0.07239084989820616,2.0,0.15267093858922032,200,0.020297886288674606,0,0.0,1.0790607322250714,0.0022445021901523216,1.0797747054475062,0.0011647274847048155,1.080490891179204,8.352040779391378e-05,1.0812093018771436,-0.0009991257154791087,1.0826528487542255,-0.003168762053618806,8.352040779391378e-05,ridge
2023-07,0.0043749999999999,0.0077083333333333,0.0311389139803792,0.006965176566317961,0.04883987964535223,-0.046249703079034164,2.0,0.146692160409996,200,0.018806513198278658,0,0.0,1.0774206507832607,0.006965176566317961,1.0784345169303373,0.005886742049387624,1.0794768304546318,0.004806222905408697,1.0805303055103779,0.003723585649786828,1.0826483706360288,0.0015519347131378175,0.004806222905408697,ridge
2023-08,0.0044166666666666,0.00775,-0.0177164324814337,0.03736819890921779,-0.015284710593901999,0.0482362428364532,2.0000000000000004,0.1526553923214089,200,0.020275405001656654,0,0.0,1.1548388434031294,0.03736819890921779,1.1555145691041258,0.03621268434011366,1.1561930556800388,0.03505581279785771,1.1568743373685397,0.03389757589711217,1.1582453536416513,0.03157697214100953,0.03505581279785771,ridge
2023-09,0.0044333333333333,0.0077666666666666,-0.048719291162155,0.022860586773961824,-0.03860632749180847,0.05703358093243698,2.0,0.16719064789560512,200,0.021671906478956053,1,0.021671906478956053,1.1598731580133472,0.022860586773961824,1.1602286088363272,0.021700358165125496,1.1605852721155414,0.02053941622973074,1.1609431559192291,0.019377757306204137,1.1616626177657614,0.017052273685133016,-0.0011324902492253139,ridge
2023-10,0.00445,0.0077833333333333,-0.0219796877368501,0.026387209342462335,-0.05536699206418397,0.0773042014066463,2.0,0.14387140669810883,200,0.018387019766919338,0,0.0,0.8317307793165917,0.026387209342462335,0.8319712244953632,0.02555523811796697,0.832212364721431,0.024722784613019473,0.8324542036388832,0.023889846731545684,0.8329399922739226,0.02222250938109272,0.024722784613019473,ridge
2023-11,0.0043916666666666,0.0077249999999999,0.0891792646287377,0.03561031023615922,0.10817685555391597,-0.07695821198442335,1.9999999999999998,0.17193451441199747,200,0.019790465326898574,1,0.019790465326898574,0.829019029888831,0.03561031023615922,0.8289815624227495,0.03478132867373648,0.8289440123448799,0.03395242221146946,0.8289063793058838,0.033123591098241575,0.8288836374843526,0.03146589204873746,0.014161956884570889,ridge
2023-12,0.0043666666666666,0.0077,0.0442291694032137,-0.023135319423243275,0.06116135684040126,-0.08866334293031113,2.0000000000000004,0.1505109483049425,200,0.021505109483049418,1,0.021505109483049418,1.1353821976154914,-0.023135319423243275,1.1358953404367067,-0.024271214763679983,1.1364092594934676,-0.02540813794223021,1.1369239563874132,-0.026546091292405514,1.1379558546322115,-0.02882509869640433,-0.04691324742527963,ridge
2024-01,0.00435,0.0076833333333333,0.0158957447120755,-0.017615290691370335,-0.0476245047639923,0.025659214072621964,2.0,0.1576713335581128,200,0.021479040043478278,0,0.0,1.3169710704658966,-0.017615290691370335,1.3183799974453583,-0.01893367068881569,1.3197934880136835,-0.0202548776673977,1.321211565549404,-0.021578925388018547,1.3240615768705266,-0.024235598575722966,-0.0202548776673977,ridge
2024-02,0.0043666666666666,0.0077,0.0517206153973153,-0.026742641135734276,0.03602503674617177,-0.06713434454857264,2.0,0.13065966255231487,200,0.021306596625523144,1,0.021306596625523144,1.2108419538367599,-0.026742641135734276,1.2116464889911338,-0.027954287624725408,1.2124549214890492,-0.029167550978712375,1.2132672825806152,-0.030382442983476123,1.2149039172599778,-0.03281716072203417,-0.05047414760423552,ridge
2024-03,0.0043666666666666,0.0077,0.0310187647043818,0.012587397041590028,0.03031862964290206,-0.02209789926797863,2.0,0.15308439982737254,200,0.020615112401203922,1,0.010923961988722348,1.671513615179085,0.012587397041590028,1.6726671174874859,0.010914729924102543,1.673825044091874,0.009239746953406281,1.6749904735962253,0.007562425620801352,1.6774066688349183,0.0042003636974154365,-0.001684215035316067,ridge
2024-04,0.0043666666666666,0.0077,-0.0416150427740825,-0.009506026644512932,-0.08642558948676372,0.07255289617558418,2.0,0.16002781081821627,200,0.018743529226595584,1,0.018743529226595584,1.0717763607039692,-0.009506026644512932,1.0727861853980274,-0.01057881282991096,1.0738544672255315,-0.011653735578963995,1.074927799717573,-0.01273081004366565,1.077090008793219,-0.014891476688479026,-0.030397264805559578,ridge
2024-05,0.0043749999999999,0.0077083333333333,0.0480212244995226,-0.016409286153140912,0.025279193815154085,-0.0460634799682949,2.0,0.13199040069308632,200,0.019102226246929976,0,0.0,1.0335562554389857,-0.016409286153140912,1.0338644237758037,-0.017443150576916717,1.03417387685508,-0.018477633906851074,1.0344846252586049,-0.019512740028916727,1.0351100513461566,-0.021584836409871695,-0.018477633906851074,ridge
2024-06,0.0043666666666666,0.0077,0.0346697590340898,-0.011722098041563418,-0.028300863706473372,0.012212098998243354,2.0,0.1303177156991886,200,0.02130317715699189,1,0.02130317715699189,1.101021936007963,-0.011722098041563418,1.1018046036269875,-0.012823902645190406,1.1025893900686574,-0.013927276821700732,1.1033763064829643,-0.01503222696101231,1.104956574334051,-0.017246880913233672,-0.03523045397869262,ridge
2024-07,0.0043333333333333,0.0076666666666666,0.0113213490389123,0.031071313230926448,0.08081387755308367,-0.05407589765549053,2.0,0.06360697452469155,200,0.01834944017026719,1,0.018285690809650333,0.9686499896797693,0.031071313230926448,0.9691090411181931,0.030102204189808256,0.9695697745476405,0.029132173681831165,0.9700322005004577,0.028161216629425074,0.9709621725789008,0.026216502368031944,0.010846482872180832,ridge
2024-08,0.0042083333333333,0.0075416666666666,0.0228346884450318,0.018666464975716338,0.001881325325283129,0.012576806317099906,2.0,0.03922660275820988,200,0.017871582006080904,0,0.0,1.1538127378080016,0.018666464975716338,1.1545382003238283,0.01751192677539251,1.1552657208884063,0.016355933533939524,1.1559953111018348,0.015198479042410833,1.1574607473842315,0.01287916123879518,0.016355933533939524,ridge
2024-09,0.0039333333333333,0.0072666666666666,0.0201968699100629,-0.00520068522894582,0.019235895113189648,-0.02836991367546877,2.0,0.09245321874686352,200,0.02092453218746863,0,0.0,1.2070388274672808,-0.00520068522894582,1.2077897076770265,-0.006408474936622846,1.2085432433697674,-0.0076177717156853545,1.209299450917986,-0.008828583581699778,1.2108199478074382,-0.01125478496798301,-0.0076177717156853545,ridge
2024-10,0.0037583333333333,0.0070916666666666,-0.0098967805528175,-0.049338006889033746,-0.03424817375189251,-0.01884816647047454,2.0,0.09266992184209444,200,0.019073300781579053,1,0.01893573783717671,0.8652719990040185,-0.049338006889033746,0.8659829547924014,-0.050203989843826145,0.8666965314998791,-0.051071399952033504,0.867412746721654,-0.05194024512919871,0.8688531639543368,-0.05368227270880543,-0.07000713778921022,ridge
2024-11,0.0036833333333333,0.0070166666666666,0.0573013522158638,-0.003455007994850936,0.08330200239592711,-0.09044034372411135,1.9999999999999998,0.1326669745801632,200,0.020932097880011383,0,0.0,0.8673693706698777,-0.003455007994850936,0.8679315454442184,-0.004322939540295155,0.8684956752996138,-0.005191999345450163,0.8690617733121019,-0.006062193314787242,0.8701999267700354,-0.007806007628701114,-0.005191999345450163,ridge
2024-12,0.0035583333333333,0.0068916666666666,-0.0249901365630149,-0.00933175966884091,-0.07072978336817812,0.057839690366003914,2.0,0.12555765109775496,200,0.02125557651097755,2,0.03567262602528248,1.1140289905124627,-0.00933175966884091,1.1149869161804282,-0.010446746585021338,1.1159477618621163,-0.011563655192565143,1.1169115450342673,-0.012682494303943713,1.1188479945734988,-0.014925999641708404,-0.04723628121784763,ridge
2025-01,0.0035083333333333,0.0068416666666666,0.0270163203057656,0.029886223089214736,0.0531283512423457,-0.026750461486464257,2.0,0.0955405743613369,200,0.019044594256386632,0,0.0,0.8249441504322303,0.029886223089214736,0.824995551117977,0.02906122753809676,0.8250510435977828,0.02823612100201917,0.8251142283810533,0.027410880404071577,0.8252413594846639,0.025760016291791418,0.02823612100201917,ridge
2025-02,0.0035166666666666,0.00685,-0.0142421277603124,-0.015790089771347465,-0.06848049582477879,0.049173739386764746,1.9999999999999998,0.05493152988586636,200,0.01861697900637113,0,0.0,1.0587612931377586,-0.015790089771347465,1.059270015723417,-0.016849359787070882,1.0597796232487533,-0.017909649017844972,1.0602901322982525,-0.018970960168242224,1.0613138525062866,-0.0210966590338789,-0.017909649017844972,ridge
2025-03,0.0035,0.0068333333333333,-0.0575447140817868,-0.009517930488140442,-0.07420695615840987,0.06118902567026942,2.0,0.0050874519121512085,200,0.019644855787156218,0,0.0,1.0834873414448345,-0.009517930488140442,1.083766320050405,-0.010601696808190847,1.0840461697596764,-0.011686022827659796,1.0843268949854794,-0.01277091117309688,1.084890989773347,-0.014942385437007176,-0.011686022827659796,ridge
2025-04,0.0035083333333333,0.0068416666666666,-0.0076249365182604,-0.02753130783879138,-0.04969898402712104,0.018659342854996357,2.0,-0.010004207196796844,200,0.02010004207196797,1,0.01989995792803203,1.0460361163205345,-0.02753130783879138,1.046409529918769,-0.02857771736871015,1.0467861385835497,-0.02962488011595848,1.047180184458155,-0.030672848392165847,1.047971500067757,-0.032771165339130166,-0.04952483804399051,ridge
2025-05,0.0035416666666666,0.006875,0.0615238478306929,-0.0018877417837137337,0.02784990280580188,-0.033279311256182206,2.0,-0.0037657513837947576,200,0.019962342486162056,2,0.03992468497232411,0.8851829462542982,-0.0018877417837137337,0.8860998314929625,-0.0027738416152066963,0.8870193563083473,-0.003661780496330428,0.8879415774830548,-0.004551566516162898,0.8897941211752299,-0.006336712389589883,-0.04358646546865454,ridge
2025-06,0.003525,0.0068583333333333,0.0496067960261787,0.006772137441134654,0.03838007250277863,-0.035132935061643965,2.0,-0.002379040261858978,200,0.02002379040261859,1,0.019976209597381566,0.8439593543931165,0.006772137441134654,0.8443270536872589,0.005927810387447395,0.844711671847777,0.0050827140974391005,0.8450985256942123,0.004236841864052017,0.8458767460698728,0.00254275371078529,-0.014893495499942466,ridge
2025-07,0.0035416666666666,0.006875,0.0216665726557023,0.0006183305977904043,-0.003439807900644026,0.0005164718317678328,2.0,-0.0016804252178109769,200,0.019983195747821893,2,0.025961535508527166,0.8466577641425388,0.0006183305977904043,0.8471693200122953,-0.0002288387222218911,0.8476822025897701,-0.0010770338073891358,0.8482078469838066,-0.0019262929431610155,0.849277566475436,-0.003628057234586775,-0.027038569315916302,ridge
2025-08,0.0034333333333333,0.0067666666666666,0.0190665032440029,0.047668131539875966,0.06212279027551704,-0.017887992068974352,2.0,-0.00730357467234799,200,0.019811700866988084,3,0.059435102600964254,0.8266823871443116,0.047668131539875966,0.8271392232254604,0.0468409923166505,0.827597388727988,0.04601293676241999,0.8280569091871486,0.04518396081231452,0.8289800640033208,0.04352323121985936,-0.013422165838544262,ridge
2025-09,0.0032666666666666,0.0066,0.0353236557042595,-0.0077280192084242805,-0.0004617184759460271,-0.01053296739914485,1.9999999999999998,-0.04697225236447056,200,0.020469722523644703,1,0.017063286266910532,1.1637390546218678,-0.0077280192084242805,1.16408809224697,-0.008892107300671252,1.1644580223461278,-0.010056935253116536,1.1648479394961049,-0.011222563026912595,1.1656620606439467,-0.013556329511644014,-0.02712022152002707,ridge
2025-10,0.0031833333333333,0.0065166666666666,0.0226868367307271,0.0183542489362504,0.0006897534208681126,0.014481162182048993,2.0,-0.06261914460740847,200,0.019879254294402782,1,0.00873397759195552,0.9724570839639765,0.0183542489362504,0.9730796850635437,0.017381169251186858,0.9737041475172594,0.01640684064121588,0.974330511564022,0.015431257401558334,0.9755890377605456,0.013476303747447672,0.007672863049260362,ridge
2025-11,0.00315,0.0064833333333333,0.001299669600304,0.04337999387942158,0.03775000001354557,0.0024799938658760057,2.0,-0.10405324239683789,200,0.017323010058762058,0,0.0,0.930008170750914,0.04337999387942158,0.930186168643531,0.042449807710778054,0.9303670746425453,0.04151925973013649,0.9305655424400592,0.040588297252101405,0.9309643984736178,0.038725171887053496,0.04151925973013649,ridge
2025-12,0.0029916666666666,0.006325,-0.0005241572238063,0.021758844856132116,0.009985132020864963,0.008782046168600557,2.0,-0.07497484779870756,200,0.020749748477987856,2,0.03850050304402585,1.0349392602312892,0.021758844856132116,1.0353137791985985,0.02072353107693352,1.0356891132015031,0.01968746662972911,1.0360652861256252,0.018650648997755242,1.0368448038696558,0.016574620836783835,-0.01881303641429674,ridge
2026-01,0.0029749999999999,0.0063083333333333,0.0136629902855889,0.02907115379838828,0.028760820885396388,-0.00266466708700801,2.0,-0.10697004580816727,200,0.02106970045808167,2,0.031026882363729965,1.0467911374662937,0.02907115379838828,1.0472190464821833,0.028023934751906097,1.047648135637573,0.026975857527113137,1.0480854250166813,0.025926897523338238,1.0490089622652286,0.02382610898706214,-0.004051024836616828,ridge
2026-02,0.003,0.0063333333333333,-0.0086683585457909,0.04299863417154781,0.022695736149732235,0.017302898021815578,2.0,-0.08729726522702919,200,0.018486516784923485,1,0.017006687155503256,1.2558344057994084,0.04299863417154781,1.2565307878911638,0.04174210338365665,1.2572394747850315,0.04048415522197775,1.2579502084003304,0.03922478354634682,1.25937799828246,0.03670174418013551,0.023477468066474494,ridge
2026-03,0.0030083333333333,0.0063416666666666,-0.0509327099760426,0.010475980399835959,-0.04709418383257819,0.05456183089908084,2.0,-0.0817835844789031,200,0.020817835844789034,1,0.019182164155210967,1.296386099469722,0.010475980399835959,1.2968504917834296,0.00917912990805253,1.2973219965285745,0.00788133640677881,1.2978075176382085,0.006582557846921334,1.2987837649796514,0.003982061574937701,-0.011300827748432158,ridge
2026-04,0.0030083333333333,0.0063416666666666,0.104233425033545,0.04998502270242081,0.09762571182844539,-0.05064902245935788,2.0,-0.09257895566277052,200,0.020925789556627706,1,0.016862840652883265,1.07710398892955,0.04998502270242081,1.0774012199120748,0.04890762148250874,1.077699432761536,0.04782962383689774,1.0779986418135052,0.0467510267769803,1.078688719973029,0.044591579102555665,0.030966783184014475,ridge
2026-05,0.003,0.0063333333333333,0.0514703128446207,0.00667931620359464,0.025897074489157793,-0.022217758285563157,2.0,-0.19318178625839533,200,0.02152840985174761,0,0.0,1.0507889636365542,0.00667931620359464,1.0514093895031524,0.005627906814091487,1.0520314357543006,0.004575253332086039,1.0526551101894404,0.0035213508730263187,1.0539242314501902,0.0014096950463436883,0.004575253332086039,ridge
2026-06,0.00305,0.0063833333333333,-0.0106463537227938,-0.03081277802514124,0.034009575606292974,-0.06787235363143419,2.0,-0.2504805740486563,200,0.022504805741889622,0,0.0,0.9929802083062012,-0.03081277802514124,0.9933826103502815,-0.03180616063549152,0.9937863323616558,-0.03280035068986455,0.994191381874883,-0.03379535217076589,0.9950948326220178,-0.03578825218825133,-0.03280035068986455,ridge
2026-07,0.0031083333333333,0.0064416666666666,-0.0012854430244713,0.01762446774448293,0.017816951296118714,-0.0033008168849690835,2.0,-0.272986255139948,200,0.022729862551399485,3,0.05727013744861542,1.0461866984732457,0.01762446774448293,1.0474926445399093,0.016576975099943023,1.0488023379792908,0.01552686306852435,1.0501157989051642,0.01447412034776744,1.0527704354109644,0.01236061556742811,-0.041743274380091074,ridge
2026-08,0.0031,0.0064333333333333,0.0262252794496991,-0.034267067890764544,-0.0033698566681485105,-0.033997211222616036,2.0,-0.26043364680099224,200,0.021106085715758748,1,0.017395663531990607,0.9935137023119303,-0.034267067890764544,0.9939143106820867,-0.03526098220144663,0.9943193303597626,-0.036255706551484065,0.9947451618123432,-0.037251303376201576,0.9956737032199636,-0.03924543640686436,-0.053651370083474675,ridge
2021-01,6.666666666666667e-05,0.0034,-0.0111366401584636,0.007704866507247671,0.007433591240045262,0.0002046086005357418,2.0,0.012820926646409436,200,0.018206487435787105,0,0.0,2.0,0.007704866507247671,2.0,0.005704866507247671,2.0,0.003704866507247671,2.0,0.0017048665072476711,2.0,-0.002295133492752329,0.003704866507247671,lasso
2021-02,3.3333333333333335e-05,0.0033666666666666,0.0260914749719998,-0.004186422768511177,0.07734864162287267,-0.08156839772471718,1.9999999999999996,0.030350854574581976,200,0.01777505334146747,1,0.007415325447528477,0.5189631605635593,-0.004186422768511177,0.5196093871474612,-0.0047060321556586385,0.5202581890963157,-0.005226939146703809,0.5209426177473426,-0.0057492506217532045,0.5224352394831449,-0.006798598965926901,-0.012642264594232285,lasso
2021-03,2.5e-05,0.0033583333333333,0.0424386340081077,0.02336214888246942,0.05651009452822986,-0.03317294564576044,2.0000000000000004,0.047439074538166204,200,0.018180541104312987,2,0.03600418959106808,0.5637181675111497,0.02336214888246942,0.5639954297412001,0.02279815345272822,0.5642828242690974,0.022233583233931226,0.5645874257751723,0.0216683866051439,0.5652003529163296,0.02053614711788777,-0.013770606357136856,lasso
2021-04,1.6666666666666667e-05,0.00335,0.0524253125558473,-0.009663188929614897,0.030704542947243892,-0.04038439854352544,2.0,0.07350223117888588,200,0.01895001312396064,0,0.0,0.5953326464313091,-0.009663188929614897,0.5955534171613763,-0.010258742346776274,0.5957746568707936,-0.010854738243356483,0.595996386972848,-0.011451178090533441,0.5964413102668161,-0.012645395480948977,-0.010854738243356483,lasso
2021-05,1.6666666666666667e-05,0.00335,0.0054865025818131,0.017685618005711605,0.015122212138713814,0.0025467392003311203,2.0000000000000004,0.06373406160048944,200,0.01865497985414217,4,0.06963994524784589,0.45479089048370247,0.017685618005711605,0.45519105675433,0.017230426948957274,0.45559200274575395,0.016774434000220096,0.4559937313981528,0.016317636811517145,0.4568057116427434,0.015401589447497888,-0.0528655112476258,lasso
2021-06,3.3333333333333335e-05,0.0033666666666666,0.0222139763231694,-0.033642542663896303,-0.01500177644994757,-0.01867409954728207,2.0,0.06818041521339735,200,0.01791405945326833,0,0.0,0.5566748054010631,-0.033642542663896303,0.5567452957060413,-0.034199287959602344,0.5568159734722683,-0.03475617461084084,0.5568868394837894,-0.03531320318234767,0.5570291441943166,-0.03642768838486789,-0.03475617461084084,lasso
2021-07,4.1666666666666665e-05,0.003375,0.0227481093659105,0.002431091662594947,0.006290831625535877,-0.0039014066296075966,2.0,0.08325717411020506,200,0.019167428258897952,1,0.010431755329189196,0.5288578521036216,0.002431091662594947,0.5291849511211308,0.0019019067114738161,0.529528563431406,0.0013720345357321351,0.5298726601770406,0.0008414736820638253,0.5305623123676303,-0.00022171989924320464,-0.00905972079345706,lasso
2021-08,4.1666666666666665e-05,0.003375,0.0289903213916811,-0.0005063742858502386,0.02577525057801816,-0.026323291530535062,2.0,0.09162936424574486,200,0.018384870429363494,0,0.0,0.46939755314760667,-0.0005063742858502386,0.4695954473567297,-0.0009759697332069684,0.4697938081265509,-0.0014459619021033403,0.4699926371516294,-0.001916352197305127,0.47039170678937053,-0.002858332819797091,-0.0014459619021033403,lasso
2021-09,3.3333333333333335e-05,0.0033666666666666,-0.0475691404211663,-0.007901480199619476,-0.028281612647838347,0.02034679911488554,2.0,0.09204005227505196,200,0.02080503403705911,1,0.009915992062529433,0.4772444526047638,-0.007901480199619476,0.4773465224248697,-0.008378826722044345,0.4774487745986983,-0.008856377748816873,0.4775512098118434,-0.009334133829055007,0.4777566321174501,-0.010290263360206726,-0.018772369811346307,lasso
2021-10,4.1666666666666665e-05,0.003375,0.0691438733012346,-0.0025058938017214227,0.0404966568286177,-0.04304421729700579,2.0,0.11681629980467045,200,0.017709192589213052,0,0.0,0.528295026764783,-0.0025058938017214227,0.5285029644956862,-0.003034396766217109,0.5287111917303617,-0.003563316185182146,0.5289207403564278,-0.004092656022790706,0.5293510560346462,-0.005152649081894653,-0.003563316185182146,lasso
2021-11,4.1666666666666665e-05,0.003375,-0.0083337314184714,-0.010602947932959942,-0.03461451661158235,0.023969902011955743,2.0,0.1017236915424018,200,0.01898276308457598,0,0.0,0.5082571278348766,-0.010602947932959942,0.5084775047771632,-0.011111425437737105,0.5086997965418703,-0.011620347526043682,0.5089225013949406,-0.012129715437144764,0.5093691761239607,-0.013149793813579745,-0.011620347526043682,lasso
2021-12,5e-05,0.0033833333333333,0.0436128749726298,0.02661721605030507,0.06053189659377301,-0.03396468054346794,1.9999999999999998,0.14275941532622294,200,0.018557637301996964,3,0.044278433995157684,0.5248580768672925,0.02661721605030507,0.5249411940759175,0.026092274856229156,0.525025197073576,0.02556716565615792,0.5251200585958127,0.025041855874517634,0.5253103260945072,0.023990664419832535,-0.018711268338999765,lasso
2022-01,0.000125,0.0034583333333333,-0.0525850891069997,0.026066075638237776,-0.043711693290532955,0.06965276892877073,2.0,0.05023113299464299,200,0.019497688670053574,0,0.0,0.6117780565749288,0.026066075638237776,0.6118682334777239,0.02545420740476005,0.6119585316006242,0.02484215857503653,0.6120489567846568,0.024229928767883806,0.6122301841789638,0.02300492471734296,0.02484215857503653,lasso
2022-02,0.000275,0.0036083333333333,-0.0313605208667826,0.002663559575729802,0.0002905879027452964,0.0020979716729845064,2.0,0.1423079392239699,200,0.021423079392239704,1,0.018576920607760304,0.46224635014691356,0.002663559575729802,0.4621032928125385,0.0022014562829172635,0.4619600223574588,0.0017396395310148845,0.46181653823443636,0.0012781099610264931,0.46152892679174284,0.0003559149417710879,-0.016837281076745418,lasso
2022-03,0.0003666666666666,0.0037,0.03577323877328,-0.006469481398564193,0.009985479027070535,-0.016821627092301332,1.9999999999999998,0.1331463515191481,200,0.018232783191315747,0,0.0,0.5452756894484893,-0.006469481398564193,0.545396203619804,-0.007014877602183997,0.5455167541458883,-0.00756051490685597,0.5456373408059936,-0.008106393420982173,0.5458786216385084,-0.009198874506756735,-0.00756051490685597,lasso
2022-04,0.0006333333333333,0.0039666666666666,-0.0879567191490393,0.00530723515633918,-0.07251371090169556,0.07718761272470143,2.0,0.14786187388895644,200,0.017857195709669475,1,0.017454607904771838,0.5029929549985812,0.00530723515633918,0.503309267627579,0.0048039258887116005,0.5036260679780658,0.004299983020383048,0.5039433571489818,0.0037954050848922347,0.5045794063616419,0.0027843381245309705,-0.01315462488438879,lasso
2022-05,0.0008166666666666,0.00415,5.324388360872234e-05,0.008892784172650369,0.026281531737760405,-0.01820541423177663,2.0,0.14566611604952562,200,0.017920855900160428,0,0.0,0.5277956953495437,0.008892784172650369,0.5276425601721051,0.008365141612478264,0.5274890784387938,0.007837806015772782,0.5273352488897203,0.007310778425981208,0.5270519888729264,0.006257524228285736,0.007837806015772782,lasso
2022-06,0.0012416666666666,0.004575,-0.0839199932238664,-0.006823097642657232,-0.07167254522142363,0.06360778091209981,2.0,0.144840425344813,200,0.0198517697710037,0,0.0,0.491057401446237,-0.006823097642657232,0.49110636313541634,-0.007314204005792649,0.49115534756243995,-0.007805408337782112,0.49120435462115786,-0.008296710706520705,0.49130244806692264,-0.009279609882991846,-0.007805408337782112,lasso
2022-07,0.0018583333333333,0.0051916666666666,0.0911163476322058,0.012507233323916392,0.10453846461211164,-0.09388956462152853,2.0,0.1326325656727504,200,0.02048145593790831,1,0.02048145593790831,0.4801117994515967,0.012507233323916392,0.4801535807018999,0.012027079743214491,0.4801954116602703,0.011546842500595851,0.4802372924187588,0.011066521446660114,0.4803212037102983,0.0101056273053649,-0.008934613437312458,lasso
2022-08,0.0021916666666666,0.005525,-0.0424401192168104,0.0001459870469041765,-0.03888563014289659,0.036839950523134164,2.0,0.11095249114060324,200,0.017082307301683152,1,0.017082307301683152,0.49598994071879177,0.0001459870469041765,0.4963311648578993,-0.0003503441179537228,0.4966727724760458,-0.0008473584980479153,0.4970147643108916,-0.0013450572460284981,0.49769990359164196,-0.002342512471054033,-0.017929665799731067,lasso
2022-09,0.0026083333333333,0.0059416666666666,-0.0933957016434893,-0.0003256342087937609,-0.08527227744731238,0.08233830990518531,2.0,0.10314858362734869,200,0.019961343450277492,0,0.0,0.5179425482777578,-0.0003256342087937609,0.5178955899706879,-0.0008435297987644488,0.5178485202744039,-0.0013613312493425686,0.5178013388166655,-0.0018790382252437572,0.5177066391193508,-0.0029141674043905146,-0.0013613312493425686,lasso
2022-10,0.0031,0.0064333333333333,0.0798634545768932,0.016345649720112758,0.11131309542827336,-0.0980674457081606,2.0,0.09105939844699384,200,0.0178295385120732,0,0.0,0.44097438154231944,0.016345649720112758,0.44098918465427306,0.015904660535458484,0.44100400042507004,0.015463641719262618,0.4410188288606115,0.015022593233530923,0.441048523749241,0.014140407101366553,0.015463641719262618,lasso
2022-11,0.0034583333333333,0.0067916666666666,0.0537528602936998,0.011235830495532124,0.0453267991135319,-0.037549301951333075,2.0,0.08312236529728978,200,0.015393691280111529,0,0.0,0.4645341603745845,0.011235830495532124,0.4648948959235787,0.010770935599608546,0.46525596905912925,0.010305318557413866,0.46561738028404165,0.009838978354679999,0.4663412190182096,0.008904124400441077,0.010305318557413866,lasso
2022-12,0.0035416666666666,0.006875,-0.058971449299161,-0.024559852272847568,-0.0562055654216777,0.02810404648216353,2.0,0.08358472350835933,200,0.01931740186856353,1,0.01916415276491641,0.6439088383228544,-0.024559852272847568,0.6440954557956143,-0.02520394772864318,0.6442825352968535,-0.025848417343441274,0.6444700782751016,-0.026493262507672873,0.6448465604879364,-0.02778408507528725,-0.045012570108357686,lasso
2023-01,0.0037833333333333,0.0071166666666666,0.061752832400052,-0.0274179284890819,0.07886958534783063,-0.11007084717024583,2.0,-0.047336416853870245,200,0.0195266358314613,0,0.0,3.481983803769829,-0.0274179284890819,3.4830513131164893,-0.03090097980219839,3.4841208554607848,-0.03438617020000347,3.4851924383856123,-0.03787350580423874,3.4873417565119014,-0.04485463727164141,-0.03438617020000347,lasso
2023-02,0.003875,0.0072083333333333,-0.0261124466467153,0.020934636657214362,-0.015555027749317668,0.03261466440653203,2.0,-0.04702761623831808,200,0.017692973184312115,2,0.03538594636862423,0.9465926530463289,0.020934636657214362,0.9516746850852474,0.019982961972129114,0.9568071397680944,0.019021022377678172,0.9619799713506647,0.018048696743162368,0.9725388764365943,0.016071942275031392,-0.016364923990946058,lasso
2023-03,0.0039083333333333,0.0072416666666666,0.035051572358727,-0.0010850131551532523,-0.04001970507525473,0.035026358586768176,2.0,-0.012351401375695459,200,0.01871512759417758,2,0.025944070062097337,1.1724112649138572,-0.0010850131551532523,1.1728156747666934,-0.0022578288299199456,1.1732252142769215,-0.0034314635837070957,1.1736399620913578,-0.004605933041427326,1.1744855987162366,-0.006957441148734435,-0.029375533645804433,lasso
2023-04,0.0041,0.0074333333333333,0.0146423608829704,-0.0029696119258052272,-0.016213331447775068,0.009143719521969839,1.9999999999999998,-0.012502742664536992,200,0.017542233576669106,0,0.0,1.1550071241895854,-0.0029696119258052272,1.155662854000159,-0.004125274779805386,1.1563205867775135,-0.005282253099360254,1.156980340017804,-0.00644055294585864,1.1583059800023676,-0.008761141825817064,-0.005282253099360254,lasso
2023-05,0.0042833333333333,0.0076166666666666,0.0024823239348792,0.009015185966491462,-0.007239225476149796,0.011971078109307958,2.0,-0.03232327609836405,200,0.018201774668559993,0,0.0,1.0873540809248268,0.009015185966491462,1.087892421331889,0.007927293545159572,1.088432627544095,0.0068383207114032715,1.0889747110652332,0.0057482618332957616,1.0900645566294327,0.0035648631833442987,0.0068383207114032715,lasso
2023-06,0.0043,0.0076333333333333,0.0647275128414313,0.00445396817774041,0.06929571232069892,-0.0691417441429585,2.0,-0.0034700054779255307,200,0.019747815294562748,1,0.019747815294562748,1.1828407359016655,0.00445396817774041,1.1830022941616498,0.0032709658835787603,1.1831643625178965,0.0020876394527046174,1.1833269439905314,0.0009039873457688161,1.183653658500924,-0.0014643001147642103,-0.017660175841858132,lasso
2023-07,0.0043749999999999,0.0077083333333333,0.0311389139803792,-0.019792497522462496,0.026493277348034302,-0.050660774870496694,2.0,-0.02922611645528983,200,0.01845915555989612,0,0.0,1.2474106427874436,-0.019792497522462496,1.2487909229962604,-0.021041288445458755,1.2501748416802798,-0.022292847205823054,1.2515624148955524,-0.023547184767149152,1.2543485896752853,-0.026064240470838922,-0.022292847205823054,lasso
2023-08,0.0044166666666666,0.00775,-0.0177164324814337,0.04697605262447374,-0.014482284113755827,0.05704167007156297,2.0000000000000004,-0.017967216001814168,200,0.019531756376153276,0,0.0,1.159944735741954,0.04697605262447374,1.1610389125727838,0.045815013711900957,1.1621523566000689,0.044651747911273604,1.1632793183657708,0.04348621466937643,1.1655495285202297,0.041148304981872594,0.044651747911273604,lasso
2023-09,0.0044333333333333,0.0077666666666666,-0.048719291162155,0.021967665539989866,-0.04401416235053195,0.06154849455718853,2.0,-0.01654996365435124,200,0.019633694827084384,0,0.0,1.3400125340556812,0.021967665539989866,1.340253946749066,0.020627411593240802,1.3405096973714916,0.01928664614524688,1.3407665183874933,0.017945365984827384,1.3413258267295203,0.015261036406342264,0.01928664614524688,lasso
2023-10,0.00445,0.0077833333333333,-0.0219796877368501,0.02465662383745359,-0.06113704292318362,0.08134366676063721,2.0,0.040195907448294266,200,0.01799925548443877,1,0.01799925548443877,1.1259211554796014,0.02465662383745359,1.126599561850426,0.023530024275603165,1.127290495446815,0.02240204284655996,1.1279883743690673,0.02127265871434639,1.12939059073971,0.01900967088375504,0.004402787362121192,lasso
2023-11,0.0043916666666666,0.0077249999999999,0.0891792646287377,-0.0027772858975646233,0.07517940781783818,-0.08234836038206939,2.0,0.061670441977293544,200,0.017893239005878178,2,0.027589946176152555,1.0553993750041482,-0.0027772858975646233,1.0555166632044146,-0.0038328025607690377,1.0556343542272142,-0.004888554606019052,1.0557636701424296,-0.005944576907991913,1.0561101343829047,-0.008057836569479147,-0.032478500782171606,lasso
2023-12,0.0043666666666666,0.0077,0.0442291694032137,-0.027082836721809472,0.059419180279036816,-0.09086868366751288,2.0,0.050260811402576544,200,0.019497391885974238,1,0.01928747635973032,1.210910401592407,-0.027082836721809472,1.2117733507824546,-0.028294610072591927,1.212638323687874,-0.02950811336918522,1.2135053560348537,-0.030723352789914032,1.2152459619056604,-0.03315906653133777,-0.04879558972891554,lasso
2024-01,0.00435,0.0076833333333333,0.0158957447120755,0.024896160348264716,-0.0047082670749197504,0.02525442742318447,2.0,0.05497040056219138,200,0.018808358138995986,1,0.0046361755872634716,1.6214918839313288,0.024896160348264716,1.6229976509205535,0.02327316269734416,1.6245114084703924,0.021647137531323933,1.6260445137661743,0.020018026806966193,1.6291289319947446,0.016750515688290994,0.01701096194406046,lasso
2024-02,0.0043666666666666,0.0077,0.0517206153973153,-0.008206986575069778,0.03845174204156932,-0.0510253952833057,1.9999999999999996,0.05023885356301483,200,0.019659332193871965,0,0.0,1.883165020501034,-0.008206986575069778,1.884371582757163,-0.01009135815782694,1.8855888677934594,-0.011978164310656696,1.8868123547960156,-0.013867423639457824,1.8893142150604878,-0.017653557650372218,-0.011978164310656696,lasso
2024-03,0.0043666666666666,0.0077,0.0310187647043818,0.017690084988579206,0.03637232143526516,-0.02304890311335256,1.9999999999999998,0.03407560943490462,200,0.019659243905652674,0,0.0,1.4667584877645585,0.017690084988579206,1.468552267824111,0.016221532720755095,1.4703821417500762,0.014749320705079054,1.4722294757845789,0.01327339656122547,1.4759529787509815,0.010310320094824299,0.014749320705079054,lasso
2024-04,0.0043666666666666,0.0077,-0.0416150427740825,0.0030893650584066634,-0.06335370249182849,0.06207640088356854,2.0,0.07164301613310375,200,0.019283569838670273,1,0.019283569838670273,1.0225857196955288,0.0030893650584066634,1.0234824861981209,0.0020658825722085425,1.0244131310075506,0.0010405387963915622,1.0253648098484964,1.3270628861174194e-05,1.0273094865571044,-0.0020471823743788585,-0.01824303104227871,lasso
2024-05,0.0043749999999999,0.0077083333333333,0.0480212244995226,0.01024060997649668,0.03883727338471489,-0.0329716634082181,2.0,0.0639691462053511,200,0.01842118265661221,0,0.0,0.8406161858726917,0.01024060997649668,0.8407993274319147,0.009399810649064765,0.8409831775664554,0.008558643621363769,0.8411677508319109,0.007717106724000947,0.8415391058825641,0.00603291444708386,0.008558643621363769,lasso
2024-06,0.0043666666666666,0.0077,0.0346697590340898,0.0010525025028314938,-0.019805499584595695,0.01649133542076059,2.0,0.0606059850605416,200,0.020606059850605415,0,0.0,1.0450591964453602,0.0010525025028314938,1.045645504241333,6.856998590160611e-06,1.0462440651998932,-0.0010399856275682927,1.0468438892789749,-0.0020880291650054307,1.0480473484779318,-0.004187734239558165,-0.0010399856275682927,lasso
2024-07,0.0043333333333333,0.0076666666666666,0.0113213490389123,0.013379783331778118,0.07381926545391197,-0.06477281545546716,1.9999999999999998,0.07153442235843244,200,0.020689337500211256,1,0.020689337500211256,0.9433478196906833,0.013379783331778118,0.943900203664884,0.012435883128113234,0.9445085275576612,0.011490766276662796,0.94515147440913,0.010544328908550728,0.9464492529666226,0.008647537066945005,-0.00919857122354846,lasso
2024-08,0.0042083333333333,0.0075416666666666,0.0228346884450318,0.039418980227479056,0.015988330616616,0.019222316277529756,2.0,0.05237607241538278,200,0.019443518254027202,0,0.0,0.8508773989317661,0.039418980227479056,0.8515564173455255,0.03856742381013353,0.8522402410015294,0.037714499745476,0.8529263018767703,0.036860201321848744,0.8543085415521109,0.0351474375197185,0.037714499745476,lasso
2024-09,0.0039333333333333,0.0072666666666666,0.0201968699100629,-0.005846915110084721,0.008716865340541502,-0.01849711378395952,2.0,0.05189754190138407,200,0.020518975419013846,0,0.0,0.980590139809332,-0.005846915110084721,0.9807826361599773,-0.006827697746244699,0.9809757583599914,-0.007808866626804704,0.9811695102414857,-0.008790423640809179,0.9815589223694512,-0.010754709721931977,-0.007808866626804704,lasso
2024-10,0.0037583333333333,0.0070916666666666,-0.0098967805528175,-0.02803207122663287,-0.024396943932110927,-0.007393460627855244,2.0,0.057967312816153305,200,0.02057967312816153,1,0.02057967312816153,0.9162448075244913,-0.02803207122663287,0.9168247491601194,-0.02894889597579299,0.9174398103323246,-0.02986695084729752,0.9180641232132598,-0.03078626359627265,0.9194151928117846,-0.03262914719069179,-0.05044662397545905,lasso
2024-11,0.0036833333333333,0.0070166666666666,0.0573013522158638,-0.04472675103590935,0.05517236117327362,-0.10358244554251629,2.0,0.05421870788564642,200,0.02019791656841756,2,0.03453307451408648,0.8929654527734059,-0.04472675103590935,0.8934262674290698,-0.045620177303338415,0.8938952687404045,-0.046514541573390154,0.8943658029743217,-0.047409848444832314,0.8953117441912624,-0.04920330975686566,-0.08104761608747663,lasso
2024-12,0.0035583333333333,0.0068916666666666,-0.0249901365630149,0.0029110340386818818,-0.06611881872137003,0.0654715194267186,2.0,0.05532301175096532,200,0.02048499809702151,2,0.039931767979511854,1.1241957548932584,0.0029110340386818818,1.1253450383790602,0.0017856890003028216,1.1264976856657274,0.0006580386673504268,1.127653715576386,-0.000471927108047276,1.1300075997450951,-0.002739003960043594,-0.03927372931216143,lasso
2025-01,0.0035083333333333,0.0068416666666666,0.0270163203057656,0.028227435192606863,0.055335683892900216,-0.030616582033626653,2.0,0.09320947545562952,200,0.018039851457008725,0,0.0,1.0420790191552485,0.028227435192606863,1.0424045998729112,0.02718503059273395,1.042764546997177,0.02614190609861251,1.043132140926288,0.025098038769828,1.0438721654944114,0.023008074365134808,0.02614190609861251,lasso
2025-02,0.0035166666666666,0.00685,-0.0142421277603124,-0.002833502161754388,-0.056807334348211266,0.05045716551979028,2.0,0.081598757795732,200,0.018327549876561877,1,0.01772779100678121,1.085822427689345,-0.002833502161754388,1.0864322086148004,-0.003919934370369188,1.0870436508342145,-0.005007589463422817,1.0876624981098102,-0.006096489656083818,1.0889351084434684,-0.00827817770397173,-0.022735380470204028,lasso
2025-03,0.0035,0.0068333333333333,-0.0575447140817868,-0.0078115142686771034,-0.06998180179187438,0.058670287523197286,2.0,0.06898782986705498,200,0.019310121701345353,1,0.018790830169598947,1.1303241215894158,-0.0078115142686771034,1.130680446304472,-0.008942194714981576,1.1310679587059616,-0.010073650186089026,1.1314780528157127,-0.011205948427124243,1.132324090365146,-0.013473134720502832,-0.028864480355687974,lasso
2025-04,0.0035083333333333,0.0068416666666666,-0.0076249365182604,-0.026597187921507573,-0.04785967557433266,0.017754154319491795,2.0,0.04384386592801914,200,0.02043843865928019,0,0.0,1.0240287904024532,-0.026597187921507573,1.0245318918422064,-0.02762171981334978,1.0250364885859924,-0.02864726089867956,1.025549810575046,-0.029673837353232712,1.0266254062267022,-0.03173031495264109,-0.02864726089867956,lasso
2025-05,0.0035416666666666,0.006875,0.0615238478306929,0.0026975168068559168,0.04224171701678206,-0.04308586687659274,2.0,0.051890031794947555,200,0.020518900317949576,1,0.020518900317949576,0.9226943177146374,0.0026975168068559168,0.9234960345555888,0.001774020772300328,0.9243002348281368,0.0008489163371996431,0.9251128879272598,-7.782185692586279e-05,0.9267692111815637,-0.001936329249051902,-0.019669983980749935,lasso
2025-06,0.003525,0.0068583333333333,0.0496067960261787,0.010505627792099678,0.03779269901643468,-0.030812071224335,1.9999999999999998,0.026316384136160664,200,0.020263163841361603,1,0.020263163841361603,0.983315621256721,0.010505627792099678,0.9838804672101145,0.009521747324889564,0.9844473420294618,0.008536733108040755,0.9850228702965853,0.007550559181209922,0.9862025993645851,0.005574614795276752,-0.011726430733320848,lasso
2025-07,0.0035416666666666,0.006875,0.0216665726557023,-0.002084779465090977,-0.00047865345701409096,-0.005147792674743485,2.0,0.05124846263799776,200,0.02051248462637998,1,0.02051248462637998,0.9166439097284454,-0.002084779465090977,0.9170286544306335,-0.003001808119521611,0.9174145944588936,-0.0039196086540087645,0.9178217112802183,-0.004838244598931632,0.9187462149191215,-0.006678510539686585,-0.024432093280388745,lasso
2025-08,0.0034333333333333,0.0067666666666666,0.0190665032440029,0.039569576605983266,0.060669376521078504,-0.024533133248428533,2.0,0.00182160069775128,200,0.019981783993022487,2,0.03969473564414891,0.9875403274310524,0.039569576605983266,0.9879373809871405,0.03858163922499613,0.9883355007584358,0.037592905604466396,0.988734718255601,0.03660337245121646,0.9895473851915376,0.03462183968002558,-0.002101830039682513,lasso
2025-09,0.0032666666666666,0.0066,0.0353236557042595,0.03664626225316211,0.021341350931606076,0.012038244654889434,1.9999999999999996,-0.02764099050034996,200,0.0202764099050035,1,0.017814898988354387,1.1745556715773189,0.03664626225316211,1.1751082039530902,0.03547115404920902,1.175662235101342,0.034294937782959424,1.1762177724380463,0.03311760893584797,1.1773334264058488,0.030759595121132865,0.016480038794605037,lasso
2025-10,0.0031833333333333,0.0065166666666666,0.0226868367307271,0.0014918029360576632,-0.005935821338954534,0.004244290941678895,2.0000000000000004,-0.04304155632207618,200,0.018931008905819887,1,0.014726366844453154,1.2157424258849998,0.0014918029360576632,1.2162515124807691,0.0002755514235768942,1.216780164961829,-0.000941757393865995,1.217310522956652,-0.0021601286328122933,1.2184118939111555,-0.004600256533498114,-0.015668124238319148,lasso
2025-11,0.00315,0.0064833333333333,0.001299669600304,0.03791321421668677,0.0368309581967061,-0.0020677439800193334,2.0,-0.045804734402970615,200,0.01843545129513647,0,0.0,0.8534936906695041,0.03791321421668677,0.8538477796879438,0.03705936643699883,0.8542030397801231,0.03620480813712653,0.8545594778599566,0.0353495357831069,0.8552786142084813,0.03363682114564437,0.03620480813712653,lasso
2025-12,0.0029916666666666,0.006325,-0.0005241572238063,0.0006913640069368958,-0.00026082703387663375,-0.0020394756258530697,2.0,-0.06354011452857333,200,0.020635401145285736,1,0.019364598854714265,1.2757595735757399,0.0006913640069368958,1.276188227868392,-0.0005848242209314963,1.2766179461777944,-0.001861871885418693,1.2770487338047765,-0.0031397821944774335,1.2779135452483925,-0.005698203719305066,-0.02122647074013296,lasso
2026-01,0.0029749999999999,0.0063083333333333,0.0136629902855889,0.03585340101741699,0.02810185461648771,0.00477654640092938,2.0,-0.10453047418824268,200,0.021045304741882435,4,0.07790939051623515,1.11634597080608,0.03585340101741699,1.117223901755263,0.03473617711566173,1.118128420112317,0.03361714417719236,1.1190361477452186,0.03249629257418134,1.1208604622225735,0.030249098706304125,-0.04429224633904279,lasso
2026-02,0.003,0.0063333333333333,-0.0086683585457909,0.04138738600493756,0.024257593034965802,0.014129792969971761,1.9999999999999998,-0.09973659743825358,200,0.020130737031373584,1,0.017426245682166882,1.2191791754593218,0.04138738600493756,1.2197954872318975,0.040167590517705666,1.2204552175470242,0.038946475569843514,1.221156611411685,0.03772391617070251,1.2225824565256633,0.03527447372230925,0.021520229887676632,lasso
2026-03,0.0030083333333333,0.0063416666666666,-0.0509327099760426,0.009790137279441682,-0.04523961562853539,0.052021419574643776,2.0,-0.08396850720551263,200,0.020839685072055126,2,0.03832062985589828,1.322857318280926,0.009790137279441682,1.3234365613887558,0.008466700718052927,1.3240425232315904,0.007142052232978502,1.3246571268773892,0.005816165898809515,1.3258959860808412,0.0031606573490374767,-0.031178577622919777,lasso
2026-04,0.0030083333333333,0.0063416666666666,0.104233425033545,0.050491295966256754,0.09405274576116261,-0.04656978312823916,1.9999999999999998,-0.0894814541096125,200,0.020894814541096124,1,0.019105185458903877,0.9561693138589854,0.050491295966256754,0.95628376724363,0.04953501219901312,0.9564921328400067,0.04857831170057674,0.9567255549112927,0.04762111930152287,0.9572346910114755,0.045705122511199375,0.029473126241672865,lasso
2026-05,0.003,0.0063333333333333,0.0514703128446207,0.018791453569367348,0.028556348220933073,-0.012764894651565727,2.0,-0.18492659354436491,200,0.021495458926870863,0,0.0,1.0298681476310831,0.018791453569367348,1.0303885595753388,0.01776106500979201,1.0309253755136862,0.016729602818339975,1.031463448673417,0.015697063223347095,1.0325434604726533,0.013628736267004081,0.016729602818339975,lasso
2026-06,0.00305,0.0063833333333333,-0.0106463537227938,-0.02260835033155441,0.03316655659762371,-0.05882490692917812,2.0,-0.22414504229692467,200,0.022241450422969242,0,0.0,1.0122819582839755,-0.02260835033155441,1.012691605922566,-0.023621041937476977,1.0131025120009078,-0.024634555355556226,1.013514683163062,-0.025648894381043598,1.0143428477096255,-0.02768006457010254,-0.024634555355556226,lasso
2026-07,0.0031083333333333,0.0064416666666666,-0.0012854430244713,0.014831472264389935,0.017678691982543994,-0.005955553051487364,2.0,-0.25027848133426844,200,0.022502784813342686,3,0.05749721518738088,1.0368064425810584,0.014831472264389935,1.038158518256561,0.013793313746133375,1.0395282184484345,0.012752415827493067,1.0409043327336722,0.011708759266188919,1.0436685734358586,0.009613129397210641,-0.044744799359887816,lasso
2026-08,0.0031,0.0064333333333333,0.0262252794496991,-0.026187693487008345,-0.002591912684800285,-0.02669578080220806,1.9999999999999996,-0.23500271246750948,200,0.020999924144020212,1,0.017649972875324903,1.00636272261738,-0.026187693487008345,1.0067857883762226,-0.027194479275384566,1.0072108412771859,-0.028202115169562718,1.0076378987883723,-0.029210607183373462,1.0084980833326374,-0.03123018390367153,-0.04585208804488762,lasso
2021-01,6.666666666666667e-05,0.0034,-0.0111366401584636,0.007704866507247671,0.007433591240045262,0.0002046086005357418,2.0,0.012820926646409436,200,0.018206487435787105,0,0.0,2.0,0.007704866507247671,2.0,0.005704866507247671,2.0,0.003704866507247671,2.0,0.0017048665072476711,2.0,-0.002295133492752329,0.003704866507247671,en
2021-02,3.3333333333333335e-05,0.0033666666666666,0.0260914749719998,-0.004186422768511177,0.07734864162287267,-0.08156839772471718,1.9999999999999996,0.030350854574581976,200,0.01777505334146747,1,0.007415325447528477,0.5189631605635593,-0.004186422768511177,0.5196093871474612,-0.0047060321556586385,0.5202581890963157,-0.005226939146703809,0.5209426177473426,-0.0057492506217532045,0.5224352394831449,-0.006798598965926901,-0.012642264594232285,en
2021-03,2.5e-05,0.0033583333333333,0.0424386340081077,0.02336214888246942,0.05651009452822986,-0.03317294564576044,2.0000000000000004,0.047439074538166204,200,0.018180541104312987,2,0.03600418959106808,0.5637181675111497,0.02336214888246942,0.5639954297412001,0.02279815345272822,0.5642828242690974,0.022233583233931226,0.5645874257751723,0.0216683866051439,0.5652003529163296,0.02053614711788777,-0.013770606357136856,en
2021-04,1.6666666666666667e-05,0.00335,0.0524253125558473,-0.009663188929614897,0.030704542947243892,-0.04038439854352544,2.0,0.07350223117888588,200,0.01895001312396064,0,0.0,0.5953326464313091,-0.009663188929614897,0.5955534171613763,-0.010258742346776274,0.5957746568707936,-0.010854738243356483,0.595996386972848,-0.011451178090533441,0.5964413102668161,-0.012645395480948977,-0.010854738243356483,en
2021-05,1.6666666666666667e-05,0.00335,0.0054865025818131,0.017685618005711605,0.015122212138713814,0.0025467392003311203,2.0000000000000004,0.06373406160048944,200,0.01865497985414217,4,0.06963994524784589,0.45479089048370247,0.017685618005711605,0.45519105675433,0.017230426948957274,0.45559200274575395,0.016774434000220096,0.4559937313981528,0.016317636811517145,0.4568057116427434,0.015401589447497888,-0.0528655112476258,en
2021-06,3.3333333333333335e-05,0.0033666666666666,0.0222139763231694,-0.033642542663896303,-0.01500177644994757,-0.01867409954728207,2.0,0.06818041521339735,200,0.01791405945326833,0,0.0,0.5566748054010631,-0.033642542663896303,0.5567452957060413,-0.034199287959602344,0.5568159734722683,-0.03475617461084084,0.5568868394837894,-0.03531320318234767,0.5570291441943166,-0.03642768838486789,-0.03475617461084084,en
2021-07,4.1666666666666665e-05,0.003375,0.0227481093659105,0.002431091662594947,0.006290831625535877,-0.0039014066296075966,2.0,0.08325717411020506,200,0.019167428258897952,1,0.010431755329189196,0.5288578521036216,0.002431091662594947,0.5291849511211308,0.0019019067114738161,0.529528563431406,0.0013720345357321351,0.5298726601770406,0.0008414736820638253,0.5305623123676303,-0.00022171989924320464,-0.00905972079345706,en
2021-08,4.1666666666666665e-05,0.003375,0.0289903213916811,-0.0005063742858502386,0.02577525057801816,-0.026323291530535062,2.0,0.09162936424574486,200,0.018384870429363494,0,0.0,0.46939755314760667,-0.0005063742858502386,0.4695954473567297,-0.0009759697332069684,0.4697938081265509,-0.0014459619021033403,0.4699926371516294,-0.001916352197305127,0.47039170678937053,-0.002858332819797091,-0.0014459619021033403,en
2021-09,3.3333333333333335e-05,0.0033666666666666,-0.0475691404211663,-0.007901480199619476,-0.028281612647838347,0.02034679911488554,2.0,0.09204005227505196,200,0.02080503403705911,1,0.009915992062529433,0.4772444526047638,-0.007901480199619476,0.4773465224248697,-0.008378826722044345,0.4774487745986983,-0.008856377748816873,0.4775512098118434,-0.009334133829055007,0.4777566321174501,-0.010290263360206726,-0.018772369811346307,en
2021-10,4.1666666666666665e-05,0.003375,0.0691438733012346,-0.0025058938017214227,0.0404966568286177,-0.04304421729700579,2.0,0.11681629980467045,200,0.017709192589213052,0,0.0,0.528295026764783,-0.0025058938017214227,0.5285029644956862,-0.003034396766217109,0.5287111917303617,-0.003563316185182146,0.5289207403564278,-0.004092656022790706,0.5293510560346462,-0.005152649081894653,-0.003563316185182146,en
2021-11,4.1666666666666665e-05,0.003375,-0.0083337314184714,-0.010602947932959942,-0.03461451661158235,0.023969902011955743,2.0,0.1017236915424018,200,0.01898276308457598,0,0.0,0.5082571278348766,-0.010602947932959942,0.5084775047771632,-0.011111425437737105,0.5086997965418703,-0.011620347526043682,0.5089225013949406,-0.012129715437144764,0.5093691761239607,-0.013149793813579745,-0.011620347526043682,en
2021-12,5e-05,0.0033833333333333,0.0436128749726298,0.02661721605030507,0.06053189659377301,-0.03396468054346794,1.9999999999999998,0.14275941532622294,200,0.018557637301996964,3,0.044278433995157684,0.5248580768672925,0.02661721605030507,0.5249411940759175,0.026092274856229156,0.525025197073576,0.02556716565615792,0.5251200585958127,0.025041855874517634,0.5253103260945072,0.023990664419832535,-0.018711268338999765,en
2022-01,0.000125,0.0034583333333333,-0.0525850891069997,0.026066075638237776,-0.043711693290532955,0.06965276892877073,2.0,0.05023113299464299,200,0.019497688670053574,0,0.0,0.6117780565749288,0.026066075638237776,0.6118682334777239,0.02545420740476005,0.6119585316006242,0.02484215857503653,0.6120489567846568,0.024229928767883806,0.6122301841789638,0.02300492471734296,0.02484215857503653,en
2022-02,0.000275,0.0036083333333333,-0.0313605208667826,0.002663559575729802,0.0002905879027452964,0.0020979716729845064,2.0,0.1423079392239699,200,0.021423079392239704,1,0.018576920607760304,0.46224635014691356,0.002663559575729802,0.4621032928125385,0.0022014562829172635,0.4619600223574588,0.0017396395310148845,0.46181653823443636,0.0012781099610264931,0.46152892679174284,0.0003559149417710879,-0.016837281076745418,en
2022-03,0.0003666666666666,0.0037,0.03577323877328,-0.006469481398564193,0.009985479027070535,-0.016821627092301332,1.9999999999999998,0.1331463515191481,200,0.018232783191315747,0,0.0,0.5452756894484893,-0.006469481398564193,0.545396203619804,-0.007014877602183997,0.5455167541458883,-0.00756051490685597,0.5456373408059936,-0.008106393420982173,0.5458786216385084,-0.009198874506756735,-0.00756051490685597,en
2022-04,0.0006333333333333,0.0039666666666666,-0.0879567191490393,0.00530723515633918,-0.07251371090169556,0.07718761272470143,2.0,0.14786187388895644,200,0.017857195709669475,1,0.017454607904771838,0.5029929549985812,0.00530723515633918,0.503309267627579,0.0048039258887116005,0.5036260679780658,0.004299983020383048,0.5039433571489818,0.0037954050848922347,0.5045794063616419,0.0027843381245309705,-0.01315462488438879,en
2022-05,0.0008166666666666,0.00415,5.324388360872234e-05,0.008892784172650369,0.026281531737760405,-0.01820541423177663,2.0,0.14566611604952562,200,0.017920855900160428,0,0.0,0.5277956953495437,0.008892784172650369,0.5276425601721051,0.008365141612478264,0.5274890784387938,0.007837806015772782,0.5273352488897203,0.007310778425981208,0.5270519888729264,0.006257524228285736,0.007837806015772782,en
2022-06,0.0012416666666666,0.004575,-0.0839199932238664,-0.006823097642657232,-0.07167254522142363,0.06360778091209981,2.0,0.144840425344813,200,0.0198517697710037,0,0.0,0.491057401446237,-0.006823097642657232,0.49110636313541634,-0.007314204005792649,0.49115534756243995,-0.007805408337782112,0.49120435462115786,-0.008296710706520705,0.49130244806692264,-0.009279609882991846,-0.007805408337782112,en
2022-07,0.0018583333333333,0.0051916666666666,0.0911163476322058,0.012507233323916392,0.10453846461211164,-0.09388956462152853,2.0,0.1326325656727504,200,0.02048145593790831,1,0.02048145593790831,0.4801117994515967,0.012507233323916392,0.4801535807018999,0.012027079743214491,0.4801954116602703,0.011546842500595851,0.4802372924187588,0.011066521446660114,0.4803212037102983,0.0101056273053649,-0.008934613437312458,en
2022-08,0.0021916666666666,0.005525,-0.0424401192168104,0.0001459870469041765,-0.03888563014289659,0.036839950523134164,2.0,0.11095249114060324,200,0.017082307301683152,1,0.017082307301683152,0.49598994071879177,0.0001459870469041765,0.4963311648578993,-0.0003503441179537228,0.4966727724760458,-0.0008473584980479153,0.4970147643108916,-0.0013450572460284981,0.49769990359164196,-0.002342512471054033,-0.017929665799731067,en
2022-09,0.0026083333333333,0.0059416666666666,-0.0933957016434893,-0.0003256342087937609,-0.08527227744731238,0.08233830990518531,2.0,0.10314858362734869,200,0.019961343450277492,0,0.0,0.5179425482777578,-0.0003256342087937609,0.5178955899706879,-0.0008435297987644488,0.5178485202744039,-0.0013613312493425686,0.5178013388166655,-0.0018790382252437572,0.5177066391193508,-0.0029141674043905146,-0.0013613312493425686,en
2022-10,0.0031,0.0064333333333333,0.0798634545768932,0.016345649720112758,0.11131309542827336,-0.0980674457081606,2.0,0.09105939844699384,200,0.0178295385120732,0,0.0,0.44097438154231944,0.016345649720112758,0.44098918465427306,0.015904660535458484,0.44100400042507004,0.015463641719262618,0.4410188288606115,0.015022593233530923,0.441048523749241,0.014140407101366553,0.015463641719262618,en
2022-11,0.0034583333333333,0.0067916666666666,0.0537528602936998,0.011235830495532124,0.0453267991135319,-0.037549301951333075,2.0,0.08312236529728978,200,0.015393691280111529,0,0.0,0.4645341603745845,0.011235830495532124,0.4648948959235787,0.010770935599608546,0.46525596905912925,0.010305318557413866,0.46561738028404165,0.009838978354679999,0.4663412190182096,0.008904124400441077,0.010305318557413866,en
2022-12,0.0035416666666666,0.006875,-0.058971449299161,-0.024559852272847568,-0.0562055654216777,0.02810404648216353,2.0,0.08358472350835933,200,0.01931740186856353,1,0.01916415276491641,0.6439088383228544,-0.024559852272847568,0.6440954557956143,-0.02520394772864318,0.6442825352968535,-0.025848417343441274,0.6444700782751016,-0.026493262507672873,0.6448465604879364,-0.02778408507528725,-0.045012570108357686,en
2023-01,0.0037833333333333,0.0071166666666666,0.061752832400052,0.0057945918542066325,0.07709333646209404,-0.07508207794122072,2.0,-0.002882518546522883,200,0.019915739971720067,0,0.0,3.5796888895251815,0.0057945918542066325,3.5807597973647596,0.002213832056841873,3.581832744674167,-0.0013690736351417016,3.5829077390604422,-0.004954131362974694,3.5850638996958417,-0.012130727644272575,-0.0013690736351417016,en
2023-02,0.003875,0.0072083333333333,-0.0261124466467153,-0.0011575982854674146,-0.020692631348321448,0.015660033062854038,2.0,-0.021704341243740544,200,0.01640118240614989,0,0.0,1.2618800255650449,-0.0011575982854674146,1.2669450372113291,-0.0024245433226787435,1.2720494398087383,-0.003701697165084891,1.277229248449467,-0.004989286030815816,1.288082980663047,-0.00759801318878265,-0.003701697165084891,en
2023-03,0.0039083333333333,0.0072416666666666,0.035051572358727,0.02727554600680438,-0.007935675228136242,0.03130288790160732,2.0,0.008870102162861881,200,0.02008870102162862,0,0.0,1.0871986394249369,0.02727554600680438,1.0877217620461765,0.026187824244758205,1.088250446475531,0.02509904511385332,1.0887848244096099,0.02400919153357555,1.0898911744413633,0.021826090134597565,0.02509904511385332,en
2023-04,0.0041,0.0074333333333333,0.0146423608829704,0.0044144556470893945,-0.022252687443546196,0.022567143090635584,2.0,-0.021804886791747524,200,0.017987855584818302,0,0.0,1.1073185988985867,0.0044144556470893945,1.1078281454201253,0.003306627501669269,1.1083842772976529,0.002197687092494089,1.1089431597870996,0.0010876261677280957,1.110066251175539,-0.0011358756087883008,0.002197687092494089,en
2023-05,0.0042833333333333,0.0076166666666666,0.0024823239348792,-0.00646105993594293,-0.01383836559824556,0.0030939723289693313,2.0,-0.02491301836392279,200,0.019875324401133616,0,0.0,0.9969241298360622,-0.00646105993594293,0.997246388905423,-0.007458306324848353,0.9975696850470455,-0.00845619930603702,0.9978940251986474,-0.009454742011538873,0.9985719556835695,-0.011453919714360777,-0.00845619930603702,en
2023-06,0.0043,0.0076333333333333,0.0647275128414313,0.0005022652161406228,0.06242086336409075,-0.06621859814795014,2.0,0.0018932873418011642,200,0.019924275223171434,0,0.0,1.2536269155675372,0.0005022652161406228,1.254044076652842,-0.0007517788605122192,1.2544623481528958,-0.002006659480165169,1.254881735559528,-0.0032623799905379613,1.2557239353449967,-0.005776354460584361,-0.002006659480165169,en
2023-07,0.0043749999999999,0.0077083333333333,0.0311389139803792,0.03119343957663744,0.05917140341544318,-0.03235296383880564,1.9999999999999998,-0.032761566808448994,200,0.017344918236313126,1,0.017344918236313126,1.0166533007406215,0.03119343957663744,1.0180587898309705,0.03017538078680647,1.0194687522032395,0.02915450207223096,1.0208832120785822,0.02813078994040169,1.0237454936459927,0.026074712108407477,0.011809583835917833,en
2023-08,0.0044166666666666,0.00775,-0.0177164324814337,0.023031493964670493,-0.01542826370775028,0.034043091005754166,2.0,-0.020306880705334596,200,0.019137685374215903,0,0.0,1.1369406976140823,0.023031493964670493,1.1373691956346914,0.0218941247690358,1.1377997318355195,0.020755894500999454,1.1382323215377632,0.019616797000057203,1.1391037655121004,0.01733597513710999,0.020755894500999454,en
2023-09,0.0044333333333333,0.0077666666666666,-0.048719291162155,0.03137760681132655,-0.03440086592885079,0.06134513940684405,2.0,0.0035822576229481706,200,0.019442374486201626,0,0.0,1.1219710734747137,0.03137760681132655,1.1224197761177404,0.03025518703520881,1.1228698195243438,0.02913186717227786,1.1233212117688873,0.02800764317601989,1.1242280755465792,0.025756466433593653,0.02913186717227786,en
2023-10,0.00445,0.0077833333333333,-0.0219796877368501,0.019490280743933597,-0.04555028550404774,0.060590566247981335,2.0,0.0423174095415334,200,0.01789423313772403,1,0.01789423313772403,0.9125032246281208,0.019490280743933597,0.9128297272373014,0.018577451016696295,0.9131572047294938,0.01766396633447461,0.9134856623442285,0.016749823756900914,0.9141455391142673,0.01491955304836226,-0.00023026680324941817,en
2023-11,0.0043916666666666,0.0077249999999999,0.0891792646287377,0.008416044474913537,0.08629354576594009,-0.08226916795769314,2.0,0.057454465529698684,200,0.017405150457406194,1,0.017405150457406194,0.9279967864265104,0.008416044474913537,0.9282330995675792,0.007487811375345957,0.9284700066584886,0.006559104461596559,0.9287075105225635,0.005629921943345846,0.9291843199673673,0.0037701228750767002,-0.010846045995809635,en
2023-12,0.0043666666666666,0.0077,0.0442291694032137,-0.01954251397833781,0.0682530326235306,-0.092162213268535,2.0,0.0616054543255149,200,0.020616054543258763,1,0.020616054543258763,1.116551658076795,-0.01954251397833781,1.1171018494099165,-0.020659615827747727,1.1176594099897053,-0.021777832798317222,1.1182345693521474,-0.02289721768639425,1.1193889743697334,-0.025139458850186477,-0.04239388734157598,en
2024-01,0.00435,0.0076833333333333,0.0158957447120755,-0.0060798715627477535,-0.02278725058092423,0.01235737901817648,2.0,0.0409407060748016,200,0.01910752083825543,1,0.004402154815555455,1.5721070924347063,-0.0060798715627477535,1.5736545769140668,-0.00765352613966182,1.5752071457944208,-0.009230285854336596,1.576764895403679,-0.01081016624895879,1.57989598532774,-0.013979351489386452,-0.01363244066989205,en
2024-02,0.0043666666666666,0.0077,0.0517206153973153,-0.029068253558352894,0.02907743237855297,-0.06251235260357245,2.0,0.013804386072391761,200,0.01883836504918354,0,0.0,1.4789757239522663,-0.029068253558352894,1.4801912296516853,-0.03054844478800458,1.4814283527598926,-0.03203111026387268,1.4826908578813034,-0.0335163261319968,1.4852355970603108,-0.03649443154365445,-0.03203111026387268,en
2024-03,0.0043666666666666,0.0077,0.0310187647043818,0.012635561640596924,0.03284721920080651,-0.024578324226876183,1.9999999999999998,0.002152440348974438,200,0.019978475596510253,0,0.0,1.4579653311465453,0.012635561640596924,1.4593837353828365,0.011176177905214088,1.4608088594358215,0.009713943921725282,1.462240913149338,0.00824883890114891,1.4652473280346254,0.0053093250004237974,0.009713943921725282,en
2024-04,0.0043666666666666,0.0077,-0.0416150427740825,-0.0017609365965011881,-0.06805177954685582,0.06192417628368802,2.0,0.03514497390131899,200,0.019648550260987836,0,0.0,0.9358019287391544,-0.0017609365965011881,0.9364328090034033,-0.0026973694055045915,0.9370667504315576,-0.0036350700973643035,0.9377037807707127,-0.004574047938813326,0.9390258970034002,-0.006456066081518189,-0.0036350700973643035,en
2024-05,0.0043749999999999,0.0077083333333333,0.0480212244995226,0.005714734133299662,0.039321147295696565,-0.0379814131623968,1.9999999999999998,0.025879113587867875,200,0.017942956589509652,0,0.0,0.8095647886675368,0.005714734133299662,0.8097557071794039,0.004904978426120258,0.8099472437837165,0.004094839645732229,0.8101394028573057,0.0032843159247277452,0.810548870214367,0.0016619897822278268,0.004094839645732229,en
2024-06,0.0043666666666666,0.0077,0.0346697590340898,0.002813375640866587,-0.023154047025505095,0.02160075599970508,2.0,0.018646369308561117,200,0.02018646369308561,0,0.0,1.0148492557425945,0.002813375640866587,1.015418522499885,0.001797957118366702,1.0159889773875428,0.0007813976860915018,1.0165606252553108,-0.00023630623489934513,1.0177076018775941,-0.0022751623685213834,0.0007813976860915018,en
2024-07,0.0043333333333333,0.0076666666666666,0.0113213490389123,0.010106461347057685,0.06888254783884035,-0.06310941982511596,2.0,0.019526660162102027,200,0.019880223990393422,1,0.019880223990393422,0.9918438523536812,0.010106461347057685,0.9924782711291519,0.009113983075928533,0.9931146922942582,0.008120231962469169,0.9937531263833552,0.00712520196790762,0.9950360761223228,0.005131280966446071,-0.011759992027924254,en
2024-08,0.0042083333333333,0.0075416666666666,0.0228346884450318,0.03700559814691638,0.015220294338661513,0.017576970474921575,2.0,-0.005440861180651346,200,0.018924985528313728,0,0.0,0.830085285765517,0.03700559814691638,0.8307389671234207,0.03617485917979296,0.8314090433650868,0.03534278006018621,0.8320875066777693,0.034509335626883075,0.8334511088532959,0.0328383426026499,0.03534278006018621,en
2024-09,0.0039333333333333,0.0072666666666666,0.0201968699100629,-0.009504215561543333,0.0070401005912876955,-0.020477649486164325,2.0,-0.005250374965754978,200,0.020052503749657547,0,0.0,0.8737070098994766,-0.009504215561543333,0.8738172190644801,-0.010378032780607813,0.8739277833070789,-0.01125207112815749,0.8740387072651831,-0.012126331683338883,0.8742616406715542,-0.013875523764901105,-0.01125207112815749,en
2024-10,0.0037583333333333,0.0070916666666666,-0.0098967805528175,-0.016055106729226047,-0.01915835308638094,-0.000655086976178412,2.0,-0.00029344143428400304,200,0.019997065585657163,1,0.019997065585657163,0.8660235740634672,-0.016055106729226047,0.8666933225352402,-0.016921800051761287,0.8673644247388338,-0.017789835578703714,0.8680368855489142,-0.01865921738587279,0.8693859026220417,-0.020402036242336254,-0.03778690116436088,en
2024-11,0.0036833333333333,0.0070166666666666,0.0573013522158638,-0.05569365737238233,0.04364586915612699,-0.1030228598618426,2.0,-0.013020740226932448,200,0.01986979259773068,2,0.03354406054270319,0.8467930570185671,-0.05569365737238233,0.8470593946256011,-0.05654071676700793,0.8473394285335087,-0.05738833622944935,0.8476203933158749,-0.058236518552329954,0.848212595170161,-0.059934720348233134,-0.09093239677215254,en
2024-12,0.0035583333333333,0.0068916666666666,-0.0249901365630149,0.005496711242011008,-0.06617932187634615,0.06811769978502384,2.0,0.013744366422518195,200,0.020137443664225183,2,0.04000000000000037,1.1371065975256285,0.005496711242011008,1.138221114418378,0.00435849012759263,1.1393383732837046,0.0032180344954435987,1.1404583872094656,0.0020753360803826117,1.1427069151987395,-0.00021682333398268926,-0.03678196550455677,en
2025-01,0.0035083333333333,0.0068416666666666,0.0270163203057656,0.030671217977553546,0.055727159103521585,-0.02856427445930134,2.0,0.03469257166331641,200,0.018516335208029824,0,0.0,1.099620677033379,0.030671217977553546,1.0999913249243063,0.029571226652629238,1.100363543989097,0.028470490889575352,1.1007373447890008,0.027369005943186545,1.1014897346353236,0.02516376930437693,0.028470490889575352,en
2025-02,0.0035166666666666,0.00685,-0.0142421277603124,0.002032334252808106,-0.051982571102053496,0.050498238688194995,1.9999999999999998,0.04071490175124581,200,0.01852941086799845,1,0.017125593437179922,1.078622171674414,0.002032334252808106,1.0792353077072625,0.0009530989451008432,1.0798721309055068,-0.0001274100090029079,1.0805171778938927,-0.0012092172808735725,1.0818299986414426,-0.003376815740399107,-0.01725300344618283,en
2025-03,0.0035,0.0068333333333333,-0.0575447140817868,-0.0010956573406351133,-0.0635016831220331,0.058906025781397975,1.9999999999999998,0.04357446358765005,200,0.019564255364123498,1,0.01919450006638799,1.169969254919887,-0.0010956573406351133,1.1703640748320465,-0.00226602141546716,1.170760214511255,-0.0034371777696576233,1.1711576888307071,-0.004609130407127234,1.1719566978631322,-0.006955440829950775,-0.02263167783604561,en
2025-04,0.0035083333333333,0.0068416666666666,-0.0076249365182604,-0.02766608239342687,-0.05155722108988643,0.02038280536312626,2.0000000000000004,0.030964599108804225,200,0.020309645991088407,0,0.0,1.0309507693408702,-0.02766608239342687,1.031439673432859,-0.02869752206685973,1.031930057993988,-0.029729942509414846,1.0324219311033274,-0.03076334818673685,1.0334101756682923,-0.03283313327176833,-0.029729942509414846,en
2025-05,0.0035416666666666,0.006875,0.0615238478306929,0.0037596368046159444,0.04071019373976818,-0.040492223601818846,2.0000000000000004,0.04089610213009598,200,0.020408961021300964,1,0.020408961021300964,0.9838454619029975,0.0037596368046159444,0.9846984202085154,0.002774938384407429,0.9855540056215151,0.001788528793372914,0.9864122328469958,0.0008004001060749571,0.9881415108620772,-0.0011810707496944422,-0.01862043222792805,en
2025-06,0.003525,0.0068583333333333,0.0496067960261787,0.00975107112160671,0.03794824180208221,-0.0317221706804755,1.9999999999999996,0.018367177944392465,200,0.020183671779443923,1,0.020183671779443923,0.9278973237817657,0.00975107112160671,0.9284756868490006,0.00882259543475771,0.9290716357859954,0.00789292785003472,0.9296798083719372,0.006962031696490899,0.9309029882019764,0.0050965561805968295,-0.012290743929409202,en
2025-07,0.0035416666666666,0.006875,0.0216665726557023,-0.0031421385746092318,-0.0004689890242102197,-0.0062148162170656135,2.0,0.039744432750785874,200,0.020397444327507862,1,0.020397444327507862,0.9601432570457269,-0.0031421385746092318,0.960565905353312,-0.004102704479962544,0.9609954354954019,-0.005064129445600036,0.9614382809732793,-0.00602645341752907,0.9623326379683386,-0.007953801764450924,-0.0254615737731079,en
2025-08,0.0034333333333333,0.0067666666666666,0.0190665032440029,0.04148022249344917,0.0615346873469338,-0.023487798186817937,2.0,0.012549272584920779,200,0.019738381948359616,2,0.03947676389671923,0.9841052349879337,0.04148022249344917,0.9845058092329094,0.04049571668421626,0.9849179513288493,0.039510386590791466,0.9853312772202372,0.03852422866178846,0.9861615001310781,0.03654941499279378,3.362269407223423e-05,en
2025-09,0.0032666666666666,0.0066,0.0353236557042595,0.03025751657046573,0.019570164106156907,0.007420685797642217,2.0,-0.008477041208184932,200,0.0195687725554126,1,0.017566512617119914,1.194743664276504,0.03025751657046573,1.1952828488022016,0.029062233721663527,1.1958235073551275,0.027865869555755474,1.1963710470879858,0.02666840342920177,1.197485942707782,0.024270086856926817,0.01029935693863556,en
2025-10,0.0031833333333333,0.0065166666666666,0.0226868367307271,0.0035571360732242164,-0.0033126601886621487,0.003686462928553064,2.0,-0.03383396383480075,200,0.018842257776743504,1,0.01632799885987845,1.1487020990049834,0.0035571360732242164,1.1491774889254631,0.0024079585842987535,1.1496544160511846,0.0012578272411218473,1.150132895521245,0.00010673738666048139,1.15109457098502,-0.002198336781700884,-0.015070171618756602,en
2025-11,0.00315,0.0064833333333333,0.001299669600304,0.03161556928783266,0.034215669811553336,-0.005750100523720679,2.0,-0.039699814247662446,200,0.017645321300994003,0,0.0,0.8787148698634378,0.03161556928783266,0.8790391028482245,0.030736530184984432,0.8793643501500495,0.029856840587532556,0.879705603899376,0.028976452476134527,0.880405573970022,0.027213541417982545,0.029856840587532556,en
2025-12,0.0029916666666666,0.006325,-0.0005241572238063,0.005650807880888474,0.0016975269443711115,0.0009616142698507626,2.0000000000000004,-0.042956961413569195,200,0.0204295696141357,1,0.019385881755577178,1.2580709906626906,0.005650807880888474,1.2585068992431179,0.004392300981645356,1.2589438753685138,0.0031329201301514465,1.259381946519927,0.0018726620413286933,1.260261408378032,-0.0006504991610016856,-0.016252961625425732,en
2026-01,0.0029749999999999,0.0063083333333333,0.0136629902855889,0.034725762579747244,0.024708344523916913,0.0070424180558304305,1.9999999999999996,-0.06559440850710108,200,0.020655944085071005,4,0.07868811182985797,1.1956681909591569,0.034725762579747244,1.1964816355956924,0.03352928094415155,1.1973455911956177,0.032331071397356005,1.1982129922050855,0.031131123603131985,1.2000108228112558,0.028725708465690964,-0.04635704043250196,en
2026-02,0.003,0.0063333333333333,-0.0086683585457909,0.03876601668345193,0.024871553703714473,0.010894462979737453,2.0,-0.059860987100205154,200,0.01799816804952241,2,0.02697374269009887,1.2712935854597487,0.03876601668345193,1.2719293252323611,0.03749408735821957,1.2725674599659211,0.036220881763520084,1.2732080067415827,0.03494639266322718,1.2745391919402018,0.03239332072375092,0.009247139073421215,en
2026-03,0.0030083333333333,0.0063416666666666,-0.0509327099760426,0.009169144751756966,-0.04582145540107864,0.051982266819502305,2.0,-0.059290480965826786,200,0.02059290480965827,2,0.03881419038068347,1.3358471787969317,0.009169144751756966,1.3363979257565073,0.007832746826000459,1.3369790471494776,0.006495186657458012,1.3375665791148375,0.005156445014412454,1.3387535148579484,0.002475377177467225,-0.03231900372322546,en
2026-04,0.0030083333333333,0.0063416666666666,0.104233425033545,0.0534204136124686,0.09909423730427823,-0.048682157025142926,2.0,-0.0700014839317048,200,0.020700014839317046,1,0.016910229907761053,0.9889293011008611,0.0534204136124686,0.9890795740310362,0.05243133403843756,0.9892467052485543,0.05144192020197149,0.9894483504821856,0.05045206856102204,0.9899043532461964,0.04847089184623762,0.03453169029421044,en
2026-05,0.003,0.0063333333333333,0.0514703128446207,0.021390892113154095,0.032707990574128265,-0.014317098460974172,1.9999999999999996,-0.16601387056186356,200,0.021396865876538204,0,0.0,0.9797485699915728,0.021390892113154095,0.9802174153975518,0.020410674697756544,0.980687301773642,0.019429517509606812,0.9811582818224865,0.018447417267686637,0.9821036141901301,0.016480374042203445,0.019429517509606812,en
2026-06,0.00305,0.0063833333333333,-0.0106463537227938,-0.02278465276442788,0.03152960295793991,-0.0573642557223678,2.0,-0.21426719062450428,200,0.022142671906470096,0,0.0,1.0067599483053118,-0.02278465276442788,1.0071307884239271,-0.02379178355285181,1.0075026982590691,-0.02479965816094602,1.0078756831792015,-0.025808279813965485,1.0086698620593215,-0.027828002074724488,-0.02479965816094602,en
2026-07,0.0031083333333333,0.0064416666666666,-0.0012854430244713,0.01896304243701775,0.017949463735488485,-0.002094754631804032,2.0000000000000004,-0.23661087523285307,200,0.022366108752328535,3,0.0576338912483973,1.0737787371663114,0.01896304243701775,1.0750673060349685,0.017887975130982784,1.0763594910490641,0.01681032345491962,1.0777025878586883,0.015729934673441685,1.0804149282579527,0.013560967795727987,-0.04082356779347768,en
2026-08,0.0031,0.0064333333333333,0.0262252794496991,-0.03529865652375212,-0.003245396401724768,-0.03515326012202735,2.0,-0.21937502139879872,200,0.020876507460722275,1,0.017806249786012036,0.983192248093465,-0.03529865652375212,0.9836121026918837,-0.03628226862644401,0.9840338576082164,-0.037266724238968554,0.9844575820761934,-0.038252029269980704,0.9853109699479752,-0.040225211373492,-0.05507297402498059,en
2021-01,6.666666666666667e-05,0.0034,-0.0111366401584636,-0.029675359788411553,-0.004605228902415859,-0.02513679755266236,1.9999999999999998,-0.013301927377467937,200,0.020133019273774675,1,0.01665750551492076,1.9999999999999998,-0.029675359788411553,1.9999999999999998,-0.03167535978841155,1.9999999999999998,-0.03367535978841155,1.9999999999999998,-0.035675359788411555,1.9999999999999998,-0.03967535978841155,-0.05033286530333231,gbm_missing
2021-02,3.3333333333333335e-05,0.0033666666666666,0.0260914749719998,-0.007689172794050413,0.05264699106210673,-0.06036949718949049,1.9999999999999998,0.062499923229240695,200,0.018395906686043198,0,0.0,2.218253649924217,-0.007689172794050413,2.2203321104548572,-0.00990950490450527,2.2224191745559505,-0.012134011143162315,2.2245148957586633,-0.014362717481326403,2.2287855319980534,-0.01883310045404068,-0.012134011143162315,gbm_missing
2021-03,2.5e-05,0.0033583333333333,0.0424386340081077,0.04218699962981885,0.05318397155370778,-0.011021971923888927,2.0,-0.011131373905074016,200,0.020111313739050743,0,0.0,1.3601254301033077,0.04218699962981885,1.3616008466637977,0.040825398783155054,1.3630856879639168,0.03946082825389102,1.3645800541344184,0.0380932594674156,1.3676025558609122,0.03534898685051429,0.03946082825389102,gbm_missing
2021-04,1.6666666666666667e-05,0.00335,0.0524253125558473,0.04815023353546081,0.04272453541159087,0.005409031457203272,2.0,-0.017273161033996565,200,0.020172731610339965,1,0.017837780756706573,1.236463495509072,0.04815023353546081,1.2371257377490155,0.046913107797711795,1.2377911649909064,0.045674651205479,1.2384598094949217,0.04443485410697604,1.2398068936144924,0.041951199067388346,0.027836870448772425,gbm_missing
2021-05,1.6666666666666667e-05,0.00335,0.0054865025818131,0.019834921589042594,0.017974586770743185,0.001843668151632742,2.0,0.02947219985332805,200,0.019705278004620238,2,0.038239207280356555,0.9609401443374639,0.019834921589042594,0.9613041553240111,0.018873617433718584,0.9616694206050598,0.017911582747832475,0.9620359488956142,0.016948813742355753,0.9628383132799142,0.015020730022643022,-0.02032762453252408,gbm_missing
2021-06,3.3333333333333335e-05,0.0033666666666666,0.0222139763231694,-0.03451030575751225,-0.018731543203682192,-0.015812095887163397,2.0000000000000004,0.08769605992347729,200,0.019123039404476364,0,0.0,0.8415114901740128,-0.03451030575751225,0.8419023400257428,-0.035352208097537995,0.8423163280196468,-0.03619493841355154,0.8427486412333105,-0.03703855168121219,0.8436395297760704,-0.038728503406392605,-0.03619493841355154,gbm_missing
2021-07,4.1666666666666665e-05,0.003375,0.0227481093659105,0.06446761927911562,0.014637430325628201,0.049788522286820756,2.0,0.17771774076456892,200,0.018222822592356264,0,0.0,0.510076112826576,0.06446761927911562,0.5104578785237048,0.06395716140059192,0.5108406876151783,0.06344593790388527,0.511224568866066,0.06293394557251743,0.5120038256919751,0.061907600150655745,0.06344593790388527,gbm_missing
2021-08,4.1666666666666665e-05,0.003375,0.0289903213916811,0.0390787424065128,0.039127499569517235,-9.04238296711071e-05,1.9999999999999996,0.19683153302944834,200,0.019760176366533277,0,0.0,0.610304345695275,0.0390787424065128,0.6102341434709432,0.03846850826304186,0.610163768406373,0.037858414869700055,0.6100932196566882,0.03724846274754274,0.6099515919893645,0.03602898444656598,0.037858414869700055,gbm_missing
2021-09,3.3333333333333335e-05,0.0033666666666666,-0.0475691404211663,0.005433359141412773,-0.030105913931013882,0.035505939739093315,2.0000000000000004,0.1932399352475911,200,0.018343363302409835,0,0.0,0.668547331173343,0.005433359141412773,0.668536802763975,0.0047648223386487975,0.6685262644063914,0.00409630661259999,0.6685157160963445,0.003427811993123739,0.6684945896027568,0.0020908861933989884,0.00409630661259999,gbm_missing
2021-10,4.1666666666666665e-05,0.003375,0.0691438733012346,0.04191768007831816,0.0665335174273032,-0.024657504015651692,2.0,0.19731932496950966,200,0.018026806750491564,1,0.018026806750491564,0.5938307110249036,0.04191768007831816,0.5938637407043087,0.04132381633761385,0.5939064812237511,0.04072986711587066,0.5939760022120388,0.040135752071682046,0.5941153158337817,0.03894710349914925,0.0227030603653791,gbm_missing
2021-11,4.1666666666666665e-05,0.003375,-0.0083337314184714,0.0022887935696322115,-0.029304460181267443,0.03155158708423299,1.9999999999999998,0.22364074961985136,200,0.01776359250380148,0,0.0,0.763145031012455,0.0022887935696322115,0.7632716749912382,0.0015255218946409735,0.7633984817621995,0.0007619966061078126,0.7635254688175825,-1.782836820536128e-06,0.7637799683318333,-0.001530106272026955,0.0007619966061078126,gbm_missing
2021-12,5e-05,0.0033833333333333,0.0436128749726298,0.07779276909374194,0.061260125883515926,0.016482643210226026,2.0,0.1265174361644652,200,0.01873482563855897,1,0.008695743806821879,0.8883844316093751,0.07779276909374194,0.8885638669180942,0.07690420522682385,0.8887436356917264,0.07601528182235849,0.8889237389585088,0.07512599787686641,0.8892849530864235,0.07334634432830983,0.06731953801553661,gbm_missing
2022-01,0.000125,0.0034583333333333,-0.0525850891069997,0.09522039059849685,-0.034318886763249255,0.1294142773617461,2.0,-0.28511593578057437,200,0.022851159357805746,2,0.028701365608300593,1.4487770493181473,0.09522039059849685,1.4490848970052854,0.09377130570149157,1.4493933780005297,0.0923216038424958,1.4497024945333337,0.09087128311489685,1.4503484572676832,0.08796864831215843,0.0636202382341952,gbm_missing
2022-02,0.000275,0.0036083333333333,-0.0313605208667826,0.013347538802340108,0.012229389974201133,0.0008431488281389753,1.9999999999999998,-0.0595057931720584,200,0.02059505793172059,0,0.0,2.0314581595131265,0.013347538802340108,2.0320629990189287,0.011315475803321179,2.0326860851947637,0.00928216663195058,2.03331109451035,0.007247605518809058,2.0345960020582785,0.0031745587920487157,0.00928216663195058,gbm_missing
2022-03,0.0003666666666666,0.0037,0.03577323877328,-0.014311869759223746,-0.023122585387164826,0.008444048961274474,2.0,-0.06337408842491832,200,0.02044575236517769,2,0.038923850409580435,1.7434220780742584,-0.014311869759223746,1.7447346577762965,-0.01605660441700004,1.7461086737129548,-0.017804087106649658,1.7475243136708674,-0.019554442700236346,1.750403563005567,-0.023063887574251582,-0.05672793751623009,gbm_missing
2022-04,0.0006333333333333,0.0039666666666666,-0.0879567191490393,0.08317123989071777,-0.07990216215209076,0.16244006870947525,2.0,-0.10546786331558922,200,0.019870720583829046,1,0.01818659635141423,1.4334834611464653,0.08317123989071777,1.4347679137020861,0.08173647197701568,1.4360589634155247,0.08029912196388672,1.4373567491682044,0.07885916964321316,1.439972805547224,0.07597137586298165,0.06211252561247249,gbm_missing
2022-05,0.0008166666666666,0.00415,5.324388360872234e-05,0.03859604857157642,-0.0005191180910380012,0.03829849999594782,2.0,0.04974262346167224,200,0.019105621606334014,0,0.0,1.1201256725401225,0.03859604857157642,1.1201760055395988,0.03747587256603682,1.1202272061602194,0.03635559415925598,1.120278636277606,0.0352352126627436,1.1203821931404323,0.03299413760587426,0.03635559415925598,gbm_missing
2022-06,0.0012416666666666,0.004575,-0.0839199932238664,0.04504326211142018,-0.1002261035525148,0.14402769899726836,2.0,0.06570187152585572,200,0.020657018715258556,3,0.05370169887730197,1.069191583464793,0.04504326211142018,1.0694918089993184,0.04397377030242086,1.069792711083588,0.042903676689253004,1.0700942921888017,0.041832979234853775,1.0707044550529803,0.03968973983615528,-0.01079802218804897,gbm_missing
2022-07,0.0018583333333333,0.0051916666666666,0.0911163476322058,0.010161371042909628,0.12060509458026566,-0.11230205687068932,2.0,0.09870100740686516,200,0.019012989925931346,3,0.05621324652387723,1.0668363632732256,0.010161371042909628,1.0669594703537892,0.009094411572555838,1.067082899411219,0.00802720524408719,1.067206651887228,0.006959751087247943,1.067455135785302,0.004824095363983118,-0.04818604127979004,gbm_missing
2022-08,0.0021916666666666,0.005525,-0.0424401192168104,-0.004344890363187482,-0.034887582633732005,0.028351025603877925,2.0,0.12320245164616572,200,0.02123202451646166,0,0.0,0.9509853525142371,-0.004344890363187482,0.9520745547219053,-0.005296964917909388,0.9531665635830026,-0.006251223490353487,0.9542754082474756,-0.007207716587929909,0.9565835197338588,-0.009127807961856776,-0.006251223490353487,gbm_missing
2022-09,0.0026083333333333,0.0059416666666666,-0.0933957016434893,-0.02219581274072854,-0.09034892273164173,0.0655447766575799,2.0,0.1264357202003843,200,0.021264357202026424,3,0.058735642798018746,0.9616234170173208,-0.02219581274072854,0.9621596348265207,-0.02315797237555506,0.9627233215376023,-0.024121259383803745,0.9632901044313897,-0.025085683054022707,0.9644311835471612,-0.027017968658464345,-0.08285690218182248,gbm_missing
2022-10,0.0031,0.0064333333333333,0.0798634545768932,0.016509890758273173,0.07831869422143607,-0.0649088034631629,2.0,0.08254519141117511,200,0.020825451914115292,2,0.04000000000000354,0.9482497593382191,0.016509890758273173,0.9487051705825865,0.015561185587690585,0.9491620150344051,0.014611566728204363,0.9496203029451034,0.013661029849437862,0.9505412462513401,0.011757184527016473,-0.025388433271799175,gbm_missing
2022-11,0.0034583333333333,0.0067916666666666,0.0537528602936998,0.05142803435815428,0.026958286239366705,0.02101141478545428,2.0000000000000004,0.1164748066147645,200,0.021164748066841474,0,0.0,1.0073636786272635,0.05142803435815428,1.0080221872012776,0.050420012170953,1.0086825632255239,0.04941066923170323,1.0093448167540107,0.04839999990789225,1.010693731197898,0.04637456570216479,0.04941066923170323,gbm_missing
2022-12,0.0035416666666666,0.006875,-0.058971449299161,-0.005918638079516004,-0.05176023167444622,0.04229992692826362,2.0000000000000004,0.08192020048619564,200,0.020819202004863743,1,0.019180797995138176,1.0724294455714296,-0.005918638079516004,1.0727515781911614,-0.006991389657707165,1.0730747529546683,-0.00806478758542534,1.0734060734526227,-0.009138856299873873,1.0741062784604551,-0.01128916947181828,-0.027245585580563517,gbm_missing
2023-01,0.0037833333333333,0.0071166666666666,0.061752832400052,-0.0014545779298524766,0.10646543671068202,-0.1117033479738678,2.0,0.04611896431826834,200,0.02046118964326669,2,0.04092237928653338,1.5926393758857185,-0.0014545779298524766,1.5932755701950043,-0.003047853500047481,1.5939307052465503,-0.004642439340345577,1.5945946304808134,-0.006238361821294917,1.5959537051075183,-0.009434346455390067,-0.04556481862687896,gbm_missing
2023-02,0.003875,0.0072083333333333,-0.0261124466467153,0.013888065030085328,-0.016215468412656094,0.02622853344274143,2.0,0.07163628317798576,200,0.01884526428079625,1,0.01884526428079625,2.2719518248747756,0.013888065030085328,2.2744731909807125,0.011613591839104615,2.27702603347441,0.009334012963136507,2.2796281437490062,0.00704918059883831,2.284864322235499,0.0024637434189078346,-0.009511251317659744,gbm_missing
2023-03,0.0039083333333333,0.0072416666666666,0.035051572358727,-0.009490548476218162,-0.0333664155755632,0.019967533766011736,2.0,0.028423910926245632,200,0.01971576089073755,1,0.019024634208900455,1.7155068044580868,-0.009490548476218162,1.716943020990347,-0.011207491497208509,1.718466217810571,-0.012927480911839304,1.7200246844513887,-0.014650622529572329,1.723173811274157,-0.018106417532588945,-0.031952115120739755,gbm_missing
2023-04,0.0041,0.0074333333333333,0.0146423608829704,-0.02394697037753098,-0.028172621962605882,0.00012565158507490915,2.0,0.03242080822782656,200,0.01961602498813372,3,0.04635345853115162,1.3994252641490612,-0.02394697037753098,1.4008302117241134,-0.025347800589255093,1.402254062594643,-0.026751478502720267,1.4037543358198379,-0.028158233384990496,1.4067790336769297,-0.03098086554591563,-0.07310493703387189,gbm_missing
2023-05,0.0042833333333333,0.0076166666666666,0.0024823239348792,-0.04604353122099895,-0.0422882452372484,-0.008038619317083847,2.0,0.079014028636613,200,0.019265790571275733,1,0.019265790571275733,1.4529670804018715,-0.04604353122099895,1.4539085228953939,-0.04749743974389434,1.4548545975873572,-0.04895324041617366,1.4558375999690814,-0.05041104402090619,1.457832841034352,-0.05333269542617071,-0.06821903098744939,gbm_missing
2023-06,0.0043,0.0076333333333333,0.0647275128414313,0.02324421384119224,0.09363902080756316,-0.07469480696637092,2.0,0.10745603482000554,200,0.019111670748046393,0,0.0,1.3130191617704319,0.02324421384119224,1.3142023775614353,0.021930011463630807,1.3153907579532358,0.020613432325285768,1.3165844246527658,0.019294460567233943,1.3190934773020933,0.016648746454681774,0.020613432325285768,gbm_missing
2023-07,0.0043749999999999,0.0077083333333333,0.0311389139803792,0.04375339511243984,0.06036624723653207,-0.02098785212409213,2.0,0.06479861845298307,200,0.019352013815470172,1,0.019352013815470172,1.2436650853382178,0.04375339511243984,1.2449854253475996,0.04250840968709224,1.2463115627437902,0.041260771986952265,1.247645545748557,0.040010458475194174,1.250401872284923,0.03750138575101523,0.021908758171482093,gbm_missing
2023-08,0.0044166666666666,0.00775,-0.0177164324814337,0.00520239416942023,-0.04007624046636191,0.040861967969115544,2.0,0.07566953619422079,200,0.019097791576416546,0,0.0,1.0333068890787667,0.00520239416942023,1.0336651439099904,0.00416872902551024,1.0340262369923134,0.0031343416954356033,1.0344114605948957,0.0020991597876355433,1.0353020572727485,2.5883883056488158e-05,0.0031343416954356033,gbm_missing
2023-09,0.0044333333333333,0.0077666666666666,-0.048719291162155,0.006305695270933522,-0.051400567856567374,0.053272929794167596,2.0,0.0724455370899334,200,0.02014428108297207,1,0.015698760410911953,1.0666714351928115,0.006305695270933522,1.066999978888964,0.0052386952920445585,1.0673294299231237,0.004171036411087275,1.0676598149453915,0.0031027158260973475,1.0683235712136252,0.0009640774148653962,-0.011527723999824678,gbm_missing
2023-10,0.00445,0.0077833333333333,-0.0219796877368501,-0.003429721253836708,-0.08036413048880955,0.07248440923497285,2.0,0.03347992571552949,200,0.018854736250304625,2,0.03770947250060925,1.1906378768590375,-0.003429721253836708,1.1913103905142504,-0.004621031644350958,1.1919847499723404,-0.005813690753781388,1.1926757749254722,-0.007007748578613124,1.194081171144791,-0.009400127109560664,-0.04352316325439064,gbm_missing
2023-11,0.0043916666666666,0.0077249999999999,0.0891792646287377,0.028374148134756402,0.10435273394121027,-0.08037025247312045,2.0,0.007275128517121865,200,0.018571375252645256,0,0.0,0.9907371110475175,0.028374148134756402,0.9909420834802948,0.02738320605127611,0.9911477800305672,0.026391852574695267,0.9913569066788488,0.025400077414719856,0.991825125238043,0.023415022508566186,0.026391852574695267,gbm_missing
2023-12,0.0043666666666666,0.0077,0.0442291694032137,-0.034638954303351455,0.06133000109502899,-0.10033562206504705,1.9999999999999998,0.04973550756342593,200,0.020497355075634258,1,0.020497355075634258,1.0343035541685373,-0.034638954303351455,1.0348624287836885,-0.03567381673213514,1.0354226152338544,-0.036709799533819164,1.035984123829754,-0.037746906674840715,1.0371112618888159,-0.03982451061279554,-0.05720715460945342,gbm_missing
2024-01,0.00435,0.0076833333333333,0.0158957447120755,-0.010348902850323072,-0.03768713912755668,0.02298823627723361,2.0,0.08646179590010772,200,0.01913538204099903,1,0.004689183160812377,0.9601424147346606,-0.010348902850323072,0.9613845688461001,-0.011310287419169172,0.9626307409780103,-0.012274164332279094,0.9638809532475123,-0.01324054571006561,0.9663935883266315,-0.015180870791956229,-0.01696334749309147,gbm_missing
2024-02,0.0043666666666666,0.0077,0.0517206153973153,0.009137184563330103,0.05352625623528935,-0.048755738338625836,2.0,0.04196392847616437,200,0.020419639284761645,0,0.0,2.111568527245777,0.009137184563330103,2.112528614838758,0.007024655948491345,2.113493067654545,0.004910198428021012,2.114461917956411,0.00279379880946087,2.1164129417326367,-0.0014448801453330815,0.004910198428021012,gbm_missing
2024-03,0.0043666666666666,0.0077,0.0310187647043818,0.004505925046099575,0.035959815428393375,-0.03582055704896039,2.0,0.02700763513463722,200,0.020270076351346807,2,0.0259952760251625,1.6841817147377194,0.004505925046099575,1.6864835215076408,0.002819441524591934,1.6888581342960602,0.0011282087775074542,1.6913462602995442,-0.0005681137347990578,1.6964370352244833,-0.003976260130022842,-0.024867067247655045,gbm_missing
2024-04,0.0043666666666666,0.0077,-0.0416150427740825,0.010971757646031274,-0.056031580814688176,0.06263667179405286,2.0,0.03066749553381576,200,0.020306674955338156,1,0.008441639284052489,1.830860393627494,0.010971757646031274,1.8325225121968596,0.009139235133834415,1.8342508776500699,0.0073032558907311345,1.8359903205114665,0.005463786684496875,1.8395030118654998,0.0017742425867037746,-0.0011383833933213544,gbm_missing
2024-05,0.0043749999999999,0.0077083333333333,0.0480212244995226,-0.0017186754613193293,0.02733407111809587,-0.033427746579415094,2.0,0.024256611002078987,200,0.019053495088799607,0,0.0,1.5488569392917815,-0.0017186754613193293,1.5502664967955735,-0.0032689419581149026,1.5516838563377937,-0.004822043173994917,1.5531091010723488,-0.006378002764536376,1.5560474406120801,-0.00949891266437973,-0.004822043173994917,gbm_missing
2024-06,0.0043666666666666,0.0077,0.0346697590340898,-0.0008155323366498927,-0.016297357374146663,0.011115158370830167,2.0,0.034375406478417414,200,0.020343754064784173,2,0.0348689606064391,1.310290908362651,-0.0008155323366498927,1.311341663371198,-0.0021268740000210907,1.312406990177026,-0.0034403463170039447,1.3134836749171939,-0.004755983361401474,1.315677753431024,-0.007393921103805013,-0.038309306923443046,gbm_missing
2024-07,0.0043333333333333,0.0076666666666666,0.0113213490389123,0.015091216395134305,0.08890617810027816,-0.07814829503847716,2.0,-0.02547308931433434,200,0.020254730893143606,0,0.0,1.218530968803078,0.015091216395134305,1.219219949866053,0.013871996445268252,1.219911868016712,0.01265139265910088,1.2206067573483508,0.011429396123089252,1.2220056051424437,0.008981188369422086,0.01265139265910088,gbm_missing
2024-08,0.0042083333333333,0.0075416666666666,0.0228346884450318,0.017931458559881975,0.006905594389479776,0.006817530837068902,2.0,-0.022154637159848667,200,0.018646917513575643,2,0.03510012532940615,1.2901807321157515,0.017931458559881975,1.2916727878623129,0.01663978577201966,1.2931701360717742,0.015345118287738426,1.2946728130252834,0.014047440120806125,1.2977128315019344,0.011442894402372304,-0.019755007041667723,gbm_missing
2024-09,0.0039333333333333,0.0072666666666666,0.0201968699100629,-0.0006923991279443311,0.011303994204508791,-0.015929726665786424,2.0,-0.035005393614515046,200,0.020350053936145154,0,0.0,1.0573164130757802,-0.0006923991279443311,1.057462598945942,-0.0017498617268902731,1.0576237670345288,-0.0028076466620133886,1.057857201425283,-0.00386597073222018,1.0583423404986774,-0.005984110830437718,-0.0028076466620133886,gbm_missing
2024-10,0.0037583333333333,0.0070916666666666,-0.0098967805528175,-0.03411925222252305,-0.029407697871199963,-0.008469887684656391,2.0000000000000004,-0.034422956897599555,200,0.02034422956897609,0,0.0,0.8734566682521965,-0.03411925222252305,0.8741574733439944,-0.03499340969586705,0.8748887454593417,-0.03586902971344173,0.8756219445406124,-0.03674611805614489,0.8770940656262693,-0.038504722550654395,-0.03586902971344173,gbm_missing
2024-11,0.0036833333333333,0.0070166666666666,0.0573013522158638,-0.03835157237006398,0.07052274925207848,-0.11255765495547575,2.0,-0.03731266959909152,200,0.020014990466975937,0,0.0,1.1445330174779051,-0.03835157237006398,1.1453100198503092,-0.03949688238991429,1.1460897347394527,-0.040643751839542885,1.1468721782559559,-0.04179218890483185,1.1484453158667673,-0.044093798949397814,-0.040643751839542885,gbm_missing
2024-12,0.0035583333333333,0.0068916666666666,-0.0249901365630149,-0.021991057799575612,-0.08824718936627365,0.06269779823336474,2.0,-0.015427214236775288,200,0.020154272142387842,1,0.020154272142387842,1.7014698049920989,-0.021991057799575612,1.7030826119210016,-0.023694140411496614,1.7047014735224162,-0.025400460746620446,1.7063264310368247,-0.027110037092686085,1.7095948007961606,-0.030539031803556414,-0.045554732889008284,gbm_missing
2025-01,0.0035083333333333,0.0068416666666666,0.0270163203057656,0.03668908493553943,0.04835617190524889,-0.015175420303042772,2.0,-0.04302355379525191,200,0.019636015656054565,0,0.0,1.1884742570072286,0.03668908493553943,1.1891984362778139,0.03549988649926161,1.1899265304663889,0.03430923187460665,1.190700354648515,0.03311698387159388,1.1923828383180008,0.03072717074394942,0.03430923187460665,gbm_missing
2025-02,0.0035166666666666,0.00685,-0.0142421277603124,-0.028416446262502185,-0.05719155050479846,0.025258437575629667,2.0,-0.07883549531855372,200,0.019446832768977892,0,0.0,1.124623490221898,-0.028416446262502185,1.1250237432567696,-0.029541470005758956,1.1254254084806496,-0.030667297079463484,1.1258285389156528,-0.03179393187924914,1.1266394058713454,-0.03404964329185891,-0.030667297079463484,gbm_missing
2025-03,0.0035,0.0068333333333333,-0.0575447140817868,0.005479890971076953,-0.050949434993315466,0.05292932596439243,2.0,-0.0884686092396475,200,0.020884686092396475,0,0.0,1.4585508381937946,0.005479890971076953,1.459383496843703,0.0040205074742332494,1.4602186849246659,0.002559453601227621,1.4610564166114828,0.0010967217212425042,1.4627432415414827,-0.0018338252366304608,0.002559453601227621,gbm_missing
2025-04,0.0035083333333333,0.0068416666666666,-0.0076249365182604,0.022345664869284968,-0.005417395401803285,0.024254726937754958,2.0000000000000004,-0.07256586668723286,200,0.020725658666872333,0,0.0,0.9206308282167446,0.022345664869284968,0.9211913012830466,0.021424473568001923,0.9217540503701815,0.020502156768544604,0.9223190912123334,0.01957870759564797,0.9234561190202643,0.017728384274183648,0.020502156768544604,gbm_missing
2025-05,0.0035416666666666,0.006875,0.0615238478306929,-0.010674560577749143,0.043915253154697145,-0.05813148039911289,2.0,-0.04972751540061093,200,0.018819020181411704,0,0.0,1.5504321440642075,-0.010674560577749143,1.5512197741383074,-0.01222578035188745,1.5520097910971165,-0.013778580159943377,1.5528022099395304,-0.015332967207567735,1.5543943140355867,-0.018446532147927075,-0.013778580159943377,gbm_missing
2025-06,0.003525,0.0068583333333333,0.0496067960261787,-0.009340984226221288,0.03560357701400344,-0.04846956124022473,1.9999999999999996,-0.017876117157598848,200,0.019055616777882887,0,0.0,0.9565068619575685,-0.009340984226221288,0.9574470821397076,-0.010298431308360997,0.9583912222568927,-0.011257766670735074,0.9593393098010787,-0.012219002155624525,0.9612833192921604,-0.01414740082268209,-0.011257766670735074,gbm_missing
2025-07,0.0035416666666666,0.006875,0.0216665726557023,-0.05470145369074326,-0.023460947475015075,-0.03478217288239478,1.9999999999999996,0.004609944352058637,200,0.020046099443520586,1,0.01839402070744783,1.1524799880395955,-0.05470145369074326,1.153197591218146,-0.055854651281961404,1.1539223112745383,-0.057009298313292336,1.154677958521815,-0.0581654875663087,1.156244000588589,-0.060482673693686206,-0.07540331902074017,gbm_missing
2025-08,0.0034333333333333,0.0067666666666666,0.0190665032440029,0.03704976666920113,0.06466115804230292,-0.031044724706435097,1.9999999999999998,0.005446945300170425,200,0.019604319165783313,0,0.0,1.189668601493954,0.03704976666920113,1.1906810166472979,0.03585908565255383,1.1916971851590232,0.034666372298883086,1.192717207479947,0.033471615046761286,1.1948094419944122,0.03107571945922907,0.034666372298883086,gbm_missing
2025-09,0.0032666666666666,0.0066,0.0353236557042595,0.009823571420274707,0.0017150805231439113,0.004841824230464197,2.0,0.02198518297771357,200,0.020219851829777584,1,0.020219851829777584,1.445548823807341,0.009823571420274707,1.4462447504773077,0.008377326669797399,1.4469434708337476,0.006929684478607211,1.4476450054677006,0.005480636403871605,1.449076999058017,0.002578186424984622,-0.013290167351170373,gbm_missing
2025-10,0.0031833333333333,0.0065166666666666,0.0226868367307271,0.006357883778075361,-0.019096648416781915,0.022271198861523973,2.0,-0.022946227987410195,200,0.0197705377201259,0,0.0,1.4678232833417306,0.006357883778075361,1.4684783182905488,0.004889405459784812,1.4691358705405515,0.003419612036994258,1.4697959575577664,0.001948495905402062,1.4711238534685545,-0.000997735489267411,0.003419612036994258,gbm_missing
2025-11,0.00315,0.0064833333333333,0.001299669600304,-0.017694665353259968,0.019877510524191726,-0.0407221758774517,2.0,-0.05144283481192413,200,0.020514428348119246,1,0.014187759964449686,1.0196122698906902,-0.017694665353259968,1.0202712759104453,-0.018714936629170415,1.0209328035749579,-0.019736530960409886,1.021603085087254,-0.02075947460852173,1.0229866585058454,-0.022809598645789193,-0.033924290924859574,gbm_missing
2025-12,0.0029916666666666,0.006325,-0.0005241572238063,-0.016036861818423797,-0.00907678152574169,-0.009951746959348709,2.0,0.03153523307963113,200,0.02031535233079631,2,0.021236080083277886,1.352321854187686,-0.016036861818423797,1.3531730795246477,-0.017390034897948443,1.3540374157416484,-0.018744936649907094,1.3549126702865393,-0.020101599829283414,1.3567155061202745,-0.022820439349025168,-0.03998101673318498,gbm_missing
2026-01,0.0029749999999999,0.0063083333333333,0.0136629902855889,0.00014433636021871305,0.02798109101592353,-0.030811754655704713,2.0000000000000004,-0.03359145574534206,200,0.019056618427496556,0,0.0,1.6415505925428795,0.00014433636021871305,1.6430740340344054,-0.0014987376738156925,1.6446036314914556,-0.0031448709027641986,1.6461511291450037,-0.0047941170272162974,1.6494109941839559,-0.008102718610701068,-0.0031448709027641986,gbm_missing
2026-02,0.003,0.0063333333333333,-0.0086683585457909,-0.0145632666992004,-0.00705031403245079,-0.010512952666749611,1.9999999999999998,-0.04910739523285734,200,0.01950892604767142,1,0.011353927373678466,1.7904407539754992,-0.0145632666992004,1.7920436407820355,-0.016355310339982436,1.7936577637869724,-0.018150582226774344,1.795306874475426,-0.01994918732262668,1.7987407735195617,-0.02355697056679821,-0.02950450960045281,gbm_missing
2026-03,0.0030083333333333,0.0063416666666666,-0.0509327099760426,0.03601329007621261,-0.03356964301558883,0.06657459975846816,2.0,-0.009343596737179882,200,0.0200934359673718,0,0.0,1.5389717547378927,0.03601329007621261,1.5401075199913619,0.03447318255622125,1.5413053809974597,0.03293067931421769,1.5425998990213456,0.031385490379148576,1.54534925410018,0.02828654380571171,0.03293067931421769,gbm_missing
2026-04,0.0030083333333333,0.0063416666666666,0.104233425033545,-0.01639349697012913,0.0636288918872868,-0.08303072219074922,2.0,0.054536949385387556,200,0.020545369493853875,0,0.0,1.3437268513564238,-0.01639349697012913,1.3441720635101384,-0.01773766903363927,1.3446192989447021,-0.019082735568018535,1.345068654307091,-0.020428702933050404,1.345994676404048,-0.023123470352149372,-0.019082735568018535,gbm_missing
2026-05,0.003,0.0063333333333333,0.0514703128446207,-0.02682941819827597,-0.008127721238049999,-0.021701696960225968,1.9999999999999998,-0.026242507247588698,200,0.01998776475243431,0,0.0,1.757115370262279,-0.02682941819827597,1.7586291593396386,-0.02858804735761561,1.7601527367444536,-0.030349723671764875,1.7617557157371226,-0.03211468534548734,1.7650115158018855,-0.035654475777285394,-0.030349723671764875,gbm_missing
2026-06,0.00305,0.0063833333333333,-0.0106463537227938,0.026826890928412162,0.054377696865184365,-0.030600805936772203,2.0,-0.057603273330009586,200,0.020576032733300095,0,0.0,1.7306693303678642,0.026826890928412162,1.732435614093011,0.025094455314319152,1.7342113818218667,0.02335846816476843,1.7359969435368794,0.021618900097801524,1.7395977484606773,0.018128902186108777,0.02335846816476843,gbm_missing
2026-07,0.0031083333333333,0.0064416666666666,-0.0012854430244713,0.011194787349577406,0.00201124881156787,0.0060752052046762345,2.0,-0.07799653106484605,200,0.020779965310648463,2,0.02755526913034695,1.0651456782506534,0.011194787349577406,1.0664546415861205,0.010128332707991286,1.0677707338337248,0.009059245881909957,1.069094027449597,0.007987505267228615,1.071782076081226,0.0058358769691712765,-0.018496023248436994,gbm_missing
2026-08,0.0031,0.0064333333333333,0.0262252794496991,-0.010542566802064389,0.001906781923588264,-0.015549348725652654,1.9999999999999998,-0.05243342237023352,200,0.01926549885760075,2,0.031488142865330714,0.7647811885255196,-0.010542566802064389,0.7650795635390844,-0.011307646365603472,0.765386095762217,-0.012073338993588822,0.7657140822912425,-0.012839709048938115,0.766402619855667,-0.014374579901342725,-0.04356148185891953,gbm_missing
2021-01,6.666666666666667e-05,0.0034,-0.0111366401584636,0.042726485950274055,0.036110765866269226,0.0065490534173381606,2.0,-0.06962336266760938,200,0.018473470289671473,1,0.015556108680577515,2.0,0.042726485950274055,2.0,0.040726485950274054,2.0,0.03872648595027406,2.0,0.03672648595027406,2.0,0.032726485950274053,0.023170377269696542,gbm_median
2021-02,3.3333333333333335e-05,0.0033666666666666,0.0260914749719998,0.008866747438915443,0.07327975797907617,-0.06444634387349406,2.0,-0.12299612092975465,200,0.01768279582157412,0,0.0,1.19205272774963,0.008866747438915443,1.1929561318720712,0.007673791307043373,1.193863014885768,0.006479021409143908,1.1948007926009252,0.005282345061112668,1.1966952678679286,0.0028832710995758005,0.006479021409143908,gbm_median
2021-03,2.5e-05,0.0033583333333333,0.0424386340081077,-0.003322360657873659,0.04192568073925267,-0.045273041397126346,2.0000000000000004,-0.12936763875311097,200,0.018719504337147783,0,0.0,0.727405414388246,-0.003322360657873659,0.7281032113938042,-0.004050463869267463,0.7288042239162946,-0.004779969105706248,0.7295329361287985,-0.005510959466260054,0.7310342382260402,-0.00697753184900386,-0.004779969105706248,gbm_median
2021-04,1.6666666666666667e-05,0.00335,0.0524253125558473,-0.03003779105539928,0.024794770768924775,-0.05484922849099073,1.9999999999999996,-0.06919679140552804,200,0.017473706302453818,0,0.0,1.580770851964756,-0.03003779105539928,1.581669294796495,-0.03161946035019578,1.5825707860582794,-0.033202932627515835,1.583475439188026,-0.03478821737296336,1.5852944445364363,-0.03796426327808146,-0.033202932627515835,gbm_median
2021-05,1.6666666666666667e-05,0.00335,0.0054865025818131,-0.0020742363214855813,0.014950298656838706,-0.017041201644990952,2.0,-0.08422298425449615,200,0.018361112479536923,2,0.036631701190614,0.8463373998473425,-0.0020742363214855813,0.8476009229663847,-0.002921837244451966,0.8489236473984434,-0.003772083616282468,0.8502989761993975,-0.004625133250083774,0.853255578503346,-0.006340514214002312,-0.040403784806896464,gbm_median
2021-06,3.3333333333333335e-05,0.0033666666666666,0.0222139763231694,-0.0006465077315171515,-0.008924561055900912,0.008244719991050427,2.0,-0.11866236184890167,200,0.01680466918561675,1,0.016557378678738882,0.7541971760588833,-0.0006465077315171515,0.7545057533449906,-0.0014010134848621422,0.75482676796779,-0.0021561612674527316,0.7551596661137031,-0.0029119867298582607,0.7558395120563558,-0.004425705291798931,-0.018713539946191612,gbm_median
2021-07,4.1666666666666665e-05,0.003375,0.0227481093659105,-0.010518012072468845,-0.006967014438820027,-0.0035926643003154853,2.0,-0.1328773928568705,200,0.01888018727217515,0,0.0,0.5925713281995516,-0.010518012072468845,0.5927386160080816,-0.011110750688476927,0.5929066271066499,-0.011703825326682144,0.5930750438108006,-0.012297237203901247,0.5934217081875408,-0.01348512061340655,-0.011703825326682144,gbm_median
2021-08,4.1666666666666665e-05,0.003375,0.0289903213916811,-0.02945707271562534,0.008594074694999437,-0.03809281407729144,2.0,-0.13796143541580708,200,0.02091671342087792,0,0.0,0.5129837378517597,-0.02945707271562534,0.5132091142348897,-0.02997028182986023,0.5134348889559299,-0.0304839424935372,0.5136610634269251,-0.030998055905906118,0.5141408163427255,-0.03202777679733897,-0.0304839424935372,gbm_median
2021-09,3.3333333333333335e-05,0.0033666666666666,-0.0475691404211663,-0.027469478337479366,-0.04279085445926057,0.015288042788447875,1.9999999999999996,-0.1155329936007814,200,0.019439269138182596,0,0.0,0.6568850021118404,-0.027469478337479366,0.657153711846751,-0.028126632049326118,0.6574229428634046,-0.028784324223206176,0.657692696996742,-0.02944255642846959,0.6582338509174279,-0.030760647592066506,-0.028784324223206176,gbm_median
2021-10,4.1666666666666665e-05,0.003375,0.0691438733012346,-0.03145609347580456,0.032255169857769904,-0.06375293000024113,2.0,-0.11392870741083372,200,0.017667164265950035,0,0.0,0.5712578565864826,-0.03145609347580456,0.5716169756531402,-0.0320277104514577,0.5720130395420202,-0.0326001195548886,0.5724137481222136,-0.0331733347201712,0.5732177917380976,-0.03432218243449505,-0.0326001195548886,gbm_median
2021-11,4.1666666666666665e-05,0.003375,-0.0083337314184714,-0.012927835955934499,-0.0350701011731726,0.022100598550571435,2.0,-0.11636073743245268,200,0.018836392625675474,0,0.0,0.8078949257684012,-0.012927835955934499,0.8083476134254333,-0.013736183569359931,0.8088014644823935,-0.014545438884899287,0.8092564931888642,-0.015355605435501091,0.8101700958641374,-0.016978686435255186,-0.014545438884899287,gbm_median
2021-12,5e-05,0.0033833333333333,0.0436128749726298,-0.022323198537236653,0.031477809729449475,-0.05385100826668613,2.0,-0.1499638873058976,200,0.018500361126941024,0,0.0,0.7929409370827881,-0.022323198537236653,0.7932150001188832,-0.023116413537355537,0.793509109585828,-0.02391021675640831,0.7938063876966155,-0.0247046177003265,0.7944034264027958,-0.02629521566925063,-0.02391021675640831,gbm_median
2022-01,0.000125,0.0034583333333333,-0.0525850891069997,-0.03467791048892865,-0.09274380119860623,0.057940890709677575,2.0,0.062708015508669,200,0.01933092135951832,1,0.01933092135951832,1.5355435600407978,-0.03467791048892865,1.536502443071187,-0.03621441293199983,1.5374635973717963,-0.03775283768367224,1.5384270417656511,-0.0392931916142256,1.5403608338986117,-0.042379714658421705,-0.05708375904319056,gbm_median
2022-02,0.000275,0.0036083333333333,-0.0313605208667826,0.01811693694884089,0.014348207380435714,0.003493729568405178,2.0,0.03633889552896152,200,0.01963661104471039,1,0.01963661104471039,2.33145527677571,0.01811693694884089,2.332923442097615,0.015784013506743275,2.3343981417252153,0.013448140665390462,2.3358794225192927,0.011109298681283013,2.3388619173281047,0.006422627362200369,-0.006188470379319928,gbm_median
2022-03,0.0003666666666666,0.0037,0.03577323877328,-0.03011931725625214,0.00670211791019551,-0.03718810183311424,2.0,0.12518340143688578,200,0.019352503115887616,0,0.0,1.7696849125479939,-0.03011931725625214,1.7713516266765519,-0.03189066888292869,1.7731129844054743,-0.033665543225063085,1.7748867733844704,-0.03544397757640555,1.7784659794760904,-0.03901164715363259,-0.033665543225063085,gbm_median
2022-04,0.0006333333333333,0.0039666666666666,-0.0879567191490393,0.02103481996989314,-0.07578913711368657,0.0961906237502464,2.0,0.11977119372900935,200,0.019804161829572058,0,0.0,0.98414627528423,0.02103481996989314,0.9856463811733833,0.020049173588719757,0.9871876398146852,0.019060444690263773,0.9887376790836807,0.0180686069326421,0.9918644699085559,0.016075497620350362,0.019060444690263773,gbm_median
2022-05,0.0008166666666666,0.00415,5.324388360872234e-05,-0.0029613717410311427,-0.0004808654261863858,-0.0032971729815113584,2.0,0.19294479491281635,200,0.02000962591782323,0,0.0,0.8160567428250556,-0.0029613717410311427,0.8162015718923961,-0.003777573312923539,0.8163518738796222,-0.004594075488790387,0.8165225022447746,-0.005410939247765466,0.8168797818078446,-0.007045770650070365,-0.004594075488790387,gbm_median
2022-06,0.0012416666666666,0.004575,-0.0839199932238664,-0.014538360923184154,-0.1012269191589044,0.08544689156905362,2.0,0.18826156891262436,200,0.020590031599445977,1,0.018117384310873754,0.7791240098086272,-0.014538360923184154,0.7795587538790962,-0.01531791967706325,0.7799943714110364,-0.016098349666006227,0.7804347434390009,-0.016879665153501158,0.7813930226951475,-0.018445326036659892,-0.03421573397687998,gbm_median
2022-07,0.0018583333333333,0.0051916666666666,0.0911163476322058,0.006304211553930966,0.10013130873361217,-0.0956854305130145,2.0,0.1779455190751178,200,0.01843160646044715,1,0.018220544809248826,0.7003275456476918,0.006304211553930966,0.7003503327930667,0.0056038612211379,0.7003821338225285,0.004903447286285909,0.7004140215095198,0.004202969489402407,0.7005001995246157,0.0028017105563078876,-0.013317097522962916,gbm_median
2022-08,0.0021916666666666,0.005525,-0.0424401192168104,0.002934732170166048,-0.033420455851628686,0.03416352135512814,1.9999999999999996,0.1751208427233688,200,0.01886536430812434,0,0.0,0.7578827419929985,0.002934732170166048,0.7585026687518847,0.0021762295014141637,0.7591235160216854,0.0014164851381226772,0.7597452860774088,0.0006554963119338219,0.7609931902533619,-0.0008702337811007611,0.0014164851381226772,gbm_median
2022-09,0.0026083333333333,0.0059416666666666,-0.0933957016434893,-0.009978367773939244,-0.09634119855374865,0.08375449744647612,2.0,0.18966210974711606,200,0.020940243881717804,1,0.018103378902528843,0.9425823264464736,-0.009978367773939244,0.9427628013078224,-0.010921130575247066,0.9429499516047254,-0.011864267677148696,0.9431376933393278,-0.012807780853957229,0.9435149640559943,-0.014695942594219216,-0.02996764657967754,gbm_median
2022-10,0.0031,0.0064333333333333,0.0798634545768932,-0.00829905010799229,0.08893317988735405,-0.10033222999534637,2.0,0.1735425463579805,200,0.01881632614801122,0,0.0,0.7430505065530542,-0.00829905010799229,0.7433390260910574,-0.009042389134083346,0.7436305548930886,-0.009786311217778466,0.7439227573128138,-0.01053081837993073,0.7445091943144544,-0.012021596079564562,-0.009786311217778466,gbm_median
2022-11,0.0034583333333333,0.0067916666666666,0.0537528602936998,0.03251360674669521,0.041544683897759165,-0.012489410484397265,2.0,0.17200746660334276,200,0.017467435831943587,0,0.0,0.5938353899972695,0.03251360674669521,0.5946356121235201,0.03191897113457169,0.5954821277061302,0.03132264249128295,0.5963413358313201,0.030724582739201253,0.5980742208814195,0.029523235642288117,0.03132264249128295,gbm_median
2022-12,0.0035416666666666,0.006875,-0.058971449299161,-0.007089835580682528,-0.06532167625201202,0.05469017400466288,2.0000000000000004,0.14630190996771453,200,0.02146301909968347,1,0.01738425745734413,0.8050089893670935,-0.007089835580682528,0.8051961183854941,-0.007895031699068022,0.8053839969033625,-0.008700603574489253,0.8055726391649393,-0.009506553498177346,0.8059522348972128,-0.011119596755168593,-0.026084861031833384,gbm_median
2023-01,0.0037833333333333,0.0071166666666666,0.061752832400052,0.0053082635513642205,0.09246497191152532,-0.09094004169349439,2.0,0.15893152623250284,200,0.020844811964289504,0,0.0,0.950889428201714,0.0053082635513642205,0.951225270216776,0.0043570382811474444,0.9515618149238845,0.0034051399215164514,0.9518990653801115,0.002452566355223886,0.9525756958837323,0.0005453850719455587,0.0034051399215164514,gbm_median
2023-02,0.003875,0.0072083333333333,-0.0261124466467153,0.029650209896318606,-0.021665503404655423,0.04744071330097404,2.0,0.11211931678473586,200,0.01728678250649154,0,0.0,1.6636083202765775,0.029650209896318606,1.6646518883873387,0.027985558007931267,1.6656981756294396,0.026318813545059726,1.666747194190285,0.02464996831374775,1.6688787684356536,0.021305816054140336,0.026318813545059726,gbm_median
2023-03,0.0039083333333333,0.0072416666666666,0.035051572358727,0.017501679121343032,-0.0018646362409270208,0.015457982028936751,2.0,0.11305674912057584,200,0.021130567491205753,0,0.0,1.71683787792283,0.017501679121343032,1.7175950636623363,0.015784084057680697,1.7183556621220715,0.01406496779709889,1.719119698373368,0.012344320026222929,1.7206582441791682,0.008898387900447191,0.01406496779709889,gbm_median
2023-04,0.0041,0.0074333333333333,0.0146423608829704,0.028803188139795086,0.0024644215775934137,0.022238766562201678,1.9999999999999998,0.12443900916382589,200,0.019440529461842625,0,0.0,1.1281470021709237,0.028803188139795086,1.1290203368420446,0.02767416780295304,1.1299110437761826,0.02654336605224272,1.1308181568975497,0.025410733669102438,1.1326441307045,0.023139967486272586,0.02654336605224272,gbm_median
2023-05,0.0042833333333333,0.0076166666666666,0.0024823239348792,-0.018255130996785256,-0.01759898611451575,-0.004939478215602804,2.0,0.1069033771391974,200,0.018690502507688223,0,0.0,0.9595067264693369,-0.018255130996785256,0.9597623981723731,-0.01921489339495763,0.9600190370056823,-0.020175169070796622,0.960276658713731,-0.02113596097292645,0.9608242603983607,-0.02305925229877706,-0.020175169070796622,gbm_median
2023-06,0.0043,0.0076333333333333,0.0647275128414313,0.007293108386215984,0.06753729068979636,-0.06454418230358039,2.0,0.09977000699532101,200,0.02089357904616261,0,0.0,1.0460210992106393,0.007293108386215984,1.0465585405209028,0.006246549845695081,1.047097322971541,0.0051989137402729015,1.047640820247663,0.004150185925472995,1.0487534323807342,0.002049341224312313,0.0051989137402729015,gbm_median
2023-07,0.0043749999999999,0.0077083333333333,0.0311389139803792,0.007093111037534173,0.03291508350478399,-0.03019697246724973,2.0,0.09281096677355571,200,0.020634087275013757,0,0.0,0.8420758947603151,0.007093111037534173,0.842859665371736,0.006250251372162437,0.8436649969000122,0.005405781043734148,0.8444742706574403,0.004559688225561851,0.8461005289507146,0.0028626083927805997,0.005405781043734148,gbm_median
2023-08,0.0044166666666666,0.00775,-0.0177164324814337,0.01125258173582978,-0.03677185524956752,0.04360777031873069,1.9999999999999998,0.07917455553961972,200,0.018578795921312796,0,0.0,0.8467161582365977,0.01125258173582978,0.8471298302630581,0.010405451905566722,0.8475449883712014,0.009557491759087378,0.8479616441346489,0.008708696803425833,0.8487994851109695,0.007008584310274933,0.009557491759087378,gbm_median
2023-09,0.0044333333333333,0.0077666666666666,-0.048719291162155,0.013420991838307816,-0.05882182043943689,0.06780947894441139,2.0,0.10263031087982344,200,0.020828553060936065,2,0.01982073904039222,0.9153116626377165,0.013420991838307816,0.9155392246714811,0.012505452613636335,0.9157673922115253,0.011589457053884766,0.9159961685603446,0.010673003332626782,0.9164555610348926,0.008838714033133353,-0.008231281986507456,gbm_median
2023-10,0.00445,0.0077833333333333,-0.0219796877368501,0.0316967314127617,-0.05611596670928038,0.08336269812204207,2.0,0.12000554020055976,200,0.019447516276187946,0,0.0,0.9332709730627426,0.0316967314127617,0.9334147106031018,0.030763316702158598,0.9335669673531612,0.029829597478055376,0.9337195764533089,0.02889557268340177,0.9340698467958342,0.02702638217878253,0.029829597478055376,gbm_median
2023-11,0.0043916666666666,0.0077249999999999,0.0891792646287377,0.01623050418209271,0.10197945750997603,-0.09014061999454993,2.0,0.10592493689482119,200,0.01872280411415294,0,0.0,0.6796331452934108,0.01623050418209271,0.6795665338688008,0.015550937648223908,0.6794997799038127,0.014871504622285084,0.6794427464383461,0.01419217594277767,0.6793723404711964,0.012833642479736727,0.014871504622285084,gbm_median
2023-12,0.0043666666666666,0.0077,0.0442291694032137,0.0006510852505113834,0.08024629279981652,-0.08396187421597173,2.0,0.10319266718049946,200,0.021031926671804993,2,0.03221709260772271,0.8881955399811479,0.0006510852505113834,0.8885700889680324,-0.000237484838456649,0.8889450658253879,-0.0011268048811393923,0.8893204873915448,-0.002016876211663251,0.8900727726433733,-0.0037992786127054824,-0.0333438974888621,gbm_median
2024-01,0.00435,0.0076833333333333,0.0158957447120755,0.003511587105098919,-0.025540261190310432,0.02470184829540935,2.0,0.12075242124414176,200,0.019678838228154815,1,0.016387973860413282,1.0671392936308555,0.003511587105098919,1.0680754064927385,0.0024435116986061805,1.0690139770240088,0.0013735591510509017,1.0699550153225816,0.0003017220591311743,1.0718445364482143,-0.001847635577142152,-0.015014414709362382,gbm_median
2024-02,0.0043666666666666,0.0077,0.0517206153973153,0.039019181292512375,0.06681351675272827,-0.03216100212688249,2.0,0.13167918462757622,200,0.01984895384935462,1,0.017673167337644194,1.7131311083523242,0.039019181292512375,1.7138093027664825,0.03730537198974589,1.7144901396609573,0.035590201013190464,1.7151736360741474,0.03387366038428993,1.7165662273683853,0.03043635015567045,0.01791703367554627,gbm_median
2024-03,0.0043666666666666,0.0077,0.0310187647043818,-0.0011674455893549585,0.02620423709121808,-0.03173834934723964,2.0,0.10913008701972715,200,0.01998078144559976,0,0.0,2.034646305011707,-0.0011674455893549585,2.036570035541916,-0.0032040156248968744,2.0385241072220923,-0.005244493803799143,2.0404862306110463,-0.007288904281188098,2.0444349631602092,-0.011389620405156004,-0.005244493803799143,gbm_median
2024-04,0.0043666666666666,0.0077,-0.0416150427740825,-0.026550168925864183,-0.0808812033274465,0.049964367734915714,1.9999999999999998,0.05140668063903364,200,0.019485933193609663,1,0.018823462330185434,1.380809344527448,-0.026550168925864183,1.3827363558504577,-0.027932905281714642,1.3846749781702918,-0.029319518882204767,1.3866299605623547,-0.030710058807551247,1.3906429997591168,-0.03350338392465976,-0.048142981212390204,gbm_median
2024-05,0.0043749999999999,0.0077083333333333,0.0480212244995226,-0.0032085991825141803,0.023076028411631144,-0.03065962759414522,2.0,0.041106028464061084,200,0.01880621238849762,0,0.0,1.3272198176996755,-0.0032085991825141803,1.3280211876059829,-0.004536620370120164,1.328832323998964,-0.005866263830512108,1.3296532057667951,-0.007197558799814566,1.3313093364079223,-0.009865145864553792,-0.005866263830512108,gbm_median
2024-06,0.0043666666666666,0.0077,0.0346697590340898,0.015216038695402936,-0.017890390041185013,0.028739762069921352,2.0,0.03113545947462959,200,0.01937444150555859,1,0.014130070231435175,1.1568187792942433,0.015216038695402936,1.1577630454761523,0.014058275649926785,1.1587109925817205,0.012898616710239494,1.1596777989106046,0.011737005298671123,1.1618085112699439,0.009406996139053218,-0.0012314535211956808,gbm_median
2024-07,0.0043333333333333,0.0076666666666666,0.0113213490389123,-0.00682265429062634,0.0658966213194453,-0.07705260894340493,2.0,0.014279627420502483,200,0.019857203725794973,1,0.019857203725794973,0.8575403788925626,-0.00682265429062634,0.8579465062337688,-0.007680600796860108,0.8583542293334041,-0.008539362749293148,0.8587852428701834,-0.00939901001923689,0.859689646841425,-0.011121102524833466,-0.02839656647508812,gbm_median
2024-08,0.0042083333333333,0.0075416666666666,0.0228346884450318,0.017611015297115472,0.006142703354491231,0.007259978609290942,2.0,-0.017825156231250805,200,0.019214113908373274,0,0.0,1.0959887841650642,0.017611015297115472,1.0967837988230018,0.01651423149829247,1.0975809469844957,0.01541585340314648,1.0983951151113638,0.01431582995178138,1.1000488650845852,0.012110770971692546,0.01541585340314648,gbm_median
2024-09,0.0039333333333333,0.0072666666666666,0.0201968699100629,0.005501418685276292,0.01443698418164255,-0.012868898829699561,2.0,0.02517158837108313,200,0.020214010556427943,0,0.0,1.054458155750337,0.005501418685276292,1.054959279786959,0.004446459405489334,1.0554752012634132,0.003390468282749466,1.0559930154533126,0.002333439638916355,1.0570343927534545,0.00021624672150901986,0.003390468282749466,gbm_median
2024-10,0.0037583333333333,0.0070916666666666,-0.0098967805528175,-0.04355221923811099,-0.0319815315874705,-0.015329020983973783,2.0,0.040786172806735244,200,0.01959213827193265,0,0.0,1.1004285451200078,-0.04355221923811099,1.1013886760665854,-0.04465360791417758,1.1023517680216108,-0.04575692277415421,1.1033178385129845,-0.04686217275364995,1.1052877688070648,-0.049078658082146315,-0.04575692277415421,gbm_median
2024-11,0.0036833333333333,0.0070166666666666,0.0573013522158638,-0.028804215852015574,0.060856856244937335,-0.09334440543028621,2.0,0.018709197807478373,200,0.019809594739867854,2,0.03291950145326133,1.2495068382202636,-0.028804215852015574,1.2502823912395566,-0.03005449824325513,1.2511053364728857,-0.031306426524961344,1.2519428999325397,-0.032560044551813196,1.2536767775481894,-0.03507259973975652,-0.06422592797822267,gbm_median
2024-12,0.0035583333333333,0.0068916666666666,-0.0249901365630149,-0.017083213760946802,-0.07677676528869237,0.05613521819441227,1.9999999999999996,0.04579693874763757,200,0.020457969387476557,3,0.06045796938747673,1.4970730610758949,-0.017083213760946802,1.4984367457146053,-0.01858165050666141,1.499805752668522,-0.020082825266283848,1.501180157729499,-0.021586754234135298,1.50394555103081,-0.024602941516100853,-0.08054079465376057,gbm_median
2025-01,0.0035083333333333,0.0068416666666666,0.0270163203057656,0.017773969693431917,0.0495835581226479,-0.03531792176254929,2.0,0.0178112572997543,200,0.02017811257299754,1,0.02017811257299754,1.7573026067479023,0.017773969693431917,1.758431778426445,0.01601553791500547,1.7595678762510194,0.014254833940929877,1.7607095542954998,0.012491841030545417,1.7630098441131734,0.00895892047286605,-0.005923278632067663,gbm_median
2025-02,0.0035166666666666,0.00685,-0.0142421277603124,-0.01386002666719934,-0.05469420280031537,0.037317509466449426,2.0,-0.028074869271639713,200,0.017315565342688858,0,0.0,2.039370301856926,-0.01386002666719934,2.0417219401089834,-0.015901748607308322,2.0440851755011495,-0.01794819701820164,2.0464821594586744,-0.019999473145575365,2.051310768411216,-0.02411658050925542,-0.01794819701820164,gbm_median
2025-03,0.0035,0.0068333333333333,-0.0575447140817868,0.01319405800665371,-0.05687570107267089,0.06656975907932461,2.0,-0.07463986446714133,200,0.019951694168341725,1,0.009931084068775338,1.930541373184943,0.01319405800665371,1.9325175180265597,0.011261540488627151,1.9345064830424947,0.00932504504056872,1.936508476344385,0.007384532577620556,1.9406055424967614,0.0034910302941699046,-0.0006060390282066168,gbm_median
2025-04,0.0035083333333333,0.0068416666666666,-0.0076249365182604,0.0004543420655375918,-0.03383596687834665,0.03078197561055094,2.0,-0.07250105600203194,200,0.01899960834660479,1,0.018036991718679143,2.1390218396037124,0.0004543420655375918,2.1408843572154526,-0.0016865422916778608,2.1427578628926183,-0.003831173660247645,2.1446424802285806,-0.0059795853751481495,2.1484845032206796,-0.010288080450565808,-0.021868165378926788,gbm_median
2025-05,0.0035416666666666,0.006875,0.0615238478306929,-0.035880125109866885,0.017073783086691146,-0.05649557486322463,2.0,-0.03652397244506289,200,0.019634760275549383,3,0.05602192962872329,0.8693065470250168,-0.035880125109866885,0.8702977205181853,-0.03675042283038507,0.8712979085529089,-0.037622720926972705,0.8723869182162345,-0.03849728586451559,0.8747607115244499,-0.040253928667489135,-0.09364465055569599,gbm_median
2025-06,0.003525,0.0068583333333333,0.0496067960261787,0.007570467629912932,0.03308792167871862,-0.029042454048805687,2.0,-0.03854649116553455,200,0.019932231509620243,2,0.03708608314593259,0.9651745238387378,0.007570467629912932,0.9655876076249867,0.0066048800222879445,0.9660023905810937,0.005638462848750744,0.9664190069717347,0.0046712106089977275,0.9672987753510826,0.0027339737531575188,-0.031447620297181844,gbm_median
2025-07,0.0035416666666666,0.006875,0.0216665726557023,0.004532176310750614,0.00023413913612839958,0.0007563705079556157,1.9999999999999998,-0.028987000455479195,200,0.01939614268504275,0,0.0,1.2519208564998965,0.004532176310750614,1.2525359778806662,0.003279640332869948,1.253152810500523,0.0020258706897495686,1.2537713643464916,0.0007708622177111392,1.2550138078121718,-0.0017428927283102448,0.0020258706897495686,gbm_median
2025-08,0.0034333333333333,0.0067666666666666,0.0190665032440029,0.04405808674969706,0.04766705349641644,-0.007042300080052687,2.0000000000000004,-0.01547715360497881,200,0.020154771536049793,0,0.0,1.0327268647522847,0.04405808674969706,1.0332090743845783,0.04302487767531248,1.0337087149799025,0.04199066931973725,1.034214033303099,0.04095544464978776,1.0352299962062963,0.038881936768665575,0.04199066931973725,gbm_median
2025-09,0.0032666666666666,0.0066,0.0353236557042595,-0.018124900034103456,-0.01425446502997572,-0.0071371016707943305,2.0,-0.04235105689736418,200,0.01957648943102635,1,0.009375373009050465,1.4928891028285276,-0.018124900034103456,1.4936507162160608,-0.019618550750319517,1.4944145787889465,-0.02111372919168135,1.4951807120690448,-0.02261044217031059,1.496728798199363,-0.02560854402510027,-0.030489102200731814,gbm_median
2025-10,0.0031833333333333,0.0065166666666666,0.0226868367307271,0.0017144314645353206,-0.02993797129232649,0.028469069423528507,1.9999999999999998,0.002744884549900739,200,0.017570886047954495,1,0.00629548473236076,1.704491038810048,0.0017144314645353206,1.7061612837661237,8.270180769196812e-06,1.7078624288865538,-0.001701293393237787,1.7095705326599395,-0.003414280133444498,1.7130078599084055,-0.006850607835006708,-0.007996778125598547,gbm_median
2025-11,0.00315,0.0064833333333333,0.001299669600304,-0.02611442981817634,0.0052506307540896415,-0.034515060572265985,2.0,0.006704288701365191,200,0.01714332993035744,0,0.0,1.9491385155051737,-0.02611442981817634,1.9506394511020266,-0.02806506926927837,1.9521485255053825,-0.030018726869187107,1.9536658145781634,-0.03197542726191083,1.956725345376813,-0.035898056545060404,-0.030018726869187107,gbm_median
2025-12,0.0029916666666666,0.006325,-0.0005241572238063,-0.013458955504902004,-0.008662531571344669,-0.007788090600223935,2.0,-0.016741318630043467,200,0.020167413186301043,2,0.040334826372602085,1.4507035459988666,-0.013458955504902004,1.4518176240892444,-0.014910773128991249,1.4529379171927834,-0.01636483133928757,1.454064487634881,-0.017821148967806646,1.4563367144340944,-0.020740639077072475,-0.05669965771188966,gbm_median
2026-01,0.0029749999999999,0.0063083333333333,0.0136629902855889,-0.031137863256520328,0.024314549334565973,-0.05842741259108619,2.0000000000000004,-0.10951511459345076,200,0.018755221680013416,1,0.015087531435067247,2.319692674688358,-0.031137863256520328,2.3217357906250324,-0.033459599047145364,2.3237881048284006,-0.03578543946617713,2.325849698894941,-0.03811541235320515,2.3300010586762223,-0.04278786854990144,-0.050872970901244374,gbm_median
2026-02,0.003,0.0063333333333333,-0.0086683585457909,0.011723736895253155,0.030535896028124655,-0.0218121591328715,2.0,-0.12359500019644898,200,0.018132316416649533,0,0.0,1.369371826114921,0.011723736895253155,1.3717749526449547,0.0103519619426082,1.3741939313978035,0.008975349032457548,1.3766665355657337,0.007593737288555953,1.3817678946381555,0.004814897422062377,0.008975349032457548,gbm_median
2026-03,0.0030083333333333,0.0063416666666666,-0.0509327099760426,0.00800539946015364,-0.047558179264878354,0.05255524539169869,2.0,-0.10763220628846804,200,0.020163184486801725,0,0.0,2.646206309161094,0.00800539946015364,2.648014340108821,0.00535738512004482,2.6498336899321693,0.002705732080289302,2.651664644721264,5.040552598984879e-05,2.655362497491912,-0.005271413027305919,0.002705732080289302,gbm_median
2026-04,0.0030083333333333,0.0063416666666666,0.104233425033545,-0.021100137736668384,0.039453658237880836,-0.06356212930788252,2.0,0.09981658527075687,200,0.018363825968790364,0,0.0,2.7338185996249607,-0.021100137736668384,2.737065019209953,-0.023837202755878337,2.7403454958514426,-0.02658082872837127,2.7437138722215977,-0.029331279353333177,2.750574620495726,-0.03485301083914701,-0.02658082872837127,gbm_median
2026-05,0.003,0.0063333333333333,0.0514703128446207,-0.012894058174837013,0.009828491375253634,-0.025722549550090647,2.0,0.03376916904693539,200,0.01773039479053866,0,0.0,1.8784273612611164,-0.012894058174837013,1.8822120999484526,-0.014776270274785466,1.8861008043978045,-0.016666259783632623,1.8900212470177702,-0.018564121915890325,1.8979592812526254,-0.022383854581100142,-0.016666259783632623,gbm_median
2026-06,0.00305,0.0063833333333333,-0.0106463537227938,0.024127970773251753,0.04222994472341536,-0.021151973950163605,2.0,0.001301546735499426,200,0.019986984532649545,0,0.0,1.0445965595723536,0.024127970773251753,1.0456632286789298,0.023082307544572824,1.046738414119036,0.02203449394501368,1.0478222451346055,0.020984504037847938,1.0500163756556846,0.01887788889497333,0.02203449394501368,gbm_median
2026-07,0.0031083333333333,0.0064416666666666,-0.0012854430244713,0.02467828089173379,0.014413152498937983,0.007156795059462506,1.9999999999999998,0.008855041841193012,200,0.01991144958158807,3,0.04500161723854443,2.4118205168816926,0.02467828089173379,2.4131527640995083,0.022265128127634284,2.414516609267179,0.019849247673199434,2.4159116076255374,0.01743054606885718,2.4187190909783847,0.012584685436841868,-0.025152369565344994,gbm_median
2026-08,0.0031,0.0064333333333333,0.0262252794496991,-0.02266278101263671,0.014722860324710254,-0.040485641337346966,2.0000000000000004,0.03399240947014237,200,0.019558936363800163,0,0.0,0.6829276744992563,-0.02266278101263671,0.6837171847628503,-0.023346498197399562,0.6846444335639383,-0.024032069879764587,0.685624451983736,-0.024719654368587918,0.6876712979883937,-0.02610113750257868,-0.024032069879764587,gbm_median
2021-01,6.666666666666667e-05,0.0034,-0.0111366401584636,-0.0003878106742917129,0.011029766394227534,-0.011484243735185915,2.0,0.054601661888727726,200,0.019453983381112722,0,0.0,2.0,-0.0003878106742917129,2.0,-0.002387810674291713,2.0,-0.004387810674291713,2.0,-0.0063878106742917135,2.0,-0.010387810674291714,-0.004387810674291713,gbm_median_matched
2021-02,3.3333333333333335e-05,0.0033666666666666,0.0260914749719998,-0.003860583112666901,0.05624590289241249,-0.06013981933841271,2.0,0.026562946876917404,200,0.018730546470452983,1,0.010096308566224031,1.5645271186693328,-0.003860583112666901,1.5660020312962297,-0.005426585143963131,1.5674832115974402,-0.006995549535861781,1.5689870178003613,-0.008567544166067986,1.5720128653033756,-0.011720647439183779,-0.017091858102085813,gbm_median_matched
2021-03,2.5e-05,0.0033583333333333,0.0424386340081077,0.034996645196624696,0.05405843860860396,-0.01908679341197926,2.0,0.007728659408629546,200,0.020077286594086294,0,0.0,0.7628559873029115,0.034996645196624696,0.7636167460204173,0.034233028450604275,0.7643813501410731,0.03346788249634255,0.765149858011293,0.032701195622590815,0.7666986993428857,0.03116315169991027,0.03346788249634255,gbm_median_matched
2021-04,1.6666666666666667e-05,0.00335,0.0524253125558473,0.0019294363682749744,0.03801912123271948,-0.03610635153111117,2.0,-0.005131592542571339,200,0.020051315925425715,0,0.0,1.47085716738462,0.0019294363682749744,1.4715084499786897,0.0004579279182962846,1.4721620021646526,-0.0010148876360543306,1.472817841916038,-0.00248901715747314,1.4741364570188735,-0.005441245916819394,-0.0010148876360543306,gbm_median_matched
2021-05,1.6666666666666667e-05,0.00335,0.0054865025818131,0.027195219325804244,0.01974069073532321,0.007437861923814368,2.0,-0.010808860722843261,200,0.02010808860722843,0,0.0,1.0744107219302634,0.027195219325804244,1.0754563992982225,0.026119762926506022,1.0765289896573047,0.025042161346489636,1.0776197280913964,0.023962360141530054,1.0798892911200353,0.021795772870204067,0.025042161346489636,gbm_median_matched
2021-06,3.3333333333333335e-05,0.0033666666666666,0.0222139763231694,-0.013200876384315241,0.007908019090194373,-0.021142228807842944,2.0,0.01957581249031226,200,0.020018565808071754,1,0.020018565808071754,0.8057583339823928,-0.013200876384315241,0.8059950091525214,-0.014006871393467762,0.8062496058101725,-0.014813375595935586,0.8065056574628091,-0.015620393356703668,0.80703161882126,-0.017236034478421543,-0.03483194140400734,gbm_median_matched
2021-07,4.1666666666666665e-05,0.003375,0.0227481093659105,0.039344559671419393,0.016407648038230832,0.022895244966521896,2.0,0.02828218826228568,200,0.01971717811737714,0,0.0,0.5701576553455483,0.039344559671419393,0.5706149095890043,0.03877394476183039,0.5710867338433404,0.038202386203732716,0.5715596324133201,0.03762988077417943,0.5725087042569768,0.03648201615013451,0.038202386203732716,gbm_median_matched
2021-08,4.1666666666666665e-05,0.003375,0.0289903213916811,0.0068648107433157265,0.009124873512764364,-0.002301729436115306,2.0,0.032435459110241815,200,0.019675645408897584,0,0.0,0.5634252629232388,0.0068648107433157265,0.5634899734013288,0.006301320769914398,0.563556176485239,0.005737698390345249,0.5636225623591098,0.005173943056238397,0.5637558859461889,0.004046031313584782,0.005737698390345249,gbm_median_matched
2021-09,3.3333333333333335e-05,0.0033666666666666,-0.0475691404211663,-0.01346764963163628,-0.05541776478313251,0.0419167818181629,2.0,0.03470004406112415,200,0.02034700044061125,0,0.0,0.7230483088283827,-0.01346764963163628,0.7232062775078842,-0.014190855909144163,0.7233670523594775,-0.014914383736355235,0.7235395642216458,-0.015638268324301218,0.7238883312549795,-0.017087091287911176,-0.014914383736355235,gbm_median_matched
2021-10,4.1666666666666665e-05,0.003375,0.0691438733012346,-0.006604023918256974,0.041163055339389874,-0.047808745924313514,2.0,0.03146154746997798,200,0.01968538452530022,1,0.01968538452530022,0.590707267695599,-0.006604023918256974,0.5909451123154008,-0.007194969030572374,0.5911834121478694,-0.007786390742552713,0.591422180052942,-0.0083782904584158,0.5919011197978895,-0.00956352951724642,-0.02747177526785293,gbm_median_matched
2021-11,4.1666666666666665e-05,0.003375,-0.0083337314184714,0.014335906815751342,-0.036845416615893044,0.05113965676497771,1.9999999999999996,0.0659802269376698,200,0.01934019773062331,0,0.0,0.9842988404518903,0.014335906815751342,0.984752696560008,0.013351154119191334,0.9852074599766928,0.012365491895797956,0.9856631340627487,0.011378917413563096,0.986577227751373,0.009403020676994476,0.012365491895797956,gbm_median_matched
2021-12,5e-05,0.0033833333333333,0.0436128749726298,0.01742774142909633,0.04454937357343152,-0.02717163214433519,2.0,0.006679278396390265,200,0.019933207216036097,1,0.019483803963394157,0.8879443924355394,0.01742774142909633,0.8882082179835008,0.01653953321111283,0.8884728011736479,0.015650795826749036,0.8887381456704317,0.014761526992085036,0.8892763444598462,0.012981359706797101,-0.003833008136645121,gbm_median_matched
2022-01,0.000125,0.0034583333333333,-0.0525850891069997,0.051163928253775276,-0.051025280077832365,0.10206420833160763,1.9999999999999998,-0.026859290775698708,200,0.019735525404414464,0,0.0,1.1852259155202416,0.051163928253775276,1.1859452853215924,0.04997798296845368,1.1866663430337328,0.04879059556770781,1.187389096077434,0.04760176096554297,1.1888397393622032,0.04521972955696426,0.04879059556770781,gbm_median_matched
2022-02,0.000275,0.0036083333333333,-0.0313605208667826,-0.006173859242046599,0.005206374863452049,-0.011655234105498648,2.0,0.13308573267918034,200,0.020663096700191185,0,0.0,2.3075618975602605,-0.006173859242046599,2.3085296520720293,-0.008482388894118629,2.3095007759953834,-0.010792860794037365,2.3104752889716798,-0.01310528510896164,2.3124345615419983,-0.01773603204975659,-0.010792860794037365,gbm_median_matched
2022-03,0.0003666666666666,0.0037,0.03577323877328,-0.03364826294668956,0.007336903510561966,-0.04135183312391812,2.0,0.06608806002603629,200,0.020660880600260362,1,0.019339119399739996,1.9352019646107679,-0.03364826294668956,1.937066947450547,-0.03558532989414011,1.9389422150397584,-0.03752614737676908,1.940827858994868,-0.03947074652367416,1.9448021511308156,-0.04337227370234364,-0.05686526677650908,gbm_median_matched
2022-04,0.0006333333333333,0.0039666666666666,-0.0879567191490393,0.05886573185289687,-0.038707680908181955,0.09694007942774553,2.0,0.08562993603162206,200,0.02085629936031622,3,0.060856299360316224,1.2162140139402966,0.05886573185289687,1.2184698833375265,0.05764726196955934,1.220739227210096,0.056424253398476676,1.2230221904390226,0.0551966652815798,1.227660743792582,0.05272742813393396,-0.004432045961839548,gbm_median_matched
2022-05,0.0008166666666666,0.00415,5.324388360872234e-05,-0.010135071182208187,-0.02201822688531403,0.011066489036439241,2.0,0.18802418519930963,200,0.01857156570059923,1,0.017380122899861385,0.904787659617684,-0.010135071182208187,0.9048079642164714,-0.011039879146424658,0.9048283915483105,-0.011944727965304807,0.9048489429883606,-0.012849618011173269,0.9048904264328108,-0.01465952331437224,-0.02932485086516619,gbm_median_matched
2022-06,0.0012416666666666,0.004575,-0.0839199932238664,-0.01837775876819503,-0.11995396764335059,0.10033454220848895,2.0,0.18046631115210077,200,0.018195336888478995,1,0.018195336888478995,0.5569264294250842,-0.01837775876819503,0.5571788339610959,-0.018934937602156126,0.5574424399887243,-0.019492643648172478,0.5577174879368246,-0.020050911232005503,0.5582941409232138,-0.0211692294728111,-0.03768798053665147,gbm_median_matched
2022-07,0.0018583333333333,0.0051916666666666,0.0911163476322058,0.034762404260213466,0.11573118176209395,-0.08282711083521377,2.0,0.11263797465094283,200,0.018873620253490573,2,0.037747240506981146,0.6826486176098204,0.034762404260213466,0.682681302736454,0.034079722957477014,0.6827140559900637,0.03339697614823334,0.6827468795591769,0.03271416362153594,0.6828301956728061,0.03134825328184943,-0.004350264358747809,gbm_median_matched
2022-08,0.0021916666666666,0.005525,-0.0424401192168104,-0.008819788513729108,-0.0437647893397362,0.03275333415934048,2.0,0.07551912946781159,200,0.018824230110122995,1,0.018824230110122995,0.6307449036125894,-0.008819788513729108,0.6311461659185935,-0.009450934679647702,0.6315479969666438,-0.010082884507662395,0.6319503980856239,-0.01071563970798598,0.6327569674852888,-0.011983573351155552,-0.02890711461778539,gbm_median_matched
2022-09,0.0026083333333333,0.0059416666666666,-0.0933957016434893,-0.005307847926225402,-0.10614913976112346,0.09823295850156476,2.0,0.06746387217234573,200,0.019325361278276745,1,0.019325361278276745,0.8223114946156512,-0.005307847926225402,0.8223737401221314,-0.0061302216663475335,0.822436144412144,-0.00695272021504969,0.8224987081112705,-0.007775344050559213,0.8226243162815132,-0.009420969507632968,-0.026278081493326434,gbm_median_matched
2022-10,0.0031,0.0064333333333333,0.0798634545768932,-0.011697087285102775,0.10772434663446138,-0.12252143391956415,2.0,0.045309273923699545,200,0.018043266241249363,1,0.018043266241249363,0.66305990796876,-0.011697087285102775,0.6628941922896037,-0.012359981477392378,0.6627281769291636,-0.013022543638961102,0.6625618609827691,-0.013684772868051082,0.662228323693075,-0.01500822890356815,-0.031065809880210467,gbm_median_matched
2022-11,0.0034583333333333,0.0067916666666666,0.0537528602936998,0.09748548441126362,0.09345169064110434,0.0005754604368259772,2.0,0.0811624534804063,200,0.01726533154780836,0,0.0,0.7007147576307837,0.09748548441126362,0.7015341683567595,0.09678395024290685,0.7023542685282327,0.09608077587420716,0.7031750575879698,0.0953759592384997,0.704828310745235,0.09396134285753745,0.09608077587420716,gbm_median_matched
2022-12,0.0035416666666666,0.006875,-0.058971449299161,-0.026855637281456953,-0.06496696948230357,0.03456966553418001,2.0,0.04760321663359768,200,0.019523967833664023,0,0.0,0.7701326021607353,-0.026855637281456953,0.7702024638715668,-0.02762583974532852,0.7702827031656175,-0.02839620268778819,0.7703645940268287,-0.02916673106353744,0.7705292731553981,-0.030708283647233943,-0.02839620268778819,gbm_median_matched
2023-01,0.0037833333333333,0.0071166666666666,0.061752832400052,0.03132725521592047,0.1204539434780514,-0.09291002159546422,2.0,0.02014591457528414,200,0.018245405932239177,0,0.0,0.940788333199696,0.03132725521592047,0.9411213909515113,0.030386133824968957,0.941455046302017,0.029444345123316434,0.9417893029903339,0.028501887306949466,0.9424596265982483,0.026614957082929224,0.029444345123316434,gbm_median_matched
2023-02,0.003875,0.0072083333333333,-0.0261124466467153,0.015057102333353532,-0.03209352041457041,0.04327562274792395,2.0,0.012240780207458113,200,0.018271067803093403,0,0.0,1.8436875406294748,0.015057102333353532,1.8447036002071249,0.013212398733146407,1.8457222399774358,0.01136565785339866,1.8467502605159034,0.009516851551805821,1.848853159986385,0.0058128365334216055,0.01136565785339866,gbm_median_matched
2023-03,0.0039083333333333,0.0072416666666666,0.035051572358727,0.030044810995629292,-0.011771263778901371,0.03790774144119736,2.0,0.01623391053420775,200,0.01981554790286275,1,0.019797760986554468,1.3341833694221632,0.030044810995629292,1.3347241899632754,0.028710086805666016,1.3352675839368726,0.027374275827755548,1.335813577082026,0.026037370264383214,1.3369134931464557,0.023360243529897014,0.0075765148412010805,gbm_median_matched
2023-04,0.0041,0.0074333333333333,0.0146423608829704,0.03818399298068729,0.011728807727239835,0.022355185253447457,2.0000000000000004,0.042147663812170055,200,0.017136672325229283,1,0.006008422975346175,1.013510389314165,0.03818399298068729,1.0140146389636706,0.037169978341723614,1.0145811751185119,0.03615483063045027,1.0151776989348693,0.03513845988388268,1.0164346115812366,0.033101819922781106,0.030146407655104093,gbm_median_matched
2023-05,0.0042833333333333,0.0076166666666666,0.0024823239348792,-0.04154434079903608,-0.03663437209062992,-0.009193302041739461,1.9999999999999998,0.011882584151189146,200,0.017839789526825717,0,0.0,1.0476496926035919,-0.04154434079903608,1.047854654751406,-0.042592195453787486,1.0480602477642493,-0.04364046129456458,1.048266492446752,-0.044689140276376334,1.0486809942210278,-0.04678774577014122,-0.04364046129456458,gbm_median_matched
2023-06,0.0043,0.0076333333333333,0.0647275128414313,0.030222716475317817,0.0843325075600864,-0.05840979108476857,1.9999999999999998,0.0275067823362396,200,0.018185960583232328,0,0.0,1.1566975592197941,0.030222716475317817,1.1572507199578803,0.029065465755359936,1.1578053106374573,0.0279071058540429,1.1583613377196031,0.026747632462159006,1.1594777272725723,0.024425327838954954,0.0279071058540429,gbm_median_matched
2023-07,0.0043749999999999,0.0077083333333333,0.0311389139803792,-0.003047780965998302,0.03567098599758006,-0.043093766963578264,1.9999999999999998,0.012053093039002039,200,0.01799046153552088,1,0.01672527813114645,0.8076829887251851,-0.003047780965998302,0.8084985043018826,-0.003856279470300185,0.8093352382335353,-0.004666451442465373,0.8101746671902825,-0.00547830496756915,0.811861670394351,-0.007107089317970057,-0.021391729573611823,gbm_median_matched
2023-08,0.0044166666666666,0.00775,-0.0177164324814337,-0.015903779767839837,-0.05480887979626689,0.03448843336176045,2.0,0.020775950069607307,200,0.018387852205915912,0,0.0,0.8122570293928337,-0.015903779767839837,0.8126609070175693,-0.016716440674857405,0.8130662787762781,-0.017529912325392392,0.8134731544221163,-0.018344199231106185,0.8143013877288656,-0.019975286706484165,-0.017529912325392392,gbm_median_matched
2023-09,0.0044333333333333,0.0077666666666666,-0.048719291162155,-0.0015321979423491595,-0.06475387857642048,0.05878834730073803,2.0,0.04752990278221936,200,0.02011707794308146,0,0.0,0.9983779713403238,-0.0015321979423491595,0.9987547480280857,-0.0025309526903772453,0.9991325248465772,-0.003530462992042314,0.9995113073185865,-0.004530731864304919,1.0002719347522018,-0.006533557616110168,-0.003530462992042314,gbm_median_matched
2023-10,0.00445,0.0077833333333333,-0.0219796877368501,0.017877013358487532,-0.0621013384112049,0.07552835176969244,1.9999999999999996,0.06660136115163207,200,0.017745050730436845,1,0.01721741906584106,0.8196069855052166,0.017877013358487532,0.8198872670213689,0.017057126091466163,0.8201683230555635,0.016236676712376406,0.8204501574316538,0.01541566288619257,0.8210456161082524,0.01377178527794627,-0.000980742353464653,gbm_median_matched
2023-11,0.0043916666666666,0.0077249999999999,0.0891792646287377,0.044851516219508905,0.12241845398242282,-0.08195860442958053,2.0,0.0058980384316504875,200,0.01797829332897459,0,0.0,0.7795360041285438,0.044851516219508905,0.779601177724961,0.04407191504178395,0.7796665012748729,0.04329218321695916,0.7797319754366137,0.04251232029319906,0.779863390037593,0.04095219926932094,0.04329218321695916,gbm_median_matched
2023-12,0.0043666666666666,0.0077,0.0442291694032137,0.004455975040944067,0.09217802896825492,-0.09208872059397745,2.0,-0.010536107931360283,200,0.020105361079313797,2,0.03458900064462326,0.8169045639553056,0.004455975040944067,0.8173872439496728,0.003638587796994394,0.8178707263801093,0.002820233588183848,0.8183550135096904,0.0020009100004149956,0.8193260110047524,0.00035934498592030475,-0.03176876705643941,gbm_median_matched
2024-01,0.00435,0.0076833333333333,0.0158957447120755,-0.009257671509761485,-0.031153289662338594,0.01754561815257711,2.0,0.009432626136321343,200,0.019197539515483333,0,0.0,1.1603798858869774,-0.009257671509761485,1.1611633071885104,-0.010418834816949996,1.1619489346558898,-0.011581569379073264,1.1627367782922873,-0.012745881844638346,1.1643191543952516,-0.015079267281737743,-0.011581569379073264,gbm_median_matched
2024-02,0.0043666666666666,0.0077,0.0517206153973153,0.008051437116662242,0.038499772204370966,-0.03481500175437533,2.0000000000000004,0.02330867700999506,200,0.019129367596269018,0,0.0,1.8586273090641947,0.008051437116662242,1.8596934819991302,0.006191743634663112,1.8607636077512277,0.004329909901159786,1.861837711536803,0.002465923982051833,1.8639979551931365,-0.0012685526593034391,0.004329909901159786,gbm_median_matched
2024-03,0.0043666666666666,0.0077,0.0310187647043818,0.0018334478445223758,0.03605358831762805,-0.038586807139772285,2.0,0.008502639605747375,200,0.01991497360394253,0,0.0,2.1168953209184864,0.0018334478445223758,2.119247064571643,-0.0002857992200492668,2.121610239133088,-0.0024097726337437998,2.123984938661353,-0.004538506971461684,2.1287692943317165,-0.008810398627136206,-0.0024097726337437998,gbm_median_matched
2024-04,0.0043666666666666,0.0077,-0.0416150427740825,-0.023063069963301604,-0.07596498637818663,0.048535249748218434,2.0000000000000004,-0.040695827116347005,200,0.020406958271163598,1,0.017409023015237328,1.3452233514997065,-0.023063069963301604,1.3470840601499952,-0.024410154023451598,1.3489969107060593,-0.025761063784713722,1.3509222391504745,-0.027115836680753028,1.3549362671061438,-0.029837751298832323,-0.043170086799951046,gbm_median_matched
2024-05,0.0043749999999999,0.0077083333333333,0.0480212244995226,0.0015946992708876263,0.031308867699112244,-0.034089168428224514,1.9999999999999998,-0.08443083841270194,200,0.01901895393468143,0,0.0,1.2521156449031998,0.0015946992708876263,1.2528637252857435,0.00034183554560188265,1.253655549065722,-0.0009126118272438175,1.254459723224966,-0.0021686798987872714,1.256179037821086,-0.004686195918217804,-0.0009126118272438175,gbm_median_matched
2024-06,0.0043666666666666,0.0077,0.0346697590340898,0.017092807926657738,-0.02128620098069687,0.03401234224068802,2.0,-0.08926889222328427,200,0.02070344062701251,1,0.012522235695121004,1.0614674243173778,0.017092807926657738,1.0621722807448686,0.01603063564591287,1.06287979927114,0.014967048328115459,1.0635900142811305,0.013902037883814347,1.0650188831112897,0.011767713511101289,0.002444812632994455,gbm_median_matched
2024-07,0.0043333333333333,0.0076666666666666,0.0113213490389123,0.0046239135900564415,0.0721439724243134,-0.07185339216759024,1.9999999999999998,-0.11974697190307215,200,0.02119746971903072,0,0.0,0.9005808094955519,0.0046239135900564415,0.9008614265121339,0.0037230521635443076,0.901143005880392,0.002821627578295657,0.9014255539561967,0.0019196369281878514,0.9020494242199835,0.00011366646895652477,0.002821627578295657,gbm_median_matched
2024-08,0.0042083333333333,0.0075416666666666,0.0228346884450318,0.01696496424893354,0.0014262695597643963,0.011330361355835846,2.0,-0.14021468973061135,200,0.021402146897306115,0,0.0,0.8983870294175125,0.01696496424893354,0.8990530691061424,0.016065911179827398,0.8997526441832863,0.015165458960566968,0.90047257951059,0.01426354651040177,0.9019252106993261,0.01245533819543691,0.015165458960566968,gbm_median_matched
2024-09,0.0039333333333333,0.0072666666666666,0.0201968699100629,-0.006764325341206697,0.013594727248532227,-0.02429238592307223,1.9999999999999998,-0.11224031231907272,200,0.021122403123190726,1,0.021122403123190726,0.8768641902105898,-0.006764325341206697,0.8770648441255924,-0.00764139018533229,0.8772661665451933,-0.008518857674297085,0.8774681737758425,-0.009396729862534224,0.8779033740185802,-0.011153842211299598,-0.02964126079748781,gbm_median_matched
2024-10,0.0037583333333333,0.0070916666666666,-0.0098967805528175,-0.04778660964882121,-0.03475803128901122,-0.016786911693143287,2.0000000000000004,-0.12986207899720337,200,0.02129862078997204,0,0.0,1.0368924444541567,-0.04778660964882121,1.0377506514295205,-0.04882436030025073,1.038610771779001,-0.049863831192379214,1.0394728136551454,-0.05090502808978665,1.0412550099491122,-0.05299288469856677,-0.049863831192379214,gbm_median_matched
2024-11,0.0036833333333333,0.0070166666666666,0.0573013522158638,-0.06268259101266656,0.0561375182378221,-0.122503442583822,2.0,-0.19472549957352236,200,0.021947254995735223,1,0.021947254995735223,1.0413037062306603,-0.06268259101266656,1.0421639880158273,-0.06372475500068238,1.0430275797545332,-0.06476864617217562,1.0438945018229622,-0.06581427451813544,1.0456386383214706,-0.0679107842042739,-0.08671590116791084,gbm_median_matched
2024-12,0.0035583333333333,0.0068916666666666,-0.0249901365630149,-0.01375516104092347,-0.07591350790507523,0.058600013530818465,2.0000000000000004,-0.11266659259175504,200,0.021126665925917557,2,0.04000000000000001,1.7023861744806608,-0.01375516104092347,1.7039600379327122,-0.015459121078856181,1.7055400261132188,-0.017166241093149907,1.7071261834903946,-0.018876539591394653,1.7103466031772279,-0.02230689405680961,-0.05716624109314991,gbm_median_matched
2025-01,0.0035083333333333,0.0068416666666666,0.0270163203057656,0.007132554209999225,0.027811120972557606,-0.024186900095891684,2.0000000000000004,-0.12088274667263255,200,0.019774152352517123,0,0.0,1.3160754939503527,0.007132554209999225,1.3168472845578703,0.005815706925441354,1.3176270477025924,0.00449730011459404,1.3184391052583644,0.0031772368942241313,1.3200764171222126,0.000532172124388163,0.00449730011459404,gbm_median_matched
2025-02,0.0035166666666666,0.00685,-0.0142421277603124,0.019497109888472343,-0.035165981256875506,0.05114642447868125,2.0,-0.1330047297955217,200,0.018892176222795612,1,0.018892176222795612,1.351571333695048,0.019497109888472343,1.3526348993721582,0.018144474989100184,1.3537025181390003,0.016789704852194342,1.3547896590183353,0.015432740911417338,1.3570121182989765,0.01271204929697746,-0.00210247137060127,gbm_median_matched
2025-03,0.0035,0.0068333333333333,-0.0575447140817868,0.018782365932640956,-0.061369519766749245,0.07665188569939023,2.0,-0.11713488879856138,200,0.021171348887985615,0,0.0,1.621872468602214,0.018782365932640956,1.622457472355213,0.01715990846028574,1.6230449597292325,0.015536276013182491,1.623634969869912,0.01391146102303122,1.6248462611983523,0.010658134626649194,0.015536276013182491,gbm_median_matched
2025-04,0.0035083333333333,0.0068416666666666,-0.0076249365182604,-0.006349775952722279,-0.02793365667778547,0.01807554739172989,2.0000000000000004,-0.06215235039227174,200,0.01843836605320606,0,0.0,1.3929063874289165,-0.006349775952722279,1.3938664279401283,-0.007743642380662407,1.3948302346313475,-0.009139436421984974,1.3957978334605277,-0.010537169453103862,1.3977445836226845,-0.013338498870835703,-0.009139436421984974,gbm_median_matched
2025-05,0.0035416666666666,0.006875,0.0615238478306929,-0.02184588394048269,0.030316737661525497,-0.055704288268674795,2.0,-0.0665186228430078,200,0.019334813771569922,0,0.0,1.6547400570394106,-0.02184588394048269,1.6560749312682794,-0.02350195887175097,1.6574154149196576,-0.025160714770322008,1.6587615505387654,-0.02682216859209899,1.6614823212215577,-0.03015329554659048,-0.025160714770322008,gbm_median_matched
2025-06,0.003525,0.0068583333333333,0.0496067960261787,0.009222896943911492,0.03362422843319125,-0.027926331489279768,1.9999999999999998,-0.1127439881109027,200,0.02112743988110903,1,0.018872560118890967,1.6827313135293696,0.009222896943911492,1.684412126933011,0.007538484816978481,1.6861013860208338,0.005850694171869824,1.6877991652963855,0.004159499448022336,1.6912206457690941,0.0007667937150660203,-0.013021865947021143,gbm_median_matched
2025-07,0.0035416666666666,0.006875,0.0216665726557023,-0.00940146341266783,-0.0069372462273871675,-0.006005883851947262,1.9999999999999998,-0.10734296302534929,200,0.018356256602223203,0,0.0,1.2432743629075427,-0.00940146341266783,1.2446232557053891,-0.010646086668373219,1.245979385403948,-0.011893422183475725,1.2473428228243182,-0.013143491881140784,1.2500919094197034,-0.015651922959766345,-0.011893422183475725,gbm_median_matched
2025-08,0.0034333333333333,0.0067666666666666,0.0190665032440029,0.03653718638308366,0.06502763592459972,-0.03192378287484936,2.0000000000000004,-0.09060089066344379,200,0.020053396716579304,0,0.0,1.677156731301022,0.03653718638308366,1.678256717192772,0.03485892966589089,1.6793654567263667,0.03317845546963093,1.6805150511302074,0.03149564122969304,1.6828700090909852,0.028122836337628736,0.03317845546963093,gbm_median_matched
2025-09,0.0032666666666666,0.0066,0.0353236557042595,0.014224249186549843,0.0036060541736633064,0.0073515283462199385,2.0,-0.059649074508509425,200,0.02059649074508509,0,0.0,1.4457683384595679,0.014224249186549843,1.4468255778021284,0.012777423608747715,1.4478876555650828,0.011328473875419676,1.4489597629650846,0.00987736989765459,1.4511590492917479,0.006968453940091104,0.011328473875419676,gbm_median_matched
2025-10,0.0031833333333333,0.0065166666666666,0.0226868367307271,-0.018256081586260686,-0.035807584093104215,0.014368169173510227,2.0,-0.04026321597690907,200,0.019366186351619897,0,0.0,1.5123627296663609,-0.018256081586260686,1.5133492550553636,-0.01976943084131605,1.5143400577134867,-0.02128476170168766,1.5153351829673811,-0.02280208713516283,1.5174089072879162,-0.025843126122700268,-0.02128476170168766,gbm_median_matched
2025-11,0.00315,0.0064833333333333,0.001299669600304,0.001563028624784045,0.02016793046125349,-0.021754901836469442,2.0,-0.06142008258732068,200,0.020614200825873206,0,0.0,0.8570259195849161,0.001563028624784045,0.8574246579912285,0.0007056039667928166,0.8578437738059637,-0.00015265892282788243,0.8582647436918811,-0.001011765606291598,0.8591602898345785,-0.0027327728243888476,-0.00015265892282788243,gbm_median_matched
2025-12,0.0029916666666666,0.006325,-0.0005241572238063,0.010055520232993841,0.01057875773288495,-0.003514904166557711,2.0,-0.007775639867023676,200,0.018761341252810235,1,0.018761341252810235,1.620802153589096,0.010055520232993841,1.6214132826459635,0.008434106950347877,1.622026765037716,0.00681146670291841,1.6226419062493602,0.005187594514245761,1.6238919784739025,0.001936060340624329,-0.011949874549891826,gbm_median_matched
2026-01,0.0029749999999999,0.0063083333333333,0.0136629902855889,-0.029797782466259075,0.008171934059323304,-0.04094471652558227,2.0,0.0024742107351476417,200,0.018412922480284387,1,0.01724171596377133,1.214958923146472,-0.029797782466259075,1.2161175482978717,-0.031013900014556946,1.2172807862488448,-0.032232344038756765,1.2184486671827348,-0.03345312846780728,1.2207985336996292,-0.03590177513475722,-0.049474060002528096,gbm_median_matched
2026-02,0.003,0.0063333333333333,-0.0086683585457909,-0.01445505249614611,-0.006870003967378909,-0.0105850485287672,1.9999999999999998,-0.02270478791621211,200,0.019080462043076986,1,0.019080462043076986,1.6555029669009635,-0.01445505249614611,1.6567530747762853,-0.016111805570922396,1.6580087249982096,-0.01777106994614253,1.6592699620027638,-0.0194328623821544,1.6618412551496928,-0.02276425877189457,-0.03685153198921952,gbm_median_matched
2026-03,0.0030083333333333,0.0063416666666666,-0.0509327099760426,0.07207010805783771,-0.013497064163105078,0.08255883888760948,2.0,-0.008946662501636338,200,0.020027288750294622,1,0.01991053337498364,2.026291382417008,0.07207010805783771,2.0282645335932266,0.07004184352424449,2.0302583698764103,0.0680095913180849,2.0322640241241667,0.06597331598546521,2.0363053044782617,0.06188858153544641,0.048099057943101264,gbm_median_matched
2026-04,0.0030083333333333,0.0063416666666666,0.104233425033545,-0.004156007136595287,0.05649215387833489,-0.06365649434826348,2.0,0.128458236208693,200,0.020091971632659654,0,0.0,1.7327892664188695,-0.004156007136595287,1.7338947249219874,-0.0058899018615172745,1.7350065679721314,-0.00762602027253955,1.7361248640710614,-0.00936438172880847,1.7384226106990617,-0.012848120190090595,-0.00762602027253955,gbm_median_matched
2026-05,0.003,0.0063333333333333,0.0514703128446207,-0.0017605020189650983,0.003615255416943839,-0.008375757435908938,2.0,0.04914991988096862,200,0.01856596093528776,0,0.0,2.1563478428251677,-0.0017605020189650983,2.1590725824063854,-0.003919574601371484,2.161810356171098,-0.006084122731307294,2.1646163722006166,-0.008254351135566947,2.170390100667603,-0.012612452522303114,-0.006084122731307294,gbm_median_matched
2026-06,0.00305,0.0063833333333333,-0.0106463537227938,0.034723845301575365,0.05275663774124211,-0.021082792439666754,2.0,-0.01674932906581117,200,0.020167493290661313,0,0.0,1.4569472344036578,0.034723845301575365,1.458519079253442,0.03326532622232192,1.4601017654061723,0.03180364177076302,1.4616955407384575,0.030338758679359992,1.4649743626537979,0.027398973488306375,0.03180364177076302,gbm_median_matched
2026-07,0.0031083333333333,0.0064416666666666,-0.0012854430244713,-0.029564139525805205,-0.016653593075127242,-0.016018879784011255,2.0,-0.06266798786305072,200,0.0202616267247457,1,0.006224142576585939,1.5167272470180322,-0.029564139525805205,1.5178034545252732,-0.031081942980330478,1.5188850501729525,-0.03260190962615111,1.5199862892551685,-0.03412409839357071,1.5222510359465824,-0.037175394705538115,-0.03882605220273705,gbm_median_matched
2026-08,0.0031,0.0064333333333333,0.0262252794496991,-0.027582291466132954,0.011304365691808684,-0.04198665715794164,2.0,-0.07954460225379911,200,0.019100296603760773,2,0.02865114219424802,0.7958284268726236,-0.027582291466132954,0.7970452428960093,-0.028379336709028962,0.7983075766523682,-0.02917890661943769,0.799615288787402,-0.029981137332495158,0.8023201532003444,-0.03159389223213468,-0.05783004881368571,gbm_median_matched
2021-01,6.666666666666667e-05,0.0034,-0.0111366401584636,-0.10021854760977357,0.02237564040463536,-0.12266085468107558,1.9999999999999998,-0.1571486154383266,200,0.02157148615438326,2,0.0283720023529353,1.9999999999999998,-0.10021854760977357,1.9999999999999998,-0.10221854760977357,1.9999999999999998,-0.10421854760977357,1.9999999999999998,-0.10621854760977358,1.9999999999999998,-0.11021854760977357,-0.13259054996270886,annual_blend
2021-02,3.3333333333333335e-05,0.0033666666666666,0.0260914749719998,-0.021304788106181635,0.051545621894289705,-0.07288374333380467,2.0,-0.2126715000989594,200,0.021228425446177646,1,0.01491528900492491,0.9623761134381875,-0.021304788106181635,0.9653466441828398,-0.022270134750364476,0.9683570764813858,-0.023241502259144405,0.9714113666304174,-0.024219022206072888,0.9777152056961868,-0.02619336413466257,-0.03815679126406932,annual_blend
2021-03,2.5e-05,0.0033583333333333,0.0424386340081077,0.033022023402775845,0.030871970178769977,0.0021250532240058746,2.0,-0.1932270117949253,200,0.021884136168067263,1,0.014556543389410448,0.9005826373089878,0.033022023402775845,0.9013081276741276,0.03212071527510172,0.902039590393145,0.031217944221989556,0.9027771562174198,0.030313691934123584,0.9042713674405629,0.02850066656557303,0.01666140083257911,annual_blend
2021-04,1.6666666666666667e-05,0.00335,0.0524253125558473,0.01904201225760081,0.03678088256715266,-0.01775553697621852,2.0,-0.1415895669162709,200,0.021415895669162705,1,0.021415895669162705,0.9805357868725203,0.01904201225760081,0.9810972372822747,0.018060915020318535,0.9816605828216401,0.01707869109195753,0.9822258423272943,0.016095334730618926,0.9833932966541614,0.014125045774330002,-0.004337204577205177,annual_blend
2021-05,1.6666666666666667e-05,0.00335,0.0054865025818131,0.03590809184235066,0.015302927835526885,0.020588497340157108,2.0,-0.05168554286857663,200,0.02051685542868577,2,0.03703872694230008,0.9479955323374881,0.03590809184235066,0.948488080619173,0.03495960376173148,0.9489821464268777,0.0340101275494969,0.9494777387015507,0.033059658626246005,0.9504736176826761,0.031155723753937277,-0.0030285993928031787,annual_blend
2021-06,3.3333333333333335e-05,0.0033666666666666,0.0222139763231694,-0.03673604559304832,-0.002573309036369316,-0.034196069890012344,2.0000000000000004,-0.08245224444865684,200,0.020824522444486578,0,0.0,0.953291171935337,-0.03673604559304832,0.953408147359809,-0.03768945374040813,0.9535410020756079,-0.03864312759719954,0.9536878158265369,-0.039597109040527934,0.9539827203519415,-0.041505959194808026,-0.03864312759719954,annual_blend
2021-07,4.1666666666666665e-05,0.003375,0.0227481093659105,0.02975762611945141,9.068214704365343e-05,0.029625277305741098,1.9999999999999998,-0.051661611846763544,200,0.020516616118467636,0,0.0,0.7324505933267016,0.02975762611945141,0.7331001509701704,0.02902452596848124,0.7337511785542019,0.028290123762343005,0.7344037096708035,0.027554414990439,0.7357132785770613,0.026079059726566104,0.028290123762343005,annual_blend
2021-08,4.1666666666666665e-05,0.003375,0.0289903213916811,0.006907212732008927,0.012186331946857403,-0.005320785881515142,2.0000000000000004,-0.07697014364345345,200,0.020769701436434536,1,0.0143856568344698,0.7174929215544226,0.006907212732008927,0.7176320397481439,0.006189580692260783,0.7177716039211215,0.005471669524166684,0.7179116164191579,0.0047534778827514525,0.7181929958329476,0.0033162477528441885,-0.008913987310303116,annual_blend
2021-09,3.3333333333333335e-05,0.0033666666666666,-0.0475691404211663,0.0013848703214097808,-0.032670714974240025,0.034022251962316466,1.9999999999999998,-0.07962016577786302,200,0.020796201658010327,0,0.0,0.9763550874408924,0.0013848703214097808,0.9764773561731703,0.0004083929652366105,0.9765998470975605,-0.0005683293727853404,0.9767225610224026,-0.001545297361657427,0.9769686611316252,-0.003499972984248345,-0.0005683293727853404,annual_blend
2021-10,4.1666666666666665e-05,0.003375,0.0691438733012346,-0.027147398068820747,0.028423791249162045,-0.05561285598464946,2.0000000000000004,-0.08179477757491482,200,0.020817947775749596,0,0.0,0.7283762618179649,-0.027147398068820747,0.7285967472132961,-0.027875994816034044,0.7288177189297311,-0.02860503350668021,0.7290391787089288,-0.029334515604947535,0.7294835694666933,-0.030794815916154215,-0.02860503350668021,annual_blend
2021-11,4.1666666666666665e-05,0.003375,-0.0083337314184714,0.03951946597031141,-0.03062595676027158,0.0701037560639163,2.0,-0.04610738181433194,200,0.02012912509000106,0,0.0,0.9620275118770135,0.03951946597031141,0.9625587398263987,0.038556907230485014,0.9630910876240178,0.037593283795063374,0.9636245595918294,0.03662859229153592,0.9647096993632487,0.034695917473495166,0.037593283795063374,annual_blend
2021-12,5e-05,0.0033833333333333,0.0436128749726298,0.07393231840777878,0.0483472475378596,0.025535070869919175,2.0,-0.10534379138723104,200,0.021053437913872312,0,0.0,0.8950630766727811,0.07393231840777878,0.8952029069288661,0.07303711550084992,0.8953431517197622,0.07214163210433926,0.8954838131258208,0.07124586696840132,0.8957664050231218,0.06945348638266317,0.07214163210433926,annual_blend
2022-01,0.000125,0.0034583333333333,-0.0525850891069997,0.10663803028966633,-0.042108597850297094,0.14862162813996338,2.0,-0.30000000000000027,200,0.022925838300708015,1,0.017,0.9900391831190072,0.10663803028966633,0.9905152090936714,0.10564751508057266,0.990992179524873,0.10465604593061659,0.9914700978231537,0.10366361999619686,0.9924287917904528,0.10167588633071406,0.08765604593061659,annual_blend
2022-02,0.000275,0.0036083333333333,-0.0313605208667826,-0.010262309705829045,0.0034863329896840864,-0.014023642695513134,2.0,0.016863383343691418,200,0.020168633833436915,1,0.020168633833436915,1.0773474629491735,-0.010262309705829045,1.0770453227958927,-0.011339355028624938,1.0767423490340375,-0.01241579440389712,1.0764385377600962,-0.013491625319109333,1.0758283869329006,-0.015641451640493548,-0.03258442823733403,annual_blend
2022-03,0.0003666666666666,0.0037,0.03577323877328,-0.0010616277601504063,0.007206875658240639,-0.008635170085057646,2.0,-0.02377301852534819,200,0.020237730185253485,3,0.042609504114744436,1.0579540246620684,-0.0010616277601504063,1.0583551599627108,-0.002119982920113117,1.0587664655087599,-0.003179160691167926,1.05917843540347,-0.004239163066360816,1.0600043699937405,-0.0063616496101191085,-0.045788664805912364,annual_blend
2022-04,0.0006333333333333,0.0039666666666666,-0.0879567191490393,0.0862537839585851,-0.04995905373794861,0.1355795043632004,1.9999999999999998,0.0042002272606134206,200,0.020042002272606135,2,0.04008400454521227,0.9809757906915746,0.0862537839585851,0.9814589693105082,0.08527232498927459,0.9819435506896383,0.08428989685720582,0.9824295414209605,0.08330649533432222,0.9834057775074405,0.0813367550710479,0.04420589231199355,annual_blend
2022-05,0.0008166666666666,0.00415,5.324388360872234e-05,0.04014293715229977,0.009810421647689842,0.02951584883794333,2.0,0.1954600422410928,200,0.017405726757343684,0,0.0,0.9333526037592099,0.04014293715229977,0.9332212913990362,0.03920971586090073,0.9330896113012745,0.03827675792969722,0.9329575615437752,0.03734406446766844,0.9326923452877744,0.03547947542586089,0.03827675792969722,annual_blend
2022-06,0.0012416666666666,0.004575,-0.0839199932238664,0.09163260208085551,-0.04058737006997501,0.13097830548416392,2.0,0.24208075222413206,200,0.019896663103688855,0,0.0,0.7560713161406589,0.09163260208085551,0.7561295275605244,0.09087647255329498,0.7561878271513967,0.09012022642655272,0.7562533534018105,0.08936384202065008,0.7564005612069753,0.08785059927482064,0.09012022642655272,annual_blend
2022-07,0.0018583333333333,0.0051916666666666,0.0911163476322058,0.020817787597487595,0.11472601101070383,-0.09576655674654953,2.0,0.30000000000000027,200,0.019004919106873706,1,0.016999999999999998,0.8051719353202479,0.020817787597487595,0.8048802485274145,0.02001290734896018,0.8045881120215639,0.019208611373444467,0.8042955163799173,0.018404901048347844,0.8037089204715755,0.016799242995129717,0.002208611373444469,annual_blend
2022-08,0.0021916666666666,0.005525,-0.0424401192168104,-0.07619978791803207,-0.0749449799624954,-0.003446474622203281,2.0,0.2909438206839077,200,0.018856320337869818,2,0.03594688213112933,0.7210461045615815,-0.07619978791803207,0.7216697754261198,-0.07692145769345819,0.7222939775270487,-0.07764437587308617,0.7229187099771588,-0.07836854404796355,0.7241697622297668,-0.07982063672918091,-0.1135912580042155,annual_blend
2022-09,0.0026083333333333,0.0059416666666666,-0.0933957016434893,0.012890937201042982,-0.08845044738631853,0.09873305125402822,2.0,0.21615108135052785,200,0.01934694468809452,1,0.01783848918649635,0.9170688929323532,0.012890937201042982,0.9176491416053424,0.011973288059437641,0.9182313043947337,0.011054474592253515,0.9188263138639972,0.010134458259450991,0.9200566010609521,0.008290654195738222,-0.006784014594242833,annual_blend
2022-10,0.0031,0.0064333333333333,0.0798634545768932,0.0360269133094343,0.0969438057681176,-0.06401689245868332,1.9999999999999998,0.1730763368382735,200,0.01704345040223921,1,0.016829046225215798,0.8127155760142868,0.0360269133094343,0.812828939093809,0.03521408437034049,0.8129495335302814,0.03440101424237373,0.8130705056583301,0.03358770179245931,0.8133136103636811,0.031960345257615895,0.017571968017157935,annual_blend
2022-11,0.0034583333333333,0.0067916666666666,0.0537528602936998,0.05350689125426011,0.044590961649527604,0.005457596271399196,2.0,0.15622334352422795,200,0.018492738534782057,0,0.0,0.6835827973721991,0.05350689125426011,0.6840295832580361,0.05282286167100207,0.6844827930748457,0.052137925668110416,0.6849504579977553,0.051452039880266844,0.6858884216680323,0.050077449145919946,0.052137925668110416,annual_blend
2022-12,0.0035416666666666,0.006875,-0.058971449299161,-0.002273695857742358,-0.05122947981967873,0.04541411729526978,2.0,0.15136362168054507,200,0.02151363621680545,2,0.04000000000000001,0.716842097505503,-0.002273695857742358,0.7170714003321899,-0.002990767258074548,0.7173013057596513,-0.003708298469261661,0.7175347844159912,-0.004426300210990332,0.7180330351191331,-0.005863861033338024,-0.04370829846926167,annual_blend
2023-01,0.0037833333333333,0.0071166666666666,0.061752832400052,-0.014928820848794896,0.09089451662978719,-0.10960667081191537,1.9999999999999993,0.10385490217940552,200,0.019719721970974678,2,0.039439443941949356,1.4796488545330542,-0.014928820848794896,1.4800261442701714,-0.01640884699306507,1.4804042195622866,-0.01788962928791947,1.4807830882922943,-0.01937117011367178,1.4815575817833544,-0.02233660875771167,-0.05732907322986883,annual_blend
2023-02,0.003875,0.0072083333333333,-0.0261124466467153,0.012109955751685338,-0.016901690542543146,0.025136646294228484,2.0,0.13600926655877266,200,0.017238385651875566,1,0.01676689926102744,2.1771535753154905,0.012109955751685338,2.1795767274036666,0.00993037902428167,2.182009760747328,0.007745936230190682,2.184485701434244,0.005556498647382605,2.189464063739501,0.0011626354329878335,-0.00902096303083676,annual_blend
2023-03,0.0039083333333333,0.0072416666666666,0.035051572358727,0.03166944988930118,0.0008444566380760247,0.02691665991789185,2.0,0.13469141120763284,200,0.021346914112076332,1,0.021346914112076332,1.5030041698477663,0.03166944988930118,1.5042533661348556,0.03016519652316632,1.5055107730371202,0.028658428343226936,1.506776536897695,0.027149120278608094,1.509341340284385,0.024122743187879252,0.007311514231150604,annual_blend
2023-04,0.0041,0.0074333333333333,0.0146423608829704,0.013627337494073594,-0.01390092014898474,0.023428257643058333,2.0,0.16781636204628714,200,0.017992085377424413,1,0.006482158000506656,1.0876983916799055,0.013627337494073594,1.0883637746497685,0.012538973719423826,1.0890322209297594,0.011449273052214076,1.0897037600819504,0.010358226213827744,1.091065447533733,0.008172010256404929,0.00496711505170742,annual_blend
2023-05,0.0042833333333333,0.0076166666666666,0.0024823239348792,-0.032746767829087836,-0.031089865067437456,-0.005940236094983677,2.0,0.18110635965893418,200,0.019377051055375,1,0.017755452783926557,0.9631970715088652,-0.032746767829087836,0.9633752500609081,-0.03371014307914874,0.9635540316414142,-0.03467387589237066,0.9637477148584221,-0.0356380109736631,0.9641554362927389,-0.03756754501055153,-0.052429328676297224,annual_blend
2023-06,0.0043,0.0076333333333333,0.0647275128414313,0.009105151997149093,0.07580873232463603,-0.07100358032748695,2.0,0.1770996157764979,200,0.019824873786788266,1,0.019648253072711633,1.0451690596440093,0.009105151997149093,1.0456369370828398,0.008059515060066254,1.0461284608089525,0.007012895075531188,1.0466281591454347,0.005965267519712788,1.0476636695140529,0.0038668336495788283,-0.012635357997180446,annual_blend
2023-07,0.0043749999999999,0.0077083333333333,0.0311389139803792,0.03757648490644703,0.06705182468950613,-0.03385033978305899,2.0,0.1804155876986725,200,0.019428449181291125,0,0.0,1.056866209674042,0.03757648490644703,1.057874159059425,0.0365186107473876,1.058885152232104,0.03545871460198282,1.0598992254194353,0.03439678723018872,1.0619629161058621,0.03226667032591772,0.03545871460198282,annual_blend
2023-08,0.0044166666666666,0.00775,-0.0177164324814337,0.03707075065172849,-0.024201284750597008,0.0568553687356589,2.0,0.1617295691546634,200,0.021010347783094217,0,0.0,1.2970513470206435,0.03707075065172849,1.2976038932028076,0.035773146758525685,1.2981586277580508,0.03447443339621239,1.2987155655174356,0.033174603955176185,1.2998361798414542,0.03057156975252122,0.03447443339621239,annual_blend
2023-09,0.0044333333333333,0.0077666666666666,-0.048719291162155,0.023599038803386586,-0.04449593775493823,0.06366164322499153,2.0,0.16869138314273957,200,0.021686913831427398,0,0.0,1.1254058602274755,0.023599038803386586,1.1257059516920838,0.022473332851694502,1.1260070535505964,0.021347024696285393,1.1263147460646235,0.020220094565192717,1.1269779522329948,0.017964149042221614,0.021347024696285393,annual_blend
2023-10,0.00445,0.0077833333333333,-0.0219796877368501,0.02495355381353122,-0.052233238748977395,0.07273679256250863,2.0,0.19029212043032417,200,0.019235444071075674,1,0.019235444071075674,0.9079018589810726,0.02495355381353122,0.9082890700224197,0.024045264743508803,0.9086773424406491,0.023136199128649924,0.9090666872771432,0.02222635375169979,0.909897286672511,0.020404067380168665,0.0039007550575742497,annual_blend
2023-11,0.0043916666666666,0.0077249999999999,0.0891792646287377,0.0223788766560567,0.098771807955518,-0.0807845979661279,1.9999999999999998,0.18752283332402697,200,0.01901776130270541,1,0.01901776130270541,0.9192269265920923,0.0223788766560567,0.9192956084329023,0.0214595810476238,0.9193644710945124,0.020540147713867675,0.9194335154606323,0.019620576109674805,0.9196435978634532,0.017780658666739436,0.0015223864111622645,annual_blend
2023-12,0.0043666666666666,0.0077,0.0442291694032137,-0.017655852857403898,0.07064552045265181,-0.0926680399767223,1.9999999999999998,0.20407858446865523,200,0.02204078584468655,3,0.045096194594302266,0.920900863788549,-0.017655852857403898,0.9214981045941263,-0.018577350961998022,0.9220978922212029,-0.019500048641846304,0.9226988519980983,-0.02042394941339819,0.9239045376439108,-0.022275375545623453,-0.06459624323614857,annual_blend
2024-01,0.00435,0.0076833333333333,0.0158957447120755,-0.01592944557001675,-0.03463490876222647,0.01435546319220972,2.0000000000000004,0.19925787406483253,200,0.018631822524171535,0,0.0,1.569597248312161,-0.01592944557001675,1.5707222944651782,-0.017500167864481928,1.571850923988901,-0.01907314741799455,1.5729948257106818,-0.020648430047148794,1.5752959788534038,-0.02380592546428377,-0.01907314741799455,annual_blend
2024-02,0.0043666666666666,0.0077,0.0517206153973153,0.008532716918926505,0.0497707539663778,-0.045604703714117886,2.0,0.20901687344266184,200,0.020308749960318437,0,0.0,1.8281342308761563,0.008532716918926505,1.8294895136334448,0.00670322740529306,1.8308510937352152,0.004871014731456074,1.8322190507900973,0.0030360597665562133,1.8350037347820516,-0.0006423017549837522,0.004871014731456074,annual_blend
2024-03,0.0043666666666666,0.0077,0.0310187647043818,0.0032997481777515426,0.027046382646340055,-0.028113301135255113,2.0,0.21153886410897527,200,0.020751651719221127,0,0.0,1.929397140178517,0.0032997481777515426,1.9315839439659737,0.0013681642337855689,1.9338059767771667,-0.000567863775802791,1.9360657985308658,-0.0025084492178410545,1.9406208421801088,-0.006403356033149002,-0.000567863775802791,annual_blend
2024-04,0.0043666666666666,0.0077,-0.0416150427740825,-0.018936196564139057,-0.07996676409771278,0.05666390086690711,2.0000000000000004,0.14470211407531242,200,0.020045999011489943,1,0.020045999011489943,1.3784135138348006,-0.018936196564139057,1.380115942669008,-0.020316312506808064,1.3818288915759833,-0.021699854347291023,1.3835683957745122,-0.023086901751462593,1.3871432777382462,-0.025871912952830287,-0.04174585335878096,annual_blend
2024-05,0.0043749999999999,0.0077083333333333,0.0480212244995226,-0.0008558106405648705,0.02132492137550158,-0.02655573201606635,2.0,0.10790549125884386,200,0.01805207028079194,0,0.0,1.3490294747680884,-0.0008558106405648705,1.3499716901702483,-0.002205782330735119,1.3509553890989408,-0.0035577214187627517,1.351955664508163,-0.004911677634089359,1.3540255591422967,-0.007625938436276354,-0.0035577214187627517,annual_blend
2024-06,0.0043666666666666,0.0077,0.0346697590340898,0.008914045292133738,-0.023094453104516723,0.027641831729983857,2.0,0.09486899719887287,200,0.018186500199840496,1,0.01490390380507301,1.1577771260556606,0.008914045292133738,1.1588157730686561,0.0077552295190650815,1.159858754222456,0.006594327783688826,1.160930965529078,0.0054312523955465045,1.16318191574915,0.0030981357133879877,-0.008309576021384183,annual_blend
2024-07,0.0043333333333333,0.0076666666666666,0.0113213490389123,-0.003835500678004977,0.06755236209245119,-0.07572119610378948,1.9999999999999998,-0.0017688849388266537,200,0.020017688849388263,1,0.020017688849388263,0.8866776578007388,-0.003835500678004977,0.8871461838189348,-0.004722646861823912,0.8876166348934608,-0.0056107339477918985,0.8880945544490744,-0.0064997843413522,0.8891121915689792,-0.008281061635849874,-0.02562842279718016,annual_blend
2024-08,0.0042083333333333,0.0075416666666666,0.0228346884450318,0.023600618920462436,0.007583056477962244,0.01180922910916689,2.0,-0.03341188308358678,200,0.019591495957242584,0,0.0,1.0554493441606017,0.023600618920462436,1.056215794865762,0.022544403125596673,1.0569844282213494,0.021486650064019737,1.0577552717082104,0.020427353105337803,1.0593038714468626,0.01830409956322812,0.021486650064019737,annual_blend
2024-09,0.0039333333333333,0.0072666666666666,0.0201968699100629,0.003086933431566783,0.013587626080987384,-0.0144340259827539,2.0,0.05875125404528192,200,0.020587512540452817,0,0.0,1.06099558686086,0.003086933431566783,1.061442866563314,0.002025490565003469,1.0618917242514754,0.0009631499830638321,1.0623421696834385,-0.0001000930774835325,1.063247863748539,-0.0022293058871759117,0.0009631499830638321,annual_blend
2024-10,0.0037583333333333,0.0070916666666666,-0.0098967805528175,-0.04137091287921393,-0.03056535738653929,-0.01456388882600794,2.0,0.04273179238135549,200,0.019572682076186447,0,0.0,1.0770432020306318,-0.04137091287921393,1.0779615297041465,-0.04244887440891807,1.0788869214882677,-0.043528686722190464,1.0798150682760894,-0.04461035808404219,1.081718359170686,-0.046779504675067356,-0.043528686722190464,annual_blend
2024-11,0.0036833333333333,0.0070166666666666,0.0573013522158638,-0.02649339119388346,0.06157338063933603,-0.0917501051665528,2.0,0.07070888363731986,200,0.019292911163626802,2,0.032690747606321555,1.2181226166529968,-0.02649339119388346,1.2188587893306204,-0.02771224998321408,1.219626515423569,-0.028932644224730596,1.2204122816249194,-0.030154628038758218,1.2219934040302205,-0.03260335821403456,-0.06162339183105215,annual_blend
2024-12,0.0035583333333333,0.0068916666666666,-0.0249901365630149,-0.022753768928229254,-0.08000450632103029,0.05369240405946773,1.9999999999999998,0.11008427928383813,200,0.02110084279283855,3,0.061100842792838714,1.4773668106255284,-0.022753768928229254,1.4786469528254242,-0.024232415881054677,1.479931927357238,-0.02571363278294373,1.4812218157659123,-0.02719743437552699,1.4838245747619367,-0.03017289180203894,-0.08681447557578245,annual_blend
2025-01,0.0035083333333333,0.0068416666666666,0.0270163203057656,0.013047771028991576,0.03100203112012417,-0.021462593424465895,2.0,0.03873740674592263,200,0.019184333872940076,0,0.0,1.4210735386401205,0.013047771028991576,1.4219435699363663,0.01162582745905521,1.4228575822037572,0.010202055864584062,1.423797656448944,0.008776378059644744,1.4257626871540139,0.0059189575932215065,0.010202055864584062,annual_blend
2025-02,0.0035166666666666,0.00685,-0.0142421277603124,0.0004250863465072182,-0.05163699243021942,0.04854541211006005,2.0,-0.013322649492524263,200,0.0182929484069195,0,0.0,1.6859321747443305,0.0004250863465072182,1.687247673176762,-0.0012621613266695438,1.6885685732816258,-0.002952050800056033,1.6898949779557957,-0.004644598587360169,1.6926012859616615,-0.008037920083301089,-0.002952050800056033,annual_blend
2025-03,0.0035,0.0068333333333333,-0.0575447140817868,-0.0033561749239185592,-0.060710779423537836,0.05385460449961927,2.0,0.0032039494907867283,200,0.01996796050509213,0,0.0,1.6520472702077988,-0.0033561749239185592,1.6528333468082153,-0.005009008270726775,1.653623320921757,-0.006663421565762074,1.6544172264488828,-0.008319426603265208,1.6560170565666477,-0.011636260206751797,-0.006663421565762074,annual_blend
2025-04,0.0035083333333333,0.0068416666666666,-0.0076249365182604,-0.029622539967337963,-0.04060826802840067,0.0074773947277294054,2.0,-0.019574937821629668,200,0.0201957493782163,0,0.0,0.9853219251636274,-0.029622539967337963,0.9860558152548375,-0.030608595782592802,0.9867928526466115,-0.03159612567263119,0.9875330618942039,-0.032585139153020574,0.9890230958373072,-0.0345676554465245,-0.03159612567263119,annual_blend
2025-05,0.0035416666666666,0.006875,0.0615238478306929,-0.0048019522157908305,0.020216210485594802,-0.028559829368052226,2.0,-0.005243696216075122,200,0.019947563037851702,2,0.039895126075703405,0.9004597988447015,-0.0048019522157908305,0.9013945802668335,-0.005703346796057664,0.9023326670244305,-0.0066066175498396915,0.9032740825947132,-0.007511774463574971,0.905176166682409,-0.009327833049202875,-0.046501743625543095,annual_blend
2025-06,0.003525,0.0068583333333333,0.0496067960261787,-0.01067547932716232,0.03173717108945221,-0.04593765041661454,2.0000000000000004,-0.01572581986605992,200,0.020157258198660606,1,0.01829495499829438,1.0073878980937296,-0.01067547932716232,1.0078862413587586,-0.011683365568521079,1.0083865290897462,-0.012692252385341812,1.0088887749791469,-0.01370214565209976,1.00989922229281,-0.01572497543862637,-0.03098720738363619,annual_blend
2025-07,0.0035416666666666,0.006875,0.0216665726557023,-0.022949966992589364,-0.009434469889511243,-0.017057163769744713,1.9999999999999998,0.013321060338121526,200,0.019866789396618786,0,0.0,0.9327557379519381,-0.022949966992589364,0.9333790320763906,-0.023883346024665755,0.9340573719249541,-0.024818081736439273,0.9347429250274264,-0.025754195767671642,0.9361484988829261,-0.027630709487003996,-0.024818081736439273,annual_blend
2025-08,0.0034333333333333,0.0067666666666666,0.0190665032440029,0.07408027662623094,0.08591976708981117,-0.015272823796913517,2.0,0.015634904019457663,200,0.01827577901149118,2,0.03655155802298236,0.9709788325315454,0.07408027662623094,0.9716962304565862,0.07310858039577435,0.9724160474161156,0.07213544453139871,0.973138310092349,0.0711608616959539,0.9745903299889953,0.06920732497628597,0.03558388650841635,annual_blend
2025-09,0.0032666666666666,0.0066,0.0353236557042595,-0.004350419305642108,0.0005087593530500854,-0.008125845325358795,2.0,-0.02135711803567386,200,0.019881959951997867,1,0.01978642881964326,1.2814451687520292,-0.004350419305642108,1.281793582689378,-0.005632212888331487,1.282143145777861,-0.0069147055971978295,1.2824938652016709,-0.00819790090124712,1.283198802302597,-0.010766413317155093,-0.02670113441684109,annual_blend
2025-10,0.0031833333333333,0.0065166666666666,0.0226868367307271,0.023223872328769372,0.00019285211299406232,0.019847686882442015,1.9999999999999998,-0.06839197003289854,200,0.019377448293459235,2,0.023268235070626846,0.9308182641052796,0.023223872328769372,0.9313018416231655,0.022292570487146206,0.9317964200064632,0.021360279488756444,0.932292549460735,0.020426994680387167,0.9333381426159013,0.018557181615689866,-0.001907955581870402,annual_blend
2025-11,0.00315,0.0064833333333333,0.001299669600304,0.010590904729952229,0.042160825470336255,-0.03471992074038404,2.0,-0.10977509329626811,200,0.018253622845819877,0,0.0,1.0282152072974615,0.010590904729952229,1.0284980973226825,0.009562406632629547,1.0287818045264023,0.008533341120899424,1.029066333393367,0.0075037057297721275,1.0296379487355458,0.0054427149862745,0.008533341120899424,annual_blend
2025-12,0.0029916666666666,0.006325,-0.0005241572238063,0.01330748505980122,0.008781224739071369,0.001534593654063249,2.0,-0.110125003046177,200,0.02110125003046177,1,0.01889874996953823,1.1139297811848348,0.01330748505980122,1.1143498736707405,0.01219313518613048,1.1148079242163944,0.01107786921136843,1.115267164907018,0.009961683565080166,1.1162089964983843,0.007726440077309299,-0.0078208807581698,annual_blend
2026-01,0.0029749999999999,0.0063083333333333,0.0136629902855889,0.031209421677342482,0.038675587594278,-0.010441165916935415,2.0000000000000004,-0.1579400126684669,200,0.021579400126684675,2,0.034815129546476926,1.1629747762957166,0.031209421677342482,1.1635771052462527,0.03004584457209623,1.1641812587081706,0.028881059159926142,1.16478724631029,0.027715059938411613,1.1660515980508714,0.025379163687088126,-0.005934070386550784,annual_blend
2026-02,0.003,0.0063333333333333,-0.0086683585457909,0.05121913651436721,0.023247645971886617,0.024971490542480587,2.0,-0.12909644868249803,200,0.01909051673643317,1,0.017856559557759402,1.3453976803391705,0.05121913651436721,1.3459903548676382,0.049873146159499566,1.3466033338157397,0.048525929846735726,1.3472380403431203,0.047177422393337845,1.3485676855210618,0.0444762980867619,0.030669370288976323,annual_blend
2026-03,0.0030083333333333,0.0063416666666666,-0.0509327099760426,0.012610724983913087,-0.04344951099668219,0.053051902647261985,2.0,-0.08745523462468374,200,0.020874552346247223,1,0.019125447653757722,1.4678166652277784,0.012610724983913087,1.46847563874563,0.011142249345167457,1.4691369066289646,0.009672451170655157,1.4698005121734978,0.008201323447392593,1.4711712175777591,0.005254868896024291,-0.009452996483102565,annual_blend
2026-04,0.0030083333333333,0.0063416666666666,0.104233425033545,0.05117167707967956,0.09686003646540568,-0.04869669271905944,2.0,-0.08402683580552317,200,0.020840268358055233,1,0.01915973164194477,0.9647159051866898,0.05117167707967956,0.9647352314963051,0.05020694184818326,0.9647647622033619,0.049242147555272835,0.9647944058423513,0.04827729386215251,0.9649776941652455,0.046346788608853336,0.030082415913328064,annual_blend
2026-05,0.003,0.0063333333333333,0.0514703128446207,0.012087794741269052,0.030983813935465614,-0.021896019194196564,2.0,-0.1779741799453698,200,0.021779741799453703,0,0.0,0.9669751361944409,0.012087794741269052,0.9674113128051789,0.011120383428463873,0.9678483182855537,0.010152098104697945,0.9682885646716929,0.009182929047253974,0.9692507049162487,0.007241541216687809,0.010152098104697945,annual_blend
2026-06,0.00305,0.0063833333333333,-0.0106463537227938,-0.024922325130360922,0.03652087335204049,-0.06449319848240141,1.9999999999999998,-0.2272747163751585,200,0.022272747163770878,0,0.0,0.9956426847288249,-0.024922325130360922,0.9959931113907443,-0.025918318241751667,0.9963658399537745,-0.02691505681026847,0.9967418171806528,-0.02791255058190288,0.9974971310241328,-0.029909810785481585,-0.02691505681026847,annual_blend
2026-07,0.0031083333333333,0.0064416666666666,-0.0012854430244713,0.010984193444507637,0.010905005296663297,-0.0030291451854889597,2.0,-0.2539164795566733,200,0.022539164795566734,3,0.05746083520523389,1.0376368864620567,0.010984193444507637,1.0389594736248546,0.009945233970882782,1.0402857611729392,0.008903621922161759,1.0416157765484404,0.007859346114862316,1.0443063036445603,0.005762661926284835,-0.04855721328307213,annual_blend
2026-08,0.0031,0.0064333333333333,0.0262252794496991,-0.035774183337232424,-0.0036868726028859654,-0.03518731073434646,2.0000000000000004,-0.23040587047276107,200,0.021018829864257974,1,0.01769594129527397,1.0260170451715527,-0.035774183337232424,1.0263868582558087,-0.036800570195488234,1.0267583800920417,-0.037827700097416504,1.027156790276304,-0.038855653708061336,1.0279962101232347,-0.040914164387848596,-0.055523641392690476,annual_blend
